version,source,arch,installer_name,path,filename,internal_name,file_size,file_date,md5,sha1,sha256,dist_hash_status,dist_gpg_status,discrepancy_note,url
8,github,arm64,npp.8.0.Installer.arm64.exe,,npp.8.0.Installer.arm64.exe,,3865160,2021-12-07T19:40:20+00:00,355b0d127057272c59d9475b4a49e18e,08e25da15f1564e2ea84b3e9f3481dfbe208d702,25cff2e06f7d065cf6d6d61346a99ed8243a82581bf7182fe70e1dcd1030611f,MATCH,MATCH,,https://github.com/notepad-plus-plus/notepad-plus-plus/releases/download/v8/npp.8.0.Installer.arm64.exe
8,github,arm64,npp.8.0.Installer.arm64.exe,$PLUGINSDIR/nppLocalization/abkhazian.xml,abkhazian.xml,,116298,2021-12-07T19:40:20+00:00,d7284a21afc6b3aadeb8e3b8cfdfaa71,72e827d37f5fd4ed6e716cc52fe812b80c34480c,7276d593845db38db25907f62b119a1881fd0f2373d6a1982a3238e214e03eeb,N/A,N/A,,https://github.com/notepad-plus-plus/notepad-plus-plus/releases/download/v8/npp.8.0.Installer.arm64.exe
8,github,arm64,npp.8.0.Installer.arm64.exe,autoCompletion/actionscript.xml,actionscript.xml,,20745,2021-12-07T19:40:20+00:00,280f64b01191bf89b52c5bbbea1cc290,e01503c8ef4155bde9c89e3e2a21f8437872c4eb,f1fb320fd456938afc0bc852765e393837bcea53bd514838419801bef8436b9e,N/A,N/A,,https://github.com/notepad-plus-plus/notepad-plus-plus/releases/download/v8/npp.8.0.Installer.arm64.exe
8,github,arm64,npp.8.0.Installer.arm64.exe,functionList/ada.xml,ada.xml,,3584,2021-12-07T19:40:20+00:00,c7f9fc66e6b1fef3e9f8a37552314bae,82d91e37882d509eee2abcb45d825bbd95829b47,dab30f330f8c5a2db0dfe27e5d8f2d1666b067be35612984b344575a49f50668,N/A,N/A,,https://github.com/notepad-plus-plus/notepad-plus-plus/releases/download/v8/npp.8.0.Installer.arm64.exe
8,github,arm64,npp.8.0.Installer.arm64.exe,$PLUGINSDIR/nppLocalization/afrikaans.xml,afrikaans.xml,,29077,2021-12-07T19:40:20+00:00,c2f475cc2b49d3aee490c9059529744a,621e81e87c6c8d45a6be6bc69108d8ab13e2d5a6,5d285d98f8891bcf73a770fde00c3215062842224b81c4e70537569712f84570,N/A,N/A,,https://github.com/notepad-plus-plus/notepad-plus-plus/releases/download/v8/npp.8.0.Installer.arm64.exe
8,github,arm64,npp.8.0.Installer.arm64.exe,$PLUGINSDIR/nppLocalization/albanian.xml,albanian.xml,,57197,2021-12-07T19:40:20+00:00,a648520876f8b3c30a627352c7c52f8a,7fa1240eff3f8ea60d114542fda008a72b845b19,e81fdc20f6a768db14474338d56be5efb863ab53c3013efb325a61e08bc5f452,N/A,N/A,,https://github.com/notepad-plus-plus/notepad-plus-plus/releases/download/v8/npp.8.0.Installer.arm64.exe
8,github,arm64,npp.8.0.Installer.arm64.exe,$PLUGINSDIR/nppLocalization/arabic.xml,arabic.xml,,91820,2021-12-07T19:40:20+00:00,6e2a96709f8c5893b20f03e98a21ef61,9dd8f5536a706b4c1816f61ae70bc357597b8fc7,ace7ec47795186bca4cbd83873d7c6957bf01cd98dac5325837b2fd05d3b08e9,N/A,N/A,,https://github.com/notepad-plus-plus/notepad-plus-plus/releases/download/v8/npp.8.0.Installer.arm64.exe
8,github,arm64,npp.8.0.Installer.arm64.exe,$PLUGINSDIR/nppLocalization/aragonese.xml,aragonese.xml,,49810,2021-12-07T19:40:20+00:00,00312582b79ab1f5a35f8a42f9ed211d,55b8efdfbb1c6d735b8adbeb4a727464c4954ab7,5d6a821703377bb9b49594713d6d3c33f1d78263aa055fcd34c8fa3705041d1e,N/A,N/A,,https://github.com/notepad-plus-plus/notepad-plus-plus/releases/download/v8/npp.8.0.Installer.arm64.exe
8,github,arm64,npp.8.0.Installer.arm64.exe,$PLUGINSDIR/nppLocalization/aranese.xml,aranese.xml,,20821,2021-12-07T19:40:20+00:00,333a18acb93ba083e86679c065b69d15,cb874355fb8e495a2b0b0dcf8868df287ec6a342,de5da809aa6e44c4e6a01c3b5fb7da5a66d9683cb905416f3fcff2ed413ea7c6,N/A,N/A,,https://github.com/notepad-plus-plus/notepad-plus-plus/releases/download/v8/npp.8.0.Installer.arm64.exe
8,github,arm64,npp.8.0.Installer.arm64.exe,functionList/asm.xml,asm.xml,,1349,2021-12-07T19:40:20+00:00,2c5f4897d7f169e06aea28310c8ab9ec,edfd3f6faf838194de9821efd0fe185ffb6be0f0,73526ddb1d23d595680badd6bd87f5dd82869606a7cf7e8707758d48d848257e,N/A,N/A,,https://github.com/notepad-plus-plus/notepad-plus-plus/releases/download/v8/npp.8.0.Installer.arm64.exe
8,github,arm64,npp.8.0.Installer.arm64.exe,autoCompletion/autoit.xml,autoit.xml,,738716,2021-12-07T19:40:20+00:00,986e806d09b5c0fff08c5d9eac33a237,22a0d9893cb6cf82598a698401de38df11389043,b15afd5149673e3d72fc8e99945197c86ad43113230dcd8bbc952a82e965e146,N/A,N/A,,https://github.com/notepad-plus-plus/notepad-plus-plus/releases/download/v8/npp.8.0.Installer.arm64.exe
8,github,arm64,npp.8.0.Installer.arm64.exe,functionList/autoit.xml,autoit.xml,,1848,2021-12-07T19:40:20+00:00,99a0630a10ab4ee883554dc6bd9e2d91,63c842ce0df36d51082b61c2c682abcfc9d98e67,32ae9531405ef3c59448fe6dbd3be435e726eb17f3ca0d16530a4c6317dea286,N/A,N/A,,https://github.com/notepad-plus-plus/notepad-plus-plus/releases/download/v8/npp.8.0.Installer.arm64.exe
8,github,arm64,npp.8.0.Installer.arm64.exe,$PLUGINSDIR/nppLocalization/azerbaijani.xml,azerbaijani.xml,,35482,2021-12-07T19:40:20+00:00,8cd5c70b03ef9c48585c06fa149f9fcd,4fb0a331d184579444326c6910742ad4b0cbb5a1,d2e185e9c8b1e7d994dcb3b44748f1b499f18ca22a573f452a9b0d791344c448,N/A,N/A,,https://github.com/notepad-plus-plus/notepad-plus-plus/releases/download/v8/npp.8.0.Installer.arm64.exe
8,github,arm64,npp.8.0.Installer.arm64.exe,autoCompletion/BaanC.xml,BaanC.xml,,18483,2021-12-07T19:40:20+00:00,85c891742fcf58ae535b26ad948370a2,385e2c813c8d157627220f2bc92a5324c120859b,d408ed3caef21ebb64fb29d633e9ce5069454c1a792a09e2e24f83595d2743be,N/A,N/A,,https://github.com/notepad-plus-plus/notepad-plus-plus/releases/download/v8/npp.8.0.Installer.arm64.exe
8,github,arm64,npp.8.0.Installer.arm64.exe,functionList/baanc.xml,baanc.xml,,8513,2021-12-07T19:40:20+00:00,0fce87843f5245bd9a4d5ddce156c7c4,cead1bad691b0d4722e05312ce752c4fefbdad1b,ec249b0dab6fda20cc24f0f25a504c55a05b23fb6cbb4938aa7a41df0c8744b6,N/A,N/A,,https://github.com/notepad-plus-plus/notepad-plus-plus/releases/download/v8/npp.8.0.Installer.arm64.exe
8,github,arm64,npp.8.0.Installer.arm64.exe,functionList/bash.xml,bash.xml,,2999,2021-12-07T19:40:20+00:00,162ded022d600dcf4ba4b7e9ac6917a2,762291f4f4e66573811c8ef757a64bda8a4bba09,2ae1142b08d296c25000e451237ea919f981da28f6a723d39540f43f18bac762,N/A,N/A,,https://github.com/notepad-plus-plus/notepad-plus-plus/releases/download/v8/npp.8.0.Installer.arm64.exe
8,github,arm64,npp.8.0.Installer.arm64.exe,$PLUGINSDIR/nppLocalization/basque.xml,basque.xml,,98792,2021-12-07T19:40:20+00:00,ac5ff123b4039a60744a74c33e1865cc,a0e5c9b572c5356bb5f0bb6a1d5e14378a54b299,5bb8bc10e2c89a62c850afbcdd7c0773d40f76f8069f466a27db2feff7e7d5e9,N/A,N/A,,https://github.com/notepad-plus-plus/notepad-plus-plus/releases/download/v8/npp.8.0.Installer.arm64.exe
8,github,arm64,npp.8.0.Installer.arm64.exe,autoCompletion/batch.xml,batch.xml,,3777,2021-12-07T19:40:20+00:00,01e31d41e5cfb5d2b85c6aa0aabb0fff,6ffcbf31a35c8674536cc2a8a9de7d3f2d48ca38,c4025268b36bb02b2d25e5144d360f69cfc7dddcb3ac98cd2d588393b5cbd30d,N/A,N/A,,https://github.com/notepad-plus-plus/notepad-plus-plus/releases/download/v8/npp.8.0.Installer.arm64.exe
8,github,arm64,npp.8.0.Installer.arm64.exe,functionList/batch.xml,batch.xml,,1930,2021-12-07T19:40:20+00:00,0ba94312e694ba6ddb313095678b7159,0faa0cf4df8a9569252e37de821a3e45a65f5c97,77eed9211cd8464482f0da3fac4c0f003c2b8a6d76f15445927e66400f102d60,N/A,N/A,,https://github.com/notepad-plus-plus/notepad-plus-plus/releases/download/v8/npp.8.0.Installer.arm64.exe
8,github,arm64,npp.8.0.Installer.arm64.exe,$PLUGINSDIR/nppLocalization/belarusian.xml,belarusian.xml,,101944,2021-12-07T19:40:20+00:00,b1232e004b5d50a50187c013cf236917,77fe3395f3084184d574ad41dfd1cf139ca18c95,8858041d46786ef80ec3158a0c8c9f77f737e78460c7fb5b4fd869e4d88b31bc,N/A,N/A,,https://github.com/notepad-plus-plus/notepad-plus-plus/releases/download/v8/npp.8.0.Installer.arm64.exe
8,github,arm64,npp.8.0.Installer.arm64.exe,$PLUGINSDIR/nppLocalization/bengali.xml,bengali.xml,,69894,2021-12-07T19:40:20+00:00,7fc3c507b1f1dfbd964eff8c990a7605,557b17f144cc2b4816bb2f65c8f27a999ec1f6a8,7906d96b6eee56ce202ac8f703205abf0a0407b32a148817c3b9fef52d44c4cd,N/A,N/A,,https://github.com/notepad-plus-plus/notepad-plus-plus/releases/download/v8/npp.8.0.Installer.arm64.exe
8,github,arm64,npp.8.0.Installer.arm64.exe,$_14_/themes/Bespin.xml,Bespin.xml,,92774,2021-12-07T19:40:20+00:00,a8bbc446b637b4efd8040b075e187431,0fd14f515768cf7df5fd85f57edb316321c2ec2f,c477b0436a41c825e80ff8c44c285e3fecac985dbc36f048b8c62725d45e5d49,N/A,N/A,,https://github.com/notepad-plus-plus/notepad-plus-plus/releases/download/v8/npp.8.0.Installer.arm64.exe
8,github,arm64,npp.8.0.Installer.arm64.exe,$_14_/themes/Black board.xml,Black board.xml,,91140,2021-12-07T19:40:20+00:00,478979176ab8517ae7e8fbeef68b4f2e,bda21a44ccfb998f6c4c87a619494bfa3a48e5e6,93319cfe003fac2ec858b2e8678016f6b88954692dc747348c3c248e9ab894ea,N/A,N/A,,https://github.com/notepad-plus-plus/notepad-plus-plus/releases/download/v8/npp.8.0.Installer.arm64.exe
8,github,arm64,npp.8.0.Installer.arm64.exe,$PLUGINSDIR/nppLocalization/bosnian.xml,bosnian.xml,,32084,2021-12-07T19:40:20+00:00,6b036835ed9d1ee92cd9bd4c76f41bbd,faeb76f93f4228832c7cc952833c717f3614a38d,06ce39e85fc9acd72888da5871fae4d18aa2c5bb6a9fa0c9eca459cf0e949a63,N/A,N/A,,https://github.com/notepad-plus-plus/notepad-plus-plus/releases/download/v8/npp.8.0.Installer.arm64.exe
8,github,arm64,npp.8.0.Installer.arm64.exe,$PLUGINSDIR/nppLocalization/brazilian_portuguese.xml,brazilian_portuguese.xml,,81802,2021-12-07T19:40:20+00:00,659037882ab4cf4f708da6d095aba6c3,cd4398e78f9d903ebada6ab463fdfe6500d05f83,9be5b81e42becb07994a8bc8696b15fb0736eaa8338a5864354ee6106d26cd13,N/A,N/A,,https://github.com/notepad-plus-plus/notepad-plus-plus/releases/download/v8/npp.8.0.Installer.arm64.exe
8,github,arm64,npp.8.0.Installer.arm64.exe,$PLUGINSDIR/nppLocalization/breton.xml,breton.xml,,82739,2021-12-07T19:40:20+00:00,c732b3d6279c2539bfe78d664b250a1c,13f0318b3be76d56aa321bd9b14f5fe977dcbc3a,0cc61c777ab6e68149978f7e1c08fc33a780985676da705b0d5bcd57b335b369,N/A,N/A,,https://github.com/notepad-plus-plus/notepad-plus-plus/releases/download/v8/npp.8.0.Installer.arm64.exe
8,github,arm64,npp.8.0.Installer.arm64.exe,$PLUGINSDIR/nppLocalization/bulgarian.xml,bulgarian.xml,,110087,2021-12-07T19:40:20+00:00,5c1d4d6eccb1b85815a38b7e8e8aa683,92f7fe794183e3819c59e0be6157946fd2ae69ae,5454a8d4604dd9394eb3c129958e926d4245ad70d7e764316fcce187123c1a0d,N/A,N/A,,https://github.com/notepad-plus-plus/notepad-plus-plus/releases/download/v8/npp.8.0.Installer.arm64.exe
8,github,arm64,npp.8.0.Installer.arm64.exe,autoCompletion/c.xml,c.xml,,44386,2021-12-07T19:40:20+00:00,2eaa4b8af356b86455f8aae63eb43340,e8224d0873a79c4e27ce96b739f0e154c9432287,35aadc7531e2332679c54306899a21fe3586b7203132cb5673b64915feb91bad,N/A,N/A,,https://github.com/notepad-plus-plus/notepad-plus-plus/releases/download/v8/npp.8.0.Installer.arm64.exe
8,github,arm64,npp.8.0.Installer.arm64.exe,functionList/c.xml,c.xml,,4133,2021-12-07T19:40:20+00:00,9aeb2c0dc00adaede0e06f24080f233e,b2fe11701a83da1b608b63b051b9073f4a194e4f,f3a7e5e59e883a3ef6c99967766a546d55dd7a767fadb9f4d433cedf0555e992,N/A,N/A,,https://github.com/notepad-plus-plus/notepad-plus-plus/releases/download/v8/npp.8.0.Installer.arm64.exe
8,github,arm64,npp.8.0.Installer.arm64.exe,$PLUGINSDIR/nppLocalization/catalan.xml,catalan.xml,,68727,2021-12-07T19:40:20+00:00,fba5784c2fd64e9486a907e2e07fb5f8,48a5686529c7bd412b424627308fad87426f3d59,0aa431857ffa1d38cb6cc950a5f24d9cf4601b624fdb2181bddf8eb727e9fc38,N/A,N/A,,https://github.com/notepad-plus-plus/notepad-plus-plus/releases/download/v8/npp.8.0.Installer.arm64.exe
8,github,arm64,npp.8.0.Installer.arm64.exe,$PLUGINSDIR/gupLocalization/catalan.xml,catalan.xml,,1418,2021-12-07T19:40:20+00:00,a91dc3c39b0b52e500fe25d2bc362dce,a27849e4280bf3d5268d68cc06291b9f2dcb445b,f8d007309e59318c637897296af82a3f49cde999ed10df42ee91170bcf1833f5,N/A,N/A,,https://github.com/notepad-plus-plus/notepad-plus-plus/releases/download/v8/npp.8.0.Installer.arm64.exe
8,github,arm64,npp.8.0.Installer.arm64.exe,change.log,change.log,,2768,2021-12-07T19:40:20+00:00,814064aa064d6af8dfa48710b537ee10,6f8dc91e9c7694ff5d22f1104cfa64b37587d3ad,5effb6e7d0dbee030da9cf7d9bf9ce00a18c02589eea7b51a6f6e744b2bbec2c,N/A,N/A,,https://github.com/notepad-plus-plus/notepad-plus-plus/releases/download/v8/npp.8.0.Installer.arm64.exe
8,github,arm64,npp.8.0.Installer.arm64.exe,$PLUGINSDIR/nppLocalization/chineseSimplified.xml,chineseSimplified.xml,,90450,2021-12-07T19:40:20+00:00,84c307638d72c60f077c852ff6fe7d16,b8c2b2ffa8fb6b29d42db5ad7968e1e0f8732c52,4043c5a87fb7f63c3282641974087b776680bdd47f92919898c0b88285e2114a,N/A,N/A,,https://github.com/notepad-plus-plus/notepad-plus-plus/releases/download/v8/npp.8.0.Installer.arm64.exe
8,github,arm64,npp.8.0.Installer.arm64.exe,$_14_/themes/Choco.xml,Choco.xml,,91451,2021-12-07T19:40:20+00:00,1d779b0104ee9e33ea8c103d62296be4,7bf8e56a29bf58267bc3e6e196f9897392f75a27,9ad51dae67a78c04c5adc8fd4a94a0a4f54902e2448333ac3a79b2448c53d483,N/A,N/A,,https://github.com/notepad-plus-plus/notepad-plus-plus/releases/download/v8/npp.8.0.Installer.arm64.exe
8,github,arm64,npp.8.0.Installer.arm64.exe,autoCompletion/cmake.xml,cmake.xml,,7884,2021-12-07T19:40:20+00:00,4f983f57c1815f6b74ae78da2ea3c3ea,ccd8399d9f50bbe22e9b1f5e1b7b8fadc200f4f9,f902adc5faf041306b54d48914a5bc9c8d45057a4da431786aef451e2c39d1f7,N/A,N/A,,https://github.com/notepad-plus-plus/notepad-plus-plus/releases/download/v8/npp.8.0.Installer.arm64.exe
8,github,arm64,npp.8.0.Installer.arm64.exe,functionList/cobol-free.xml,cobol-free.xml,,1772,2021-12-07T19:40:20+00:00,0b82534cdd9ffec3e57d80ce95a49293,c07e6c127653b7d9604b3f53274d562d3084e19a,5639c845d56dedecd2cfdb082b734593b5d618a87f1bd8ec612a8b3f4245566a,N/A,N/A,,https://github.com/notepad-plus-plus/notepad-plus-plus/releases/download/v8/npp.8.0.Installer.arm64.exe
8,github,arm64,npp.8.0.Installer.arm64.exe,autoCompletion/cobol.xml,cobol.xml,,47435,2021-12-07T19:40:20+00:00,14a6c0b65978315cd52c54c3fcf1e96a,a7a2e4a2e3a3671ae2d663f833ffe0f835391745,5b59b5e1a453df08761332ed75ba5abb027716911cf88fca0fe25985ceec2e17,N/A,N/A,,https://github.com/notepad-plus-plus/notepad-plus-plus/releases/download/v8/npp.8.0.Installer.arm64.exe
8,github,arm64,npp.8.0.Installer.arm64.exe,functionList/cobol.xml,cobol.xml,,1368,2021-12-07T19:40:20+00:00,42e52d6bcc674ecaca09feabf0c46dc2,fab3e864a8f51497e9febfe1c47c9058ddd7b137,057784451e3442f381f6a8af931a7050f88d19bda6bc939d37607532a353da1c,N/A,N/A,,https://github.com/notepad-plus-plus/notepad-plus-plus/releases/download/v8/npp.8.0.Installer.arm64.exe
8,github,arm64,npp.8.0.Installer.arm64.exe,autoCompletion/coffee.xml,coffee.xml,,1503,2021-12-07T19:40:20+00:00,28e3f4b13cf33fbfe47e71611ee8d45e,820858ce39f6eacc44a141c23b457520294d1806,2fc2a95486f8f06adf471429cff3b55d0ec5d3797235692e1da558b558141c2a,N/A,N/A,,https://github.com/notepad-plus-plus/notepad-plus-plus/releases/download/v8/npp.8.0.Installer.arm64.exe
8,github,arm64,npp.8.0.Installer.arm64.exe,contextMenu.xml,contextMenu.xml,,3919,2021-12-07T19:40:20+00:00,50ee50c8d2f16c8121ce788f5047b9d7,6443c68a786d0f4a8e0e318b2c76016878aee57c,e30c0bd332a1186c694fb84e0fdadbebb6aebf899ed40aa976b9f598273cc48d,N/A,N/A,,https://github.com/notepad-plus-plus/notepad-plus-plus/releases/download/v8/npp.8.0.Installer.arm64.exe
8,github,arm64,npp.8.0.Installer.arm64.exe,$_14_/contextMenu.xml,contextMenu.xml,,3919,2021-12-07T19:40:20+00:00,50ee50c8d2f16c8121ce788f5047b9d7,6443c68a786d0f4a8e0e318b2c76016878aee57c,e30c0bd332a1186c694fb84e0fdadbebb6aebf899ed40aa976b9f598273cc48d,N/A,N/A,,https://github.com/notepad-plus-plus/notepad-plus-plus/releases/download/v8/npp.8.0.Installer.arm64.exe
8,github,arm64,npp.8.0.Installer.arm64.exe,$PLUGINSDIR/nppLocalization/corsican.xml,corsican.xml,,105603,2021-12-07T19:40:20+00:00,17003eaadbc190c4e760db221485e103,016ebc2c1a56af6cf1fc6606b35dddc622f91573,83666868d025f0732242a1aeecc74d1e1c364748f64d0dad97579d4c8cf3073d,N/A,N/A,,https://github.com/notepad-plus-plus/notepad-plus-plus/releases/download/v8/npp.8.0.Installer.arm64.exe
8,github,arm64,npp.8.0.Installer.arm64.exe,autoCompletion/cpp.xml,cpp.xml,,61526,2021-12-07T19:40:20+00:00,96b467677841b3067cc07c63c687ba4e,1971ddd33d802ef77e45d7a858d1d5b32060f7a3,28add87d67b1b542bdeeeeb45ad1528c3f28e4e56c40367e869b717c5f44be49,N/A,N/A,,https://github.com/notepad-plus-plus/notepad-plus-plus/releases/download/v8/npp.8.0.Installer.arm64.exe
8,github,arm64,npp.8.0.Installer.arm64.exe,functionList/cpp.xml,cpp.xml,,18515,2021-12-07T19:40:20+00:00,c794bb828625f83122e89b24bbc5f0c8,5b7d579ce72746284dcd1c71e7751cc32ae06c01,40cf1af5650b699a947899d2b43a00dcb64cdeaf080651c82a7930910c1c03f4,N/A,N/A,,https://github.com/notepad-plus-plus/notepad-plus-plus/releases/download/v8/npp.8.0.Installer.arm64.exe
8,github,arm64,npp.8.0.Installer.arm64.exe,$PLUGINSDIR/nppLocalization/croatian.xml,croatian.xml,,100941,2021-12-07T19:40:20+00:00,0170effc3d2bf62c66e4bece1bd9529e,2cc56763bcfc2b4838bd5518973e01db8599fe8a,74896b61dc983f88eaf73c8cd05ecf903c94e8bdfc96dd23ed385cb9a1f6901b,N/A,N/A,,https://github.com/notepad-plus-plus/notepad-plus-plus/releases/download/v8/npp.8.0.Installer.arm64.exe
8,github,arm64,npp.8.0.Installer.arm64.exe,autoCompletion/cs.xml,cs.xml,,33861,2021-12-07T19:40:20+00:00,ec8c58e0d38c66fb1a2bc3a3c6c296d8,ad050cfc75e9712109b72d1f23d67bd9a8959f8c,95251b18e87d571e4bfc11b130772447e09461d4f0788e820939da776176e0a4,N/A,N/A,,https://github.com/notepad-plus-plus/notepad-plus-plus/releases/download/v8/npp.8.0.Installer.arm64.exe
8,github,arm64,npp.8.0.Installer.arm64.exe,functionList/cs.xml,cs.xml,,1834,2021-12-07T19:40:20+00:00,0f35ee0cb20a383942b7ea9a0dc91b61,2770947a577f53c16f25b36ba30e6f94fb0e8209,59345c006cd9bde5ef532aae1f119758d45030993181c272bb0dd6fc0c5d01e5,N/A,N/A,,https://github.com/notepad-plus-plus/notepad-plus-plus/releases/download/v8/npp.8.0.Installer.arm64.exe
8,github,arm64,npp.8.0.Installer.arm64.exe,autoCompletion/css.xml,css.xml,,11515,2021-12-07T19:40:20+00:00,64dabdc0a5648e812e85753a9525644b,50876b7deb96c121fbde72ea94774c053ef5e457,1ce87ddfd55e689461791ce1f2373a38d73e57035725e9cc43d69d5a8ef43adf,N/A,N/A,,https://github.com/notepad-plus-plus/notepad-plus-plus/releases/download/v8/npp.8.0.Installer.arm64.exe
8,github,arm64,npp.8.0.Installer.arm64.exe,$PLUGINSDIR/nppLocalization/czech.xml,czech.xml,,88185,2021-12-07T19:40:20+00:00,1b7e6c896ad37fd208157567d681ab37,f194f495caf291ba41232097cec25f7ff7ae8dbf,2f0ba49d44703d557bdcc468c4fa1293ea97a0db0034a914ca096f6c432cb8a5,N/A,N/A,,https://github.com/notepad-plus-plus/notepad-plus-plus/releases/download/v8/npp.8.0.Installer.arm64.exe
8,github,arm64,npp.8.0.Installer.arm64.exe,$PLUGINSDIR/nppLocalization/danish.xml,danish.xml,,86584,2021-12-07T19:40:20+00:00,84c4f6e832fc062a6bbb768bf19e0ee5,44b0cf84e265851767172435267a73f7e05006e8,f2ba6833ad372ed0a7095da552a1ee4bb37b5c53362aa81e25905d3145a215a1,N/A,N/A,,https://github.com/notepad-plus-plus/notepad-plus-plus/releases/download/v8/npp.8.0.Installer.arm64.exe
8,github,arm64,npp.8.0.Installer.arm64.exe,$_14_/themes/DansLeRuSH-Dark.xml,DansLeRuSH-Dark.xml,,109871,2021-12-07T19:40:20+00:00,52659d432fef1f94f29454165d4b251f,3ee91a1be14a545bc645ad945aaca4cac3043edb,9e4e8b753b943304d3885efc68c6cb4603c813c1aecbb8db967a7504b814a9d1,N/A,N/A,,https://github.com/notepad-plus-plus/notepad-plus-plus/releases/download/v8/npp.8.0.Installer.arm64.exe
8,github,arm64,npp.8.0.Installer.arm64.exe,$_14_/themes/DarkModeDefault.xml,DarkModeDefault.xml,,166735,2021-12-07T19:40:20+00:00,6d0f68f607198d62173a10c50b77fc10,101744ea97b7964b3be7a6f6ba8bdce904bde364,6138ed0e4ca7b83f905baf574dfb9b0b59261e1146e21f55ac3c6e9d5cd90bf5,N/A,N/A,,https://github.com/notepad-plus-plus/notepad-plus-plus/releases/download/v8/npp.8.0.Installer.arm64.exe
8,github,arm64,npp.8.0.Installer.arm64.exe,$_14_/themes/Deep Black.xml,Deep Black.xml,,90076,2021-12-07T19:40:20+00:00,02a33d4d0cb9c61f93dd4ea849ecb14f,5905769498ae32a32f5fdb1dcbf0fca97d7d3eca,4faac9346f9e190be23bc3a41c61178c34a8ab57b69099e8de79ca235b15323a,N/A,N/A,,https://github.com/notepad-plus-plus/notepad-plus-plus/releases/download/v8/npp.8.0.Installer.arm64.exe
8,github,arm64,npp.8.0.Installer.arm64.exe,doLocalConf.xml,doLocalConf.xml,,0,2021-12-07T19:40:20+00:00,d41d8cd98f00b204e9800998ecf8427e,da39a3ee5e6b4b0d3255bfef95601890afd80709,e3b0c44298fc1c149afbf4c8996fb92427ae41e4649b934ca495991b7852b855,N/A,N/A,,https://github.com/notepad-plus-plus/notepad-plus-plus/releases/download/v8/npp.8.0.Installer.arm64.exe
8,github,arm64,npp.8.0.Installer.arm64.exe,$PLUGINSDIR/nppLocalization/dutch.xml,dutch.xml,,98600,2021-12-07T19:40:20+00:00,22314aedafb3f2e55fe5c807ac368a2e,f595b435da9adad5413e09f0fe2abe9dac41c013,c43bdd5fb163a068a675613ee1615dc672f4d99f6ad8d04dd73948b72ea34a56,N/A,N/A,,https://github.com/notepad-plus-plus/notepad-plus-plus/releases/download/v8/npp.8.0.Installer.arm64.exe
8,github,arm64,npp.8.0.Installer.arm64.exe,localization/english.xml,english.xml,,93692,2021-12-07T19:40:20+00:00,4721340135291457a8ee76eff22f1d4a,aec76bb4b2d5e89b225d798445567c4c384c7a18,db1620e8014233f6b90861f13574b739a7da9d3788d22df9d346279c64f23e26,N/A,N/A,,https://github.com/notepad-plus-plus/notepad-plus-plus/releases/download/v8/npp.8.0.Installer.arm64.exe
8,github,arm64,npp.8.0.Installer.arm64.exe,$PLUGINSDIR/nppLocalization/english.xml,english.xml,,93692,2021-12-07T19:40:20+00:00,4721340135291457a8ee76eff22f1d4a,aec76bb4b2d5e89b225d798445567c4c384c7a18,db1620e8014233f6b90861f13574b739a7da9d3788d22df9d346279c64f23e26,N/A,N/A,,https://github.com/notepad-plus-plus/notepad-plus-plus/releases/download/v8/npp.8.0.Installer.arm64.exe
8,github,arm64,npp.8.0.Installer.arm64.exe,$PLUGINSDIR/gupLocalization/english.xml,english.xml,,1861,2021-12-07T19:40:20+00:00,f6cfa0a855ef2688cca9eb3dc0426237,47e7e383d2101620aaf436ba42ba9fe43dceffdc,5f2cf34ae71ef56a22dbaa440060c18ce2f761db16495ea62a33ded66bd57273,N/A,N/A,,https://github.com/notepad-plus-plus/notepad-plus-plus/releases/download/v8/npp.8.0.Installer.arm64.exe
8,github,arm64,npp.8.0.Installer.arm64.exe,$PLUGINSDIR/nppLocalization/english_customizable.xml,english_customizable.xml,,93568,2021-12-07T19:40:20+00:00,215b806e3b76d22d585cc3ac3edd524c,5ceabe197fc6da5755e3766a154aae4334b309c4,9fa9b5fa34a74d4475dc039f975ae0d879d32409f8be677bcf6f4b9d5866489d,N/A,N/A,,https://github.com/notepad-plus-plus/notepad-plus-plus/releases/download/v8/npp.8.0.Installer.arm64.exe
8,github,arm64,npp.8.0.Installer.arm64.exe,$PLUGINSDIR/nppLocalization/esperanto.xml,esperanto.xml,,48286,2021-12-07T19:40:20+00:00,49f94b0b12fd87e9aae7e0a17509c5ad,c8356fc2299e08c7597b815fef66772e66cfe5cf,7a84d2e2472b2ad7786e1963af3616d2330a857a85af16615612042ec410547e,N/A,N/A,,https://github.com/notepad-plus-plus/notepad-plus-plus/releases/download/v8/npp.8.0.Installer.arm64.exe
8,github,arm64,npp.8.0.Installer.arm64.exe,$PLUGINSDIR/nppLocalization/estonian.xml,estonian.xml,,60643,2021-12-07T19:40:20+00:00,b8d207d2af974a53df2757cd4977f01b,9025924fb7094192d254b0183269134dca7a5d11,d18a620ea786420f0e69c10df2d3981254a5edd29abcab674cf915e98a860801,N/A,N/A,,https://github.com/notepad-plus-plus/notepad-plus-plus/releases/download/v8/npp.8.0.Installer.arm64.exe
8,github,arm64,npp.8.0.Installer.arm64.exe,$PLUGINSDIR/nppLocalization/extremaduran.xml,extremaduran.xml,,25399,2021-12-07T19:40:20+00:00,896b0f1f0854f3bcc23a80c99dcebd47,ee5d3a7de7503e18b2929d96dc164dd0671a841d,87e0372bfd2b84316adf2c7d3130fcf2415a96ec2c8bcd5da6f1a8a3a807c8d2,N/A,N/A,,https://github.com/notepad-plus-plus/notepad-plus-plus/releases/download/v8/npp.8.0.Installer.arm64.exe
8,github,arm64,npp.8.0.Installer.arm64.exe,$PLUGINSDIR/nppLocalization/farsi.xml,farsi.xml,,65703,2021-12-07T19:40:20+00:00,44e17fd524df05d8720598b2879e386a,bae71fc18928a4815743c95ddff178be1219ebc5,e7111bd3f7700dca9828d4deb6a7f93d64845b43f4e754cd79ef8d47225f3037,N/A,N/A,,https://github.com/notepad-plus-plus/notepad-plus-plus/releases/download/v8/npp.8.0.Installer.arm64.exe
8,github,arm64,npp.8.0.Installer.arm64.exe,$PLUGINSDIR/nppLocalization/finnish.xml,finnish.xml,,69344,2021-12-07T19:40:20+00:00,fa44a74f56351a8bd18b5e7a70c7ebf7,7b3d90ef7ef098c37840e7d59e9a94c619d2535a,085abe6341b90ceb7690d79032a1e0f3bd909c78227b9e197be2716fc9316e17,N/A,N/A,,https://github.com/notepad-plus-plus/notepad-plus-plus/releases/download/v8/npp.8.0.Installer.arm64.exe
8,github,arm64,npp.8.0.Installer.arm64.exe,functionList/fortran.xml,fortran.xml,,1998,2021-12-07T19:40:20+00:00,24efe929c0a64d0728082696eae24e47,8bb52b350a31b26750b5576196de4e1901580ec7,5b324fb16c96737c266d4fec05476017c8547e3f59a16bebcbac0086ed4ae14b,N/A,N/A,,https://github.com/notepad-plus-plus/notepad-plus-plus/releases/download/v8/npp.8.0.Installer.arm64.exe
8,github,arm64,npp.8.0.Installer.arm64.exe,functionList/fortran77.xml,fortran77.xml,,1618,2021-12-07T19:40:20+00:00,1ced186652b31449fa28912b79449e55,efa4be5ca2d47d70fc839b5cbbd6e313d5f31884,355a07e657b68f84494b95119c4bec782d27af25c6b396eb1bdf61b387c55bda,N/A,N/A,,https://github.com/notepad-plus-plus/notepad-plus-plus/releases/download/v8/npp.8.0.Installer.arm64.exe
8,github,arm64,npp.8.0.Installer.arm64.exe,$PLUGINSDIR/nppLocalization/french.xml,french.xml,,95436,2021-12-07T19:40:20+00:00,70c7d3148ca91634d804be8c42a268ce,d016592f63be6590f303043d399f46c75ff644be,1794eba6af42ce807b6feda2099fca572fa48e23e8952f288d6975c3ef9f84a2,N/A,N/A,,https://github.com/notepad-plus-plus/notepad-plus-plus/releases/download/v8/npp.8.0.Installer.arm64.exe
8,github,arm64,npp.8.0.Installer.arm64.exe,$PLUGINSDIR/gupLocalization/french.xml,french.xml,,1958,2021-12-07T19:40:20+00:00,52e398ca22dd0d5e3e0f92072210e872,990575a3d929d662c5d2ca3dccfebdfc98b61d88,7294744b49df0ae7dd428803e1663a918fbefc39fc75aa30d597350d29e2e8b5,N/A,N/A,,https://github.com/notepad-plus-plus/notepad-plus-plus/releases/download/v8/npp.8.0.Installer.arm64.exe
8,github,arm64,npp.8.0.Installer.arm64.exe,$PLUGINSDIR/nppLocalization/friulian.xml,friulian.xml,,34362,2021-12-07T19:40:20+00:00,6d4c069b4c4517f68657be1641bec299,cc5384f29594b19822a805f8d5888ff328e169a1,d4ffe0a2b5e35fede7e6244be9823e1e946c60db1635e6d3f753e6df938e4b3d,N/A,N/A,,https://github.com/notepad-plus-plus/notepad-plus-plus/releases/download/v8/npp.8.0.Installer.arm64.exe
8,github,arm64,npp.8.0.Installer.arm64.exe,$PLUGINSDIR/nppLocalization/galician.xml,galician.xml,,25339,2021-12-07T19:40:20+00:00,191cc6b7ed37fad274f985d7329bd048,a8b7750901614323318923833a2fb7ac021e8c34,89a20e547d17b1006698cd35fbad772403033420808c8299206a8e299961d83e,N/A,N/A,,https://github.com/notepad-plus-plus/notepad-plus-plus/releases/download/v8/npp.8.0.Installer.arm64.exe
8,github,arm64,npp.8.0.Installer.arm64.exe,$PLUGINSDIR/nppLocalization/georgian.xml,georgian.xml,,60005,2021-12-07T19:40:20+00:00,cada78594c9838103c479dbda55c9e05,7cdc3fd1b8a7ede96101badacf68281e3432bfbb,b319b96cb4eece88c0cf88b557ce56ce5abe85bdf0a6a1007b64310a708a6572,N/A,N/A,,https://github.com/notepad-plus-plus/notepad-plus-plus/releases/download/v8/npp.8.0.Installer.arm64.exe
8,github,arm64,npp.8.0.Installer.arm64.exe,$PLUGINSDIR/nppLocalization/german.xml,german.xml,,80514,2021-12-07T19:40:20+00:00,1bb39c97049c23b0a69ec75e4c893f91,73e6f73490f08ec4abf60cc7918a71e86966dfab,8a526ffadf34c34cb6825d928505fc1c292df6110411c97599c0d391c5f679a1,N/A,N/A,,https://github.com/notepad-plus-plus/notepad-plus-plus/releases/download/v8/npp.8.0.Installer.arm64.exe
8,github,arm64,npp.8.0.Installer.arm64.exe,$PLUGINSDIR/gupLocalization/german.xml,german.xml,,1997,2021-12-07T19:40:20+00:00,9e8b6626f1d0253c11bb5aeccfefcb81,1df3e137ffc42cf27b6df3a89433601f81aa1f00,189bd41cae3176e60883e7a61e85dd04b8487fc938503b9a03cd95e99044860f,N/A,N/A,,https://github.com/notepad-plus-plus/notepad-plus-plus/releases/download/v8/npp.8.0.Installer.arm64.exe
8,github,arm64,npp.8.0.Installer.arm64.exe,$PLUGINSDIR/nppLocalization/greek.xml,greek.xml,,104474,2021-12-07T19:40:20+00:00,cf7abbe63252ec741479dee35774807b,80ea01bcf9f0e5bd69244b513ccb8f57f96e316c,9dbc07059f0037c5b114487b9a259d631589a37c70bf1bc6115405649429861c,N/A,N/A,,https://github.com/notepad-plus-plus/notepad-plus-plus/releases/download/v8/npp.8.0.Installer.arm64.exe
8,github,arm64,npp.8.0.Installer.arm64.exe,$PLUGINSDIR/nppLocalization/gujarati.xml,gujarati.xml,,69663,2021-12-07T19:40:20+00:00,7fc20c4adbdc66c21775a870387769b2,34ee8fc4001645bdeab1427ed8f33a01d2d081ca,efcce0e0c6fe01a7d40cae0a239d85ec3c06e9a7c5dd9adc23825eae2dbf30b3,N/A,N/A,,https://github.com/notepad-plus-plus/notepad-plus-plus/releases/download/v8/npp.8.0.Installer.arm64.exe
8,github,arm64,npp.8.0.Installer.arm64.exe,updater/GUP.exe,GUP.exe,,970152,2021-12-07T19:40:20+00:00,1c588fc9fb74254132352a3963c24070,f1d9ebb13a17e97d14622620c6e1a1dbdc88e3d0,509476b9230ce0727bd407759c882e713049bd0b168c44d8db521dcfeacd2d14,N/A,N/A,,https://github.com/notepad-plus-plus/notepad-plus-plus/releases/download/v8/npp.8.0.Installer.arm64.exe
8,github,arm64,npp.8.0.Installer.arm64.exe,updater/gup.xml,gup.xml,,4267,2021-12-07T19:40:20+00:00,b023cc4d768b34a5401f317479740a53,4ca45db707b120bca9cb6cd8404b9e6ecabdb2d2,d3e6404c7286961cbab82d4c49f82bcb166db9b5a13eacaa0eeb59a0709a0c14,N/A,N/A,,https://github.com/notepad-plus-plus/notepad-plus-plus/releases/download/v8/npp.8.0.Installer.arm64.exe
8,github,arm64,npp.8.0.Installer.arm64.exe,functionList/haskell.xml,haskell.xml,,2475,2021-12-07T19:40:20+00:00,39f92a5a4c65c9ebf93e23f517ec0ac9,0a87cae9a01c68f1c6b955d221e8bb975ff13fcd,e163c2dc738f1df1d4029ca9f2af7309da19e4ad4eefac1212bbba6fa0167ad4,N/A,N/A,,https://github.com/notepad-plus-plus/notepad-plus-plus/releases/download/v8/npp.8.0.Installer.arm64.exe
8,github,arm64,npp.8.0.Installer.arm64.exe,$PLUGINSDIR/nppLocalization/hebrew.xml,hebrew.xml,,22740,2021-12-07T19:40:20+00:00,07c8ebe76b6352401c0e9c84956d727f,fb14d93db71d0d4b3f25c275fc57d615ce7446c4,58585868a8164b247c53ad3646076e3404a4fd854ee3632ca9841c1ba3d210d6,N/A,N/A,,https://github.com/notepad-plus-plus/notepad-plus-plus/releases/download/v8/npp.8.0.Installer.arm64.exe
8,github,arm64,npp.8.0.Installer.arm64.exe,$_14_/themes/Hello Kitty.xml,Hello Kitty.xml,,90003,2021-12-07T19:40:20+00:00,440f1754c493214c970457fd8bb90601,fb6e530fa6180e0fb2be35574ce7f6666ee7b6cf,9e82a82618fe052bf5ce97752001b966da68d5599e6fba3031f2807de420f896,N/A,N/A,,https://github.com/notepad-plus-plus/notepad-plus-plus/releases/download/v8/npp.8.0.Installer.arm64.exe
8,github,arm64,npp.8.0.Installer.arm64.exe,$PLUGINSDIR/nppLocalization/hindi.xml,hindi.xml,,101926,2021-12-07T19:40:20+00:00,b5857e80af0743018276e7a89b16f3c0,766f407f0f5cf20b8c1ec2fe225d6abaa7af323d,d25ed21d8a40215b31e762bc08e3133e11afd4df68d2f88894ba6f4805a1fe79,N/A,N/A,,https://github.com/notepad-plus-plus/notepad-plus-plus/releases/download/v8/npp.8.0.Installer.arm64.exe
8,github,arm64,npp.8.0.Installer.arm64.exe,$PLUGINSDIR/nppLocalization/hongKongCantonese.xml,hongKongCantonese.xml,,95770,2021-12-07T19:40:20+00:00,e2fcc2bb0386d15273a4e9b944235f5f,80ffbf58fe441e88597a3d39fc5efdcbb453b255,a7e1f78de9519fddcac6fc4c38abf99f27ce17018353450bfe4b2dcd4c0fc8f2,N/A,N/A,,https://github.com/notepad-plus-plus/notepad-plus-plus/releases/download/v8/npp.8.0.Installer.arm64.exe
8,github,arm64,npp.8.0.Installer.arm64.exe,$_14_/themes/HotFudgeSundae.xml,HotFudgeSundae.xml,,110487,2021-12-07T19:40:20+00:00,8af4695773d5de3e50564cc60afd5027,5db749e5d008fa8331186743c0d47ba907e6abe0,375d6c3818f17edbe41e0a14061f8f07941a617222f7bf6e44a5a0cdb58c9afe,N/A,N/A,,https://github.com/notepad-plus-plus/notepad-plus-plus/releases/download/v8/npp.8.0.Installer.arm64.exe
8,github,arm64,npp.8.0.Installer.arm64.exe,autoCompletion/html.xml,html.xml,,19490,2021-12-07T19:40:20+00:00,83f7d0f14d6cd73474f0f409950b354a,9e86874a1f691f71d977e2f3aeb77170439465f5,faceb73d447eb8354e84a6ae96b4e354375f2db795756f3003a430b3e2ea66e8,N/A,N/A,,https://github.com/notepad-plus-plus/notepad-plus-plus/releases/download/v8/npp.8.0.Installer.arm64.exe
8,github,arm64,npp.8.0.Installer.arm64.exe,$PLUGINSDIR/nppLocalization/hungarian.xml,hungarian.xml,,84326,2021-12-07T19:40:20+00:00,ec20dc510d4eaf0b761dbcb6d23d1393,7766f85f04d4e73bd0a7c3ab93f5c9ce39a7988a,9bc7df9113a979b1161a48e85958ef677ad303f2868b602cf7eb5f90c3a349da,N/A,N/A,,https://github.com/notepad-plus-plus/notepad-plus-plus/releases/download/v8/npp.8.0.Installer.arm64.exe
8,github,arm64,npp.8.0.Installer.arm64.exe,$PLUGINSDIR/nppLocalization/indonesian.xml,indonesian.xml,,63989,2021-12-07T19:40:20+00:00,53f2a422f3264a8c2538eb62954a59b6,f8dc1dae3612b6b10ce8709c61051413554eeb6b,ea9c8a7b44f8e3691799ae440ef4e1e7f19e770354a163b1236fb11e803015fa,N/A,N/A,,https://github.com/notepad-plus-plus/notepad-plus-plus/releases/download/v8/npp.8.0.Installer.arm64.exe
8,github,arm64,npp.8.0.Installer.arm64.exe,functionList/ini.xml,ini.xml,,952,2021-12-07T19:40:20+00:00,005c5fe001e12b5b0a7f8dee285d71fb,02a29fbbbfdf2166496021920e568b610395cd6e,11acf49eb9f3cb68fa7a3bb8568cef2eb0f125700c8edcbcd108b5810761770f,N/A,N/A,,https://github.com/notepad-plus-plus/notepad-plus-plus/releases/download/v8/npp.8.0.Installer.arm64.exe
8,github,arm64,npp.8.0.Installer.arm64.exe,functionList/inno.xml,inno.xml,,4404,2021-12-07T19:40:20+00:00,ab1e90d098b886e9f098d7c4c82efb9a,d74449a5b6b2a87d7e5564770edfb609df6806fd,0162159b64eb092f94964faf937f263fb9947b25d40e0d82bd3224d136a140de,N/A,N/A,,https://github.com/notepad-plus-plus/notepad-plus-plus/releases/download/v8/npp.8.0.Installer.arm64.exe
8,github,arm64,npp.8.0.Installer.arm64.exe,$PLUGINSDIR/InstallOptions.dll,InstallOptions.dll,,15872,2021-12-07T19:40:20+00:00,05bf02da51e717f79f6b5cbea7bc0710,07471a64ef4dba9dc19ce68ae6cce683af7df86d,ca092ba7f275b0c9000098cdd1a9876fe8dc050fcb40a0e8a1ab8335236e9dc5,N/A,N/A,,https://github.com/notepad-plus-plus/notepad-plus-plus/releases/download/v8/npp.8.0.Installer.arm64.exe
8,github,arm64,npp.8.0.Installer.arm64.exe,$PLUGINSDIR/ioSpecial.ini,ioSpecial.ini,,211,2021-12-07T19:40:20+00:00,e2d5070bc28db1ac745613689ff86067,282e080b4cf847174c5c11e4f9157b8c338ecb19,d95aed234f932a1c48a2b1b0d98c60ca31f962310c03158e2884ab4ddd3ea1e0,N/A,N/A,,https://github.com/notepad-plus-plus/notepad-plus-plus/releases/download/v8/npp.8.0.Installer.arm64.exe
8,github,arm64,npp.8.0.Installer.arm64.exe,$PLUGINSDIR/nppLocalization/irish.xml,irish.xml,,85008,2021-12-07T19:40:20+00:00,5a3eb4f9cab6ec3bec40d5a683d0fd6b,242d9a7f66c7ae8956d1697f2b34fdd1817488b2,55cb1860023e4182da505e1cffc4eb7d9efdf4062e0e1b2d6320b73abc366dc0,N/A,N/A,,https://github.com/notepad-plus-plus/notepad-plus-plus/releases/download/v8/npp.8.0.Installer.arm64.exe
8,github,arm64,npp.8.0.Installer.arm64.exe,$PLUGINSDIR/nppLocalization/italian.xml,italian.xml,,93636,2021-12-07T19:40:20+00:00,2dee006fe24c72fa343b88c19b0fd384,d661da649c003d04c449537ac1c55892080d0c64,1dbd12b6ce20bef97864188ceee5f07f414f9c9a0b1d38c8a568825d30671176,N/A,N/A,,https://github.com/notepad-plus-plus/notepad-plus-plus/releases/download/v8/npp.8.0.Installer.arm64.exe
8,github,arm64,npp.8.0.Installer.arm64.exe,$PLUGINSDIR/gupLocalization/italian.xml,italian.xml,,1474,2021-12-07T19:40:20+00:00,0719b461b490b795d1886f4842d78e68,d81b62de8112da52575bcf9ce75bdf43f7f111cd,5cbb03132fa7ae19964492da9a61f24171350d2df70ebd1490dda08cdada3c48,N/A,N/A,,https://github.com/notepad-plus-plus/notepad-plus-plus/releases/download/v8/npp.8.0.Installer.arm64.exe
8,github,arm64,npp.8.0.Installer.arm64.exe,$PLUGINSDIR/nppLocalization/japanese.xml,japanese.xml,,102810,2021-12-07T19:40:20+00:00,50910b5785eefb406d17fcbdd6e3f479,05dee50294a47062b937184fcb1cd94dbf434138,28d556f4bddb80c83bfc7fa7092590144158f27adba65fde99f261c214cf97ce,N/A,N/A,,https://github.com/notepad-plus-plus/notepad-plus-plus/releases/download/v8/npp.8.0.Installer.arm64.exe
8,github,arm64,npp.8.0.Installer.arm64.exe,autoCompletion/java.xml,java.xml,,205359,2021-12-07T19:40:20+00:00,1ce78a369cff97a0aa6ada78bf65a6d3,d04ba700b097732f152899c998d53d9a9a857b70,18d4506cbd6c04e33b948b1824662efc432a89e83e18abffb78043a2121f5580,N/A,N/A,,https://github.com/notepad-plus-plus/notepad-plus-plus/releases/download/v8/npp.8.0.Installer.arm64.exe
8,github,arm64,npp.8.0.Installer.arm64.exe,functionList/java.xml,java.xml,,9331,2021-12-07T19:40:20+00:00,e5a76a3287909497f328b0f12cf5ce89,a432976d922c00717386fafc3290cf251c8e7182,2487221a75a52b4f8aa6d2e62f1c0a55a5cd5240b1cb7aafa66fbb2042590b06,N/A,N/A,,https://github.com/notepad-plus-plus/notepad-plus-plus/releases/download/v8/npp.8.0.Installer.arm64.exe
8,github,arm64,npp.8.0.Installer.arm64.exe,functionList/javascript.js.xml,javascript.js.xml,,1146,2021-12-07T19:40:20+00:00,76bfe910efe1727e4afc3680cca62773,9e05e76ab53ee66aa26cfe6726db6e81c9a3bd62,7c68f28c6995f47dd77596bab28c6b4388ff93840c3becfd37733ddb640cd0cd,N/A,N/A,,https://github.com/notepad-plus-plus/notepad-plus-plus/releases/download/v8/npp.8.0.Installer.arm64.exe
8,github,arm64,npp.8.0.Installer.arm64.exe,autoCompletion/javascript.xml,javascript.xml,,23348,2021-12-07T19:40:20+00:00,c7cae93b5f9356400d166911bcd0717b,e5d3dc09f45d7ec6a88f9af28c7c9faf055ea804,6ee58a91cba2473554c9d20fb18ddb69b465f1e7bf2e9e1efe8e7b726bac327c,N/A,N/A,,https://github.com/notepad-plus-plus/notepad-plus-plus/releases/download/v8/npp.8.0.Installer.arm64.exe
8,github,arm64,npp.8.0.Installer.arm64.exe,$PLUGINSDIR/nppLocalization/kabyle.xml,kabyle.xml,,50323,2021-12-07T19:40:20+00:00,1d46146ccf999ede311f951828181eac,f27e955e2f1b819b06bbe1e7e9ecc6b83c49bd23,56d9177dc22aa9945085510cb540000200896a46654f60ff27daa4f4e9bcf378,N/A,N/A,,https://github.com/notepad-plus-plus/notepad-plus-plus/releases/download/v8/npp.8.0.Installer.arm64.exe
8,github,arm64,npp.8.0.Installer.arm64.exe,$PLUGINSDIR/nppLocalization/kannada.xml,kannada.xml,,74455,2021-12-07T19:40:20+00:00,9f704e219f869165d3779ad6a221e804,40277c057304e603bd74a6ab4c2deb62b5721c7c,d1bbee48ebe8378c0cd3b2dd96134134d7fbc6020fb68ff5689be62ac41d6464,N/A,N/A,,https://github.com/notepad-plus-plus/notepad-plus-plus/releases/download/v8/npp.8.0.Installer.arm64.exe
8,github,arm64,npp.8.0.Installer.arm64.exe,$PLUGINSDIR/nppLocalization/kazakh.xml,kazakh.xml,,33030,2021-12-07T19:40:20+00:00,cef567a83b071655a30fe3d6841399fa,ac71543e6c69653a9ebdf0edacd32825b868842a,6db85b99cbf208c9ff4cba47ac175305f21f96ff101f5f0676d950d2cc9081c6,N/A,N/A,,https://github.com/notepad-plus-plus/notepad-plus-plus/releases/download/v8/npp.8.0.Installer.arm64.exe
8,github,arm64,npp.8.0.Installer.arm64.exe,$_14_/themes/khaki.xml,khaki.xml,,108169,2021-12-07T19:40:20+00:00,ad1d0954bf9068c093d427c011f198de,a91148c968f34646046286af45ad86eb39cd78ab,9af962a4aa2271418881b9117ee61ba341984210c02c3a01e9ad4cc3089f6637,N/A,N/A,,https://github.com/notepad-plus-plus/notepad-plus-plus/releases/download/v8/npp.8.0.Installer.arm64.exe
8,github,arm64,npp.8.0.Installer.arm64.exe,$PLUGINSDIR/nppLocalization/korean.xml,korean.xml,,76912,2021-12-07T19:40:20+00:00,9211b3e0720327ac0a6fe83fd98f38b5,00f66f51c56e370afcedb9522f5e971a5f066430,cf71d19990acd4985fe76ff45755eba060017e177aca63b5ff6c04957763b9fd,N/A,N/A,,https://github.com/notepad-plus-plus/notepad-plus-plus/releases/download/v8/npp.8.0.Installer.arm64.exe
8,github,arm64,npp.8.0.Installer.arm64.exe,functionList/krl.xml,krl.xml,,3037,2021-12-07T19:40:20+00:00,2b3193bd7b701acaab61a9b18a349ea5,56f8de4bd5ea8798f06ebd9ba6c8159cc66b287d,c158322bd963d2a68ffc878d72213a7394d8c16de72279771ffc924365eec0df,N/A,N/A,,https://github.com/notepad-plus-plus/notepad-plus-plus/releases/download/v8/npp.8.0.Installer.arm64.exe
8,github,arm64,npp.8.0.Installer.arm64.exe,$PLUGINSDIR/nppLocalization/kurdish.xml,kurdish.xml,,62678,2021-12-07T19:40:20+00:00,b3fc582020bd8c75d7f982f4798bdbbd,29f3b1ca99deb40ad6def82608926321e87abbcb,43455f6b7e659e4c94ee144fc55e53036c844037cad82a074b5728a359203b89,N/A,N/A,,https://github.com/notepad-plus-plus/notepad-plus-plus/releases/download/v8/npp.8.0.Installer.arm64.exe
8,github,arm64,npp.8.0.Installer.arm64.exe,$PLUGINSDIR/nppLocalization/kyrgyz.xml,kyrgyz.xml,,38731,2021-12-07T19:40:20+00:00,ad3a31d477ad1e09dc3f6911c1f50d1e,cefc20836cbc0e78eb0291948eadbdf09b21a838,4964c0b9f36b7fec44ec0805ba153d88293311cd703680719187cdaa68fbd090,N/A,N/A,,https://github.com/notepad-plus-plus/notepad-plus-plus/releases/download/v8/npp.8.0.Installer.arm64.exe
8,github,arm64,npp.8.0.Installer.arm64.exe,$PLUGINSDIR/LangDLL.dll,LangDLL.dll,,5632,2021-12-07T19:40:20+00:00,ab1db56369412fe8476fefffd11e4cc0,daad036a83b2ee2fa86d840a34a341100552e723,6f14c8f01f50a30743dac68c5ac813451463dfb427eb4e35fcdfe2410e1a913b,N/A,N/A,,https://github.com/notepad-plus-plus/notepad-plus-plus/releases/download/v8/npp.8.0.Installer.arm64.exe
8,github,arm64,npp.8.0.Installer.arm64.exe,langs.model.xml,langs.model.xml,,344225,2021-12-07T19:40:20+00:00,72f3f593344d5d253f98fbf01a85036c,f75313d2c4368c0ff69fe5c0a9adc8ba1cd12c7d,aea280f48f7882eb547817ea04e015d01d22ed32edccf146b7dc526c03f506a1,N/A,N/A,,https://github.com/notepad-plus-plus/notepad-plus-plus/releases/download/v8/npp.8.0.Installer.arm64.exe
8,github,arm64,npp.8.0.Installer.arm64.exe,$PLUGINSDIR/nppLocalization/latvian.xml,latvian.xml,,46317,2021-12-07T19:40:20+00:00,5bdd886ac6fcbe6d922b9616f86a729f,97b5ba6af3683e41457c89534909a20eee997809,fc76ab3cbfe4a96f02531236b7c0b16cf4749fbb2ac0f378149347ae625a3708,N/A,N/A,,https://github.com/notepad-plus-plus/notepad-plus-plus/releases/download/v8/npp.8.0.Installer.arm64.exe
8,github,arm64,npp.8.0.Installer.arm64.exe,updater/libcurl.dll,libcurl.dll,,541608,2021-12-07T19:40:20+00:00,a70604f0bed23763e665105d998bac9f,5332bfe6554fc085a43d9826bd28c597d51a329d,7321756bbd5e932129688900d32a2ad512f39cdb569780f4c8ee80cf8f2e2ea6,N/A,N/A,,https://github.com/notepad-plus-plus/notepad-plus-plus/releases/download/v8/npp.8.0.Installer.arm64.exe
8,github,arm64,npp.8.0.Installer.arm64.exe,LICENSE,LICENSE,,35663,2021-12-07T19:40:20+00:00,16871739f1c1b2e562f522a60e6c218f,151386821ad471892bf099ebf8197adeee1c4d29,afe980345a1e845fb7e372639205cc57e6902a2505c114dc1bcbcd56119f3413,N/A,N/A,,https://github.com/notepad-plus-plus/notepad-plus-plus/releases/download/v8/npp.8.0.Installer.arm64.exe
8,github,arm64,npp.8.0.Installer.arm64.exe,updater/LICENSE,LICENSE,,7804,2021-12-07T19:40:20+00:00,8e3494bf8cf1967afd3b1016fbbe5bb0,b1608abb6e19ef60f4b9c52f6e05bf81cc97d0c2,319917f5ccd09878db6f67c9a77dee846055644ca49eb535628b9e020a87261e,N/A,N/A,,https://github.com/notepad-plus-plus/notepad-plus-plus/releases/download/v8/npp.8.0.Installer.arm64.exe
8,github,arm64,npp.8.0.Installer.arm64.exe,$PLUGINSDIR/nppLocalization/ligurian.xml,ligurian.xml,,34480,2021-12-07T19:40:20+00:00,58a86031153e6bd8ae1ad5bf80fcc894,656cedf73e8d40797a43980fd1801f6501b036c4,5fad85ea1c785dca218106e2b409c20b3cb103e8cdc87c542aae5d630599c33b,N/A,N/A,,https://github.com/notepad-plus-plus/notepad-plus-plus/releases/download/v8/npp.8.0.Installer.arm64.exe
8,github,arm64,npp.8.0.Installer.arm64.exe,autoCompletion/lisp.xml,lisp.xml,,17231,2021-12-07T19:40:20+00:00,2342b76218146563f7cb762ff1a4c03d,9bd08e072b9f401edffb482ff22bcedb444f8165,7dee0ce72cf218da91221c2be184bd22ba16b120396aa1f209583fc9f62fd8bf,N/A,N/A,,https://github.com/notepad-plus-plus/notepad-plus-plus/releases/download/v8/npp.8.0.Installer.arm64.exe
8,github,arm64,npp.8.0.Installer.arm64.exe,$PLUGINSDIR/nppLocalization/lithuanian.xml,lithuanian.xml,,76720,2021-12-07T19:40:20+00:00,f82686ed79384fec00f33ff98f993720,a841107e5066f87c5b78148b4d2caf8a255be8ab,55b4956b4764f734bcb7b8c62f7fb3ba601a0bf087dba66698fa1e174483bb79,N/A,N/A,,https://github.com/notepad-plus-plus/notepad-plus-plus/releases/download/v8/npp.8.0.Installer.arm64.exe
8,github,arm64,npp.8.0.Installer.arm64.exe,autoCompletion/lua.xml,lua.xml,,90483,2021-12-07T19:40:20+00:00,810918f09e228f768a037223b5dbc505,ee00f44a913591959cbbde9e8ae0b6871f81cd8a,370a055b1c3044a5ff045d8e6cfeca24e82bd0033a41b3d463e63b4d36b1e76a,N/A,N/A,,https://github.com/notepad-plus-plus/notepad-plus-plus/releases/download/v8/npp.8.0.Installer.arm64.exe
8,github,arm64,npp.8.0.Installer.arm64.exe,$PLUGINSDIR/nppLocalization/luxembourgish.xml,luxembourgish.xml,,25260,2021-12-07T19:40:20+00:00,cc2d7d26c9d221def534845ec7453ddb,b40b675c5a5c10c8a393714f483aa515be4a5f8d,b73cb0703537af9d58c2e1f040f2e7f741199eef954d5e109eb301fc4498ffe0,N/A,N/A,,https://github.com/notepad-plus-plus/notepad-plus-plus/releases/download/v8/npp.8.0.Installer.arm64.exe
8,github,arm64,npp.8.0.Installer.arm64.exe,$PLUGINSDIR/nppLocalization/macedonian.xml,macedonian.xml,,36460,2021-12-07T19:40:20+00:00,59f590ee75294f37ccb5ed1c7a441a11,7432c800018216193273b59666f26c4a81540ee6,59dbcc4618fa64eebd71808b16b4736b7af8855bef760aec3eb31c6f8f5f470e,N/A,N/A,,https://github.com/notepad-plus-plus/notepad-plus-plus/releases/download/v8/npp.8.0.Installer.arm64.exe
8,github,arm64,npp.8.0.Installer.arm64.exe,$PLUGINSDIR/nppLocalization/malay.xml,malay.xml,,19084,2021-12-07T19:40:20+00:00,3158e10e8a9b3c0e84a770f5f11aaa1f,418a6c52704b6c832b80b36adbba45682725c76f,690416e418c9821bfe71805f76d9e18ee39fd092742d173cc9fe595268b131fa,N/A,N/A,,https://github.com/notepad-plus-plus/notepad-plus-plus/releases/download/v8/npp.8.0.Installer.arm64.exe
8,github,arm64,npp.8.0.Installer.arm64.exe,$PLUGINSDIR/nppLocalization/marathi.xml,marathi.xml,,48181,2021-12-07T19:40:20+00:00,ce4757e3935343d472515cf9b936d7e4,c9ba81eb7b9f1ec2c0ac70e948846ba434d2ac7c,8b7545558bc73329f6caa27b5aa6203220d7a58ea3b37e9c346e636aaf70146c,N/A,N/A,,https://github.com/notepad-plus-plus/notepad-plus-plus/releases/download/v8/npp.8.0.Installer.arm64.exe
8,github,arm64,npp.8.0.Installer.arm64.exe,$_14_/userDefineLangs/markdown._preinstalled.udl.xml,markdown._preinstalled.udl.xml,,6046,2021-12-07T19:40:20+00:00,c37d302c1b6884616d59477ba8e438ec,22cd67b23836777a1861d2c1d0663eee7eab1933,c5011367a4453096122fe72bb89f2940293cb61e973522ff140cdfe05227b1f3,N/A,N/A,,https://github.com/notepad-plus-plus/notepad-plus-plus/releases/download/v8/npp.8.0.Installer.arm64.exe
8,github,arm64,npp.8.0.Installer.arm64.exe,$_15_/mimeTools/mimeTools.dll,mimeTools.dll,,117160,2021-12-07T19:40:20+00:00,af0c25597b48e1a7ccb5ef27cbb287ae,9ad51f5a9fdfaa40f9dd1e8f02f052f116e44114,6b730ac24430870da5edf481db267333844baa7ef22bf922755654cf7d7df9b8,N/A,N/A,,https://github.com/notepad-plus-plus/notepad-plus-plus/releases/download/v8/npp.8.0.Installer.arm64.exe
8,github,arm64,npp.8.0.Installer.arm64.exe,$PLUGINSDIR/modern-header.bmp,modern-header.bmp,,26272,2021-12-07T19:40:20+00:00,56da15fdb8d96f8f5c649dcb5e79d775,157e19e89c5fc690a67e3e3e4786edfce917949c,bb90d4338d2474138473e6b16e94b0237ee847bea45019ed0dd4439c71bd233e,N/A,N/A,,https://github.com/notepad-plus-plus/notepad-plus-plus/releases/download/v8/npp.8.0.Installer.arm64.exe
8,github,arm64,npp.8.0.Installer.arm64.exe,$PLUGINSDIR/modern-wizard.bmp,modern-wizard.bmp,,154544,2021-12-07T19:40:20+00:00,c2cf6928a3ab574a5548b4dc1c38b6c0,8860ff529f60b38a93912f88f234d46eebcf664f,2125550c12fa512782f2016e802d70bc51f4a06017cfbd4176b4a994eb2542f0,N/A,N/A,,https://github.com/notepad-plus-plus/notepad-plus-plus/releases/download/v8/npp.8.0.Installer.arm64.exe
8,github,arm64,npp.8.0.Installer.arm64.exe,$PLUGINSDIR/nppLocalization/mongolian.xml,mongolian.xml,,64376,2021-12-07T19:40:20+00:00,edb56af0fd2e0c8390c7d8d62b080e0f,1a296725f590905e19544424d7fcd14a27f37305,0924a7c8f36e54675cab1c2fdde30fee8ef8c7b56159e1114b1611e994ccaa24,N/A,N/A,,https://github.com/notepad-plus-plus/notepad-plus-plus/releases/download/v8/npp.8.0.Installer.arm64.exe
8,github,arm64,npp.8.0.Installer.arm64.exe,$_14_/themes/Mono Industrial.xml,Mono Industrial.xml,,91448,2021-12-07T19:40:20+00:00,1dd2f54e6454323863d70b6b5dcb1620,37f8ac2b7453d356171737d312e16db0e7494d12,4794862c291de42c75e594ce19e5df267b42ff06d2ef4b7bb2ebb61e949f93c8,N/A,N/A,,https://github.com/notepad-plus-plus/notepad-plus-plus/releases/download/v8/npp.8.0.Installer.arm64.exe
8,github,arm64,npp.8.0.Installer.arm64.exe,$_14_/themes/Monokai.xml,Monokai.xml,,92206,2021-12-07T19:40:20+00:00,961a7b6c6d0f0cbfd47a56c6a17591a3,01d0c6b8cfa6211cfa6d9b572967da79b43654f8,4b09bf80ceeea1b311c428002ea881e991574ce28fe887f9f488c989c5b64912,N/A,N/A,,https://github.com/notepad-plus-plus/notepad-plus-plus/releases/download/v8/npp.8.0.Installer.arm64.exe
8,github,arm64,npp.8.0.Installer.arm64.exe,$_14_/themes/MossyLawn.xml,MossyLawn.xml,,108374,2021-12-07T19:40:20+00:00,449a1374aabd1e800ac1fec9deba583e,a983c8c69487066a51f52d610be2b17fb9629001,73506506d2c79a30a63d5e11e77b7eeeb757220ea52ee99a7b79fa2803c0d684,N/A,N/A,,https://github.com/notepad-plus-plus/notepad-plus-plus/releases/download/v8/npp.8.0.Installer.arm64.exe
8,github,arm64,npp.8.0.Installer.arm64.exe,$_14_/themes/Navajo.xml,Navajo.xml,,108183,2021-12-07T19:40:20+00:00,8846302b3208ea814a7c010fdf764604,e03e5ba9f5516fef84ec7b4f3f1b03108a80cdfc,92ee1ef1d8a353cda26017f576e5a966dd91790f0d2098a83572561909532813,N/A,N/A,,https://github.com/notepad-plus-plus/notepad-plus-plus/releases/download/v8/npp.8.0.Installer.arm64.exe
8,github,arm64,npp.8.0.Installer.arm64.exe,$PLUGINSDIR/nppLocalization/nepali.xml,nepali.xml,,123523,2021-12-07T19:40:20+00:00,6dce93f6c2806a93aa09a6fd372e9257,bbf75dafcb98a1d0d78c4006ca288d8a0e48fa56,161097b077ac354b4bfa23397dcf3ed29790648b68dc660559c8e75e1be9b24a,N/A,N/A,,https://github.com/notepad-plus-plus/notepad-plus-plus/releases/download/v8/npp.8.0.Installer.arm64.exe
8,github,arm64,npp.8.0.Installer.arm64.exe,$PLUGINSDIR/nppLocalization/norwegian.xml,norwegian.xml,,27778,2021-12-07T19:40:20+00:00,f5519b853316445aab668c1dfd480f87,0f7aab54733b22d514b36ea68e39b0fe215afcbc,bb9a79755d37d449acff570c20e78a9e0c58482414435cf0f493e15e6216fce3,N/A,N/A,,https://github.com/notepad-plus-plus/notepad-plus-plus/releases/download/v8/npp.8.0.Installer.arm64.exe
8,github,arm64,npp.8.0.Installer.arm64.exe,notepad++.exe,notepad++.exe,,5855656,2021-12-07T19:40:20+00:00,f2b04391d2e5c31f1b1521f3a82d2e07,bf345e2936beb08077bacb8e8c93955b691a7dc0,c5af9172f5d8a280c62fb04369595b6fcc78534182719c2fc772d1d80a7e77e5,N/A,N/A,,https://github.com/notepad-plus-plus/notepad-plus-plus/releases/download/v8/npp.8.0.Installer.arm64.exe
8,github,arm64,npp.8.0.Installer.arm64.exe,$_15_/NppConverter/NppConverter.dll,NppConverter.dll,,170408,2021-12-07T19:40:20+00:00,de1830737c1a5a3e233c03ea235f17b2,b21016bc2536e68d955384e8c9926427055fd875,97fd4e8a83c081b72bc29929498851acd36af4e39f861c68d6a73610ced92336,N/A,N/A,,https://github.com/notepad-plus-plus/notepad-plus-plus/releases/download/v8/npp.8.0.Installer.arm64.exe
8,github,arm64,npp.8.0.Installer.arm64.exe,$_15_/NppExport/NppExport.dll,NppExport.dll,,129960,2021-12-07T19:40:20+00:00,342e58d8e38d9ebef1475c3d06eb2581,ca6073530ce5a618753a8ec91b6eb1080905a666,876c966c1e7c5ed9dfd4f94ed7e78389ae8f38dd795d0deb161b587b455290cf,N/A,N/A,,https://github.com/notepad-plus-plus/notepad-plus-plus/releases/download/v8/npp.8.0.Installer.arm64.exe
8,github,arm64,npp.8.0.Installer.arm64.exe,$_17_/nppPluginList.dll,nppPluginList.dll,,91560,2021-12-07T19:40:20+00:00,feae25d9f29c3df1ad683fb025c566cc,5cb5302727e090e338f3357271487b884c154cc1,b637a6a0d186e23bbeb7bb5d93faacab9e00f7a8f910f466b951f79420670f68,N/A,N/A,,https://github.com/notepad-plus-plus/notepad-plus-plus/releases/download/v8/npp.8.0.Installer.arm64.exe
8,github,arm64,npp.8.0.Installer.arm64.exe,NppShell_06.dll,NppShell_06.dll,,227752,2021-12-07T19:40:20+00:00,361082ba6695889333c3ff1ec0a9c2f7,d7971f2f6ed52954b41c285d004434ee71d08a8d,74e9a19e052b3c8fb807a99c25739c4576cb06411a87fcfc7416bb74cfa42692,N/A,N/A,,https://github.com/notepad-plus-plus/notepad-plus-plus/releases/download/v8/npp.8.0.Installer.arm64.exe
8,github,arm64,npp.8.0.Installer.arm64.exe,$PLUGINSDIR/nsDialogs.dll,nsDialogs.dll,,9728,2021-12-07T19:40:20+00:00,466179e1c8ee8a1ff5e4427dbb6c4a01,eb607467009074278e4bd50c7eab400e95ae48f7,1e40211af65923c2f4fd02ce021458a7745d28e2f383835e3015e96575632172,N/A,N/A,,https://github.com/notepad-plus-plus/notepad-plus-plus/releases/download/v8/npp.8.0.Installer.arm64.exe
8,github,arm64,npp.8.0.Installer.arm64.exe,autoCompletion/nsis.xml,nsis.xml,,8176,2021-12-07T19:40:20+00:00,c02485cf76125ce06988d536328ebe81,0bcd80a606c16c48e4ac0e21c489a8e1d46b1f58,98a294b1e45611821fac0bf98b15536efcbde57fb58c9effe46105aa68da24ec,N/A,N/A,,https://github.com/notepad-plus-plus/notepad-plus-plus/releases/download/v8/npp.8.0.Installer.arm64.exe
8,github,arm64,npp.8.0.Installer.arm64.exe,functionList/nsis.xml,nsis.xml,,7125,2021-12-07T19:40:20+00:00,792c0b92f7949c0ec61b8b06a86c5a67,565e8cc8005eb923db47eb1685748c8934c77089,c13743567fcfc4fa77b66e79447edab2d1ecc97d4da32b655d92ae90968f2b0b,N/A,N/A,,https://github.com/notepad-plus-plus/notepad-plus-plus/releases/download/v8/npp.8.0.Installer.arm64.exe
8,github,arm64,npp.8.0.Installer.arm64.exe,$PLUGINSDIR/nppLocalization/nynorsk.xml,nynorsk.xml,,41202,2021-12-07T19:40:20+00:00,694867a6ade700da42a55da24da74200,d6115de129aa535bc83cce55e1c1ad5a001a5fac,319a9e846a610811fdf12b96bf352e4e07f2d7de5a6bec3000cebc1b1e21a1fe,N/A,N/A,,https://github.com/notepad-plus-plus/notepad-plus-plus/releases/download/v8/npp.8.0.Installer.arm64.exe
8,github,arm64,npp.8.0.Installer.arm64.exe,$_14_/themes/Obsidian.xml,Obsidian.xml,,95745,2021-12-07T19:40:20+00:00,4a484addc53e83c94679cb83f75ffc10,7239dcca023f6d91bd409f1b0a56d4a5437c10ad,7f88d74ffa6eb2ad3bfb44a6f6c8ff1fa6809685e16778ed1746e4123b862564,N/A,N/A,,https://github.com/notepad-plus-plus/notepad-plus-plus/releases/download/v8/npp.8.0.Installer.arm64.exe
8,github,arm64,npp.8.0.Installer.arm64.exe,$PLUGINSDIR/nppLocalization/occitan.xml,occitan.xml,,60960,2021-12-07T19:40:20+00:00,878f0c0a2d0e905cb830f3e31eecced7,9c9b4955076d093f9dab456c2b27e82cdba69f7c,d7d80445e9cfde2d5d2d9d9e435b43fc5cf30acf8850b453f826db41856af30a,N/A,N/A,,https://github.com/notepad-plus-plus/notepad-plus-plus/releases/download/v8/npp.8.0.Installer.arm64.exe
8,github,arm64,npp.8.0.Installer.arm64.exe,functionList/overrideMap.xml,overrideMap.xml,,6371,2021-12-07T19:40:20+00:00,28fccc2a6a7145574c006f7dcd8eb251,dd11264640842a112021e9228332219fb979e2dc,e7f8eae310e8ace3b3b0be3bb145ec8c2bbcaa66c9337218dc4cbef633374f95,N/A,N/A,,https://github.com/notepad-plus-plus/notepad-plus-plus/releases/download/v8/npp.8.0.Installer.arm64.exe
8,github,arm64,npp.8.0.Installer.arm64.exe,autoCompletion/perl.xml,perl.xml,,58670,2021-12-07T19:40:20+00:00,68a335d8c7f6bd14b91cfe3bb7e4fbe5,91bb6cc6593d51913e6e8eb1af9579a717769ea1,c75aee84bbdc39cfd3e5b9e8d400a34dea82a1e176ff094de1284824afa5c44a,N/A,N/A,,https://github.com/notepad-plus-plus/notepad-plus-plus/releases/download/v8/npp.8.0.Installer.arm64.exe
8,github,arm64,npp.8.0.Installer.arm64.exe,functionList/perl.xml,perl.xml,,1505,2021-12-07T19:40:20+00:00,c7ad8abe956fbcc3cab1bdb82f457729,8644c5344a3ce147add01d61a943fcd0bad099fb,6558013f984e594bb57534910ce0b17bfa15da3cc9bb4b6e0b5c6e4ddf9eb14e,N/A,N/A,,https://github.com/notepad-plus-plus/notepad-plus-plus/releases/download/v8/npp.8.0.Installer.arm64.exe
8,github,arm64,npp.8.0.Installer.arm64.exe,autoCompletion/php.xml,php.xml,,427922,2021-12-07T19:40:20+00:00,8bb0f6ddbf214fc5247efd6b809e43fa,5f44d91697d849162a5ddc00504fd9a2bbbe8a24,0bf118ba1b96f626eb4217bfc3f192bde2626d1616786daf484e2f3c35d7d706,N/A,N/A,,https://github.com/notepad-plus-plus/notepad-plus-plus/releases/download/v8/npp.8.0.Installer.arm64.exe
8,github,arm64,npp.8.0.Installer.arm64.exe,functionList/php.xml,php.xml,,10000,2021-12-07T19:40:20+00:00,09dd56ad26088b1fa609b8d201064450,1efc7cf7ddcf5c06e9291518fa0e073469075231,b5d149184a4e4a3ed8425e5ace844d784a4ed5a4e0004e959cf17f6267e80b40,N/A,N/A,,https://github.com/notepad-plus-plus/notepad-plus-plus/releases/download/v8/npp.8.0.Installer.arm64.exe
8,github,arm64,npp.8.0.Installer.arm64.exe,$PLUGINSDIR/nppLocalization/piglatin.xml,piglatin.xml,,79086,2021-12-07T19:40:20+00:00,a81a96ae92a44fefd915ec642c0439d7,5af4d51746b51bc2a836e03850a183eabe9a7b28,ddd62f48fcf3b767b77b7bdd128158a038b521192e5eb34585eda41949bdeb1c,N/A,N/A,,https://github.com/notepad-plus-plus/notepad-plus-plus/releases/download/v8/npp.8.0.Installer.arm64.exe
8,github,arm64,npp.8.0.Installer.arm64.exe,$_14_/themes/Plastic Code Wrap.xml,Plastic Code Wrap.xml,,92942,2021-12-07T19:40:20+00:00,29d48938e622822cd21e4b018801aa4e,ae8204dad93f5b32e263fafeb885b1ea971236f0,7c062a06399b1421bb24a710698098979958920dc14baaca2513d2523f2b8183,N/A,N/A,,https://github.com/notepad-plus-plus/notepad-plus-plus/releases/download/v8/npp.8.0.Installer.arm64.exe
8,github,arm64,npp.8.0.Installer.arm64.exe,$PLUGINSDIR/nppLocalization/polish.xml,polish.xml,,99405,2021-12-07T19:40:20+00:00,ebbde5dfebb6e9e4e0c53ce0276fc196,aa191b402246fa9e9334a5057bf58cf6e1117fc3,ab9362cdb589a66b38d6ced225f3487aeff497a5837325aa43f7484e5bd670f6,N/A,N/A,,https://github.com/notepad-plus-plus/notepad-plus-plus/releases/download/v8/npp.8.0.Installer.arm64.exe
8,github,arm64,npp.8.0.Installer.arm64.exe,$PLUGINSDIR/nppLocalization/portuguese.xml,portuguese.xml,,100365,2021-12-07T19:40:20+00:00,2d2c36472c5955a538d16e06b4699019,dfcb8464f050ca69fabc20f51f5c58e2632ff80d,f60a2e5601b1b64623dd10e96b588629e699a3bada4186c6bc2f6758ce7631c5,N/A,N/A,,https://github.com/notepad-plus-plus/notepad-plus-plus/releases/download/v8/npp.8.0.Installer.arm64.exe
8,github,arm64,npp.8.0.Installer.arm64.exe,$PLUGINSDIR/gupLocalization/portuguese.xml,portuguese.xml,,1489,2021-12-07T19:40:20+00:00,83758e96a1685715de0cd8803f25f6c0,ef8981291ef65dea9f8948b1b56a2f554de23fed,25f2bfbb44f9210ab87b9e7a02e7377240a11996b581b6f2f71393c08d40e0ba,N/A,N/A,,https://github.com/notepad-plus-plus/notepad-plus-plus/releases/download/v8/npp.8.0.Installer.arm64.exe
8,github,arm64,npp.8.0.Installer.arm64.exe,functionList/powershell.xml,powershell.xml,,1381,2021-12-07T19:40:20+00:00,9fe2a57fb28e8e3ccf4d3a2a090a7b4d,741f540c8176cb891750c9ef0b6c66bca7ca78f0,9d6ee11f048b734a4edf01acda39d1390b0e1e88756919991c242073723b9c21,N/A,N/A,,https://github.com/notepad-plus-plus/notepad-plus-plus/releases/download/v8/npp.8.0.Installer.arm64.exe
8,github,arm64,npp.8.0.Installer.arm64.exe,$PLUGINSDIR/nppLocalization/punjabi.xml,punjabi.xml,,70605,2021-12-07T19:40:20+00:00,1905fd189d8c02f33034d9dd90704d9a,c33d3d09572ff573581fb4a1f0bb93bb9bb00669,01717885246eefec6c975cfa267451d5afcf9ae859497c52dff18387e002cea0,N/A,N/A,,https://github.com/notepad-plus-plus/notepad-plus-plus/releases/download/v8/npp.8.0.Installer.arm64.exe
8,github,arm64,npp.8.0.Installer.arm64.exe,autoCompletion/python.xml,python.xml,,61578,2021-12-07T19:40:20+00:00,fa2cfe74e8d1f0ce494ff3f01d55ea68,6891483f0a2da2fb0bf80f457a8f620b08c43498,23add5af4a1c87485d4886419021f8842b2da6b44962b024c0bd83b3b782b380,N/A,N/A,,https://github.com/notepad-plus-plus/notepad-plus-plus/releases/download/v8/npp.8.0.Installer.arm64.exe
8,github,arm64,npp.8.0.Installer.arm64.exe,functionList/python.xml,python.xml,,1093,2021-12-07T19:40:20+00:00,ca9b2edacad7a768f1c3b6f318d7a5cc,41db40877fa4e4216cb5335a6a3f721793aafcbe,1810b378b0fd5ac2d876f3ebe0025b2843a5832ad4d283ca9a7c1986fe8c01ef,N/A,N/A,,https://github.com/notepad-plus-plus/notepad-plus-plus/releases/download/v8/npp.8.0.Installer.arm64.exe
8,github,arm64,npp.8.0.Installer.arm64.exe,autoCompletion/rc.xml,rc.xml,,1635,2021-12-07T19:40:20+00:00,893bb156418e493613201fb414699010,bddeee9258a1ba943d52199f552f2e2cba6a8f0b,cd8750aaaa3b70d9e9ce22232b8ac5f5c4e1e13c4261894a1d8e32c22ae8657e,N/A,N/A,,https://github.com/notepad-plus-plus/notepad-plus-plus/releases/download/v8/npp.8.0.Installer.arm64.exe
8,github,arm64,npp.8.0.Installer.arm64.exe,updater/README.md,README.md,,3668,2021-12-07T19:40:20+00:00,39c8b4d040d72ab1e58a28fcef5e34f1,e1189c98c00d9a78fac3a2e3b643af966beb9108,af0df024d337916cee508a1b6771e3708fcd0eabf6972666e55f39d1d4f76e87,N/A,N/A,,https://github.com/notepad-plus-plus/notepad-plus-plus/releases/download/v8/npp.8.0.Installer.arm64.exe
8,github,arm64,npp.8.0.Installer.arm64.exe,readme.txt,readme.txt,,1526,2021-12-07T19:40:20+00:00,11b0a85dcd7045352f71e46d83de6d7e,77b65e52e20a64441c01c57510dc3d60b33afa16,bc661498305746c6deacbee301522f7c283566a804184e290481d3b57af675b1,N/A,N/A,,https://github.com/notepad-plus-plus/notepad-plus-plus/releases/download/v8/npp.8.0.Installer.arm64.exe
8,github,arm64,npp.8.0.Installer.arm64.exe,$PLUGINSDIR/nppLocalization/romanian.xml,romanian.xml,,78817,2021-12-07T19:40:20+00:00,21213d3ce5057288c1b1d2822925c2f9,bb1f49d1adcf2512d05dfa7bd8dee9351e93141c,bab905124f754bf2ae111c4c0f04170c80343ed0219aa226b8274ae3b741f39c,N/A,N/A,,https://github.com/notepad-plus-plus/notepad-plus-plus/releases/download/v8/npp.8.0.Installer.arm64.exe
8,github,arm64,npp.8.0.Installer.arm64.exe,$_14_/themes/Ruby Blue.xml,Ruby Blue.xml,,72674,2021-12-07T19:40:20+00:00,2021c519ced04f915b871d0e23123098,9fa7269623f5d68aae153147df996023cc9f0b44,278a81d492add8d20373ad2690637c6572819d9f4f43a4a5f46e43b3bf21d3fc,N/A,N/A,,https://github.com/notepad-plus-plus/notepad-plus-plus/releases/download/v8/npp.8.0.Installer.arm64.exe
8,github,arm64,npp.8.0.Installer.arm64.exe,functionList/ruby.xml,ruby.xml,,1088,2021-12-07T19:40:20+00:00,9b89093254088d0cce1e013f0df2ae97,67843fd332da121f5448f6158affa486bdd2e883,bffbebedccb4bfd8e849bb3b577eaf0bc821bd45be29905017e667034e5b25be,N/A,N/A,,https://github.com/notepad-plus-plus/notepad-plus-plus/releases/download/v8/npp.8.0.Installer.arm64.exe
8,github,arm64,npp.8.0.Installer.arm64.exe,$PLUGINSDIR/nppLocalization/russian.xml,russian.xml,,103213,2021-12-07T19:40:20+00:00,5e0c15a8a5b3a5b57d9a74163484aec6,321fa425ceb2f880ba3f7fb30f759ba154002bfb,3db4028c5233de69af2fa227ec11e7385daf4e5a6f3e6ab03bee17bb66e0c92c,N/A,N/A,,https://github.com/notepad-plus-plus/notepad-plus-plus/releases/download/v8/npp.8.0.Installer.arm64.exe
8,github,arm64,npp.8.0.Installer.arm64.exe,$PLUGINSDIR/gupLocalization/russian.xml,russian.xml,,2097,2021-12-07T19:40:20+00:00,e624e7d4bea38de2f1fc9c4e6d98aabd,fc517edebfb98c7b1e90f30e2cde5df1ea1d6a9a,b02bf73815217fbe1facc3690e2ebdd34b3a4170c9dbaef699387854dbcb6f6e,N/A,N/A,,https://github.com/notepad-plus-plus/notepad-plus-plus/releases/download/v8/npp.8.0.Installer.arm64.exe
8,github,arm64,npp.8.0.Installer.arm64.exe,functionList/rust.xml,rust.xml,,1848,2021-12-07T19:40:20+00:00,accc6038de578929af94649cadd88a14,bbfe66bf9d36ea92ac437d466db1f36ae4f67a28,1571595dee56cf2b6b2e39f2108db82cd2e8faf15c1d15bba2fdf34770bcda7f,N/A,N/A,,https://github.com/notepad-plus-plus/notepad-plus-plus/releases/download/v8/npp.8.0.Installer.arm64.exe
8,github,arm64,npp.8.0.Installer.arm64.exe,$PLUGINSDIR/nppLocalization/samogitian.xml,samogitian.xml,,10160,2021-12-07T19:40:20+00:00,ebba131558f344afe63e1c5718d0f7ad,65ba510db37a5d8ef74d1c77ede30fa9cccad299,75eca9974de1fca41651975a92f374660e1a7c273a3d1dab0ef6dd573230878b,N/A,N/A,,https://github.com/notepad-plus-plus/notepad-plus-plus/releases/download/v8/npp.8.0.Installer.arm64.exe
8,github,arm64,npp.8.0.Installer.arm64.exe,$PLUGINSDIR/nppLocalization/sardinian.xml,sardinian.xml,,40982,2021-12-07T19:40:20+00:00,064889342004d04b1de62578aa733216,30b21b176b1c031ec472d45ccad41eba239efc52,0169ebd43b3cec4a4f3b0143a2af6f07ec9bf73cb04882a3d4507f01931c08de,N/A,N/A,,https://github.com/notepad-plus-plus/notepad-plus-plus/releases/download/v8/npp.8.0.Installer.arm64.exe
8,github,arm64,npp.8.0.Installer.arm64.exe,$PLUGINSDIR/nppLocalization/serbian.xml,serbian.xml,,24098,2021-12-07T19:40:20+00:00,174e7dc367ff1c213432b891f11d25bb,e199d3a723bcbb176e9f79969f502658efab0ac7,1a07c6a9c2639fa12bb000f599498ddf84827449afbb7952f4bdc4cf526c2117,N/A,N/A,,https://github.com/notepad-plus-plus/notepad-plus-plus/releases/download/v8/npp.8.0.Installer.arm64.exe
8,github,arm64,npp.8.0.Installer.arm64.exe,$PLUGINSDIR/nppLocalization/serbianCyrillic.xml,serbianCyrillic.xml,,47833,2021-12-07T19:40:20+00:00,e6c94316e6d065533305b94e7d5af2bc,3b6f4b424d7321bae1d643bef50ee952d7990ddd,289d7cdd9d9af5b2992e3b0ac38022f91e3d9dc0051e40733983e26e2ddcf594,N/A,N/A,,https://github.com/notepad-plus-plus/notepad-plus-plus/releases/download/v8/npp.8.0.Installer.arm64.exe
8,github,arm64,npp.8.0.Installer.arm64.exe,shortcuts.xml,shortcuts.xml,,965,2021-12-07T19:40:20+00:00,96c510e0fa8b730ce0fe3dfb1a52aa51,0654a46879eccb4062480c98ff3e00b0f8565ba0,9b0e941dc478fc68d046727f5f8e426cd7e8af91b4fa45882ee9e36b4bb11ee1,N/A,N/A,,https://github.com/notepad-plus-plus/notepad-plus-plus/releases/download/v8/npp.8.0.Installer.arm64.exe
8,github,arm64,npp.8.0.Installer.arm64.exe,$PLUGINSDIR/nppLocalization/sinhala.xml,sinhala.xml,,56893,2021-12-07T19:40:20+00:00,9986ce0334af5335ae8c7e5a3cbc818b,384de56d2af7c4941c266bfba7d69518b2b1879d,a8b55a8115a50bd3b7b07c359c49fe7da48a5acf1dacc2c0e3708f6f48636fd6,N/A,N/A,,https://github.com/notepad-plus-plus/notepad-plus-plus/releases/download/v8/npp.8.0.Installer.arm64.exe
8,github,arm64,npp.8.0.Installer.arm64.exe,functionList/sinumerik.xml,sinumerik.xml,,1003,2021-12-07T19:40:20+00:00,16e39474342d0cc1d3a189fad83d5721,726e75d326099b405da6d6b266f4b9c55f7c51f9,db3ac1fd3d65df45d805adb8dfe0c5209db07ef93406db17dfb783dd8048720a,N/A,N/A,,https://github.com/notepad-plus-plus/notepad-plus-plus/releases/download/v8/npp.8.0.Installer.arm64.exe
8,github,arm64,npp.8.0.Installer.arm64.exe,$PLUGINSDIR/nppLocalization/slovak.xml,slovak.xml,,97546,2021-12-07T19:40:20+00:00,71700345a1ed0e45faa9a8dc2c48fc18,9c55db9704eed914d06bd81f3fd573f9947b804b,3b1d95c064dcb365950e2a0fa4f4365754d33b47c56a610fede2623e59e3114d,N/A,N/A,,https://github.com/notepad-plus-plus/notepad-plus-plus/releases/download/v8/npp.8.0.Installer.arm64.exe
8,github,arm64,npp.8.0.Installer.arm64.exe,$PLUGINSDIR/nppLocalization/slovenian.xml,slovenian.xml,,86657,2021-12-07T19:40:20+00:00,5c7e591e50ef318e985ff4e784ab8804,86f7ab0bd71b9ef382c7085a4f560fabc9742e04,fcb93cc76e40be9bba30113878f57efe57c0cf47e5f45eaf3357bd9d8551be77,N/A,N/A,,https://github.com/notepad-plus-plus/notepad-plus-plus/releases/download/v8/npp.8.0.Installer.arm64.exe
8,github,arm64,npp.8.0.Installer.arm64.exe,$_14_/themes/Solarized-light.xml,Solarized-light.xml,,108819,2021-12-07T19:40:20+00:00,5d4a5b2caa72c57c4268dc7d5e4b8a1d,5f2b74ad78bbaf995b3173b309b0a04b5cdedfc1,3510be48e8f004629d98e4085af77e815e9ce228020ece432c0423a077b91639,N/A,N/A,,https://github.com/notepad-plus-plus/notepad-plus-plus/releases/download/v8/npp.8.0.Installer.arm64.exe
8,github,arm64,npp.8.0.Installer.arm64.exe,$_14_/themes/Solarized.xml,Solarized.xml,,108807,2021-12-07T19:40:20+00:00,2aad408551c64e1be6fd92f38596d039,cbac96b4f4662dac77fb796730de3ca715b7725f,b3f903b8b9ad0dd5a09a6340eabf070b1ed79bc782c6a53f1ac4546e71989aef,N/A,N/A,,https://github.com/notepad-plus-plus/notepad-plus-plus/releases/download/v8/npp.8.0.Installer.arm64.exe
8,github,arm64,npp.8.0.Installer.arm64.exe,$PLUGINSDIR/nppLocalization/spanish.xml,spanish.xml,,75676,2021-12-07T19:40:20+00:00,113190ae34b8ba2e21426f9fb866f955,13c0dd9639159fa2e09a6cd4c4ede04999efcd02,2ed36886d720851d26e6bad10b1a053e1f4e32527992b1897eb4a9916574686c,N/A,N/A,,https://github.com/notepad-plus-plus/notepad-plus-plus/releases/download/v8/npp.8.0.Installer.arm64.exe
8,github,arm64,npp.8.0.Installer.arm64.exe,$PLUGINSDIR/gupLocalization/spanish.xml,spanish.xml,,1497,2021-12-07T19:40:20+00:00,d7752ef7501eb30094c4da3fedbc01eb,5a1bcdad37fbc2d4c793f63524ec286c0d9b73b8,bb8d443d23ab72d4f8ec39d7af28738b660ec38699876c8096c2c44be214c1b1,N/A,N/A,,https://github.com/notepad-plus-plus/notepad-plus-plus/releases/download/v8/npp.8.0.Installer.arm64.exe
8,github,arm64,npp.8.0.Installer.arm64.exe,$PLUGINSDIR/nppLocalization/spanish_ar.xml,spanish_ar.xml,,45331,2021-12-07T19:40:20+00:00,fc5b8b4d481eb2edf7f26f5ea25bdc90,7092229294413ea7caa01f77236a24190e5b63b1,e44e9075288f297faf80b80284f428c67431ab6840ca8685858a7f3dcb6e5867,N/A,N/A,,https://github.com/notepad-plus-plus/notepad-plus-plus/releases/download/v8/npp.8.0.Installer.arm64.exe
8,github,arm64,npp.8.0.Installer.arm64.exe,autoCompletion/sql.xml,sql.xml,,67945,2021-12-07T19:40:20+00:00,fcfd333f5394896ba748f4628b4a1243,19df381ea7689270865352037e04eef344e9d9a4,1b18ca570694e7128d2751a5c7f46464d8ac167be58627a1fd61324284c15ea5,N/A,N/A,,https://github.com/notepad-plus-plus/notepad-plus-plus/releases/download/v8/npp.8.0.Installer.arm64.exe
8,github,arm64,npp.8.0.Installer.arm64.exe,functionList/sql.xml,sql.xml,,1271,2021-12-07T19:40:20+00:00,97cd588eb633538f3d3db2204009ba5f,552fdc1e6626afdcb7d8159babad81fb7fe902dd,a7109b8374dffa7a0cd69558990f7e96fea9ef61736d89043dad5a6694cdfa4a,N/A,N/A,,https://github.com/notepad-plus-plus/notepad-plus-plus/releases/download/v8/npp.8.0.Installer.arm64.exe
8,github,arm64,npp.8.0.Installer.arm64.exe,stylers.model.xml,stylers.model.xml,,170495,2021-12-07T19:40:20+00:00,eee84dd3565b5ba857d67a935ce4d689,3b37be60f25c27e03bd90e7decc7cde09977fd81,1180377902b86c7819807c91cfb32184a8d5dffef4285124555489ab020fe374,N/A,N/A,,https://github.com/notepad-plus-plus/notepad-plus-plus/releases/download/v8/npp.8.0.Installer.arm64.exe
8,github,arm64,npp.8.0.Installer.arm64.exe,$PLUGINSDIR/nppLocalization/swedish.xml,swedish.xml,,63753,2021-12-07T19:40:20+00:00,6f434872b133168c94769c1211721594,be4c9a42139ba7aba784b857a223efbae4ee1fcf,4a6ba1d443095cedab8100f6c317e6f64ce070a4825b9532d48520b205bdd911,N/A,N/A,,https://github.com/notepad-plus-plus/notepad-plus-plus/releases/download/v8/npp.8.0.Installer.arm64.exe
8,github,arm64,npp.8.0.Installer.arm64.exe,$PLUGINSDIR/System.dll,System.dll,,12288,2021-12-07T19:40:20+00:00,0d7ad4f45dc6f5aa87f606d0331c6901,48df0911f0484cbe2a8cdd5362140b63c41ee457,3eb38ae99653a7dbc724132ee240f6e5c4af4bfe7c01d31d23faf373f9f2eaca,N/A,N/A,,https://github.com/notepad-plus-plus/notepad-plus-plus/releases/download/v8/npp.8.0.Installer.arm64.exe
8,github,arm64,npp.8.0.Installer.arm64.exe,$PLUGINSDIR/nppLocalization/tagalog.xml,tagalog.xml,,30395,2021-12-07T19:40:20+00:00,04e3e27d9d635c6b23c8e40dcbbdd442,c66e2dc153c22a445dae0df2bdf3c1693b4ad03e,047c63c449c5e2a9a4f97637c741eb07e6ec034bc829d85c6565bb0292c1cd72,N/A,N/A,,https://github.com/notepad-plus-plus/notepad-plus-plus/releases/download/v8/npp.8.0.Installer.arm64.exe
8,github,arm64,npp.8.0.Installer.arm64.exe,$PLUGINSDIR/nppLocalization/taiwaneseMandarin.xml,taiwaneseMandarin.xml,,89856,2021-12-07T19:40:20+00:00,a7a23470da586c7fdaa456ac66c3de28,0e4ead85a9369d1613f375b98b360493ef6206ed,1b125d3476483f85ef2c77105d99e30be42b91612f02a417e7995a5043a8242a,N/A,N/A,,https://github.com/notepad-plus-plus/notepad-plus-plus/releases/download/v8/npp.8.0.Installer.arm64.exe
8,github,arm64,npp.8.0.Installer.arm64.exe,$PLUGINSDIR/gupLocalization/taiwaneseMandarin.xml,taiwaneseMandarin.xml,,1798,2021-12-07T19:40:20+00:00,6f921c68876be704fa3ef2df861b212e,78e0d1fdd98b6f15a9d0bf30c046f3dac159ccf7,6e9307005fae8718d2694c270884bf5858578003cbf23bf12f492dc81f104236,N/A,N/A,,https://github.com/notepad-plus-plus/notepad-plus-plus/releases/download/v8/npp.8.0.Installer.arm64.exe
8,github,arm64,npp.8.0.Installer.arm64.exe,$PLUGINSDIR/nppLocalization/tajikCyrillic.xml,tajikCyrillic.xml,,66798,2021-12-07T19:40:20+00:00,dabc1ee04ad838b934e1c5ea8d58afa1,abefa1fb5f7fa046cc44aa3fb2c6e4a0fd138b00,b27be56e97ae352359d61c2ed039f7764e905bf48be9b78605a345d849236f02,N/A,N/A,,https://github.com/notepad-plus-plus/notepad-plus-plus/releases/download/v8/npp.8.0.Installer.arm64.exe
8,github,arm64,npp.8.0.Installer.arm64.exe,$PLUGINSDIR/nppLocalization/tamil.xml,tamil.xml,,54196,2021-12-07T19:40:20+00:00,abc0ae5ed0002512221d682263e41204,7a7533274855ceff9a604d6cd36192cc68f2c416,e23759fd6d60ef9728b620a1a8316fc049ccbf93445a91a1a85d27c4e25f3f15,N/A,N/A,,https://github.com/notepad-plus-plus/notepad-plus-plus/releases/download/v8/npp.8.0.Installer.arm64.exe
8,github,arm64,npp.8.0.Installer.arm64.exe,$PLUGINSDIR/nppLocalization/tatar.xml,tatar.xml,,71436,2021-12-07T19:40:20+00:00,b429b2a78e574f3cf91a8d81222755c6,b27619de11cca103a90255d8ed8efe9eb6ebdbe6,2947bbe32db521a19acf3bd201b40a084f5dc4950ff197e2c2e6b1df93779d6d,N/A,N/A,,https://github.com/notepad-plus-plus/notepad-plus-plus/releases/download/v8/npp.8.0.Installer.arm64.exe
8,github,arm64,npp.8.0.Installer.arm64.exe,$PLUGINSDIR/nppLocalization/telugu.xml,telugu.xml,,53577,2021-12-07T19:40:20+00:00,a8b6a302f3bda0eeae95e5214df33ec4,975e8e7ac8258c4f8c4050743debe980a9864e4f,82b4b16ee06e668e4ff30e71fcbf42623cf30dc14177c570a7ad1f47c0284e0c,N/A,N/A,,https://github.com/notepad-plus-plus/notepad-plus-plus/releases/download/v8/npp.8.0.Installer.arm64.exe
8,github,arm64,npp.8.0.Installer.arm64.exe,autoCompletion/tex.xml,tex.xml,,67864,2021-12-07T19:40:20+00:00,40e183975f5e362d33ba5ffe3b5af3df,35a763370180060a8cf7e33f735c464212d7b6cc,c916f03b9dea3d64019907120d7d4efc925e86189327bcbb89969c57934e2c23,N/A,N/A,,https://github.com/notepad-plus-plus/notepad-plus-plus/releases/download/v8/npp.8.0.Installer.arm64.exe
8,github,arm64,npp.8.0.Installer.arm64.exe,$PLUGINSDIR/nppLocalization/thai.xml,thai.xml,,41406,2021-12-07T19:40:20+00:00,8d02b72cdcce6c5a4db56eebba394824,259babbea022717b773d10704f61fb285e800730,8ce450bcfd9b9617f4e0969ad4e201480b255d473cb1383c90761cc28cbd7ecc,N/A,N/A,,https://github.com/notepad-plus-plus/notepad-plus-plus/releases/download/v8/npp.8.0.Installer.arm64.exe
8,github,arm64,npp.8.0.Installer.arm64.exe,$PLUGINSDIR/nppLocalization/turkish.xml,turkish.xml,,81253,2021-12-07T19:40:20+00:00,30ab56b6dc752db71cf72184736f3931,75c3f535f745ce89c07234355ab006a6ab2782bc,fa1fb8280ee543fd32572b8cfe13079640b96162f9295f73edc1f57a865117e0,N/A,N/A,,https://github.com/notepad-plus-plus/notepad-plus-plus/releases/download/v8/npp.8.0.Installer.arm64.exe
8,github,arm64,npp.8.0.Installer.arm64.exe,$PLUGINSDIR/gupLocalization/turkish.xml,turkish.xml,,1413,2021-12-07T19:40:20+00:00,5f3f2321e9913b6bdb62159d7371a176,3cd979e1ae27b5a413626a48ad03c9f6d0dbf6f7,8310017382e2ecc2c24c5db86afe10125e9033bc8ad418959d64298867dcfff9,N/A,N/A,,https://github.com/notepad-plus-plus/notepad-plus-plus/releases/download/v8/npp.8.0.Installer.arm64.exe
8,github,arm64,npp.8.0.Installer.arm64.exe,$_14_/themes/Twilight.xml,Twilight.xml,,91253,2021-12-07T19:40:20+00:00,fb9d4ba33a19bea1ffd63fed5375b259,547986c56a06a95dc14e07e492584259e1ea90d0,6aa8ebc9ac8458ccc5239b173ce1f6a62537183cb7ca593b0caf9efd1a0efe64,N/A,N/A,,https://github.com/notepad-plus-plus/notepad-plus-plus/releases/download/v8/npp.8.0.Installer.arm64.exe
8,github,arm64,npp.8.0.Installer.arm64.exe,$PLUGINSDIR/nppLocalization/ukrainian.xml,ukrainian.xml,,114224,2021-12-07T19:40:20+00:00,99390ec66a753bad0725ea775bbbdfee,e562b723d1979e27b00ba832bded03930af11dc2,1c649fb8e8138157fb7cb7af1036db835c733955b875d0967e79d9e0edbf307d,N/A,N/A,,https://github.com/notepad-plus-plus/notepad-plus-plus/releases/download/v8/npp.8.0.Installer.arm64.exe
8,github,arm64,npp.8.0.Installer.arm64.exe,uninstall.exe.nsis,uninstall.exe.nsis,,76618,2021-12-07T19:40:20+00:00,c9df27382ad4758f103f45c5ccdea4b6,4140ed268a6202869fb0c9d8184ed664f6cfd076,2202e2a30da99746cc9241bc0e2e7c1ba2c89a15d607e05096b47a9fdf1d8050,N/A,N/A,,https://github.com/notepad-plus-plus/notepad-plus-plus/releases/download/v8/npp.8.0.Installer.arm64.exe
8,github,arm64,npp.8.0.Installer.arm64.exe,functionList/universe_basic.xml,universe_basic.xml,,2021,2021-12-07T19:40:20+00:00,3d51afd290e62685d11376237ceac3c2,cddd77e442aba5ca65289a744d89826cde95e663,7c0719b9b312a531cf41cd08affacceef6de084619808238fec0f0247955f26e,N/A,N/A,,https://github.com/notepad-plus-plus/notepad-plus-plus/releases/download/v8/npp.8.0.Installer.arm64.exe
8,github,arm64,npp.8.0.Installer.arm64.exe,$PLUGINSDIR/nppLocalization/urdu.xml,urdu.xml,,15657,2021-12-07T19:40:20+00:00,cf965dfcf2257d8046c453ac36fcf65e,ac650afe9e15fec6e0e3e87bc999c2d9350ab461,0b685abaea6232f3e99d563f01613161251e51aba6a62d83cb306aa5f2d396d5,N/A,N/A,,https://github.com/notepad-plus-plus/notepad-plus-plus/releases/download/v8/npp.8.0.Installer.arm64.exe
8,github,arm64,npp.8.0.Installer.arm64.exe,$PLUGINSDIR/UserInfo.dll,UserInfo.dll,,4096,2021-12-07T19:40:20+00:00,9eb662f3b5fbda28bffe020e0ab40519,0bd28183a9d8dbb98afbcf100fb1f4f6c5fc6c41,9aa388c7de8e96885adcb4325af871b470ac50edb60d4b0d876ad43f5332ffd1,N/A,N/A,,https://github.com/notepad-plus-plus/notepad-plus-plus/releases/download/v8/npp.8.0.Installer.arm64.exe
8,github,arm64,npp.8.0.Installer.arm64.exe,$PLUGINSDIR/nppLocalization/uyghur.xml,uyghur.xml,,47848,2021-12-07T19:40:20+00:00,a5d2661cab9fae284200b5cd84496b41,fa6cfe413495f354ad0d72e9660f04ce05a6556d,f5d24a6c678b1b54539adeafd2bc2697738f44cea6c184fa442980f1440e5afd,N/A,N/A,,https://github.com/notepad-plus-plus/notepad-plus-plus/releases/download/v8/npp.8.0.Installer.arm64.exe
8,github,arm64,npp.8.0.Installer.arm64.exe,$PLUGINSDIR/nppLocalization/uzbek.xml,uzbek.xml,,71000,2021-12-07T19:40:20+00:00,e6f9d1634676bbf208eb05ee2072f90e,4cacf82980300547af7f037abc1034f91ab48dca,aaad527fed599a4b8a98abd7a8981ce30d4b4d066636d4b35b075a8b5df78c92,N/A,N/A,,https://github.com/notepad-plus-plus/notepad-plus-plus/releases/download/v8/npp.8.0.Installer.arm64.exe
8,github,arm64,npp.8.0.Installer.arm64.exe,$PLUGINSDIR/nppLocalization/uzbekCyrillic.xml,uzbekCyrillic.xml,,35714,2021-12-07T19:40:20+00:00,71b7ce4804f337f3d5c4fea4a0733691,f4446df6fbeb19c93869205750991261d3a1ac7b,380e17fd360658921ea937043e540b2af642a7307be691f5c58b825623b61a99,N/A,N/A,,https://github.com/notepad-plus-plus/notepad-plus-plus/releases/download/v8/npp.8.0.Installer.arm64.exe
8,github,arm64,npp.8.0.Installer.arm64.exe,autoCompletion/vb.xml,vb.xml,,17190,2021-12-07T19:40:20+00:00,4849ca62e16d934b8bee6a140d1ec24c,ffc5e961341dd925439b89d66ab23d3b0e14eabf,53104b87f91458aac8c6709b74a7cd5f0367fc6f2280b98aaa495a59e1788551,N/A,N/A,,https://github.com/notepad-plus-plus/notepad-plus-plus/releases/download/v8/npp.8.0.Installer.arm64.exe
8,github,arm64,npp.8.0.Installer.arm64.exe,$PLUGINSDIR/nppLocalization/venetian.xml,venetian.xml,,97026,2021-12-07T19:40:20+00:00,f6b8ffdccd46df5c159162a78ae13bed,8a599c87a994827fe8d0ca694bec910653f5c13e,2b791d8393f76a96247eb188c9c8efd19bf99951bbcc568668eda5b10772c076,N/A,N/A,,https://github.com/notepad-plus-plus/notepad-plus-plus/releases/download/v8/npp.8.0.Installer.arm64.exe
8,github,arm64,npp.8.0.Installer.arm64.exe,autoCompletion/vhdl.xml,vhdl.xml,,2625,2021-12-07T19:40:20+00:00,dbe0170171f2f58def4fd929dc9b4717,4fb8388a73d2106d115984938168f551bcc4a475,dffaf09efd41b7eb9b74128585de649c627627b404fa1925acaa6c56709a3542,N/A,N/A,,https://github.com/notepad-plus-plus/notepad-plus-plus/releases/download/v8/npp.8.0.Installer.arm64.exe
8,github,arm64,npp.8.0.Installer.arm64.exe,functionList/vhdl.xml,vhdl.xml,,1623,2021-12-07T19:40:20+00:00,7abb134780aaf79c527c734ddb51e245,a52feaff1dc159629691f4bed846cf79c8f8d945,558bbe6193a202dcb00cc441421f5d838764e495b8e4d2e10877db7f661b8cd5,N/A,N/A,,https://github.com/notepad-plus-plus/notepad-plus-plus/releases/download/v8/npp.8.0.Installer.arm64.exe
8,github,arm64,npp.8.0.Installer.arm64.exe,$_14_/themes/Vibrant Ink.xml,Vibrant Ink.xml,,89222,2021-12-07T19:40:20+00:00,5363aacbf559cb2a1243f38452161bb2,66428feb8d928abdec91638ce90d710ce3f522d2,8a932268e27c3ec4bbb6a0a58b30f041509c0bca6b9358c33ebf3b68c9b12e0c,N/A,N/A,,https://github.com/notepad-plus-plus/notepad-plus-plus/releases/download/v8/npp.8.0.Installer.arm64.exe
8,github,arm64,npp.8.0.Installer.arm64.exe,$PLUGINSDIR/nppLocalization/vietnamese.xml,vietnamese.xml,,52733,2021-12-07T19:40:20+00:00,5d893adca521dc6cce0d116ea2f3b279,ecedee4cb5e0d7334562823fc383991bfd447555,623229da8948d4c17cf8f547b87f3164e2d6357a7f02272bb3ebec9955b8fb58,N/A,N/A,,https://github.com/notepad-plus-plus/notepad-plus-plus/releases/download/v8/npp.8.0.Installer.arm64.exe
8,github,arm64,npp.8.0.Installer.arm64.exe,$PLUGINSDIR/gupLocalization/vietnamese.xml,vietnamese.xml,,1488,2021-12-07T19:40:20+00:00,2c3064208415d73e8b1d4c68c49121c1,1ba81f814a9765a1a85f4c862def3814e37dd448,cfa10479be9fa34c0d67aad90294e79cf20cc02325cbafb99c14356aefe975e3,N/A,N/A,,https://github.com/notepad-plus-plus/notepad-plus-plus/releases/download/v8/npp.8.0.Installer.arm64.exe
8,github,arm64,npp.8.0.Installer.arm64.exe,$_14_/themes/vim Dark Blue.xml,vim Dark Blue.xml,,89258,2021-12-07T19:40:20+00:00,895f347aa9caa0f8c436726ec5cc3b55,e4e7a0cee02595bace00df198ad2ac59a9c5c899,6d15f700937d44c2c1270f825a951e1d4048886451dd3e824c67e7d0b187b7e5,N/A,N/A,,https://github.com/notepad-plus-plus/notepad-plus-plus/releases/download/v8/npp.8.0.Installer.arm64.exe
8,github,arm64,npp.8.0.Installer.arm64.exe,$PLUGINSDIR/nppLocalization/welsh.xml,welsh.xml,,53261,2021-12-07T19:40:20+00:00,d5583a9dc8b6e03efd573fa67faf6fba,f3fcca7a6bd12eaa24ac4e7d0af75ba2c1067a67,4ccc47461b2445831fd67efe003c934c340ee50c8341f5298d936f3772ef381a,N/A,N/A,,https://github.com/notepad-plus-plus/notepad-plus-plus/releases/download/v8/npp.8.0.Installer.arm64.exe
8,github,arm64,npp.8.0.Installer.arm64.exe,autoCompletion/xml.xml,xml.xml,,12017,2021-12-07T19:40:20+00:00,6972b2c64653b9fb254ef65871140b29,f2d4825ab333405a241ef41d8b71fa23432675b3,1730bc85e1cd2652ea44d6da42114937fe9fed4527b5e0cb6e2a09f47e0da92e,N/A,N/A,,https://github.com/notepad-plus-plus/notepad-plus-plus/releases/download/v8/npp.8.0.Installer.arm64.exe
8,github,arm64,npp.8.0.Installer.arm64.exe,functionList/xml.xml,xml.xml,,2229,2021-12-07T19:40:20+00:00,f898e5e36168ff0c5ff532c9bb068563,287f8fbd7a3b66a4cae7c29cc9a775fa3f2d52b5,5ac3e308c8bef5ed42463929a1be5f519f56a0785fd8c2aed6f85073cc5f98fc,N/A,N/A,,https://github.com/notepad-plus-plus/notepad-plus-plus/releases/download/v8/npp.8.0.Installer.arm64.exe
8,github,arm64,npp.8.0.Installer.arm64.exe,$_14_/themes/Zenburn.xml,Zenburn.xml,,166735,2021-12-07T19:40:20+00:00,6d0f68f607198d62173a10c50b77fc10,101744ea97b7964b3be7a6f6ba8bdce904bde364,6138ed0e4ca7b83f905baf574dfb9b0b59261e1146e21f55ac3c6e9d5cd90bf5,N/A,N/A,,https://github.com/notepad-plus-plus/notepad-plus-plus/releases/download/v8/npp.8.0.Installer.arm64.exe
8,github,arm64,npp.8.0.Installer.arm64.exe,$PLUGINSDIR/nppLocalization/zulu.xml,zulu.xml,,72694,2021-12-07T19:40:20+00:00,4a7511f801ade6a0c2736d2f5795314d,b4a20db2b3a0bbf001b9b81a14b7bb095516ee96,8cb15c28a7238178ed845c82b674702146217eea20f0f8af65e8134ee9ef0caf,N/A,N/A,,https://github.com/notepad-plus-plus/notepad-plus-plus/releases/download/v8/npp.8.0.Installer.arm64.exe
8,github,x86,npp.8.0.Installer.exe,,npp.8.0.Installer.exe,,3977816,2021-12-07T19:40:21+00:00,940f248133b55d6ebba043f872a01d56,d581efac0e813ee2a88ee17d52f78f5905f6e869,926fa9fcb9c4d1c48b5a1e8febe5703d7f48ac44795da1e80d8bd925e9e7ba4e,MATCH,MATCH,,https://github.com/notepad-plus-plus/notepad-plus-plus/releases/download/v8/npp.8.0.Installer.exe
8,github,x86,npp.8.0.Installer.exe,$PLUGINSDIR/nppLocalization/abkhazian.xml,abkhazian.xml,,116298,2021-12-07T19:40:21+00:00,d7284a21afc6b3aadeb8e3b8cfdfaa71,72e827d37f5fd4ed6e716cc52fe812b80c34480c,7276d593845db38db25907f62b119a1881fd0f2373d6a1982a3238e214e03eeb,N/A,N/A,,https://github.com/notepad-plus-plus/notepad-plus-plus/releases/download/v8/npp.8.0.Installer.exe
8,github,x86,npp.8.0.Installer.exe,autoCompletion/actionscript.xml,actionscript.xml,,20745,2021-12-07T19:40:21+00:00,280f64b01191bf89b52c5bbbea1cc290,e01503c8ef4155bde9c89e3e2a21f8437872c4eb,f1fb320fd456938afc0bc852765e393837bcea53bd514838419801bef8436b9e,N/A,N/A,,https://github.com/notepad-plus-plus/notepad-plus-plus/releases/download/v8/npp.8.0.Installer.exe
8,github,x86,npp.8.0.Installer.exe,functionList/ada.xml,ada.xml,,3584,2021-12-07T19:40:21+00:00,c7f9fc66e6b1fef3e9f8a37552314bae,82d91e37882d509eee2abcb45d825bbd95829b47,dab30f330f8c5a2db0dfe27e5d8f2d1666b067be35612984b344575a49f50668,N/A,N/A,,https://github.com/notepad-plus-plus/notepad-plus-plus/releases/download/v8/npp.8.0.Installer.exe
8,github,x86,npp.8.0.Installer.exe,$PLUGINSDIR/nppLocalization/afrikaans.xml,afrikaans.xml,,29077,2021-12-07T19:40:21+00:00,c2f475cc2b49d3aee490c9059529744a,621e81e87c6c8d45a6be6bc69108d8ab13e2d5a6,5d285d98f8891bcf73a770fde00c3215062842224b81c4e70537569712f84570,N/A,N/A,,https://github.com/notepad-plus-plus/notepad-plus-plus/releases/download/v8/npp.8.0.Installer.exe
8,github,x86,npp.8.0.Installer.exe,$PLUGINSDIR/nppLocalization/albanian.xml,albanian.xml,,57197,2021-12-07T19:40:21+00:00,a648520876f8b3c30a627352c7c52f8a,7fa1240eff3f8ea60d114542fda008a72b845b19,e81fdc20f6a768db14474338d56be5efb863ab53c3013efb325a61e08bc5f452,N/A,N/A,,https://github.com/notepad-plus-plus/notepad-plus-plus/releases/download/v8/npp.8.0.Installer.exe
8,github,x86,npp.8.0.Installer.exe,$PLUGINSDIR/nppLocalization/arabic.xml,arabic.xml,,91820,2021-12-07T19:40:21+00:00,6e2a96709f8c5893b20f03e98a21ef61,9dd8f5536a706b4c1816f61ae70bc357597b8fc7,ace7ec47795186bca4cbd83873d7c6957bf01cd98dac5325837b2fd05d3b08e9,N/A,N/A,,https://github.com/notepad-plus-plus/notepad-plus-plus/releases/download/v8/npp.8.0.Installer.exe
8,github,x86,npp.8.0.Installer.exe,$PLUGINSDIR/nppLocalization/aragonese.xml,aragonese.xml,,49810,2021-12-07T19:40:21+00:00,00312582b79ab1f5a35f8a42f9ed211d,55b8efdfbb1c6d735b8adbeb4a727464c4954ab7,5d6a821703377bb9b49594713d6d3c33f1d78263aa055fcd34c8fa3705041d1e,N/A,N/A,,https://github.com/notepad-plus-plus/notepad-plus-plus/releases/download/v8/npp.8.0.Installer.exe
8,github,x86,npp.8.0.Installer.exe,$PLUGINSDIR/nppLocalization/aranese.xml,aranese.xml,,20821,2021-12-07T19:40:21+00:00,333a18acb93ba083e86679c065b69d15,cb874355fb8e495a2b0b0dcf8868df287ec6a342,de5da809aa6e44c4e6a01c3b5fb7da5a66d9683cb905416f3fcff2ed413ea7c6,N/A,N/A,,https://github.com/notepad-plus-plus/notepad-plus-plus/releases/download/v8/npp.8.0.Installer.exe
8,github,x86,npp.8.0.Installer.exe,functionList/asm.xml,asm.xml,,1349,2021-12-07T19:40:21+00:00,2c5f4897d7f169e06aea28310c8ab9ec,edfd3f6faf838194de9821efd0fe185ffb6be0f0,73526ddb1d23d595680badd6bd87f5dd82869606a7cf7e8707758d48d848257e,N/A,N/A,,https://github.com/notepad-plus-plus/notepad-plus-plus/releases/download/v8/npp.8.0.Installer.exe
8,github,x86,npp.8.0.Installer.exe,functionList/autoit.xml,autoit.xml,,1848,2021-12-07T19:40:21+00:00,99a0630a10ab4ee883554dc6bd9e2d91,63c842ce0df36d51082b61c2c682abcfc9d98e67,32ae9531405ef3c59448fe6dbd3be435e726eb17f3ca0d16530a4c6317dea286,N/A,N/A,,https://github.com/notepad-plus-plus/notepad-plus-plus/releases/download/v8/npp.8.0.Installer.exe
8,github,x86,npp.8.0.Installer.exe,autoCompletion/autoit.xml,autoit.xml,,738716,2021-12-07T19:40:21+00:00,986e806d09b5c0fff08c5d9eac33a237,22a0d9893cb6cf82598a698401de38df11389043,b15afd5149673e3d72fc8e99945197c86ad43113230dcd8bbc952a82e965e146,N/A,N/A,,https://github.com/notepad-plus-plus/notepad-plus-plus/releases/download/v8/npp.8.0.Installer.exe
8,github,x86,npp.8.0.Installer.exe,$PLUGINSDIR/nppLocalization/azerbaijani.xml,azerbaijani.xml,,35482,2021-12-07T19:40:21+00:00,8cd5c70b03ef9c48585c06fa149f9fcd,4fb0a331d184579444326c6910742ad4b0cbb5a1,d2e185e9c8b1e7d994dcb3b44748f1b499f18ca22a573f452a9b0d791344c448,N/A,N/A,,https://github.com/notepad-plus-plus/notepad-plus-plus/releases/download/v8/npp.8.0.Installer.exe
8,github,x86,npp.8.0.Installer.exe,functionList/baanc.xml,baanc.xml,,8513,2021-12-07T19:40:21+00:00,0fce87843f5245bd9a4d5ddce156c7c4,cead1bad691b0d4722e05312ce752c4fefbdad1b,ec249b0dab6fda20cc24f0f25a504c55a05b23fb6cbb4938aa7a41df0c8744b6,N/A,N/A,,https://github.com/notepad-plus-plus/notepad-plus-plus/releases/download/v8/npp.8.0.Installer.exe
8,github,x86,npp.8.0.Installer.exe,autoCompletion/BaanC.xml,BaanC.xml,,18483,2021-12-07T19:40:21+00:00,85c891742fcf58ae535b26ad948370a2,385e2c813c8d157627220f2bc92a5324c120859b,d408ed3caef21ebb64fb29d633e9ce5069454c1a792a09e2e24f83595d2743be,N/A,N/A,,https://github.com/notepad-plus-plus/notepad-plus-plus/releases/download/v8/npp.8.0.Installer.exe
8,github,x86,npp.8.0.Installer.exe,functionList/bash.xml,bash.xml,,2999,2021-12-07T19:40:21+00:00,162ded022d600dcf4ba4b7e9ac6917a2,762291f4f4e66573811c8ef757a64bda8a4bba09,2ae1142b08d296c25000e451237ea919f981da28f6a723d39540f43f18bac762,N/A,N/A,,https://github.com/notepad-plus-plus/notepad-plus-plus/releases/download/v8/npp.8.0.Installer.exe
8,github,x86,npp.8.0.Installer.exe,$PLUGINSDIR/nppLocalization/basque.xml,basque.xml,,98792,2021-12-07T19:40:21+00:00,ac5ff123b4039a60744a74c33e1865cc,a0e5c9b572c5356bb5f0bb6a1d5e14378a54b299,5bb8bc10e2c89a62c850afbcdd7c0773d40f76f8069f466a27db2feff7e7d5e9,N/A,N/A,,https://github.com/notepad-plus-plus/notepad-plus-plus/releases/download/v8/npp.8.0.Installer.exe
8,github,x86,npp.8.0.Installer.exe,functionList/batch.xml,batch.xml,,1930,2021-12-07T19:40:21+00:00,0ba94312e694ba6ddb313095678b7159,0faa0cf4df8a9569252e37de821a3e45a65f5c97,77eed9211cd8464482f0da3fac4c0f003c2b8a6d76f15445927e66400f102d60,N/A,N/A,,https://github.com/notepad-plus-plus/notepad-plus-plus/releases/download/v8/npp.8.0.Installer.exe
8,github,x86,npp.8.0.Installer.exe,autoCompletion/batch.xml,batch.xml,,3777,2021-12-07T19:40:21+00:00,01e31d41e5cfb5d2b85c6aa0aabb0fff,6ffcbf31a35c8674536cc2a8a9de7d3f2d48ca38,c4025268b36bb02b2d25e5144d360f69cfc7dddcb3ac98cd2d588393b5cbd30d,N/A,N/A,,https://github.com/notepad-plus-plus/notepad-plus-plus/releases/download/v8/npp.8.0.Installer.exe
8,github,x86,npp.8.0.Installer.exe,$PLUGINSDIR/nppLocalization/belarusian.xml,belarusian.xml,,101944,2021-12-07T19:40:21+00:00,b1232e004b5d50a50187c013cf236917,77fe3395f3084184d574ad41dfd1cf139ca18c95,8858041d46786ef80ec3158a0c8c9f77f737e78460c7fb5b4fd869e4d88b31bc,N/A,N/A,,https://github.com/notepad-plus-plus/notepad-plus-plus/releases/download/v8/npp.8.0.Installer.exe
8,github,x86,npp.8.0.Installer.exe,$PLUGINSDIR/nppLocalization/bengali.xml,bengali.xml,,69894,2021-12-07T19:40:21+00:00,7fc3c507b1f1dfbd964eff8c990a7605,557b17f144cc2b4816bb2f65c8f27a999ec1f6a8,7906d96b6eee56ce202ac8f703205abf0a0407b32a148817c3b9fef52d44c4cd,N/A,N/A,,https://github.com/notepad-plus-plus/notepad-plus-plus/releases/download/v8/npp.8.0.Installer.exe
8,github,x86,npp.8.0.Installer.exe,$_14_/themes/Bespin.xml,Bespin.xml,,92774,2021-12-07T19:40:21+00:00,a8bbc446b637b4efd8040b075e187431,0fd14f515768cf7df5fd85f57edb316321c2ec2f,c477b0436a41c825e80ff8c44c285e3fecac985dbc36f048b8c62725d45e5d49,N/A,N/A,,https://github.com/notepad-plus-plus/notepad-plus-plus/releases/download/v8/npp.8.0.Installer.exe
8,github,x86,npp.8.0.Installer.exe,$_14_/themes/Black board.xml,Black board.xml,,91140,2021-12-07T19:40:21+00:00,478979176ab8517ae7e8fbeef68b4f2e,bda21a44ccfb998f6c4c87a619494bfa3a48e5e6,93319cfe003fac2ec858b2e8678016f6b88954692dc747348c3c248e9ab894ea,N/A,N/A,,https://github.com/notepad-plus-plus/notepad-plus-plus/releases/download/v8/npp.8.0.Installer.exe
8,github,x86,npp.8.0.Installer.exe,$PLUGINSDIR/nppLocalization/bosnian.xml,bosnian.xml,,32084,2021-12-07T19:40:21+00:00,6b036835ed9d1ee92cd9bd4c76f41bbd,faeb76f93f4228832c7cc952833c717f3614a38d,06ce39e85fc9acd72888da5871fae4d18aa2c5bb6a9fa0c9eca459cf0e949a63,N/A,N/A,,https://github.com/notepad-plus-plus/notepad-plus-plus/releases/download/v8/npp.8.0.Installer.exe
8,github,x86,npp.8.0.Installer.exe,$PLUGINSDIR/nppLocalization/brazilian_portuguese.xml,brazilian_portuguese.xml,,81802,2021-12-07T19:40:21+00:00,659037882ab4cf4f708da6d095aba6c3,cd4398e78f9d903ebada6ab463fdfe6500d05f83,9be5b81e42becb07994a8bc8696b15fb0736eaa8338a5864354ee6106d26cd13,N/A,N/A,,https://github.com/notepad-plus-plus/notepad-plus-plus/releases/download/v8/npp.8.0.Installer.exe
8,github,x86,npp.8.0.Installer.exe,$PLUGINSDIR/nppLocalization/breton.xml,breton.xml,,82739,2021-12-07T19:40:21+00:00,c732b3d6279c2539bfe78d664b250a1c,13f0318b3be76d56aa321bd9b14f5fe977dcbc3a,0cc61c777ab6e68149978f7e1c08fc33a780985676da705b0d5bcd57b335b369,N/A,N/A,,https://github.com/notepad-plus-plus/notepad-plus-plus/releases/download/v8/npp.8.0.Installer.exe
8,github,x86,npp.8.0.Installer.exe,$PLUGINSDIR/nppLocalization/bulgarian.xml,bulgarian.xml,,110087,2021-12-07T19:40:21+00:00,5c1d4d6eccb1b85815a38b7e8e8aa683,92f7fe794183e3819c59e0be6157946fd2ae69ae,5454a8d4604dd9394eb3c129958e926d4245ad70d7e764316fcce187123c1a0d,N/A,N/A,,https://github.com/notepad-plus-plus/notepad-plus-plus/releases/download/v8/npp.8.0.Installer.exe
8,github,x86,npp.8.0.Installer.exe,functionList/c.xml,c.xml,,4133,2021-12-07T19:40:21+00:00,9aeb2c0dc00adaede0e06f24080f233e,b2fe11701a83da1b608b63b051b9073f4a194e4f,f3a7e5e59e883a3ef6c99967766a546d55dd7a767fadb9f4d433cedf0555e992,N/A,N/A,,https://github.com/notepad-plus-plus/notepad-plus-plus/releases/download/v8/npp.8.0.Installer.exe
8,github,x86,npp.8.0.Installer.exe,autoCompletion/c.xml,c.xml,,44386,2021-12-07T19:40:21+00:00,2eaa4b8af356b86455f8aae63eb43340,e8224d0873a79c4e27ce96b739f0e154c9432287,35aadc7531e2332679c54306899a21fe3586b7203132cb5673b64915feb91bad,N/A,N/A,,https://github.com/notepad-plus-plus/notepad-plus-plus/releases/download/v8/npp.8.0.Installer.exe
8,github,x86,npp.8.0.Installer.exe,$PLUGINSDIR/gupLocalization/catalan.xml,catalan.xml,,1418,2021-12-07T19:40:21+00:00,a91dc3c39b0b52e500fe25d2bc362dce,a27849e4280bf3d5268d68cc06291b9f2dcb445b,f8d007309e59318c637897296af82a3f49cde999ed10df42ee91170bcf1833f5,N/A,N/A,,https://github.com/notepad-plus-plus/notepad-plus-plus/releases/download/v8/npp.8.0.Installer.exe
8,github,x86,npp.8.0.Installer.exe,$PLUGINSDIR/nppLocalization/catalan.xml,catalan.xml,,68727,2021-12-07T19:40:21+00:00,fba5784c2fd64e9486a907e2e07fb5f8,48a5686529c7bd412b424627308fad87426f3d59,0aa431857ffa1d38cb6cc950a5f24d9cf4601b624fdb2181bddf8eb727e9fc38,N/A,N/A,,https://github.com/notepad-plus-plus/notepad-plus-plus/releases/download/v8/npp.8.0.Installer.exe
8,github,x86,npp.8.0.Installer.exe,change.log,change.log,,2768,2021-12-07T19:40:21+00:00,814064aa064d6af8dfa48710b537ee10,6f8dc91e9c7694ff5d22f1104cfa64b37587d3ad,5effb6e7d0dbee030da9cf7d9bf9ce00a18c02589eea7b51a6f6e744b2bbec2c,N/A,N/A,,https://github.com/notepad-plus-plus/notepad-plus-plus/releases/download/v8/npp.8.0.Installer.exe
8,github,x86,npp.8.0.Installer.exe,$PLUGINSDIR/nppLocalization/chineseSimplified.xml,chineseSimplified.xml,,90450,2021-12-07T19:40:21+00:00,84c307638d72c60f077c852ff6fe7d16,b8c2b2ffa8fb6b29d42db5ad7968e1e0f8732c52,4043c5a87fb7f63c3282641974087b776680bdd47f92919898c0b88285e2114a,N/A,N/A,,https://github.com/notepad-plus-plus/notepad-plus-plus/releases/download/v8/npp.8.0.Installer.exe
8,github,x86,npp.8.0.Installer.exe,$_14_/themes/Choco.xml,Choco.xml,,91451,2021-12-07T19:40:21+00:00,1d779b0104ee9e33ea8c103d62296be4,7bf8e56a29bf58267bc3e6e196f9897392f75a27,9ad51dae67a78c04c5adc8fd4a94a0a4f54902e2448333ac3a79b2448c53d483,N/A,N/A,,https://github.com/notepad-plus-plus/notepad-plus-plus/releases/download/v8/npp.8.0.Installer.exe
8,github,x86,npp.8.0.Installer.exe,autoCompletion/cmake.xml,cmake.xml,,7884,2021-12-07T19:40:21+00:00,4f983f57c1815f6b74ae78da2ea3c3ea,ccd8399d9f50bbe22e9b1f5e1b7b8fadc200f4f9,f902adc5faf041306b54d48914a5bc9c8d45057a4da431786aef451e2c39d1f7,N/A,N/A,,https://github.com/notepad-plus-plus/notepad-plus-plus/releases/download/v8/npp.8.0.Installer.exe
8,github,x86,npp.8.0.Installer.exe,functionList/cobol-free.xml,cobol-free.xml,,1772,2021-12-07T19:40:21+00:00,0b82534cdd9ffec3e57d80ce95a49293,c07e6c127653b7d9604b3f53274d562d3084e19a,5639c845d56dedecd2cfdb082b734593b5d618a87f1bd8ec612a8b3f4245566a,N/A,N/A,,https://github.com/notepad-plus-plus/notepad-plus-plus/releases/download/v8/npp.8.0.Installer.exe
8,github,x86,npp.8.0.Installer.exe,functionList/cobol.xml,cobol.xml,,1368,2021-12-07T19:40:21+00:00,42e52d6bcc674ecaca09feabf0c46dc2,fab3e864a8f51497e9febfe1c47c9058ddd7b137,057784451e3442f381f6a8af931a7050f88d19bda6bc939d37607532a353da1c,N/A,N/A,,https://github.com/notepad-plus-plus/notepad-plus-plus/releases/download/v8/npp.8.0.Installer.exe
8,github,x86,npp.8.0.Installer.exe,autoCompletion/cobol.xml,cobol.xml,,47435,2021-12-07T19:40:21+00:00,14a6c0b65978315cd52c54c3fcf1e96a,a7a2e4a2e3a3671ae2d663f833ffe0f835391745,5b59b5e1a453df08761332ed75ba5abb027716911cf88fca0fe25985ceec2e17,N/A,N/A,,https://github.com/notepad-plus-plus/notepad-plus-plus/releases/download/v8/npp.8.0.Installer.exe
8,github,x86,npp.8.0.Installer.exe,autoCompletion/coffee.xml,coffee.xml,,1503,2021-12-07T19:40:21+00:00,28e3f4b13cf33fbfe47e71611ee8d45e,820858ce39f6eacc44a141c23b457520294d1806,2fc2a95486f8f06adf471429cff3b55d0ec5d3797235692e1da558b558141c2a,N/A,N/A,,https://github.com/notepad-plus-plus/notepad-plus-plus/releases/download/v8/npp.8.0.Installer.exe
8,github,x86,npp.8.0.Installer.exe,contextMenu.xml,contextMenu.xml,,3919,2021-12-07T19:40:21+00:00,50ee50c8d2f16c8121ce788f5047b9d7,6443c68a786d0f4a8e0e318b2c76016878aee57c,e30c0bd332a1186c694fb84e0fdadbebb6aebf899ed40aa976b9f598273cc48d,N/A,N/A,,https://github.com/notepad-plus-plus/notepad-plus-plus/releases/download/v8/npp.8.0.Installer.exe
8,github,x86,npp.8.0.Installer.exe,$_14_/contextMenu.xml,contextMenu.xml,,3919,2021-12-07T19:40:21+00:00,50ee50c8d2f16c8121ce788f5047b9d7,6443c68a786d0f4a8e0e318b2c76016878aee57c,e30c0bd332a1186c694fb84e0fdadbebb6aebf899ed40aa976b9f598273cc48d,N/A,N/A,,https://github.com/notepad-plus-plus/notepad-plus-plus/releases/download/v8/npp.8.0.Installer.exe
8,github,x86,npp.8.0.Installer.exe,$PLUGINSDIR/nppLocalization/corsican.xml,corsican.xml,,105603,2021-12-07T19:40:21+00:00,17003eaadbc190c4e760db221485e103,016ebc2c1a56af6cf1fc6606b35dddc622f91573,83666868d025f0732242a1aeecc74d1e1c364748f64d0dad97579d4c8cf3073d,N/A,N/A,,https://github.com/notepad-plus-plus/notepad-plus-plus/releases/download/v8/npp.8.0.Installer.exe
8,github,x86,npp.8.0.Installer.exe,functionList/cpp.xml,cpp.xml,,18515,2021-12-07T19:40:21+00:00,c794bb828625f83122e89b24bbc5f0c8,5b7d579ce72746284dcd1c71e7751cc32ae06c01,40cf1af5650b699a947899d2b43a00dcb64cdeaf080651c82a7930910c1c03f4,N/A,N/A,,https://github.com/notepad-plus-plus/notepad-plus-plus/releases/download/v8/npp.8.0.Installer.exe
8,github,x86,npp.8.0.Installer.exe,autoCompletion/cpp.xml,cpp.xml,,61526,2021-12-07T19:40:21+00:00,96b467677841b3067cc07c63c687ba4e,1971ddd33d802ef77e45d7a858d1d5b32060f7a3,28add87d67b1b542bdeeeeb45ad1528c3f28e4e56c40367e869b717c5f44be49,N/A,N/A,,https://github.com/notepad-plus-plus/notepad-plus-plus/releases/download/v8/npp.8.0.Installer.exe
8,github,x86,npp.8.0.Installer.exe,$PLUGINSDIR/nppLocalization/croatian.xml,croatian.xml,,100941,2021-12-07T19:40:21+00:00,0170effc3d2bf62c66e4bece1bd9529e,2cc56763bcfc2b4838bd5518973e01db8599fe8a,74896b61dc983f88eaf73c8cd05ecf903c94e8bdfc96dd23ed385cb9a1f6901b,N/A,N/A,,https://github.com/notepad-plus-plus/notepad-plus-plus/releases/download/v8/npp.8.0.Installer.exe
8,github,x86,npp.8.0.Installer.exe,functionList/cs.xml,cs.xml,,1834,2021-12-07T19:40:21+00:00,0f35ee0cb20a383942b7ea9a0dc91b61,2770947a577f53c16f25b36ba30e6f94fb0e8209,59345c006cd9bde5ef532aae1f119758d45030993181c272bb0dd6fc0c5d01e5,N/A,N/A,,https://github.com/notepad-plus-plus/notepad-plus-plus/releases/download/v8/npp.8.0.Installer.exe
8,github,x86,npp.8.0.Installer.exe,autoCompletion/cs.xml,cs.xml,,33861,2021-12-07T19:40:21+00:00,ec8c58e0d38c66fb1a2bc3a3c6c296d8,ad050cfc75e9712109b72d1f23d67bd9a8959f8c,95251b18e87d571e4bfc11b130772447e09461d4f0788e820939da776176e0a4,N/A,N/A,,https://github.com/notepad-plus-plus/notepad-plus-plus/releases/download/v8/npp.8.0.Installer.exe
8,github,x86,npp.8.0.Installer.exe,autoCompletion/css.xml,css.xml,,11515,2021-12-07T19:40:21+00:00,64dabdc0a5648e812e85753a9525644b,50876b7deb96c121fbde72ea94774c053ef5e457,1ce87ddfd55e689461791ce1f2373a38d73e57035725e9cc43d69d5a8ef43adf,N/A,N/A,,https://github.com/notepad-plus-plus/notepad-plus-plus/releases/download/v8/npp.8.0.Installer.exe
8,github,x86,npp.8.0.Installer.exe,$PLUGINSDIR/nppLocalization/czech.xml,czech.xml,,88185,2021-12-07T19:40:21+00:00,1b7e6c896ad37fd208157567d681ab37,f194f495caf291ba41232097cec25f7ff7ae8dbf,2f0ba49d44703d557bdcc468c4fa1293ea97a0db0034a914ca096f6c432cb8a5,N/A,N/A,,https://github.com/notepad-plus-plus/notepad-plus-plus/releases/download/v8/npp.8.0.Installer.exe
8,github,x86,npp.8.0.Installer.exe,$PLUGINSDIR/nppLocalization/danish.xml,danish.xml,,86584,2021-12-07T19:40:21+00:00,84c4f6e832fc062a6bbb768bf19e0ee5,44b0cf84e265851767172435267a73f7e05006e8,f2ba6833ad372ed0a7095da552a1ee4bb37b5c53362aa81e25905d3145a215a1,N/A,N/A,,https://github.com/notepad-plus-plus/notepad-plus-plus/releases/download/v8/npp.8.0.Installer.exe
8,github,x86,npp.8.0.Installer.exe,$_14_/themes/DansLeRuSH-Dark.xml,DansLeRuSH-Dark.xml,,109871,2021-12-07T19:40:21+00:00,52659d432fef1f94f29454165d4b251f,3ee91a1be14a545bc645ad945aaca4cac3043edb,9e4e8b753b943304d3885efc68c6cb4603c813c1aecbb8db967a7504b814a9d1,N/A,N/A,,https://github.com/notepad-plus-plus/notepad-plus-plus/releases/download/v8/npp.8.0.Installer.exe
8,github,x86,npp.8.0.Installer.exe,$_14_/themes/DarkModeDefault.xml,DarkModeDefault.xml,,166735,2021-12-07T19:40:21+00:00,6d0f68f607198d62173a10c50b77fc10,101744ea97b7964b3be7a6f6ba8bdce904bde364,6138ed0e4ca7b83f905baf574dfb9b0b59261e1146e21f55ac3c6e9d5cd90bf5,N/A,N/A,,https://github.com/notepad-plus-plus/notepad-plus-plus/releases/download/v8/npp.8.0.Installer.exe
8,github,x86,npp.8.0.Installer.exe,$_14_/themes/Deep Black.xml,Deep Black.xml,,90076,2021-12-07T19:40:21+00:00,02a33d4d0cb9c61f93dd4ea849ecb14f,5905769498ae32a32f5fdb1dcbf0fca97d7d3eca,4faac9346f9e190be23bc3a41c61178c34a8ab57b69099e8de79ca235b15323a,N/A,N/A,,https://github.com/notepad-plus-plus/notepad-plus-plus/releases/download/v8/npp.8.0.Installer.exe
8,github,x86,npp.8.0.Installer.exe,doLocalConf.xml,doLocalConf.xml,,0,2021-12-07T19:40:21+00:00,d41d8cd98f00b204e9800998ecf8427e,da39a3ee5e6b4b0d3255bfef95601890afd80709,e3b0c44298fc1c149afbf4c8996fb92427ae41e4649b934ca495991b7852b855,N/A,N/A,,https://github.com/notepad-plus-plus/notepad-plus-plus/releases/download/v8/npp.8.0.Installer.exe
8,github,x86,npp.8.0.Installer.exe,$PLUGINSDIR/nppLocalization/dutch.xml,dutch.xml,,98600,2021-12-07T19:40:21+00:00,22314aedafb3f2e55fe5c807ac368a2e,f595b435da9adad5413e09f0fe2abe9dac41c013,c43bdd5fb163a068a675613ee1615dc672f4d99f6ad8d04dd73948b72ea34a56,N/A,N/A,,https://github.com/notepad-plus-plus/notepad-plus-plus/releases/download/v8/npp.8.0.Installer.exe
8,github,x86,npp.8.0.Installer.exe,$PLUGINSDIR/gupLocalization/english.xml,english.xml,,1861,2021-12-07T19:40:21+00:00,f6cfa0a855ef2688cca9eb3dc0426237,47e7e383d2101620aaf436ba42ba9fe43dceffdc,5f2cf34ae71ef56a22dbaa440060c18ce2f761db16495ea62a33ded66bd57273,N/A,N/A,,https://github.com/notepad-plus-plus/notepad-plus-plus/releases/download/v8/npp.8.0.Installer.exe
8,github,x86,npp.8.0.Installer.exe,$PLUGINSDIR/nppLocalization/english.xml,english.xml,,93692,2021-12-07T19:40:21+00:00,4721340135291457a8ee76eff22f1d4a,aec76bb4b2d5e89b225d798445567c4c384c7a18,db1620e8014233f6b90861f13574b739a7da9d3788d22df9d346279c64f23e26,N/A,N/A,,https://github.com/notepad-plus-plus/notepad-plus-plus/releases/download/v8/npp.8.0.Installer.exe
8,github,x86,npp.8.0.Installer.exe,localization/english.xml,english.xml,,93692,2021-12-07T19:40:21+00:00,4721340135291457a8ee76eff22f1d4a,aec76bb4b2d5e89b225d798445567c4c384c7a18,db1620e8014233f6b90861f13574b739a7da9d3788d22df9d346279c64f23e26,N/A,N/A,,https://github.com/notepad-plus-plus/notepad-plus-plus/releases/download/v8/npp.8.0.Installer.exe
8,github,x86,npp.8.0.Installer.exe,$PLUGINSDIR/nppLocalization/english_customizable.xml,english_customizable.xml,,93568,2021-12-07T19:40:21+00:00,215b806e3b76d22d585cc3ac3edd524c,5ceabe197fc6da5755e3766a154aae4334b309c4,9fa9b5fa34a74d4475dc039f975ae0d879d32409f8be677bcf6f4b9d5866489d,N/A,N/A,,https://github.com/notepad-plus-plus/notepad-plus-plus/releases/download/v8/npp.8.0.Installer.exe
8,github,x86,npp.8.0.Installer.exe,$PLUGINSDIR/nppLocalization/esperanto.xml,esperanto.xml,,48286,2021-12-07T19:40:21+00:00,49f94b0b12fd87e9aae7e0a17509c5ad,c8356fc2299e08c7597b815fef66772e66cfe5cf,7a84d2e2472b2ad7786e1963af3616d2330a857a85af16615612042ec410547e,N/A,N/A,,https://github.com/notepad-plus-plus/notepad-plus-plus/releases/download/v8/npp.8.0.Installer.exe
8,github,x86,npp.8.0.Installer.exe,$PLUGINSDIR/nppLocalization/estonian.xml,estonian.xml,,60643,2021-12-07T19:40:21+00:00,b8d207d2af974a53df2757cd4977f01b,9025924fb7094192d254b0183269134dca7a5d11,d18a620ea786420f0e69c10df2d3981254a5edd29abcab674cf915e98a860801,N/A,N/A,,https://github.com/notepad-plus-plus/notepad-plus-plus/releases/download/v8/npp.8.0.Installer.exe
8,github,x86,npp.8.0.Installer.exe,$PLUGINSDIR/nppLocalization/extremaduran.xml,extremaduran.xml,,25399,2021-12-07T19:40:21+00:00,896b0f1f0854f3bcc23a80c99dcebd47,ee5d3a7de7503e18b2929d96dc164dd0671a841d,87e0372bfd2b84316adf2c7d3130fcf2415a96ec2c8bcd5da6f1a8a3a807c8d2,N/A,N/A,,https://github.com/notepad-plus-plus/notepad-plus-plus/releases/download/v8/npp.8.0.Installer.exe
8,github,x86,npp.8.0.Installer.exe,$PLUGINSDIR/nppLocalization/farsi.xml,farsi.xml,,65703,2021-12-07T19:40:21+00:00,44e17fd524df05d8720598b2879e386a,bae71fc18928a4815743c95ddff178be1219ebc5,e7111bd3f7700dca9828d4deb6a7f93d64845b43f4e754cd79ef8d47225f3037,N/A,N/A,,https://github.com/notepad-plus-plus/notepad-plus-plus/releases/download/v8/npp.8.0.Installer.exe
8,github,x86,npp.8.0.Installer.exe,$PLUGINSDIR/nppLocalization/finnish.xml,finnish.xml,,69344,2021-12-07T19:40:21+00:00,fa44a74f56351a8bd18b5e7a70c7ebf7,7b3d90ef7ef098c37840e7d59e9a94c619d2535a,085abe6341b90ceb7690d79032a1e0f3bd909c78227b9e197be2716fc9316e17,N/A,N/A,,https://github.com/notepad-plus-plus/notepad-plus-plus/releases/download/v8/npp.8.0.Installer.exe
8,github,x86,npp.8.0.Installer.exe,functionList/fortran.xml,fortran.xml,,1998,2021-12-07T19:40:21+00:00,24efe929c0a64d0728082696eae24e47,8bb52b350a31b26750b5576196de4e1901580ec7,5b324fb16c96737c266d4fec05476017c8547e3f59a16bebcbac0086ed4ae14b,N/A,N/A,,https://github.com/notepad-plus-plus/notepad-plus-plus/releases/download/v8/npp.8.0.Installer.exe
8,github,x86,npp.8.0.Installer.exe,functionList/fortran77.xml,fortran77.xml,,1618,2021-12-07T19:40:21+00:00,1ced186652b31449fa28912b79449e55,efa4be5ca2d47d70fc839b5cbbd6e313d5f31884,355a07e657b68f84494b95119c4bec782d27af25c6b396eb1bdf61b387c55bda,N/A,N/A,,https://github.com/notepad-plus-plus/notepad-plus-plus/releases/download/v8/npp.8.0.Installer.exe
8,github,x86,npp.8.0.Installer.exe,$PLUGINSDIR/gupLocalization/french.xml,french.xml,,1958,2021-12-07T19:40:21+00:00,52e398ca22dd0d5e3e0f92072210e872,990575a3d929d662c5d2ca3dccfebdfc98b61d88,7294744b49df0ae7dd428803e1663a918fbefc39fc75aa30d597350d29e2e8b5,N/A,N/A,,https://github.com/notepad-plus-plus/notepad-plus-plus/releases/download/v8/npp.8.0.Installer.exe
8,github,x86,npp.8.0.Installer.exe,$PLUGINSDIR/nppLocalization/french.xml,french.xml,,95436,2021-12-07T19:40:21+00:00,70c7d3148ca91634d804be8c42a268ce,d016592f63be6590f303043d399f46c75ff644be,1794eba6af42ce807b6feda2099fca572fa48e23e8952f288d6975c3ef9f84a2,N/A,N/A,,https://github.com/notepad-plus-plus/notepad-plus-plus/releases/download/v8/npp.8.0.Installer.exe
8,github,x86,npp.8.0.Installer.exe,$PLUGINSDIR/nppLocalization/friulian.xml,friulian.xml,,34362,2021-12-07T19:40:21+00:00,6d4c069b4c4517f68657be1641bec299,cc5384f29594b19822a805f8d5888ff328e169a1,d4ffe0a2b5e35fede7e6244be9823e1e946c60db1635e6d3f753e6df938e4b3d,N/A,N/A,,https://github.com/notepad-plus-plus/notepad-plus-plus/releases/download/v8/npp.8.0.Installer.exe
8,github,x86,npp.8.0.Installer.exe,$PLUGINSDIR/nppLocalization/galician.xml,galician.xml,,25339,2021-12-07T19:40:21+00:00,191cc6b7ed37fad274f985d7329bd048,a8b7750901614323318923833a2fb7ac021e8c34,89a20e547d17b1006698cd35fbad772403033420808c8299206a8e299961d83e,N/A,N/A,,https://github.com/notepad-plus-plus/notepad-plus-plus/releases/download/v8/npp.8.0.Installer.exe
8,github,x86,npp.8.0.Installer.exe,$PLUGINSDIR/nppLocalization/georgian.xml,georgian.xml,,60005,2021-12-07T19:40:21+00:00,cada78594c9838103c479dbda55c9e05,7cdc3fd1b8a7ede96101badacf68281e3432bfbb,b319b96cb4eece88c0cf88b557ce56ce5abe85bdf0a6a1007b64310a708a6572,N/A,N/A,,https://github.com/notepad-plus-plus/notepad-plus-plus/releases/download/v8/npp.8.0.Installer.exe
8,github,x86,npp.8.0.Installer.exe,$PLUGINSDIR/gupLocalization/german.xml,german.xml,,1997,2021-12-07T19:40:21+00:00,9e8b6626f1d0253c11bb5aeccfefcb81,1df3e137ffc42cf27b6df3a89433601f81aa1f00,189bd41cae3176e60883e7a61e85dd04b8487fc938503b9a03cd95e99044860f,N/A,N/A,,https://github.com/notepad-plus-plus/notepad-plus-plus/releases/download/v8/npp.8.0.Installer.exe
8,github,x86,npp.8.0.Installer.exe,$PLUGINSDIR/nppLocalization/german.xml,german.xml,,80514,2021-12-07T19:40:21+00:00,1bb39c97049c23b0a69ec75e4c893f91,73e6f73490f08ec4abf60cc7918a71e86966dfab,8a526ffadf34c34cb6825d928505fc1c292df6110411c97599c0d391c5f679a1,N/A,N/A,,https://github.com/notepad-plus-plus/notepad-plus-plus/releases/download/v8/npp.8.0.Installer.exe
8,github,x86,npp.8.0.Installer.exe,$PLUGINSDIR/nppLocalization/greek.xml,greek.xml,,104474,2021-12-07T19:40:21+00:00,cf7abbe63252ec741479dee35774807b,80ea01bcf9f0e5bd69244b513ccb8f57f96e316c,9dbc07059f0037c5b114487b9a259d631589a37c70bf1bc6115405649429861c,N/A,N/A,,https://github.com/notepad-plus-plus/notepad-plus-plus/releases/download/v8/npp.8.0.Installer.exe
8,github,x86,npp.8.0.Installer.exe,$PLUGINSDIR/nppLocalization/gujarati.xml,gujarati.xml,,69663,2021-12-07T19:40:21+00:00,7fc20c4adbdc66c21775a870387769b2,34ee8fc4001645bdeab1427ed8f33a01d2d081ca,efcce0e0c6fe01a7d40cae0a239d85ec3c06e9a7c5dd9adc23825eae2dbf30b3,N/A,N/A,,https://github.com/notepad-plus-plus/notepad-plus-plus/releases/download/v8/npp.8.0.Installer.exe
8,github,x86,npp.8.0.Installer.exe,updater/GUP.exe,GUP.exe,,743336,2021-12-07T19:40:21+00:00,f4b66db980494e970b50ffa2677a6d5a,261c7569af97a60e0a3f4949fd464c7c5609164b,4646fe8071938e1254a13f1f41be3e0873beaa2c0abaa2941179669935d755bc,N/A,N/A,,https://github.com/notepad-plus-plus/notepad-plus-plus/releases/download/v8/npp.8.0.Installer.exe
8,github,x86,npp.8.0.Installer.exe,updater/gup.xml,gup.xml,,4267,2021-12-07T19:40:21+00:00,b023cc4d768b34a5401f317479740a53,4ca45db707b120bca9cb6cd8404b9e6ecabdb2d2,d3e6404c7286961cbab82d4c49f82bcb166db9b5a13eacaa0eeb59a0709a0c14,N/A,N/A,,https://github.com/notepad-plus-plus/notepad-plus-plus/releases/download/v8/npp.8.0.Installer.exe
8,github,x86,npp.8.0.Installer.exe,functionList/haskell.xml,haskell.xml,,2475,2021-12-07T19:40:21+00:00,39f92a5a4c65c9ebf93e23f517ec0ac9,0a87cae9a01c68f1c6b955d221e8bb975ff13fcd,e163c2dc738f1df1d4029ca9f2af7309da19e4ad4eefac1212bbba6fa0167ad4,N/A,N/A,,https://github.com/notepad-plus-plus/notepad-plus-plus/releases/download/v8/npp.8.0.Installer.exe
8,github,x86,npp.8.0.Installer.exe,$PLUGINSDIR/nppLocalization/hebrew.xml,hebrew.xml,,22740,2021-12-07T19:40:21+00:00,07c8ebe76b6352401c0e9c84956d727f,fb14d93db71d0d4b3f25c275fc57d615ce7446c4,58585868a8164b247c53ad3646076e3404a4fd854ee3632ca9841c1ba3d210d6,N/A,N/A,,https://github.com/notepad-plus-plus/notepad-plus-plus/releases/download/v8/npp.8.0.Installer.exe
8,github,x86,npp.8.0.Installer.exe,$_14_/themes/Hello Kitty.xml,Hello Kitty.xml,,90003,2021-12-07T19:40:21+00:00,440f1754c493214c970457fd8bb90601,fb6e530fa6180e0fb2be35574ce7f6666ee7b6cf,9e82a82618fe052bf5ce97752001b966da68d5599e6fba3031f2807de420f896,N/A,N/A,,https://github.com/notepad-plus-plus/notepad-plus-plus/releases/download/v8/npp.8.0.Installer.exe
8,github,x86,npp.8.0.Installer.exe,$PLUGINSDIR/nppLocalization/hindi.xml,hindi.xml,,101926,2021-12-07T19:40:21+00:00,b5857e80af0743018276e7a89b16f3c0,766f407f0f5cf20b8c1ec2fe225d6abaa7af323d,d25ed21d8a40215b31e762bc08e3133e11afd4df68d2f88894ba6f4805a1fe79,N/A,N/A,,https://github.com/notepad-plus-plus/notepad-plus-plus/releases/download/v8/npp.8.0.Installer.exe
8,github,x86,npp.8.0.Installer.exe,$PLUGINSDIR/nppLocalization/hongKongCantonese.xml,hongKongCantonese.xml,,95770,2021-12-07T19:40:21+00:00,e2fcc2bb0386d15273a4e9b944235f5f,80ffbf58fe441e88597a3d39fc5efdcbb453b255,a7e1f78de9519fddcac6fc4c38abf99f27ce17018353450bfe4b2dcd4c0fc8f2,N/A,N/A,,https://github.com/notepad-plus-plus/notepad-plus-plus/releases/download/v8/npp.8.0.Installer.exe
8,github,x86,npp.8.0.Installer.exe,$_14_/themes/HotFudgeSundae.xml,HotFudgeSundae.xml,,110487,2021-12-07T19:40:21+00:00,8af4695773d5de3e50564cc60afd5027,5db749e5d008fa8331186743c0d47ba907e6abe0,375d6c3818f17edbe41e0a14061f8f07941a617222f7bf6e44a5a0cdb58c9afe,N/A,N/A,,https://github.com/notepad-plus-plus/notepad-plus-plus/releases/download/v8/npp.8.0.Installer.exe
8,github,x86,npp.8.0.Installer.exe,autoCompletion/html.xml,html.xml,,19490,2021-12-07T19:40:21+00:00,83f7d0f14d6cd73474f0f409950b354a,9e86874a1f691f71d977e2f3aeb77170439465f5,faceb73d447eb8354e84a6ae96b4e354375f2db795756f3003a430b3e2ea66e8,N/A,N/A,,https://github.com/notepad-plus-plus/notepad-plus-plus/releases/download/v8/npp.8.0.Installer.exe
8,github,x86,npp.8.0.Installer.exe,$PLUGINSDIR/nppLocalization/hungarian.xml,hungarian.xml,,84326,2021-12-07T19:40:21+00:00,ec20dc510d4eaf0b761dbcb6d23d1393,7766f85f04d4e73bd0a7c3ab93f5c9ce39a7988a,9bc7df9113a979b1161a48e85958ef677ad303f2868b602cf7eb5f90c3a349da,N/A,N/A,,https://github.com/notepad-plus-plus/notepad-plus-plus/releases/download/v8/npp.8.0.Installer.exe
8,github,x86,npp.8.0.Installer.exe,$PLUGINSDIR/nppLocalization/indonesian.xml,indonesian.xml,,63989,2021-12-07T19:40:21+00:00,53f2a422f3264a8c2538eb62954a59b6,f8dc1dae3612b6b10ce8709c61051413554eeb6b,ea9c8a7b44f8e3691799ae440ef4e1e7f19e770354a163b1236fb11e803015fa,N/A,N/A,,https://github.com/notepad-plus-plus/notepad-plus-plus/releases/download/v8/npp.8.0.Installer.exe
8,github,x86,npp.8.0.Installer.exe,functionList/ini.xml,ini.xml,,952,2021-12-07T19:40:21+00:00,005c5fe001e12b5b0a7f8dee285d71fb,02a29fbbbfdf2166496021920e568b610395cd6e,11acf49eb9f3cb68fa7a3bb8568cef2eb0f125700c8edcbcd108b5810761770f,N/A,N/A,,https://github.com/notepad-plus-plus/notepad-plus-plus/releases/download/v8/npp.8.0.Installer.exe
8,github,x86,npp.8.0.Installer.exe,functionList/inno.xml,inno.xml,,4404,2021-12-07T19:40:21+00:00,ab1e90d098b886e9f098d7c4c82efb9a,d74449a5b6b2a87d7e5564770edfb609df6806fd,0162159b64eb092f94964faf937f263fb9947b25d40e0d82bd3224d136a140de,N/A,N/A,,https://github.com/notepad-plus-plus/notepad-plus-plus/releases/download/v8/npp.8.0.Installer.exe
8,github,x86,npp.8.0.Installer.exe,$PLUGINSDIR/InstallOptions.dll,InstallOptions.dll,,15872,2021-12-07T19:40:21+00:00,05bf02da51e717f79f6b5cbea7bc0710,07471a64ef4dba9dc19ce68ae6cce683af7df86d,ca092ba7f275b0c9000098cdd1a9876fe8dc050fcb40a0e8a1ab8335236e9dc5,N/A,N/A,,https://github.com/notepad-plus-plus/notepad-plus-plus/releases/download/v8/npp.8.0.Installer.exe
8,github,x86,npp.8.0.Installer.exe,$PLUGINSDIR/ioSpecial.ini,ioSpecial.ini,,211,2021-12-07T19:40:21+00:00,e2d5070bc28db1ac745613689ff86067,282e080b4cf847174c5c11e4f9157b8c338ecb19,d95aed234f932a1c48a2b1b0d98c60ca31f962310c03158e2884ab4ddd3ea1e0,N/A,N/A,,https://github.com/notepad-plus-plus/notepad-plus-plus/releases/download/v8/npp.8.0.Installer.exe
8,github,x86,npp.8.0.Installer.exe,$PLUGINSDIR/nppLocalization/irish.xml,irish.xml,,85008,2021-12-07T19:40:21+00:00,5a3eb4f9cab6ec3bec40d5a683d0fd6b,242d9a7f66c7ae8956d1697f2b34fdd1817488b2,55cb1860023e4182da505e1cffc4eb7d9efdf4062e0e1b2d6320b73abc366dc0,N/A,N/A,,https://github.com/notepad-plus-plus/notepad-plus-plus/releases/download/v8/npp.8.0.Installer.exe
8,github,x86,npp.8.0.Installer.exe,$PLUGINSDIR/gupLocalization/italian.xml,italian.xml,,1474,2021-12-07T19:40:21+00:00,0719b461b490b795d1886f4842d78e68,d81b62de8112da52575bcf9ce75bdf43f7f111cd,5cbb03132fa7ae19964492da9a61f24171350d2df70ebd1490dda08cdada3c48,N/A,N/A,,https://github.com/notepad-plus-plus/notepad-plus-plus/releases/download/v8/npp.8.0.Installer.exe
8,github,x86,npp.8.0.Installer.exe,$PLUGINSDIR/nppLocalization/italian.xml,italian.xml,,93636,2021-12-07T19:40:21+00:00,2dee006fe24c72fa343b88c19b0fd384,d661da649c003d04c449537ac1c55892080d0c64,1dbd12b6ce20bef97864188ceee5f07f414f9c9a0b1d38c8a568825d30671176,N/A,N/A,,https://github.com/notepad-plus-plus/notepad-plus-plus/releases/download/v8/npp.8.0.Installer.exe
8,github,x86,npp.8.0.Installer.exe,$PLUGINSDIR/nppLocalization/japanese.xml,japanese.xml,,102810,2021-12-07T19:40:21+00:00,50910b5785eefb406d17fcbdd6e3f479,05dee50294a47062b937184fcb1cd94dbf434138,28d556f4bddb80c83bfc7fa7092590144158f27adba65fde99f261c214cf97ce,N/A,N/A,,https://github.com/notepad-plus-plus/notepad-plus-plus/releases/download/v8/npp.8.0.Installer.exe
8,github,x86,npp.8.0.Installer.exe,functionList/java.xml,java.xml,,9331,2021-12-07T19:40:21+00:00,e5a76a3287909497f328b0f12cf5ce89,a432976d922c00717386fafc3290cf251c8e7182,2487221a75a52b4f8aa6d2e62f1c0a55a5cd5240b1cb7aafa66fbb2042590b06,N/A,N/A,,https://github.com/notepad-plus-plus/notepad-plus-plus/releases/download/v8/npp.8.0.Installer.exe
8,github,x86,npp.8.0.Installer.exe,autoCompletion/java.xml,java.xml,,205359,2021-12-07T19:40:21+00:00,1ce78a369cff97a0aa6ada78bf65a6d3,d04ba700b097732f152899c998d53d9a9a857b70,18d4506cbd6c04e33b948b1824662efc432a89e83e18abffb78043a2121f5580,N/A,N/A,,https://github.com/notepad-plus-plus/notepad-plus-plus/releases/download/v8/npp.8.0.Installer.exe
8,github,x86,npp.8.0.Installer.exe,functionList/javascript.js.xml,javascript.js.xml,,1146,2021-12-07T19:40:21+00:00,76bfe910efe1727e4afc3680cca62773,9e05e76ab53ee66aa26cfe6726db6e81c9a3bd62,7c68f28c6995f47dd77596bab28c6b4388ff93840c3becfd37733ddb640cd0cd,N/A,N/A,,https://github.com/notepad-plus-plus/notepad-plus-plus/releases/download/v8/npp.8.0.Installer.exe
8,github,x86,npp.8.0.Installer.exe,autoCompletion/javascript.xml,javascript.xml,,23348,2021-12-07T19:40:21+00:00,c7cae93b5f9356400d166911bcd0717b,e5d3dc09f45d7ec6a88f9af28c7c9faf055ea804,6ee58a91cba2473554c9d20fb18ddb69b465f1e7bf2e9e1efe8e7b726bac327c,N/A,N/A,,https://github.com/notepad-plus-plus/notepad-plus-plus/releases/download/v8/npp.8.0.Installer.exe
8,github,x86,npp.8.0.Installer.exe,$PLUGINSDIR/nppLocalization/kabyle.xml,kabyle.xml,,50323,2021-12-07T19:40:21+00:00,1d46146ccf999ede311f951828181eac,f27e955e2f1b819b06bbe1e7e9ecc6b83c49bd23,56d9177dc22aa9945085510cb540000200896a46654f60ff27daa4f4e9bcf378,N/A,N/A,,https://github.com/notepad-plus-plus/notepad-plus-plus/releases/download/v8/npp.8.0.Installer.exe
8,github,x86,npp.8.0.Installer.exe,$PLUGINSDIR/nppLocalization/kannada.xml,kannada.xml,,74455,2021-12-07T19:40:21+00:00,9f704e219f869165d3779ad6a221e804,40277c057304e603bd74a6ab4c2deb62b5721c7c,d1bbee48ebe8378c0cd3b2dd96134134d7fbc6020fb68ff5689be62ac41d6464,N/A,N/A,,https://github.com/notepad-plus-plus/notepad-plus-plus/releases/download/v8/npp.8.0.Installer.exe
8,github,x86,npp.8.0.Installer.exe,$PLUGINSDIR/nppLocalization/kazakh.xml,kazakh.xml,,33030,2021-12-07T19:40:21+00:00,cef567a83b071655a30fe3d6841399fa,ac71543e6c69653a9ebdf0edacd32825b868842a,6db85b99cbf208c9ff4cba47ac175305f21f96ff101f5f0676d950d2cc9081c6,N/A,N/A,,https://github.com/notepad-plus-plus/notepad-plus-plus/releases/download/v8/npp.8.0.Installer.exe
8,github,x86,npp.8.0.Installer.exe,$_14_/themes/khaki.xml,khaki.xml,,108169,2021-12-07T19:40:21+00:00,ad1d0954bf9068c093d427c011f198de,a91148c968f34646046286af45ad86eb39cd78ab,9af962a4aa2271418881b9117ee61ba341984210c02c3a01e9ad4cc3089f6637,N/A,N/A,,https://github.com/notepad-plus-plus/notepad-plus-plus/releases/download/v8/npp.8.0.Installer.exe
8,github,x86,npp.8.0.Installer.exe,$PLUGINSDIR/nppLocalization/korean.xml,korean.xml,,76912,2021-12-07T19:40:21+00:00,9211b3e0720327ac0a6fe83fd98f38b5,00f66f51c56e370afcedb9522f5e971a5f066430,cf71d19990acd4985fe76ff45755eba060017e177aca63b5ff6c04957763b9fd,N/A,N/A,,https://github.com/notepad-plus-plus/notepad-plus-plus/releases/download/v8/npp.8.0.Installer.exe
8,github,x86,npp.8.0.Installer.exe,functionList/krl.xml,krl.xml,,3037,2021-12-07T19:40:21+00:00,2b3193bd7b701acaab61a9b18a349ea5,56f8de4bd5ea8798f06ebd9ba6c8159cc66b287d,c158322bd963d2a68ffc878d72213a7394d8c16de72279771ffc924365eec0df,N/A,N/A,,https://github.com/notepad-plus-plus/notepad-plus-plus/releases/download/v8/npp.8.0.Installer.exe
8,github,x86,npp.8.0.Installer.exe,$PLUGINSDIR/nppLocalization/kurdish.xml,kurdish.xml,,62678,2021-12-07T19:40:21+00:00,b3fc582020bd8c75d7f982f4798bdbbd,29f3b1ca99deb40ad6def82608926321e87abbcb,43455f6b7e659e4c94ee144fc55e53036c844037cad82a074b5728a359203b89,N/A,N/A,,https://github.com/notepad-plus-plus/notepad-plus-plus/releases/download/v8/npp.8.0.Installer.exe
8,github,x86,npp.8.0.Installer.exe,$PLUGINSDIR/nppLocalization/kyrgyz.xml,kyrgyz.xml,,38731,2021-12-07T19:40:21+00:00,ad3a31d477ad1e09dc3f6911c1f50d1e,cefc20836cbc0e78eb0291948eadbdf09b21a838,4964c0b9f36b7fec44ec0805ba153d88293311cd703680719187cdaa68fbd090,N/A,N/A,,https://github.com/notepad-plus-plus/notepad-plus-plus/releases/download/v8/npp.8.0.Installer.exe
8,github,x86,npp.8.0.Installer.exe,$PLUGINSDIR/LangDLL.dll,LangDLL.dll,,5632,2021-12-07T19:40:21+00:00,ab1db56369412fe8476fefffd11e4cc0,daad036a83b2ee2fa86d840a34a341100552e723,6f14c8f01f50a30743dac68c5ac813451463dfb427eb4e35fcdfe2410e1a913b,N/A,N/A,,https://github.com/notepad-plus-plus/notepad-plus-plus/releases/download/v8/npp.8.0.Installer.exe
8,github,x86,npp.8.0.Installer.exe,langs.model.xml,langs.model.xml,,344225,2021-12-07T19:40:21+00:00,72f3f593344d5d253f98fbf01a85036c,f75313d2c4368c0ff69fe5c0a9adc8ba1cd12c7d,aea280f48f7882eb547817ea04e015d01d22ed32edccf146b7dc526c03f506a1,N/A,N/A,,https://github.com/notepad-plus-plus/notepad-plus-plus/releases/download/v8/npp.8.0.Installer.exe
8,github,x86,npp.8.0.Installer.exe,$PLUGINSDIR/nppLocalization/latvian.xml,latvian.xml,,46317,2021-12-07T19:40:21+00:00,5bdd886ac6fcbe6d922b9616f86a729f,97b5ba6af3683e41457c89534909a20eee997809,fc76ab3cbfe4a96f02531236b7c0b16cf4749fbb2ac0f378149347ae625a3708,N/A,N/A,,https://github.com/notepad-plus-plus/notepad-plus-plus/releases/download/v8/npp.8.0.Installer.exe
8,github,x86,npp.8.0.Installer.exe,updater/libcurl.dll,libcurl.dll,,485288,2021-12-07T19:40:21+00:00,be360ae17ac098d69266a3e0fc6e1d40,89719bfea0603b5b759da8e52d41c75f8ba7f7c4,8c5046e665b505f7c04ea60d9c71f4c1376401f73092d295a456c1887a2bf60e,N/A,N/A,,https://github.com/notepad-plus-plus/notepad-plus-plus/releases/download/v8/npp.8.0.Installer.exe
8,github,x86,npp.8.0.Installer.exe,LICENSE,LICENSE,,35663,2021-12-07T19:40:21+00:00,16871739f1c1b2e562f522a60e6c218f,151386821ad471892bf099ebf8197adeee1c4d29,afe980345a1e845fb7e372639205cc57e6902a2505c114dc1bcbcd56119f3413,N/A,N/A,,https://github.com/notepad-plus-plus/notepad-plus-plus/releases/download/v8/npp.8.0.Installer.exe
8,github,x86,npp.8.0.Installer.exe,updater/LICENSE,LICENSE,,7804,2021-12-07T19:40:21+00:00,8e3494bf8cf1967afd3b1016fbbe5bb0,b1608abb6e19ef60f4b9c52f6e05bf81cc97d0c2,319917f5ccd09878db6f67c9a77dee846055644ca49eb535628b9e020a87261e,N/A,N/A,,https://github.com/notepad-plus-plus/notepad-plus-plus/releases/download/v8/npp.8.0.Installer.exe
8,github,x86,npp.8.0.Installer.exe,$PLUGINSDIR/nppLocalization/ligurian.xml,ligurian.xml,,34480,2021-12-07T19:40:21+00:00,58a86031153e6bd8ae1ad5bf80fcc894,656cedf73e8d40797a43980fd1801f6501b036c4,5fad85ea1c785dca218106e2b409c20b3cb103e8cdc87c542aae5d630599c33b,N/A,N/A,,https://github.com/notepad-plus-plus/notepad-plus-plus/releases/download/v8/npp.8.0.Installer.exe
8,github,x86,npp.8.0.Installer.exe,autoCompletion/lisp.xml,lisp.xml,,17231,2021-12-07T19:40:21+00:00,2342b76218146563f7cb762ff1a4c03d,9bd08e072b9f401edffb482ff22bcedb444f8165,7dee0ce72cf218da91221c2be184bd22ba16b120396aa1f209583fc9f62fd8bf,N/A,N/A,,https://github.com/notepad-plus-plus/notepad-plus-plus/releases/download/v8/npp.8.0.Installer.exe
8,github,x86,npp.8.0.Installer.exe,$PLUGINSDIR/nppLocalization/lithuanian.xml,lithuanian.xml,,76720,2021-12-07T19:40:21+00:00,f82686ed79384fec00f33ff98f993720,a841107e5066f87c5b78148b4d2caf8a255be8ab,55b4956b4764f734bcb7b8c62f7fb3ba601a0bf087dba66698fa1e174483bb79,N/A,N/A,,https://github.com/notepad-plus-plus/notepad-plus-plus/releases/download/v8/npp.8.0.Installer.exe
8,github,x86,npp.8.0.Installer.exe,autoCompletion/lua.xml,lua.xml,,90483,2021-12-07T19:40:21+00:00,810918f09e228f768a037223b5dbc505,ee00f44a913591959cbbde9e8ae0b6871f81cd8a,370a055b1c3044a5ff045d8e6cfeca24e82bd0033a41b3d463e63b4d36b1e76a,N/A,N/A,,https://github.com/notepad-plus-plus/notepad-plus-plus/releases/download/v8/npp.8.0.Installer.exe
8,github,x86,npp.8.0.Installer.exe,$PLUGINSDIR/nppLocalization/luxembourgish.xml,luxembourgish.xml,,25260,2021-12-07T19:40:21+00:00,cc2d7d26c9d221def534845ec7453ddb,b40b675c5a5c10c8a393714f483aa515be4a5f8d,b73cb0703537af9d58c2e1f040f2e7f741199eef954d5e109eb301fc4498ffe0,N/A,N/A,,https://github.com/notepad-plus-plus/notepad-plus-plus/releases/download/v8/npp.8.0.Installer.exe
8,github,x86,npp.8.0.Installer.exe,$PLUGINSDIR/nppLocalization/macedonian.xml,macedonian.xml,,36460,2021-12-07T19:40:21+00:00,59f590ee75294f37ccb5ed1c7a441a11,7432c800018216193273b59666f26c4a81540ee6,59dbcc4618fa64eebd71808b16b4736b7af8855bef760aec3eb31c6f8f5f470e,N/A,N/A,,https://github.com/notepad-plus-plus/notepad-plus-plus/releases/download/v8/npp.8.0.Installer.exe
8,github,x86,npp.8.0.Installer.exe,$PLUGINSDIR/nppLocalization/malay.xml,malay.xml,,19084,2021-12-07T19:40:21+00:00,3158e10e8a9b3c0e84a770f5f11aaa1f,418a6c52704b6c832b80b36adbba45682725c76f,690416e418c9821bfe71805f76d9e18ee39fd092742d173cc9fe595268b131fa,N/A,N/A,,https://github.com/notepad-plus-plus/notepad-plus-plus/releases/download/v8/npp.8.0.Installer.exe
8,github,x86,npp.8.0.Installer.exe,$PLUGINSDIR/nppLocalization/marathi.xml,marathi.xml,,48181,2021-12-07T19:40:21+00:00,ce4757e3935343d472515cf9b936d7e4,c9ba81eb7b9f1ec2c0ac70e948846ba434d2ac7c,8b7545558bc73329f6caa27b5aa6203220d7a58ea3b37e9c346e636aaf70146c,N/A,N/A,,https://github.com/notepad-plus-plus/notepad-plus-plus/releases/download/v8/npp.8.0.Installer.exe
8,github,x86,npp.8.0.Installer.exe,$_14_/userDefineLangs/markdown._preinstalled.udl.xml,markdown._preinstalled.udl.xml,,6046,2021-12-07T19:40:21+00:00,c37d302c1b6884616d59477ba8e438ec,22cd67b23836777a1861d2c1d0663eee7eab1933,c5011367a4453096122fe72bb89f2940293cb61e973522ff140cdfe05227b1f3,N/A,N/A,,https://github.com/notepad-plus-plus/notepad-plus-plus/releases/download/v8/npp.8.0.Installer.exe
8,github,x86,npp.8.0.Installer.exe,$_15_/mimeTools/mimeTools.dll,mimeTools.dll,,101800,2021-12-07T19:40:21+00:00,c5188962a011d5062a38e306c5f80851,39f14c7c21f160d9c411594ec527cfe8d811ef26,5b261ee9cd962e35fbf0fd2032d984bc68574b9e1765834e66997281f01e81a9,N/A,N/A,,https://github.com/notepad-plus-plus/notepad-plus-plus/releases/download/v8/npp.8.0.Installer.exe
8,github,x86,npp.8.0.Installer.exe,$PLUGINSDIR/modern-header.bmp,modern-header.bmp,,26272,2021-12-07T19:40:21+00:00,56da15fdb8d96f8f5c649dcb5e79d775,157e19e89c5fc690a67e3e3e4786edfce917949c,bb90d4338d2474138473e6b16e94b0237ee847bea45019ed0dd4439c71bd233e,N/A,N/A,,https://github.com/notepad-plus-plus/notepad-plus-plus/releases/download/v8/npp.8.0.Installer.exe
8,github,x86,npp.8.0.Installer.exe,$PLUGINSDIR/modern-wizard.bmp,modern-wizard.bmp,,154544,2021-12-07T19:40:21+00:00,c2cf6928a3ab574a5548b4dc1c38b6c0,8860ff529f60b38a93912f88f234d46eebcf664f,2125550c12fa512782f2016e802d70bc51f4a06017cfbd4176b4a994eb2542f0,N/A,N/A,,https://github.com/notepad-plus-plus/notepad-plus-plus/releases/download/v8/npp.8.0.Installer.exe
8,github,x86,npp.8.0.Installer.exe,$PLUGINSDIR/nppLocalization/mongolian.xml,mongolian.xml,,64376,2021-12-07T19:40:21+00:00,edb56af0fd2e0c8390c7d8d62b080e0f,1a296725f590905e19544424d7fcd14a27f37305,0924a7c8f36e54675cab1c2fdde30fee8ef8c7b56159e1114b1611e994ccaa24,N/A,N/A,,https://github.com/notepad-plus-plus/notepad-plus-plus/releases/download/v8/npp.8.0.Installer.exe
8,github,x86,npp.8.0.Installer.exe,$_14_/themes/Mono Industrial.xml,Mono Industrial.xml,,91448,2021-12-07T19:40:21+00:00,1dd2f54e6454323863d70b6b5dcb1620,37f8ac2b7453d356171737d312e16db0e7494d12,4794862c291de42c75e594ce19e5df267b42ff06d2ef4b7bb2ebb61e949f93c8,N/A,N/A,,https://github.com/notepad-plus-plus/notepad-plus-plus/releases/download/v8/npp.8.0.Installer.exe
8,github,x86,npp.8.0.Installer.exe,$_14_/themes/Monokai.xml,Monokai.xml,,92206,2021-12-07T19:40:21+00:00,961a7b6c6d0f0cbfd47a56c6a17591a3,01d0c6b8cfa6211cfa6d9b572967da79b43654f8,4b09bf80ceeea1b311c428002ea881e991574ce28fe887f9f488c989c5b64912,N/A,N/A,,https://github.com/notepad-plus-plus/notepad-plus-plus/releases/download/v8/npp.8.0.Installer.exe
8,github,x86,npp.8.0.Installer.exe,$_14_/themes/MossyLawn.xml,MossyLawn.xml,,108374,2021-12-07T19:40:21+00:00,449a1374aabd1e800ac1fec9deba583e,a983c8c69487066a51f52d610be2b17fb9629001,73506506d2c79a30a63d5e11e77b7eeeb757220ea52ee99a7b79fa2803c0d684,N/A,N/A,,https://github.com/notepad-plus-plus/notepad-plus-plus/releases/download/v8/npp.8.0.Installer.exe
8,github,x86,npp.8.0.Installer.exe,$_14_/themes/Navajo.xml,Navajo.xml,,108183,2021-12-07T19:40:21+00:00,8846302b3208ea814a7c010fdf764604,e03e5ba9f5516fef84ec7b4f3f1b03108a80cdfc,92ee1ef1d8a353cda26017f576e5a966dd91790f0d2098a83572561909532813,N/A,N/A,,https://github.com/notepad-plus-plus/notepad-plus-plus/releases/download/v8/npp.8.0.Installer.exe
8,github,x86,npp.8.0.Installer.exe,$PLUGINSDIR/nppLocalization/nepali.xml,nepali.xml,,123523,2021-12-07T19:40:21+00:00,6dce93f6c2806a93aa09a6fd372e9257,bbf75dafcb98a1d0d78c4006ca288d8a0e48fa56,161097b077ac354b4bfa23397dcf3ed29790648b68dc660559c8e75e1be9b24a,N/A,N/A,,https://github.com/notepad-plus-plus/notepad-plus-plus/releases/download/v8/npp.8.0.Installer.exe
8,github,x86,npp.8.0.Installer.exe,$PLUGINSDIR/nppLocalization/norwegian.xml,norwegian.xml,,27778,2021-12-07T19:40:21+00:00,f5519b853316445aab668c1dfd480f87,0f7aab54733b22d514b36ea68e39b0fe215afcbc,bb9a79755d37d449acff570c20e78a9e0c58482414435cf0f493e15e6216fce3,N/A,N/A,,https://github.com/notepad-plus-plus/notepad-plus-plus/releases/download/v8/npp.8.0.Installer.exe
8,github,x86,npp.8.0.Installer.exe,notepad++.exe,notepad++.exe,,4840872,2021-12-07T19:40:21+00:00,320ce832212a2f01138f88c729e8900e,f55d84fcf547ba95a0a27945c04f0af1b9b482d8,ca5b40aab27fec65573abe0853bdc47ac43efe05c78f7be51c2f8d3e8f9f1647,N/A,N/A,,https://github.com/notepad-plus-plus/notepad-plus-plus/releases/download/v8/npp.8.0.Installer.exe
8,github,x86,npp.8.0.Installer.exe,$_15_/NppConverter/NppConverter.dll,NppConverter.dll,,146856,2021-12-07T19:40:21+00:00,6194b8181bca25f29223ddf620c1c02d,b9c183f39cc86fd22173303f56d06cc3f871c374,3a9da95d82beb8e0472eb44d9090b9bbd5c75a91dd78995819cae40b05810d14,N/A,N/A,,https://github.com/notepad-plus-plus/notepad-plus-plus/releases/download/v8/npp.8.0.Installer.exe
8,github,x86,npp.8.0.Installer.exe,$_15_/NppExport/NppExport.dll,NppExport.dll,,115112,2021-12-07T19:40:21+00:00,42cc98c1baa137127e3d11f1d79c6d80,ab5fd45bfc5c347fe6adf8d38af2a6da600de1aa,1ad065d0b927f868c76f8a24341605c6552fa81f47a6ba70d98a764ce0c075af,N/A,N/A,,https://github.com/notepad-plus-plus/notepad-plus-plus/releases/download/v8/npp.8.0.Installer.exe
8,github,x86,npp.8.0.Installer.exe,$_17_/nppPluginList.dll,nppPluginList.dll,,182184,2021-12-07T19:40:21+00:00,7178c9c804e79bfb2878adefea482407,0aefbfc07b2142daf8f73ec693319de1ea0a54f0,7838f11b16c7f2cb31f2b34500e99059822eae7f75c967b2eefed53147ef805c,N/A,N/A,,https://github.com/notepad-plus-plus/notepad-plus-plus/releases/download/v8/npp.8.0.Installer.exe
8,github,x86,npp.8.0.Installer.exe,NppShell_06.dll,NppShell_06.dll,,267176,2021-12-07T19:40:21+00:00,4803e09b246614abe3c3db5d20bb14b7,7d8e4be31331a6f4a4c662d58c82549ece018dc6,14940532ffd029a5a668df68ce98a23ea1a00c0fd8bfd9f6867ea87506a52f73,N/A,N/A,,https://github.com/notepad-plus-plus/notepad-plus-plus/releases/download/v8/npp.8.0.Installer.exe
8,github,x86,npp.8.0.Installer.exe,$PLUGINSDIR/nsDialogs.dll,nsDialogs.dll,,9728,2021-12-07T19:40:21+00:00,466179e1c8ee8a1ff5e4427dbb6c4a01,eb607467009074278e4bd50c7eab400e95ae48f7,1e40211af65923c2f4fd02ce021458a7745d28e2f383835e3015e96575632172,N/A,N/A,,https://github.com/notepad-plus-plus/notepad-plus-plus/releases/download/v8/npp.8.0.Installer.exe
8,github,x86,npp.8.0.Installer.exe,functionList/nsis.xml,nsis.xml,,7125,2021-12-07T19:40:21+00:00,792c0b92f7949c0ec61b8b06a86c5a67,565e8cc8005eb923db47eb1685748c8934c77089,c13743567fcfc4fa77b66e79447edab2d1ecc97d4da32b655d92ae90968f2b0b,N/A,N/A,,https://github.com/notepad-plus-plus/notepad-plus-plus/releases/download/v8/npp.8.0.Installer.exe
8,github,x86,npp.8.0.Installer.exe,autoCompletion/nsis.xml,nsis.xml,,8176,2021-12-07T19:40:21+00:00,c02485cf76125ce06988d536328ebe81,0bcd80a606c16c48e4ac0e21c489a8e1d46b1f58,98a294b1e45611821fac0bf98b15536efcbde57fb58c9effe46105aa68da24ec,N/A,N/A,,https://github.com/notepad-plus-plus/notepad-plus-plus/releases/download/v8/npp.8.0.Installer.exe
8,github,x86,npp.8.0.Installer.exe,$PLUGINSDIR/nppLocalization/nynorsk.xml,nynorsk.xml,,41202,2021-12-07T19:40:21+00:00,694867a6ade700da42a55da24da74200,d6115de129aa535bc83cce55e1c1ad5a001a5fac,319a9e846a610811fdf12b96bf352e4e07f2d7de5a6bec3000cebc1b1e21a1fe,N/A,N/A,,https://github.com/notepad-plus-plus/notepad-plus-plus/releases/download/v8/npp.8.0.Installer.exe
8,github,x86,npp.8.0.Installer.exe,$_14_/themes/Obsidian.xml,Obsidian.xml,,95745,2021-12-07T19:40:21+00:00,4a484addc53e83c94679cb83f75ffc10,7239dcca023f6d91bd409f1b0a56d4a5437c10ad,7f88d74ffa6eb2ad3bfb44a6f6c8ff1fa6809685e16778ed1746e4123b862564,N/A,N/A,,https://github.com/notepad-plus-plus/notepad-plus-plus/releases/download/v8/npp.8.0.Installer.exe
8,github,x86,npp.8.0.Installer.exe,$PLUGINSDIR/nppLocalization/occitan.xml,occitan.xml,,60960,2021-12-07T19:40:21+00:00,878f0c0a2d0e905cb830f3e31eecced7,9c9b4955076d093f9dab456c2b27e82cdba69f7c,d7d80445e9cfde2d5d2d9d9e435b43fc5cf30acf8850b453f826db41856af30a,N/A,N/A,,https://github.com/notepad-plus-plus/notepad-plus-plus/releases/download/v8/npp.8.0.Installer.exe
8,github,x86,npp.8.0.Installer.exe,functionList/overrideMap.xml,overrideMap.xml,,6371,2021-12-07T19:40:21+00:00,28fccc2a6a7145574c006f7dcd8eb251,dd11264640842a112021e9228332219fb979e2dc,e7f8eae310e8ace3b3b0be3bb145ec8c2bbcaa66c9337218dc4cbef633374f95,N/A,N/A,,https://github.com/notepad-plus-plus/notepad-plus-plus/releases/download/v8/npp.8.0.Installer.exe
8,github,x86,npp.8.0.Installer.exe,functionList/perl.xml,perl.xml,,1505,2021-12-07T19:40:21+00:00,c7ad8abe956fbcc3cab1bdb82f457729,8644c5344a3ce147add01d61a943fcd0bad099fb,6558013f984e594bb57534910ce0b17bfa15da3cc9bb4b6e0b5c6e4ddf9eb14e,N/A,N/A,,https://github.com/notepad-plus-plus/notepad-plus-plus/releases/download/v8/npp.8.0.Installer.exe
8,github,x86,npp.8.0.Installer.exe,autoCompletion/perl.xml,perl.xml,,58670,2021-12-07T19:40:21+00:00,68a335d8c7f6bd14b91cfe3bb7e4fbe5,91bb6cc6593d51913e6e8eb1af9579a717769ea1,c75aee84bbdc39cfd3e5b9e8d400a34dea82a1e176ff094de1284824afa5c44a,N/A,N/A,,https://github.com/notepad-plus-plus/notepad-plus-plus/releases/download/v8/npp.8.0.Installer.exe
8,github,x86,npp.8.0.Installer.exe,functionList/php.xml,php.xml,,10000,2021-12-07T19:40:21+00:00,09dd56ad26088b1fa609b8d201064450,1efc7cf7ddcf5c06e9291518fa0e073469075231,b5d149184a4e4a3ed8425e5ace844d784a4ed5a4e0004e959cf17f6267e80b40,N/A,N/A,,https://github.com/notepad-plus-plus/notepad-plus-plus/releases/download/v8/npp.8.0.Installer.exe
8,github,x86,npp.8.0.Installer.exe,autoCompletion/php.xml,php.xml,,427922,2021-12-07T19:40:21+00:00,8bb0f6ddbf214fc5247efd6b809e43fa,5f44d91697d849162a5ddc00504fd9a2bbbe8a24,0bf118ba1b96f626eb4217bfc3f192bde2626d1616786daf484e2f3c35d7d706,N/A,N/A,,https://github.com/notepad-plus-plus/notepad-plus-plus/releases/download/v8/npp.8.0.Installer.exe
8,github,x86,npp.8.0.Installer.exe,$PLUGINSDIR/nppLocalization/piglatin.xml,piglatin.xml,,79086,2021-12-07T19:40:21+00:00,a81a96ae92a44fefd915ec642c0439d7,5af4d51746b51bc2a836e03850a183eabe9a7b28,ddd62f48fcf3b767b77b7bdd128158a038b521192e5eb34585eda41949bdeb1c,N/A,N/A,,https://github.com/notepad-plus-plus/notepad-plus-plus/releases/download/v8/npp.8.0.Installer.exe
8,github,x86,npp.8.0.Installer.exe,$_14_/themes/Plastic Code Wrap.xml,Plastic Code Wrap.xml,,92942,2021-12-07T19:40:21+00:00,29d48938e622822cd21e4b018801aa4e,ae8204dad93f5b32e263fafeb885b1ea971236f0,7c062a06399b1421bb24a710698098979958920dc14baaca2513d2523f2b8183,N/A,N/A,,https://github.com/notepad-plus-plus/notepad-plus-plus/releases/download/v8/npp.8.0.Installer.exe
8,github,x86,npp.8.0.Installer.exe,$PLUGINSDIR/nppLocalization/polish.xml,polish.xml,,99405,2021-12-07T19:40:21+00:00,ebbde5dfebb6e9e4e0c53ce0276fc196,aa191b402246fa9e9334a5057bf58cf6e1117fc3,ab9362cdb589a66b38d6ced225f3487aeff497a5837325aa43f7484e5bd670f6,N/A,N/A,,https://github.com/notepad-plus-plus/notepad-plus-plus/releases/download/v8/npp.8.0.Installer.exe
8,github,x86,npp.8.0.Installer.exe,$PLUGINSDIR/gupLocalization/portuguese.xml,portuguese.xml,,1489,2021-12-07T19:40:21+00:00,83758e96a1685715de0cd8803f25f6c0,ef8981291ef65dea9f8948b1b56a2f554de23fed,25f2bfbb44f9210ab87b9e7a02e7377240a11996b581b6f2f71393c08d40e0ba,N/A,N/A,,https://github.com/notepad-plus-plus/notepad-plus-plus/releases/download/v8/npp.8.0.Installer.exe
8,github,x86,npp.8.0.Installer.exe,$PLUGINSDIR/nppLocalization/portuguese.xml,portuguese.xml,,100365,2021-12-07T19:40:21+00:00,2d2c36472c5955a538d16e06b4699019,dfcb8464f050ca69fabc20f51f5c58e2632ff80d,f60a2e5601b1b64623dd10e96b588629e699a3bada4186c6bc2f6758ce7631c5,N/A,N/A,,https://github.com/notepad-plus-plus/notepad-plus-plus/releases/download/v8/npp.8.0.Installer.exe
8,github,x86,npp.8.0.Installer.exe,functionList/powershell.xml,powershell.xml,,1381,2021-12-07T19:40:21+00:00,9fe2a57fb28e8e3ccf4d3a2a090a7b4d,741f540c8176cb891750c9ef0b6c66bca7ca78f0,9d6ee11f048b734a4edf01acda39d1390b0e1e88756919991c242073723b9c21,N/A,N/A,,https://github.com/notepad-plus-plus/notepad-plus-plus/releases/download/v8/npp.8.0.Installer.exe
8,github,x86,npp.8.0.Installer.exe,$PLUGINSDIR/nppLocalization/punjabi.xml,punjabi.xml,,70605,2021-12-07T19:40:21+00:00,1905fd189d8c02f33034d9dd90704d9a,c33d3d09572ff573581fb4a1f0bb93bb9bb00669,01717885246eefec6c975cfa267451d5afcf9ae859497c52dff18387e002cea0,N/A,N/A,,https://github.com/notepad-plus-plus/notepad-plus-plus/releases/download/v8/npp.8.0.Installer.exe
8,github,x86,npp.8.0.Installer.exe,functionList/python.xml,python.xml,,1093,2021-12-07T19:40:21+00:00,ca9b2edacad7a768f1c3b6f318d7a5cc,41db40877fa4e4216cb5335a6a3f721793aafcbe,1810b378b0fd5ac2d876f3ebe0025b2843a5832ad4d283ca9a7c1986fe8c01ef,N/A,N/A,,https://github.com/notepad-plus-plus/notepad-plus-plus/releases/download/v8/npp.8.0.Installer.exe
8,github,x86,npp.8.0.Installer.exe,autoCompletion/python.xml,python.xml,,61578,2021-12-07T19:40:21+00:00,fa2cfe74e8d1f0ce494ff3f01d55ea68,6891483f0a2da2fb0bf80f457a8f620b08c43498,23add5af4a1c87485d4886419021f8842b2da6b44962b024c0bd83b3b782b380,N/A,N/A,,https://github.com/notepad-plus-plus/notepad-plus-plus/releases/download/v8/npp.8.0.Installer.exe
8,github,x86,npp.8.0.Installer.exe,autoCompletion/rc.xml,rc.xml,,1635,2021-12-07T19:40:21+00:00,893bb156418e493613201fb414699010,bddeee9258a1ba943d52199f552f2e2cba6a8f0b,cd8750aaaa3b70d9e9ce22232b8ac5f5c4e1e13c4261894a1d8e32c22ae8657e,N/A,N/A,,https://github.com/notepad-plus-plus/notepad-plus-plus/releases/download/v8/npp.8.0.Installer.exe
8,github,x86,npp.8.0.Installer.exe,updater/README.md,README.md,,2991,2021-12-07T19:40:21+00:00,9f56b12cbffcfad543fb1f91e3955f1b,406e1423549a8f5e97d8d8e37d5e7f6f4da8194b,aef40520cf12a0842097e8cfbeb9d9128f52573e5f90ca12d4a0a9045978547e,N/A,N/A,,https://github.com/notepad-plus-plus/notepad-plus-plus/releases/download/v8/npp.8.0.Installer.exe
8,github,x86,npp.8.0.Installer.exe,readme.txt,readme.txt,,1526,2021-12-07T19:40:21+00:00,11b0a85dcd7045352f71e46d83de6d7e,77b65e52e20a64441c01c57510dc3d60b33afa16,bc661498305746c6deacbee301522f7c283566a804184e290481d3b57af675b1,N/A,N/A,,https://github.com/notepad-plus-plus/notepad-plus-plus/releases/download/v8/npp.8.0.Installer.exe
8,github,x86,npp.8.0.Installer.exe,$PLUGINSDIR/nppLocalization/romanian.xml,romanian.xml,,78817,2021-12-07T19:40:21+00:00,21213d3ce5057288c1b1d2822925c2f9,bb1f49d1adcf2512d05dfa7bd8dee9351e93141c,bab905124f754bf2ae111c4c0f04170c80343ed0219aa226b8274ae3b741f39c,N/A,N/A,,https://github.com/notepad-plus-plus/notepad-plus-plus/releases/download/v8/npp.8.0.Installer.exe
8,github,x86,npp.8.0.Installer.exe,$_14_/themes/Ruby Blue.xml,Ruby Blue.xml,,72674,2021-12-07T19:40:21+00:00,2021c519ced04f915b871d0e23123098,9fa7269623f5d68aae153147df996023cc9f0b44,278a81d492add8d20373ad2690637c6572819d9f4f43a4a5f46e43b3bf21d3fc,N/A,N/A,,https://github.com/notepad-plus-plus/notepad-plus-plus/releases/download/v8/npp.8.0.Installer.exe
8,github,x86,npp.8.0.Installer.exe,functionList/ruby.xml,ruby.xml,,1088,2021-12-07T19:40:21+00:00,9b89093254088d0cce1e013f0df2ae97,67843fd332da121f5448f6158affa486bdd2e883,bffbebedccb4bfd8e849bb3b577eaf0bc821bd45be29905017e667034e5b25be,N/A,N/A,,https://github.com/notepad-plus-plus/notepad-plus-plus/releases/download/v8/npp.8.0.Installer.exe
8,github,x86,npp.8.0.Installer.exe,$PLUGINSDIR/gupLocalization/russian.xml,russian.xml,,2097,2021-12-07T19:40:21+00:00,e624e7d4bea38de2f1fc9c4e6d98aabd,fc517edebfb98c7b1e90f30e2cde5df1ea1d6a9a,b02bf73815217fbe1facc3690e2ebdd34b3a4170c9dbaef699387854dbcb6f6e,N/A,N/A,,https://github.com/notepad-plus-plus/notepad-plus-plus/releases/download/v8/npp.8.0.Installer.exe
8,github,x86,npp.8.0.Installer.exe,$PLUGINSDIR/nppLocalization/russian.xml,russian.xml,,103213,2021-12-07T19:40:21+00:00,5e0c15a8a5b3a5b57d9a74163484aec6,321fa425ceb2f880ba3f7fb30f759ba154002bfb,3db4028c5233de69af2fa227ec11e7385daf4e5a6f3e6ab03bee17bb66e0c92c,N/A,N/A,,https://github.com/notepad-plus-plus/notepad-plus-plus/releases/download/v8/npp.8.0.Installer.exe
8,github,x86,npp.8.0.Installer.exe,functionList/rust.xml,rust.xml,,1848,2021-12-07T19:40:21+00:00,accc6038de578929af94649cadd88a14,bbfe66bf9d36ea92ac437d466db1f36ae4f67a28,1571595dee56cf2b6b2e39f2108db82cd2e8faf15c1d15bba2fdf34770bcda7f,N/A,N/A,,https://github.com/notepad-plus-plus/notepad-plus-plus/releases/download/v8/npp.8.0.Installer.exe
8,github,x86,npp.8.0.Installer.exe,$PLUGINSDIR/nppLocalization/samogitian.xml,samogitian.xml,,10160,2021-12-07T19:40:21+00:00,ebba131558f344afe63e1c5718d0f7ad,65ba510db37a5d8ef74d1c77ede30fa9cccad299,75eca9974de1fca41651975a92f374660e1a7c273a3d1dab0ef6dd573230878b,N/A,N/A,,https://github.com/notepad-plus-plus/notepad-plus-plus/releases/download/v8/npp.8.0.Installer.exe
8,github,x86,npp.8.0.Installer.exe,$PLUGINSDIR/nppLocalization/sardinian.xml,sardinian.xml,,40982,2021-12-07T19:40:21+00:00,064889342004d04b1de62578aa733216,30b21b176b1c031ec472d45ccad41eba239efc52,0169ebd43b3cec4a4f3b0143a2af6f07ec9bf73cb04882a3d4507f01931c08de,N/A,N/A,,https://github.com/notepad-plus-plus/notepad-plus-plus/releases/download/v8/npp.8.0.Installer.exe
8,github,x86,npp.8.0.Installer.exe,$PLUGINSDIR/nppLocalization/serbian.xml,serbian.xml,,24098,2021-12-07T19:40:21+00:00,174e7dc367ff1c213432b891f11d25bb,e199d3a723bcbb176e9f79969f502658efab0ac7,1a07c6a9c2639fa12bb000f599498ddf84827449afbb7952f4bdc4cf526c2117,N/A,N/A,,https://github.com/notepad-plus-plus/notepad-plus-plus/releases/download/v8/npp.8.0.Installer.exe
8,github,x86,npp.8.0.Installer.exe,$PLUGINSDIR/nppLocalization/serbianCyrillic.xml,serbianCyrillic.xml,,47833,2021-12-07T19:40:21+00:00,e6c94316e6d065533305b94e7d5af2bc,3b6f4b424d7321bae1d643bef50ee952d7990ddd,289d7cdd9d9af5b2992e3b0ac38022f91e3d9dc0051e40733983e26e2ddcf594,N/A,N/A,,https://github.com/notepad-plus-plus/notepad-plus-plus/releases/download/v8/npp.8.0.Installer.exe
8,github,x86,npp.8.0.Installer.exe,shortcuts.xml,shortcuts.xml,,965,2021-12-07T19:40:21+00:00,96c510e0fa8b730ce0fe3dfb1a52aa51,0654a46879eccb4062480c98ff3e00b0f8565ba0,9b0e941dc478fc68d046727f5f8e426cd7e8af91b4fa45882ee9e36b4bb11ee1,N/A,N/A,,https://github.com/notepad-plus-plus/notepad-plus-plus/releases/download/v8/npp.8.0.Installer.exe
8,github,x86,npp.8.0.Installer.exe,$PLUGINSDIR/nppLocalization/sinhala.xml,sinhala.xml,,56893,2021-12-07T19:40:21+00:00,9986ce0334af5335ae8c7e5a3cbc818b,384de56d2af7c4941c266bfba7d69518b2b1879d,a8b55a8115a50bd3b7b07c359c49fe7da48a5acf1dacc2c0e3708f6f48636fd6,N/A,N/A,,https://github.com/notepad-plus-plus/notepad-plus-plus/releases/download/v8/npp.8.0.Installer.exe
8,github,x86,npp.8.0.Installer.exe,functionList/sinumerik.xml,sinumerik.xml,,1003,2021-12-07T19:40:21+00:00,16e39474342d0cc1d3a189fad83d5721,726e75d326099b405da6d6b266f4b9c55f7c51f9,db3ac1fd3d65df45d805adb8dfe0c5209db07ef93406db17dfb783dd8048720a,N/A,N/A,,https://github.com/notepad-plus-plus/notepad-plus-plus/releases/download/v8/npp.8.0.Installer.exe
8,github,x86,npp.8.0.Installer.exe,$PLUGINSDIR/nppLocalization/slovak.xml,slovak.xml,,97546,2021-12-07T19:40:21+00:00,71700345a1ed0e45faa9a8dc2c48fc18,9c55db9704eed914d06bd81f3fd573f9947b804b,3b1d95c064dcb365950e2a0fa4f4365754d33b47c56a610fede2623e59e3114d,N/A,N/A,,https://github.com/notepad-plus-plus/notepad-plus-plus/releases/download/v8/npp.8.0.Installer.exe
8,github,x86,npp.8.0.Installer.exe,$PLUGINSDIR/nppLocalization/slovenian.xml,slovenian.xml,,86657,2021-12-07T19:40:21+00:00,5c7e591e50ef318e985ff4e784ab8804,86f7ab0bd71b9ef382c7085a4f560fabc9742e04,fcb93cc76e40be9bba30113878f57efe57c0cf47e5f45eaf3357bd9d8551be77,N/A,N/A,,https://github.com/notepad-plus-plus/notepad-plus-plus/releases/download/v8/npp.8.0.Installer.exe
8,github,x86,npp.8.0.Installer.exe,$_14_/themes/Solarized-light.xml,Solarized-light.xml,,108819,2021-12-07T19:40:21+00:00,5d4a5b2caa72c57c4268dc7d5e4b8a1d,5f2b74ad78bbaf995b3173b309b0a04b5cdedfc1,3510be48e8f004629d98e4085af77e815e9ce228020ece432c0423a077b91639,N/A,N/A,,https://github.com/notepad-plus-plus/notepad-plus-plus/releases/download/v8/npp.8.0.Installer.exe
8,github,x86,npp.8.0.Installer.exe,$_14_/themes/Solarized.xml,Solarized.xml,,108807,2021-12-07T19:40:21+00:00,2aad408551c64e1be6fd92f38596d039,cbac96b4f4662dac77fb796730de3ca715b7725f,b3f903b8b9ad0dd5a09a6340eabf070b1ed79bc782c6a53f1ac4546e71989aef,N/A,N/A,,https://github.com/notepad-plus-plus/notepad-plus-plus/releases/download/v8/npp.8.0.Installer.exe
8,github,x86,npp.8.0.Installer.exe,$PLUGINSDIR/gupLocalization/spanish.xml,spanish.xml,,1497,2021-12-07T19:40:21+00:00,d7752ef7501eb30094c4da3fedbc01eb,5a1bcdad37fbc2d4c793f63524ec286c0d9b73b8,bb8d443d23ab72d4f8ec39d7af28738b660ec38699876c8096c2c44be214c1b1,N/A,N/A,,https://github.com/notepad-plus-plus/notepad-plus-plus/releases/download/v8/npp.8.0.Installer.exe
8,github,x86,npp.8.0.Installer.exe,$PLUGINSDIR/nppLocalization/spanish.xml,spanish.xml,,75676,2021-12-07T19:40:21+00:00,113190ae34b8ba2e21426f9fb866f955,13c0dd9639159fa2e09a6cd4c4ede04999efcd02,2ed36886d720851d26e6bad10b1a053e1f4e32527992b1897eb4a9916574686c,N/A,N/A,,https://github.com/notepad-plus-plus/notepad-plus-plus/releases/download/v8/npp.8.0.Installer.exe
8,github,x86,npp.8.0.Installer.exe,$PLUGINSDIR/nppLocalization/spanish_ar.xml,spanish_ar.xml,,45331,2021-12-07T19:40:21+00:00,fc5b8b4d481eb2edf7f26f5ea25bdc90,7092229294413ea7caa01f77236a24190e5b63b1,e44e9075288f297faf80b80284f428c67431ab6840ca8685858a7f3dcb6e5867,N/A,N/A,,https://github.com/notepad-plus-plus/notepad-plus-plus/releases/download/v8/npp.8.0.Installer.exe
8,github,x86,npp.8.0.Installer.exe,functionList/sql.xml,sql.xml,,1271,2021-12-07T19:40:21+00:00,97cd588eb633538f3d3db2204009ba5f,552fdc1e6626afdcb7d8159babad81fb7fe902dd,a7109b8374dffa7a0cd69558990f7e96fea9ef61736d89043dad5a6694cdfa4a,N/A,N/A,,https://github.com/notepad-plus-plus/notepad-plus-plus/releases/download/v8/npp.8.0.Installer.exe
8,github,x86,npp.8.0.Installer.exe,autoCompletion/sql.xml,sql.xml,,67945,2021-12-07T19:40:21+00:00,fcfd333f5394896ba748f4628b4a1243,19df381ea7689270865352037e04eef344e9d9a4,1b18ca570694e7128d2751a5c7f46464d8ac167be58627a1fd61324284c15ea5,N/A,N/A,,https://github.com/notepad-plus-plus/notepad-plus-plus/releases/download/v8/npp.8.0.Installer.exe
8,github,x86,npp.8.0.Installer.exe,stylers.model.xml,stylers.model.xml,,170495,2021-12-07T19:40:21+00:00,eee84dd3565b5ba857d67a935ce4d689,3b37be60f25c27e03bd90e7decc7cde09977fd81,1180377902b86c7819807c91cfb32184a8d5dffef4285124555489ab020fe374,N/A,N/A,,https://github.com/notepad-plus-plus/notepad-plus-plus/releases/download/v8/npp.8.0.Installer.exe
8,github,x86,npp.8.0.Installer.exe,$PLUGINSDIR/nppLocalization/swedish.xml,swedish.xml,,63753,2021-12-07T19:40:21+00:00,6f434872b133168c94769c1211721594,be4c9a42139ba7aba784b857a223efbae4ee1fcf,4a6ba1d443095cedab8100f6c317e6f64ce070a4825b9532d48520b205bdd911,N/A,N/A,,https://github.com/notepad-plus-plus/notepad-plus-plus/releases/download/v8/npp.8.0.Installer.exe
8,github,x86,npp.8.0.Installer.exe,$PLUGINSDIR/System.dll,System.dll,,12288,2021-12-07T19:40:21+00:00,0d7ad4f45dc6f5aa87f606d0331c6901,48df0911f0484cbe2a8cdd5362140b63c41ee457,3eb38ae99653a7dbc724132ee240f6e5c4af4bfe7c01d31d23faf373f9f2eaca,N/A,N/A,,https://github.com/notepad-plus-plus/notepad-plus-plus/releases/download/v8/npp.8.0.Installer.exe
8,github,x86,npp.8.0.Installer.exe,$PLUGINSDIR/nppLocalization/tagalog.xml,tagalog.xml,,30395,2021-12-07T19:40:21+00:00,04e3e27d9d635c6b23c8e40dcbbdd442,c66e2dc153c22a445dae0df2bdf3c1693b4ad03e,047c63c449c5e2a9a4f97637c741eb07e6ec034bc829d85c6565bb0292c1cd72,N/A,N/A,,https://github.com/notepad-plus-plus/notepad-plus-plus/releases/download/v8/npp.8.0.Installer.exe
8,github,x86,npp.8.0.Installer.exe,$PLUGINSDIR/gupLocalization/taiwaneseMandarin.xml,taiwaneseMandarin.xml,,1798,2021-12-07T19:40:21+00:00,6f921c68876be704fa3ef2df861b212e,78e0d1fdd98b6f15a9d0bf30c046f3dac159ccf7,6e9307005fae8718d2694c270884bf5858578003cbf23bf12f492dc81f104236,N/A,N/A,,https://github.com/notepad-plus-plus/notepad-plus-plus/releases/download/v8/npp.8.0.Installer.exe
8,github,x86,npp.8.0.Installer.exe,$PLUGINSDIR/nppLocalization/taiwaneseMandarin.xml,taiwaneseMandarin.xml,,89856,2021-12-07T19:40:21+00:00,a7a23470da586c7fdaa456ac66c3de28,0e4ead85a9369d1613f375b98b360493ef6206ed,1b125d3476483f85ef2c77105d99e30be42b91612f02a417e7995a5043a8242a,N/A,N/A,,https://github.com/notepad-plus-plus/notepad-plus-plus/releases/download/v8/npp.8.0.Installer.exe
8,github,x86,npp.8.0.Installer.exe,$PLUGINSDIR/nppLocalization/tajikCyrillic.xml,tajikCyrillic.xml,,66798,2021-12-07T19:40:21+00:00,dabc1ee04ad838b934e1c5ea8d58afa1,abefa1fb5f7fa046cc44aa3fb2c6e4a0fd138b00,b27be56e97ae352359d61c2ed039f7764e905bf48be9b78605a345d849236f02,N/A,N/A,,https://github.com/notepad-plus-plus/notepad-plus-plus/releases/download/v8/npp.8.0.Installer.exe
8,github,x86,npp.8.0.Installer.exe,$PLUGINSDIR/nppLocalization/tamil.xml,tamil.xml,,54196,2021-12-07T19:40:21+00:00,abc0ae5ed0002512221d682263e41204,7a7533274855ceff9a604d6cd36192cc68f2c416,e23759fd6d60ef9728b620a1a8316fc049ccbf93445a91a1a85d27c4e25f3f15,N/A,N/A,,https://github.com/notepad-plus-plus/notepad-plus-plus/releases/download/v8/npp.8.0.Installer.exe
8,github,x86,npp.8.0.Installer.exe,$PLUGINSDIR/nppLocalization/tatar.xml,tatar.xml,,71436,2021-12-07T19:40:21+00:00,b429b2a78e574f3cf91a8d81222755c6,b27619de11cca103a90255d8ed8efe9eb6ebdbe6,2947bbe32db521a19acf3bd201b40a084f5dc4950ff197e2c2e6b1df93779d6d,N/A,N/A,,https://github.com/notepad-plus-plus/notepad-plus-plus/releases/download/v8/npp.8.0.Installer.exe
8,github,x86,npp.8.0.Installer.exe,$PLUGINSDIR/nppLocalization/telugu.xml,telugu.xml,,53577,2021-12-07T19:40:21+00:00,a8b6a302f3bda0eeae95e5214df33ec4,975e8e7ac8258c4f8c4050743debe980a9864e4f,82b4b16ee06e668e4ff30e71fcbf42623cf30dc14177c570a7ad1f47c0284e0c,N/A,N/A,,https://github.com/notepad-plus-plus/notepad-plus-plus/releases/download/v8/npp.8.0.Installer.exe
8,github,x86,npp.8.0.Installer.exe,autoCompletion/tex.xml,tex.xml,,67864,2021-12-07T19:40:21+00:00,40e183975f5e362d33ba5ffe3b5af3df,35a763370180060a8cf7e33f735c464212d7b6cc,c916f03b9dea3d64019907120d7d4efc925e86189327bcbb89969c57934e2c23,N/A,N/A,,https://github.com/notepad-plus-plus/notepad-plus-plus/releases/download/v8/npp.8.0.Installer.exe
8,github,x86,npp.8.0.Installer.exe,$PLUGINSDIR/nppLocalization/thai.xml,thai.xml,,41406,2021-12-07T19:40:21+00:00,8d02b72cdcce6c5a4db56eebba394824,259babbea022717b773d10704f61fb285e800730,8ce450bcfd9b9617f4e0969ad4e201480b255d473cb1383c90761cc28cbd7ecc,N/A,N/A,,https://github.com/notepad-plus-plus/notepad-plus-plus/releases/download/v8/npp.8.0.Installer.exe
8,github,x86,npp.8.0.Installer.exe,$PLUGINSDIR/gupLocalization/turkish.xml,turkish.xml,,1413,2021-12-07T19:40:21+00:00,5f3f2321e9913b6bdb62159d7371a176,3cd979e1ae27b5a413626a48ad03c9f6d0dbf6f7,8310017382e2ecc2c24c5db86afe10125e9033bc8ad418959d64298867dcfff9,N/A,N/A,,https://github.com/notepad-plus-plus/notepad-plus-plus/releases/download/v8/npp.8.0.Installer.exe
8,github,x86,npp.8.0.Installer.exe,$PLUGINSDIR/nppLocalization/turkish.xml,turkish.xml,,81253,2021-12-07T19:40:21+00:00,30ab56b6dc752db71cf72184736f3931,75c3f535f745ce89c07234355ab006a6ab2782bc,fa1fb8280ee543fd32572b8cfe13079640b96162f9295f73edc1f57a865117e0,N/A,N/A,,https://github.com/notepad-plus-plus/notepad-plus-plus/releases/download/v8/npp.8.0.Installer.exe
8,github,x86,npp.8.0.Installer.exe,$_14_/themes/Twilight.xml,Twilight.xml,,91253,2021-12-07T19:40:21+00:00,fb9d4ba33a19bea1ffd63fed5375b259,547986c56a06a95dc14e07e492584259e1ea90d0,6aa8ebc9ac8458ccc5239b173ce1f6a62537183cb7ca593b0caf9efd1a0efe64,N/A,N/A,,https://github.com/notepad-plus-plus/notepad-plus-plus/releases/download/v8/npp.8.0.Installer.exe
8,github,x86,npp.8.0.Installer.exe,$PLUGINSDIR/nppLocalization/ukrainian.xml,ukrainian.xml,,114224,2021-12-07T19:40:21+00:00,99390ec66a753bad0725ea775bbbdfee,e562b723d1979e27b00ba832bded03930af11dc2,1c649fb8e8138157fb7cb7af1036db835c733955b875d0967e79d9e0edbf307d,N/A,N/A,,https://github.com/notepad-plus-plus/notepad-plus-plus/releases/download/v8/npp.8.0.Installer.exe
8,github,x86,npp.8.0.Installer.exe,uninstall.exe.nsis,uninstall.exe.nsis,,76616,2021-12-07T19:40:21+00:00,491124312674f912930c8da483d4aab9,6024db31f7fdb2117204b682d7798fb518decdca,8c7e9f350537a75ff8fed323a20038c6fc1b4f07e347d94fd5f0933c0f61a4e3,N/A,N/A,,https://github.com/notepad-plus-plus/notepad-plus-plus/releases/download/v8/npp.8.0.Installer.exe
8,github,x86,npp.8.0.Installer.exe,functionList/universe_basic.xml,universe_basic.xml,,2021,2021-12-07T19:40:21+00:00,3d51afd290e62685d11376237ceac3c2,cddd77e442aba5ca65289a744d89826cde95e663,7c0719b9b312a531cf41cd08affacceef6de084619808238fec0f0247955f26e,N/A,N/A,,https://github.com/notepad-plus-plus/notepad-plus-plus/releases/download/v8/npp.8.0.Installer.exe
8,github,x86,npp.8.0.Installer.exe,$PLUGINSDIR/nppLocalization/urdu.xml,urdu.xml,,15657,2021-12-07T19:40:21+00:00,cf965dfcf2257d8046c453ac36fcf65e,ac650afe9e15fec6e0e3e87bc999c2d9350ab461,0b685abaea6232f3e99d563f01613161251e51aba6a62d83cb306aa5f2d396d5,N/A,N/A,,https://github.com/notepad-plus-plus/notepad-plus-plus/releases/download/v8/npp.8.0.Installer.exe
8,github,x86,npp.8.0.Installer.exe,$PLUGINSDIR/UserInfo.dll,UserInfo.dll,,4096,2021-12-07T19:40:21+00:00,9eb662f3b5fbda28bffe020e0ab40519,0bd28183a9d8dbb98afbcf100fb1f4f6c5fc6c41,9aa388c7de8e96885adcb4325af871b470ac50edb60d4b0d876ad43f5332ffd1,N/A,N/A,,https://github.com/notepad-plus-plus/notepad-plus-plus/releases/download/v8/npp.8.0.Installer.exe
8,github,x86,npp.8.0.Installer.exe,$PLUGINSDIR/nppLocalization/uyghur.xml,uyghur.xml,,47848,2021-12-07T19:40:21+00:00,a5d2661cab9fae284200b5cd84496b41,fa6cfe413495f354ad0d72e9660f04ce05a6556d,f5d24a6c678b1b54539adeafd2bc2697738f44cea6c184fa442980f1440e5afd,N/A,N/A,,https://github.com/notepad-plus-plus/notepad-plus-plus/releases/download/v8/npp.8.0.Installer.exe
8,github,x86,npp.8.0.Installer.exe,$PLUGINSDIR/nppLocalization/uzbek.xml,uzbek.xml,,71000,2021-12-07T19:40:21+00:00,e6f9d1634676bbf208eb05ee2072f90e,4cacf82980300547af7f037abc1034f91ab48dca,aaad527fed599a4b8a98abd7a8981ce30d4b4d066636d4b35b075a8b5df78c92,N/A,N/A,,https://github.com/notepad-plus-plus/notepad-plus-plus/releases/download/v8/npp.8.0.Installer.exe
8,github,x86,npp.8.0.Installer.exe,$PLUGINSDIR/nppLocalization/uzbekCyrillic.xml,uzbekCyrillic.xml,,35714,2021-12-07T19:40:21+00:00,71b7ce4804f337f3d5c4fea4a0733691,f4446df6fbeb19c93869205750991261d3a1ac7b,380e17fd360658921ea937043e540b2af642a7307be691f5c58b825623b61a99,N/A,N/A,,https://github.com/notepad-plus-plus/notepad-plus-plus/releases/download/v8/npp.8.0.Installer.exe
8,github,x86,npp.8.0.Installer.exe,autoCompletion/vb.xml,vb.xml,,17190,2021-12-07T19:40:21+00:00,4849ca62e16d934b8bee6a140d1ec24c,ffc5e961341dd925439b89d66ab23d3b0e14eabf,53104b87f91458aac8c6709b74a7cd5f0367fc6f2280b98aaa495a59e1788551,N/A,N/A,,https://github.com/notepad-plus-plus/notepad-plus-plus/releases/download/v8/npp.8.0.Installer.exe
8,github,x86,npp.8.0.Installer.exe,$PLUGINSDIR/nppLocalization/venetian.xml,venetian.xml,,97026,2021-12-07T19:40:21+00:00,f6b8ffdccd46df5c159162a78ae13bed,8a599c87a994827fe8d0ca694bec910653f5c13e,2b791d8393f76a96247eb188c9c8efd19bf99951bbcc568668eda5b10772c076,N/A,N/A,,https://github.com/notepad-plus-plus/notepad-plus-plus/releases/download/v8/npp.8.0.Installer.exe
8,github,x86,npp.8.0.Installer.exe,functionList/vhdl.xml,vhdl.xml,,1623,2021-12-07T19:40:21+00:00,7abb134780aaf79c527c734ddb51e245,a52feaff1dc159629691f4bed846cf79c8f8d945,558bbe6193a202dcb00cc441421f5d838764e495b8e4d2e10877db7f661b8cd5,N/A,N/A,,https://github.com/notepad-plus-plus/notepad-plus-plus/releases/download/v8/npp.8.0.Installer.exe
8,github,x86,npp.8.0.Installer.exe,autoCompletion/vhdl.xml,vhdl.xml,,2625,2021-12-07T19:40:21+00:00,dbe0170171f2f58def4fd929dc9b4717,4fb8388a73d2106d115984938168f551bcc4a475,dffaf09efd41b7eb9b74128585de649c627627b404fa1925acaa6c56709a3542,N/A,N/A,,https://github.com/notepad-plus-plus/notepad-plus-plus/releases/download/v8/npp.8.0.Installer.exe
8,github,x86,npp.8.0.Installer.exe,$_14_/themes/Vibrant Ink.xml,Vibrant Ink.xml,,89222,2021-12-07T19:40:21+00:00,5363aacbf559cb2a1243f38452161bb2,66428feb8d928abdec91638ce90d710ce3f522d2,8a932268e27c3ec4bbb6a0a58b30f041509c0bca6b9358c33ebf3b68c9b12e0c,N/A,N/A,,https://github.com/notepad-plus-plus/notepad-plus-plus/releases/download/v8/npp.8.0.Installer.exe
8,github,x86,npp.8.0.Installer.exe,$PLUGINSDIR/gupLocalization/vietnamese.xml,vietnamese.xml,,1488,2021-12-07T19:40:21+00:00,2c3064208415d73e8b1d4c68c49121c1,1ba81f814a9765a1a85f4c862def3814e37dd448,cfa10479be9fa34c0d67aad90294e79cf20cc02325cbafb99c14356aefe975e3,N/A,N/A,,https://github.com/notepad-plus-plus/notepad-plus-plus/releases/download/v8/npp.8.0.Installer.exe
8,github,x86,npp.8.0.Installer.exe,$PLUGINSDIR/nppLocalization/vietnamese.xml,vietnamese.xml,,52733,2021-12-07T19:40:21+00:00,5d893adca521dc6cce0d116ea2f3b279,ecedee4cb5e0d7334562823fc383991bfd447555,623229da8948d4c17cf8f547b87f3164e2d6357a7f02272bb3ebec9955b8fb58,N/A,N/A,,https://github.com/notepad-plus-plus/notepad-plus-plus/releases/download/v8/npp.8.0.Installer.exe
8,github,x86,npp.8.0.Installer.exe,$_14_/themes/vim Dark Blue.xml,vim Dark Blue.xml,,89258,2021-12-07T19:40:21+00:00,895f347aa9caa0f8c436726ec5cc3b55,e4e7a0cee02595bace00df198ad2ac59a9c5c899,6d15f700937d44c2c1270f825a951e1d4048886451dd3e824c67e7d0b187b7e5,N/A,N/A,,https://github.com/notepad-plus-plus/notepad-plus-plus/releases/download/v8/npp.8.0.Installer.exe
8,github,x86,npp.8.0.Installer.exe,$PLUGINSDIR/nppLocalization/welsh.xml,welsh.xml,,53261,2021-12-07T19:40:21+00:00,d5583a9dc8b6e03efd573fa67faf6fba,f3fcca7a6bd12eaa24ac4e7d0af75ba2c1067a67,4ccc47461b2445831fd67efe003c934c340ee50c8341f5298d936f3772ef381a,N/A,N/A,,https://github.com/notepad-plus-plus/notepad-plus-plus/releases/download/v8/npp.8.0.Installer.exe
8,github,x86,npp.8.0.Installer.exe,functionList/xml.xml,xml.xml,,2229,2021-12-07T19:40:21+00:00,f898e5e36168ff0c5ff532c9bb068563,287f8fbd7a3b66a4cae7c29cc9a775fa3f2d52b5,5ac3e308c8bef5ed42463929a1be5f519f56a0785fd8c2aed6f85073cc5f98fc,N/A,N/A,,https://github.com/notepad-plus-plus/notepad-plus-plus/releases/download/v8/npp.8.0.Installer.exe
8,github,x86,npp.8.0.Installer.exe,autoCompletion/xml.xml,xml.xml,,12017,2021-12-07T19:40:21+00:00,6972b2c64653b9fb254ef65871140b29,f2d4825ab333405a241ef41d8b71fa23432675b3,1730bc85e1cd2652ea44d6da42114937fe9fed4527b5e0cb6e2a09f47e0da92e,N/A,N/A,,https://github.com/notepad-plus-plus/notepad-plus-plus/releases/download/v8/npp.8.0.Installer.exe
8,github,x86,npp.8.0.Installer.exe,$_14_/themes/Zenburn.xml,Zenburn.xml,,166735,2021-12-07T19:40:21+00:00,6d0f68f607198d62173a10c50b77fc10,101744ea97b7964b3be7a6f6ba8bdce904bde364,6138ed0e4ca7b83f905baf574dfb9b0b59261e1146e21f55ac3c6e9d5cd90bf5,N/A,N/A,,https://github.com/notepad-plus-plus/notepad-plus-plus/releases/download/v8/npp.8.0.Installer.exe
8,github,x86,npp.8.0.Installer.exe,$PLUGINSDIR/nppLocalization/zulu.xml,zulu.xml,,72694,2021-12-07T19:40:21+00:00,4a7511f801ade6a0c2736d2f5795314d,b4a20db2b3a0bbf001b9b81a14b7bb095516ee96,8cb15c28a7238178ed845c82b674702146217eea20f0f8af65e8134ee9ef0caf,N/A,N/A,,https://github.com/notepad-plus-plus/notepad-plus-plus/releases/download/v8/npp.8.0.Installer.exe
8,github,x64,npp.8.0.Installer.x64.exe,,npp.8.0.Installer.x64.exe,,4241592,2021-12-07T19:40:17+00:00,6cf3f43a109fb82ea740dc98c54be109,3dfd3268df41ac3358dcdcc4bf6248c5aeb922bb,20309ac329ea5af92a561176bc522555eb0c277f5a4321b003a3e2de2a31cb25,MATCH,MATCH,,https://github.com/notepad-plus-plus/notepad-plus-plus/releases/download/v8/npp.8.0.Installer.x64.exe
8,github,x64,npp.8.0.Installer.x64.exe,$PLUGINSDIR/nppLocalization/abkhazian.xml,abkhazian.xml,,116298,2021-12-07T19:40:17+00:00,d7284a21afc6b3aadeb8e3b8cfdfaa71,72e827d37f5fd4ed6e716cc52fe812b80c34480c,7276d593845db38db25907f62b119a1881fd0f2373d6a1982a3238e214e03eeb,N/A,N/A,,https://github.com/notepad-plus-plus/notepad-plus-plus/releases/download/v8/npp.8.0.Installer.x64.exe
8,github,x64,npp.8.0.Installer.x64.exe,autoCompletion/actionscript.xml,actionscript.xml,,20745,2021-12-07T19:40:17+00:00,280f64b01191bf89b52c5bbbea1cc290,e01503c8ef4155bde9c89e3e2a21f8437872c4eb,f1fb320fd456938afc0bc852765e393837bcea53bd514838419801bef8436b9e,N/A,N/A,,https://github.com/notepad-plus-plus/notepad-plus-plus/releases/download/v8/npp.8.0.Installer.x64.exe
8,github,x64,npp.8.0.Installer.x64.exe,functionList/ada.xml,ada.xml,,3584,2021-12-07T19:40:17+00:00,c7f9fc66e6b1fef3e9f8a37552314bae,82d91e37882d509eee2abcb45d825bbd95829b47,dab30f330f8c5a2db0dfe27e5d8f2d1666b067be35612984b344575a49f50668,N/A,N/A,,https://github.com/notepad-plus-plus/notepad-plus-plus/releases/download/v8/npp.8.0.Installer.x64.exe
8,github,x64,npp.8.0.Installer.x64.exe,$PLUGINSDIR/nppLocalization/afrikaans.xml,afrikaans.xml,,29077,2021-12-07T19:40:17+00:00,c2f475cc2b49d3aee490c9059529744a,621e81e87c6c8d45a6be6bc69108d8ab13e2d5a6,5d285d98f8891bcf73a770fde00c3215062842224b81c4e70537569712f84570,N/A,N/A,,https://github.com/notepad-plus-plus/notepad-plus-plus/releases/download/v8/npp.8.0.Installer.x64.exe
8,github,x64,npp.8.0.Installer.x64.exe,$PLUGINSDIR/nppLocalization/albanian.xml,albanian.xml,,57197,2021-12-07T19:40:17+00:00,a648520876f8b3c30a627352c7c52f8a,7fa1240eff3f8ea60d114542fda008a72b845b19,e81fdc20f6a768db14474338d56be5efb863ab53c3013efb325a61e08bc5f452,N/A,N/A,,https://github.com/notepad-plus-plus/notepad-plus-plus/releases/download/v8/npp.8.0.Installer.x64.exe
8,github,x64,npp.8.0.Installer.x64.exe,$PLUGINSDIR/nppLocalization/arabic.xml,arabic.xml,,91820,2021-12-07T19:40:17+00:00,6e2a96709f8c5893b20f03e98a21ef61,9dd8f5536a706b4c1816f61ae70bc357597b8fc7,ace7ec47795186bca4cbd83873d7c6957bf01cd98dac5325837b2fd05d3b08e9,N/A,N/A,,https://github.com/notepad-plus-plus/notepad-plus-plus/releases/download/v8/npp.8.0.Installer.x64.exe
8,github,x64,npp.8.0.Installer.x64.exe,$PLUGINSDIR/nppLocalization/aragonese.xml,aragonese.xml,,49810,2021-12-07T19:40:17+00:00,00312582b79ab1f5a35f8a42f9ed211d,55b8efdfbb1c6d735b8adbeb4a727464c4954ab7,5d6a821703377bb9b49594713d6d3c33f1d78263aa055fcd34c8fa3705041d1e,N/A,N/A,,https://github.com/notepad-plus-plus/notepad-plus-plus/releases/download/v8/npp.8.0.Installer.x64.exe
8,github,x64,npp.8.0.Installer.x64.exe,$PLUGINSDIR/nppLocalization/aranese.xml,aranese.xml,,20821,2021-12-07T19:40:17+00:00,333a18acb93ba083e86679c065b69d15,cb874355fb8e495a2b0b0dcf8868df287ec6a342,de5da809aa6e44c4e6a01c3b5fb7da5a66d9683cb905416f3fcff2ed413ea7c6,N/A,N/A,,https://github.com/notepad-plus-plus/notepad-plus-plus/releases/download/v8/npp.8.0.Installer.x64.exe
8,github,x64,npp.8.0.Installer.x64.exe,functionList/asm.xml,asm.xml,,1349,2021-12-07T19:40:17+00:00,2c5f4897d7f169e06aea28310c8ab9ec,edfd3f6faf838194de9821efd0fe185ffb6be0f0,73526ddb1d23d595680badd6bd87f5dd82869606a7cf7e8707758d48d848257e,N/A,N/A,,https://github.com/notepad-plus-plus/notepad-plus-plus/releases/download/v8/npp.8.0.Installer.x64.exe
8,github,x64,npp.8.0.Installer.x64.exe,autoCompletion/autoit.xml,autoit.xml,,738716,2021-12-07T19:40:17+00:00,986e806d09b5c0fff08c5d9eac33a237,22a0d9893cb6cf82598a698401de38df11389043,b15afd5149673e3d72fc8e99945197c86ad43113230dcd8bbc952a82e965e146,N/A,N/A,,https://github.com/notepad-plus-plus/notepad-plus-plus/releases/download/v8/npp.8.0.Installer.x64.exe
8,github,x64,npp.8.0.Installer.x64.exe,functionList/autoit.xml,autoit.xml,,1848,2021-12-07T19:40:17+00:00,99a0630a10ab4ee883554dc6bd9e2d91,63c842ce0df36d51082b61c2c682abcfc9d98e67,32ae9531405ef3c59448fe6dbd3be435e726eb17f3ca0d16530a4c6317dea286,N/A,N/A,,https://github.com/notepad-plus-plus/notepad-plus-plus/releases/download/v8/npp.8.0.Installer.x64.exe
8,github,x64,npp.8.0.Installer.x64.exe,$PLUGINSDIR/nppLocalization/azerbaijani.xml,azerbaijani.xml,,35482,2021-12-07T19:40:17+00:00,8cd5c70b03ef9c48585c06fa149f9fcd,4fb0a331d184579444326c6910742ad4b0cbb5a1,d2e185e9c8b1e7d994dcb3b44748f1b499f18ca22a573f452a9b0d791344c448,N/A,N/A,,https://github.com/notepad-plus-plus/notepad-plus-plus/releases/download/v8/npp.8.0.Installer.x64.exe
8,github,x64,npp.8.0.Installer.x64.exe,autoCompletion/BaanC.xml,BaanC.xml,,18483,2021-12-07T19:40:17+00:00,85c891742fcf58ae535b26ad948370a2,385e2c813c8d157627220f2bc92a5324c120859b,d408ed3caef21ebb64fb29d633e9ce5069454c1a792a09e2e24f83595d2743be,N/A,N/A,,https://github.com/notepad-plus-plus/notepad-plus-plus/releases/download/v8/npp.8.0.Installer.x64.exe
8,github,x64,npp.8.0.Installer.x64.exe,functionList/baanc.xml,baanc.xml,,8513,2021-12-07T19:40:17+00:00,0fce87843f5245bd9a4d5ddce156c7c4,cead1bad691b0d4722e05312ce752c4fefbdad1b,ec249b0dab6fda20cc24f0f25a504c55a05b23fb6cbb4938aa7a41df0c8744b6,N/A,N/A,,https://github.com/notepad-plus-plus/notepad-plus-plus/releases/download/v8/npp.8.0.Installer.x64.exe
8,github,x64,npp.8.0.Installer.x64.exe,functionList/bash.xml,bash.xml,,2999,2021-12-07T19:40:17+00:00,162ded022d600dcf4ba4b7e9ac6917a2,762291f4f4e66573811c8ef757a64bda8a4bba09,2ae1142b08d296c25000e451237ea919f981da28f6a723d39540f43f18bac762,N/A,N/A,,https://github.com/notepad-plus-plus/notepad-plus-plus/releases/download/v8/npp.8.0.Installer.x64.exe
8,github,x64,npp.8.0.Installer.x64.exe,$PLUGINSDIR/nppLocalization/basque.xml,basque.xml,,98792,2021-12-07T19:40:17+00:00,ac5ff123b4039a60744a74c33e1865cc,a0e5c9b572c5356bb5f0bb6a1d5e14378a54b299,5bb8bc10e2c89a62c850afbcdd7c0773d40f76f8069f466a27db2feff7e7d5e9,N/A,N/A,,https://github.com/notepad-plus-plus/notepad-plus-plus/releases/download/v8/npp.8.0.Installer.x64.exe
8,github,x64,npp.8.0.Installer.x64.exe,autoCompletion/batch.xml,batch.xml,,3777,2021-12-07T19:40:17+00:00,01e31d41e5cfb5d2b85c6aa0aabb0fff,6ffcbf31a35c8674536cc2a8a9de7d3f2d48ca38,c4025268b36bb02b2d25e5144d360f69cfc7dddcb3ac98cd2d588393b5cbd30d,N/A,N/A,,https://github.com/notepad-plus-plus/notepad-plus-plus/releases/download/v8/npp.8.0.Installer.x64.exe
8,github,x64,npp.8.0.Installer.x64.exe,functionList/batch.xml,batch.xml,,1930,2021-12-07T19:40:17+00:00,0ba94312e694ba6ddb313095678b7159,0faa0cf4df8a9569252e37de821a3e45a65f5c97,77eed9211cd8464482f0da3fac4c0f003c2b8a6d76f15445927e66400f102d60,N/A,N/A,,https://github.com/notepad-plus-plus/notepad-plus-plus/releases/download/v8/npp.8.0.Installer.x64.exe
8,github,x64,npp.8.0.Installer.x64.exe,$PLUGINSDIR/nppLocalization/belarusian.xml,belarusian.xml,,101944,2021-12-07T19:40:17+00:00,b1232e004b5d50a50187c013cf236917,77fe3395f3084184d574ad41dfd1cf139ca18c95,8858041d46786ef80ec3158a0c8c9f77f737e78460c7fb5b4fd869e4d88b31bc,N/A,N/A,,https://github.com/notepad-plus-plus/notepad-plus-plus/releases/download/v8/npp.8.0.Installer.x64.exe
8,github,x64,npp.8.0.Installer.x64.exe,$PLUGINSDIR/nppLocalization/bengali.xml,bengali.xml,,69894,2021-12-07T19:40:17+00:00,7fc3c507b1f1dfbd964eff8c990a7605,557b17f144cc2b4816bb2f65c8f27a999ec1f6a8,7906d96b6eee56ce202ac8f703205abf0a0407b32a148817c3b9fef52d44c4cd,N/A,N/A,,https://github.com/notepad-plus-plus/notepad-plus-plus/releases/download/v8/npp.8.0.Installer.x64.exe
8,github,x64,npp.8.0.Installer.x64.exe,$_14_/themes/Bespin.xml,Bespin.xml,,92774,2021-12-07T19:40:17+00:00,a8bbc446b637b4efd8040b075e187431,0fd14f515768cf7df5fd85f57edb316321c2ec2f,c477b0436a41c825e80ff8c44c285e3fecac985dbc36f048b8c62725d45e5d49,N/A,N/A,,https://github.com/notepad-plus-plus/notepad-plus-plus/releases/download/v8/npp.8.0.Installer.x64.exe
8,github,x64,npp.8.0.Installer.x64.exe,$_14_/themes/Black board.xml,Black board.xml,,91140,2021-12-07T19:40:17+00:00,478979176ab8517ae7e8fbeef68b4f2e,bda21a44ccfb998f6c4c87a619494bfa3a48e5e6,93319cfe003fac2ec858b2e8678016f6b88954692dc747348c3c248e9ab894ea,N/A,N/A,,https://github.com/notepad-plus-plus/notepad-plus-plus/releases/download/v8/npp.8.0.Installer.x64.exe
8,github,x64,npp.8.0.Installer.x64.exe,$PLUGINSDIR/nppLocalization/bosnian.xml,bosnian.xml,,32084,2021-12-07T19:40:17+00:00,6b036835ed9d1ee92cd9bd4c76f41bbd,faeb76f93f4228832c7cc952833c717f3614a38d,06ce39e85fc9acd72888da5871fae4d18aa2c5bb6a9fa0c9eca459cf0e949a63,N/A,N/A,,https://github.com/notepad-plus-plus/notepad-plus-plus/releases/download/v8/npp.8.0.Installer.x64.exe
8,github,x64,npp.8.0.Installer.x64.exe,$PLUGINSDIR/nppLocalization/brazilian_portuguese.xml,brazilian_portuguese.xml,,81802,2021-12-07T19:40:17+00:00,659037882ab4cf4f708da6d095aba6c3,cd4398e78f9d903ebada6ab463fdfe6500d05f83,9be5b81e42becb07994a8bc8696b15fb0736eaa8338a5864354ee6106d26cd13,N/A,N/A,,https://github.com/notepad-plus-plus/notepad-plus-plus/releases/download/v8/npp.8.0.Installer.x64.exe
8,github,x64,npp.8.0.Installer.x64.exe,$PLUGINSDIR/nppLocalization/breton.xml,breton.xml,,82739,2021-12-07T19:40:17+00:00,c732b3d6279c2539bfe78d664b250a1c,13f0318b3be76d56aa321bd9b14f5fe977dcbc3a,0cc61c777ab6e68149978f7e1c08fc33a780985676da705b0d5bcd57b335b369,N/A,N/A,,https://github.com/notepad-plus-plus/notepad-plus-plus/releases/download/v8/npp.8.0.Installer.x64.exe
8,github,x64,npp.8.0.Installer.x64.exe,$PLUGINSDIR/nppLocalization/bulgarian.xml,bulgarian.xml,,110087,2021-12-07T19:40:17+00:00,5c1d4d6eccb1b85815a38b7e8e8aa683,92f7fe794183e3819c59e0be6157946fd2ae69ae,5454a8d4604dd9394eb3c129958e926d4245ad70d7e764316fcce187123c1a0d,N/A,N/A,,https://github.com/notepad-plus-plus/notepad-plus-plus/releases/download/v8/npp.8.0.Installer.x64.exe
8,github,x64,npp.8.0.Installer.x64.exe,autoCompletion/c.xml,c.xml,,44386,2021-12-07T19:40:17+00:00,2eaa4b8af356b86455f8aae63eb43340,e8224d0873a79c4e27ce96b739f0e154c9432287,35aadc7531e2332679c54306899a21fe3586b7203132cb5673b64915feb91bad,N/A,N/A,,https://github.com/notepad-plus-plus/notepad-plus-plus/releases/download/v8/npp.8.0.Installer.x64.exe
8,github,x64,npp.8.0.Installer.x64.exe,functionList/c.xml,c.xml,,4133,2021-12-07T19:40:17+00:00,9aeb2c0dc00adaede0e06f24080f233e,b2fe11701a83da1b608b63b051b9073f4a194e4f,f3a7e5e59e883a3ef6c99967766a546d55dd7a767fadb9f4d433cedf0555e992,N/A,N/A,,https://github.com/notepad-plus-plus/notepad-plus-plus/releases/download/v8/npp.8.0.Installer.x64.exe
8,github,x64,npp.8.0.Installer.x64.exe,$PLUGINSDIR/gupLocalization/catalan.xml,catalan.xml,,1418,2021-12-07T19:40:17+00:00,a91dc3c39b0b52e500fe25d2bc362dce,a27849e4280bf3d5268d68cc06291b9f2dcb445b,f8d007309e59318c637897296af82a3f49cde999ed10df42ee91170bcf1833f5,N/A,N/A,,https://github.com/notepad-plus-plus/notepad-plus-plus/releases/download/v8/npp.8.0.Installer.x64.exe
8,github,x64,npp.8.0.Installer.x64.exe,$PLUGINSDIR/nppLocalization/catalan.xml,catalan.xml,,68727,2021-12-07T19:40:17+00:00,fba5784c2fd64e9486a907e2e07fb5f8,48a5686529c7bd412b424627308fad87426f3d59,0aa431857ffa1d38cb6cc950a5f24d9cf4601b624fdb2181bddf8eb727e9fc38,N/A,N/A,,https://github.com/notepad-plus-plus/notepad-plus-plus/releases/download/v8/npp.8.0.Installer.x64.exe
8,github,x64,npp.8.0.Installer.x64.exe,change.log,change.log,,2768,2021-12-07T19:40:17+00:00,814064aa064d6af8dfa48710b537ee10,6f8dc91e9c7694ff5d22f1104cfa64b37587d3ad,5effb6e7d0dbee030da9cf7d9bf9ce00a18c02589eea7b51a6f6e744b2bbec2c,N/A,N/A,,https://github.com/notepad-plus-plus/notepad-plus-plus/releases/download/v8/npp.8.0.Installer.x64.exe
8,github,x64,npp.8.0.Installer.x64.exe,$PLUGINSDIR/nppLocalization/chineseSimplified.xml,chineseSimplified.xml,,90450,2021-12-07T19:40:17+00:00,84c307638d72c60f077c852ff6fe7d16,b8c2b2ffa8fb6b29d42db5ad7968e1e0f8732c52,4043c5a87fb7f63c3282641974087b776680bdd47f92919898c0b88285e2114a,N/A,N/A,,https://github.com/notepad-plus-plus/notepad-plus-plus/releases/download/v8/npp.8.0.Installer.x64.exe
8,github,x64,npp.8.0.Installer.x64.exe,$_14_/themes/Choco.xml,Choco.xml,,91451,2021-12-07T19:40:17+00:00,1d779b0104ee9e33ea8c103d62296be4,7bf8e56a29bf58267bc3e6e196f9897392f75a27,9ad51dae67a78c04c5adc8fd4a94a0a4f54902e2448333ac3a79b2448c53d483,N/A,N/A,,https://github.com/notepad-plus-plus/notepad-plus-plus/releases/download/v8/npp.8.0.Installer.x64.exe
8,github,x64,npp.8.0.Installer.x64.exe,autoCompletion/cmake.xml,cmake.xml,,7884,2021-12-07T19:40:17+00:00,4f983f57c1815f6b74ae78da2ea3c3ea,ccd8399d9f50bbe22e9b1f5e1b7b8fadc200f4f9,f902adc5faf041306b54d48914a5bc9c8d45057a4da431786aef451e2c39d1f7,N/A,N/A,,https://github.com/notepad-plus-plus/notepad-plus-plus/releases/download/v8/npp.8.0.Installer.x64.exe
8,github,x64,npp.8.0.Installer.x64.exe,functionList/cobol-free.xml,cobol-free.xml,,1772,2021-12-07T19:40:17+00:00,0b82534cdd9ffec3e57d80ce95a49293,c07e6c127653b7d9604b3f53274d562d3084e19a,5639c845d56dedecd2cfdb082b734593b5d618a87f1bd8ec612a8b3f4245566a,N/A,N/A,,https://github.com/notepad-plus-plus/notepad-plus-plus/releases/download/v8/npp.8.0.Installer.x64.exe
8,github,x64,npp.8.0.Installer.x64.exe,autoCompletion/cobol.xml,cobol.xml,,47435,2021-12-07T19:40:17+00:00,14a6c0b65978315cd52c54c3fcf1e96a,a7a2e4a2e3a3671ae2d663f833ffe0f835391745,5b59b5e1a453df08761332ed75ba5abb027716911cf88fca0fe25985ceec2e17,N/A,N/A,,https://github.com/notepad-plus-plus/notepad-plus-plus/releases/download/v8/npp.8.0.Installer.x64.exe
8,github,x64,npp.8.0.Installer.x64.exe,functionList/cobol.xml,cobol.xml,,1368,2021-12-07T19:40:17+00:00,42e52d6bcc674ecaca09feabf0c46dc2,fab3e864a8f51497e9febfe1c47c9058ddd7b137,057784451e3442f381f6a8af931a7050f88d19bda6bc939d37607532a353da1c,N/A,N/A,,https://github.com/notepad-plus-plus/notepad-plus-plus/releases/download/v8/npp.8.0.Installer.x64.exe
8,github,x64,npp.8.0.Installer.x64.exe,autoCompletion/coffee.xml,coffee.xml,,1503,2021-12-07T19:40:17+00:00,28e3f4b13cf33fbfe47e71611ee8d45e,820858ce39f6eacc44a141c23b457520294d1806,2fc2a95486f8f06adf471429cff3b55d0ec5d3797235692e1da558b558141c2a,N/A,N/A,,https://github.com/notepad-plus-plus/notepad-plus-plus/releases/download/v8/npp.8.0.Installer.x64.exe
8,github,x64,npp.8.0.Installer.x64.exe,contextMenu.xml,contextMenu.xml,,3919,2021-12-07T19:40:17+00:00,50ee50c8d2f16c8121ce788f5047b9d7,6443c68a786d0f4a8e0e318b2c76016878aee57c,e30c0bd332a1186c694fb84e0fdadbebb6aebf899ed40aa976b9f598273cc48d,N/A,N/A,,https://github.com/notepad-plus-plus/notepad-plus-plus/releases/download/v8/npp.8.0.Installer.x64.exe
8,github,x64,npp.8.0.Installer.x64.exe,$_14_/contextMenu.xml,contextMenu.xml,,3919,2021-12-07T19:40:17+00:00,50ee50c8d2f16c8121ce788f5047b9d7,6443c68a786d0f4a8e0e318b2c76016878aee57c,e30c0bd332a1186c694fb84e0fdadbebb6aebf899ed40aa976b9f598273cc48d,N/A,N/A,,https://github.com/notepad-plus-plus/notepad-plus-plus/releases/download/v8/npp.8.0.Installer.x64.exe
8,github,x64,npp.8.0.Installer.x64.exe,$PLUGINSDIR/nppLocalization/corsican.xml,corsican.xml,,105603,2021-12-07T19:40:17+00:00,17003eaadbc190c4e760db221485e103,016ebc2c1a56af6cf1fc6606b35dddc622f91573,83666868d025f0732242a1aeecc74d1e1c364748f64d0dad97579d4c8cf3073d,N/A,N/A,,https://github.com/notepad-plus-plus/notepad-plus-plus/releases/download/v8/npp.8.0.Installer.x64.exe
8,github,x64,npp.8.0.Installer.x64.exe,autoCompletion/cpp.xml,cpp.xml,,61526,2021-12-07T19:40:17+00:00,96b467677841b3067cc07c63c687ba4e,1971ddd33d802ef77e45d7a858d1d5b32060f7a3,28add87d67b1b542bdeeeeb45ad1528c3f28e4e56c40367e869b717c5f44be49,N/A,N/A,,https://github.com/notepad-plus-plus/notepad-plus-plus/releases/download/v8/npp.8.0.Installer.x64.exe
8,github,x64,npp.8.0.Installer.x64.exe,functionList/cpp.xml,cpp.xml,,18515,2021-12-07T19:40:17+00:00,c794bb828625f83122e89b24bbc5f0c8,5b7d579ce72746284dcd1c71e7751cc32ae06c01,40cf1af5650b699a947899d2b43a00dcb64cdeaf080651c82a7930910c1c03f4,N/A,N/A,,https://github.com/notepad-plus-plus/notepad-plus-plus/releases/download/v8/npp.8.0.Installer.x64.exe
8,github,x64,npp.8.0.Installer.x64.exe,$PLUGINSDIR/nppLocalization/croatian.xml,croatian.xml,,100941,2021-12-07T19:40:17+00:00,0170effc3d2bf62c66e4bece1bd9529e,2cc56763bcfc2b4838bd5518973e01db8599fe8a,74896b61dc983f88eaf73c8cd05ecf903c94e8bdfc96dd23ed385cb9a1f6901b,N/A,N/A,,https://github.com/notepad-plus-plus/notepad-plus-plus/releases/download/v8/npp.8.0.Installer.x64.exe
8,github,x64,npp.8.0.Installer.x64.exe,autoCompletion/cs.xml,cs.xml,,33861,2021-12-07T19:40:17+00:00,ec8c58e0d38c66fb1a2bc3a3c6c296d8,ad050cfc75e9712109b72d1f23d67bd9a8959f8c,95251b18e87d571e4bfc11b130772447e09461d4f0788e820939da776176e0a4,N/A,N/A,,https://github.com/notepad-plus-plus/notepad-plus-plus/releases/download/v8/npp.8.0.Installer.x64.exe
8,github,x64,npp.8.0.Installer.x64.exe,functionList/cs.xml,cs.xml,,1834,2021-12-07T19:40:17+00:00,0f35ee0cb20a383942b7ea9a0dc91b61,2770947a577f53c16f25b36ba30e6f94fb0e8209,59345c006cd9bde5ef532aae1f119758d45030993181c272bb0dd6fc0c5d01e5,N/A,N/A,,https://github.com/notepad-plus-plus/notepad-plus-plus/releases/download/v8/npp.8.0.Installer.x64.exe
8,github,x64,npp.8.0.Installer.x64.exe,autoCompletion/css.xml,css.xml,,11515,2021-12-07T19:40:17+00:00,64dabdc0a5648e812e85753a9525644b,50876b7deb96c121fbde72ea94774c053ef5e457,1ce87ddfd55e689461791ce1f2373a38d73e57035725e9cc43d69d5a8ef43adf,N/A,N/A,,https://github.com/notepad-plus-plus/notepad-plus-plus/releases/download/v8/npp.8.0.Installer.x64.exe
8,github,x64,npp.8.0.Installer.x64.exe,$PLUGINSDIR/nppLocalization/czech.xml,czech.xml,,88185,2021-12-07T19:40:17+00:00,1b7e6c896ad37fd208157567d681ab37,f194f495caf291ba41232097cec25f7ff7ae8dbf,2f0ba49d44703d557bdcc468c4fa1293ea97a0db0034a914ca096f6c432cb8a5,N/A,N/A,,https://github.com/notepad-plus-plus/notepad-plus-plus/releases/download/v8/npp.8.0.Installer.x64.exe
8,github,x64,npp.8.0.Installer.x64.exe,$PLUGINSDIR/nppLocalization/danish.xml,danish.xml,,86584,2021-12-07T19:40:17+00:00,84c4f6e832fc062a6bbb768bf19e0ee5,44b0cf84e265851767172435267a73f7e05006e8,f2ba6833ad372ed0a7095da552a1ee4bb37b5c53362aa81e25905d3145a215a1,N/A,N/A,,https://github.com/notepad-plus-plus/notepad-plus-plus/releases/download/v8/npp.8.0.Installer.x64.exe
8,github,x64,npp.8.0.Installer.x64.exe,$_14_/themes/DansLeRuSH-Dark.xml,DansLeRuSH-Dark.xml,,109871,2021-12-07T19:40:17+00:00,52659d432fef1f94f29454165d4b251f,3ee91a1be14a545bc645ad945aaca4cac3043edb,9e4e8b753b943304d3885efc68c6cb4603c813c1aecbb8db967a7504b814a9d1,N/A,N/A,,https://github.com/notepad-plus-plus/notepad-plus-plus/releases/download/v8/npp.8.0.Installer.x64.exe
8,github,x64,npp.8.0.Installer.x64.exe,$_14_/themes/DarkModeDefault.xml,DarkModeDefault.xml,,166735,2021-12-07T19:40:17+00:00,6d0f68f607198d62173a10c50b77fc10,101744ea97b7964b3be7a6f6ba8bdce904bde364,6138ed0e4ca7b83f905baf574dfb9b0b59261e1146e21f55ac3c6e9d5cd90bf5,N/A,N/A,,https://github.com/notepad-plus-plus/notepad-plus-plus/releases/download/v8/npp.8.0.Installer.x64.exe
8,github,x64,npp.8.0.Installer.x64.exe,$_14_/themes/Deep Black.xml,Deep Black.xml,,90076,2021-12-07T19:40:17+00:00,02a33d4d0cb9c61f93dd4ea849ecb14f,5905769498ae32a32f5fdb1dcbf0fca97d7d3eca,4faac9346f9e190be23bc3a41c61178c34a8ab57b69099e8de79ca235b15323a,N/A,N/A,,https://github.com/notepad-plus-plus/notepad-plus-plus/releases/download/v8/npp.8.0.Installer.x64.exe
8,github,x64,npp.8.0.Installer.x64.exe,doLocalConf.xml,doLocalConf.xml,,0,2021-12-07T19:40:17+00:00,d41d8cd98f00b204e9800998ecf8427e,da39a3ee5e6b4b0d3255bfef95601890afd80709,e3b0c44298fc1c149afbf4c8996fb92427ae41e4649b934ca495991b7852b855,N/A,N/A,,https://github.com/notepad-plus-plus/notepad-plus-plus/releases/download/v8/npp.8.0.Installer.x64.exe
8,github,x64,npp.8.0.Installer.x64.exe,$PLUGINSDIR/nppLocalization/dutch.xml,dutch.xml,,98600,2021-12-07T19:40:17+00:00,22314aedafb3f2e55fe5c807ac368a2e,f595b435da9adad5413e09f0fe2abe9dac41c013,c43bdd5fb163a068a675613ee1615dc672f4d99f6ad8d04dd73948b72ea34a56,N/A,N/A,,https://github.com/notepad-plus-plus/notepad-plus-plus/releases/download/v8/npp.8.0.Installer.x64.exe
8,github,x64,npp.8.0.Installer.x64.exe,localization/english.xml,english.xml,,93692,2021-12-07T19:40:17+00:00,4721340135291457a8ee76eff22f1d4a,aec76bb4b2d5e89b225d798445567c4c384c7a18,db1620e8014233f6b90861f13574b739a7da9d3788d22df9d346279c64f23e26,N/A,N/A,,https://github.com/notepad-plus-plus/notepad-plus-plus/releases/download/v8/npp.8.0.Installer.x64.exe
8,github,x64,npp.8.0.Installer.x64.exe,$PLUGINSDIR/gupLocalization/english.xml,english.xml,,1861,2021-12-07T19:40:17+00:00,f6cfa0a855ef2688cca9eb3dc0426237,47e7e383d2101620aaf436ba42ba9fe43dceffdc,5f2cf34ae71ef56a22dbaa440060c18ce2f761db16495ea62a33ded66bd57273,N/A,N/A,,https://github.com/notepad-plus-plus/notepad-plus-plus/releases/download/v8/npp.8.0.Installer.x64.exe
8,github,x64,npp.8.0.Installer.x64.exe,$PLUGINSDIR/nppLocalization/english.xml,english.xml,,93692,2021-12-07T19:40:17+00:00,4721340135291457a8ee76eff22f1d4a,aec76bb4b2d5e89b225d798445567c4c384c7a18,db1620e8014233f6b90861f13574b739a7da9d3788d22df9d346279c64f23e26,N/A,N/A,,https://github.com/notepad-plus-plus/notepad-plus-plus/releases/download/v8/npp.8.0.Installer.x64.exe
8,github,x64,npp.8.0.Installer.x64.exe,$PLUGINSDIR/nppLocalization/english_customizable.xml,english_customizable.xml,,93568,2021-12-07T19:40:17+00:00,215b806e3b76d22d585cc3ac3edd524c,5ceabe197fc6da5755e3766a154aae4334b309c4,9fa9b5fa34a74d4475dc039f975ae0d879d32409f8be677bcf6f4b9d5866489d,N/A,N/A,,https://github.com/notepad-plus-plus/notepad-plus-plus/releases/download/v8/npp.8.0.Installer.x64.exe
8,github,x64,npp.8.0.Installer.x64.exe,$PLUGINSDIR/nppLocalization/esperanto.xml,esperanto.xml,,48286,2021-12-07T19:40:17+00:00,49f94b0b12fd87e9aae7e0a17509c5ad,c8356fc2299e08c7597b815fef66772e66cfe5cf,7a84d2e2472b2ad7786e1963af3616d2330a857a85af16615612042ec410547e,N/A,N/A,,https://github.com/notepad-plus-plus/notepad-plus-plus/releases/download/v8/npp.8.0.Installer.x64.exe
8,github,x64,npp.8.0.Installer.x64.exe,$PLUGINSDIR/nppLocalization/estonian.xml,estonian.xml,,60643,2021-12-07T19:40:17+00:00,b8d207d2af974a53df2757cd4977f01b,9025924fb7094192d254b0183269134dca7a5d11,d18a620ea786420f0e69c10df2d3981254a5edd29abcab674cf915e98a860801,N/A,N/A,,https://github.com/notepad-plus-plus/notepad-plus-plus/releases/download/v8/npp.8.0.Installer.x64.exe
8,github,x64,npp.8.0.Installer.x64.exe,$PLUGINSDIR/nppLocalization/extremaduran.xml,extremaduran.xml,,25399,2021-12-07T19:40:17+00:00,896b0f1f0854f3bcc23a80c99dcebd47,ee5d3a7de7503e18b2929d96dc164dd0671a841d,87e0372bfd2b84316adf2c7d3130fcf2415a96ec2c8bcd5da6f1a8a3a807c8d2,N/A,N/A,,https://github.com/notepad-plus-plus/notepad-plus-plus/releases/download/v8/npp.8.0.Installer.x64.exe
8,github,x64,npp.8.0.Installer.x64.exe,$PLUGINSDIR/nppLocalization/farsi.xml,farsi.xml,,65703,2021-12-07T19:40:17+00:00,44e17fd524df05d8720598b2879e386a,bae71fc18928a4815743c95ddff178be1219ebc5,e7111bd3f7700dca9828d4deb6a7f93d64845b43f4e754cd79ef8d47225f3037,N/A,N/A,,https://github.com/notepad-plus-plus/notepad-plus-plus/releases/download/v8/npp.8.0.Installer.x64.exe
8,github,x64,npp.8.0.Installer.x64.exe,$PLUGINSDIR/nppLocalization/finnish.xml,finnish.xml,,69344,2021-12-07T19:40:17+00:00,fa44a74f56351a8bd18b5e7a70c7ebf7,7b3d90ef7ef098c37840e7d59e9a94c619d2535a,085abe6341b90ceb7690d79032a1e0f3bd909c78227b9e197be2716fc9316e17,N/A,N/A,,https://github.com/notepad-plus-plus/notepad-plus-plus/releases/download/v8/npp.8.0.Installer.x64.exe
8,github,x64,npp.8.0.Installer.x64.exe,functionList/fortran.xml,fortran.xml,,1998,2021-12-07T19:40:17+00:00,24efe929c0a64d0728082696eae24e47,8bb52b350a31b26750b5576196de4e1901580ec7,5b324fb16c96737c266d4fec05476017c8547e3f59a16bebcbac0086ed4ae14b,N/A,N/A,,https://github.com/notepad-plus-plus/notepad-plus-plus/releases/download/v8/npp.8.0.Installer.x64.exe
8,github,x64,npp.8.0.Installer.x64.exe,functionList/fortran77.xml,fortran77.xml,,1618,2021-12-07T19:40:17+00:00,1ced186652b31449fa28912b79449e55,efa4be5ca2d47d70fc839b5cbbd6e313d5f31884,355a07e657b68f84494b95119c4bec782d27af25c6b396eb1bdf61b387c55bda,N/A,N/A,,https://github.com/notepad-plus-plus/notepad-plus-plus/releases/download/v8/npp.8.0.Installer.x64.exe
8,github,x64,npp.8.0.Installer.x64.exe,$PLUGINSDIR/gupLocalization/french.xml,french.xml,,1958,2021-12-07T19:40:17+00:00,52e398ca22dd0d5e3e0f92072210e872,990575a3d929d662c5d2ca3dccfebdfc98b61d88,7294744b49df0ae7dd428803e1663a918fbefc39fc75aa30d597350d29e2e8b5,N/A,N/A,,https://github.com/notepad-plus-plus/notepad-plus-plus/releases/download/v8/npp.8.0.Installer.x64.exe
8,github,x64,npp.8.0.Installer.x64.exe,$PLUGINSDIR/nppLocalization/french.xml,french.xml,,95436,2021-12-07T19:40:17+00:00,70c7d3148ca91634d804be8c42a268ce,d016592f63be6590f303043d399f46c75ff644be,1794eba6af42ce807b6feda2099fca572fa48e23e8952f288d6975c3ef9f84a2,N/A,N/A,,https://github.com/notepad-plus-plus/notepad-plus-plus/releases/download/v8/npp.8.0.Installer.x64.exe
8,github,x64,npp.8.0.Installer.x64.exe,$PLUGINSDIR/nppLocalization/friulian.xml,friulian.xml,,34362,2021-12-07T19:40:17+00:00,6d4c069b4c4517f68657be1641bec299,cc5384f29594b19822a805f8d5888ff328e169a1,d4ffe0a2b5e35fede7e6244be9823e1e946c60db1635e6d3f753e6df938e4b3d,N/A,N/A,,https://github.com/notepad-plus-plus/notepad-plus-plus/releases/download/v8/npp.8.0.Installer.x64.exe
8,github,x64,npp.8.0.Installer.x64.exe,$PLUGINSDIR/nppLocalization/galician.xml,galician.xml,,25339,2021-12-07T19:40:17+00:00,191cc6b7ed37fad274f985d7329bd048,a8b7750901614323318923833a2fb7ac021e8c34,89a20e547d17b1006698cd35fbad772403033420808c8299206a8e299961d83e,N/A,N/A,,https://github.com/notepad-plus-plus/notepad-plus-plus/releases/download/v8/npp.8.0.Installer.x64.exe
8,github,x64,npp.8.0.Installer.x64.exe,$PLUGINSDIR/nppLocalization/georgian.xml,georgian.xml,,60005,2021-12-07T19:40:17+00:00,cada78594c9838103c479dbda55c9e05,7cdc3fd1b8a7ede96101badacf68281e3432bfbb,b319b96cb4eece88c0cf88b557ce56ce5abe85bdf0a6a1007b64310a708a6572,N/A,N/A,,https://github.com/notepad-plus-plus/notepad-plus-plus/releases/download/v8/npp.8.0.Installer.x64.exe
8,github,x64,npp.8.0.Installer.x64.exe,$PLUGINSDIR/gupLocalization/german.xml,german.xml,,1997,2021-12-07T19:40:17+00:00,9e8b6626f1d0253c11bb5aeccfefcb81,1df3e137ffc42cf27b6df3a89433601f81aa1f00,189bd41cae3176e60883e7a61e85dd04b8487fc938503b9a03cd95e99044860f,N/A,N/A,,https://github.com/notepad-plus-plus/notepad-plus-plus/releases/download/v8/npp.8.0.Installer.x64.exe
8,github,x64,npp.8.0.Installer.x64.exe,$PLUGINSDIR/nppLocalization/german.xml,german.xml,,80514,2021-12-07T19:40:17+00:00,1bb39c97049c23b0a69ec75e4c893f91,73e6f73490f08ec4abf60cc7918a71e86966dfab,8a526ffadf34c34cb6825d928505fc1c292df6110411c97599c0d391c5f679a1,N/A,N/A,,https://github.com/notepad-plus-plus/notepad-plus-plus/releases/download/v8/npp.8.0.Installer.x64.exe
8,github,x64,npp.8.0.Installer.x64.exe,$PLUGINSDIR/nppLocalization/greek.xml,greek.xml,,104474,2021-12-07T19:40:17+00:00,cf7abbe63252ec741479dee35774807b,80ea01bcf9f0e5bd69244b513ccb8f57f96e316c,9dbc07059f0037c5b114487b9a259d631589a37c70bf1bc6115405649429861c,N/A,N/A,,https://github.com/notepad-plus-plus/notepad-plus-plus/releases/download/v8/npp.8.0.Installer.x64.exe
8,github,x64,npp.8.0.Installer.x64.exe,$PLUGINSDIR/nppLocalization/gujarati.xml,gujarati.xml,,69663,2021-12-07T19:40:17+00:00,7fc20c4adbdc66c21775a870387769b2,34ee8fc4001645bdeab1427ed8f33a01d2d081ca,efcce0e0c6fe01a7d40cae0a239d85ec3c06e9a7c5dd9adc23825eae2dbf30b3,N/A,N/A,,https://github.com/notepad-plus-plus/notepad-plus-plus/releases/download/v8/npp.8.0.Installer.x64.exe
8,github,x64,npp.8.0.Installer.x64.exe,updater/GUP.exe,GUP.exe,,965032,2021-12-07T19:40:17+00:00,e21024bb2fc6eef5414938e35d21bc36,80d1b8537c5ec714d855008e2dbbffec8c52a8bf,ff707a7580b52552b44102908e9e15e48cd7e129a03801cf710b4d5400b694d8,N/A,N/A,,https://github.com/notepad-plus-plus/notepad-plus-plus/releases/download/v8/npp.8.0.Installer.x64.exe
8,github,x64,npp.8.0.Installer.x64.exe,updater/gup.xml,gup.xml,,4267,2021-12-07T19:40:17+00:00,b023cc4d768b34a5401f317479740a53,4ca45db707b120bca9cb6cd8404b9e6ecabdb2d2,d3e6404c7286961cbab82d4c49f82bcb166db9b5a13eacaa0eeb59a0709a0c14,N/A,N/A,,https://github.com/notepad-plus-plus/notepad-plus-plus/releases/download/v8/npp.8.0.Installer.x64.exe
8,github,x64,npp.8.0.Installer.x64.exe,functionList/haskell.xml,haskell.xml,,2475,2021-12-07T19:40:17+00:00,39f92a5a4c65c9ebf93e23f517ec0ac9,0a87cae9a01c68f1c6b955d221e8bb975ff13fcd,e163c2dc738f1df1d4029ca9f2af7309da19e4ad4eefac1212bbba6fa0167ad4,N/A,N/A,,https://github.com/notepad-plus-plus/notepad-plus-plus/releases/download/v8/npp.8.0.Installer.x64.exe
8,github,x64,npp.8.0.Installer.x64.exe,$PLUGINSDIR/nppLocalization/hebrew.xml,hebrew.xml,,22740,2021-12-07T19:40:17+00:00,07c8ebe76b6352401c0e9c84956d727f,fb14d93db71d0d4b3f25c275fc57d615ce7446c4,58585868a8164b247c53ad3646076e3404a4fd854ee3632ca9841c1ba3d210d6,N/A,N/A,,https://github.com/notepad-plus-plus/notepad-plus-plus/releases/download/v8/npp.8.0.Installer.x64.exe
8,github,x64,npp.8.0.Installer.x64.exe,$_14_/themes/Hello Kitty.xml,Hello Kitty.xml,,90003,2021-12-07T19:40:17+00:00,440f1754c493214c970457fd8bb90601,fb6e530fa6180e0fb2be35574ce7f6666ee7b6cf,9e82a82618fe052bf5ce97752001b966da68d5599e6fba3031f2807de420f896,N/A,N/A,,https://github.com/notepad-plus-plus/notepad-plus-plus/releases/download/v8/npp.8.0.Installer.x64.exe
8,github,x64,npp.8.0.Installer.x64.exe,$PLUGINSDIR/nppLocalization/hindi.xml,hindi.xml,,101926,2021-12-07T19:40:17+00:00,b5857e80af0743018276e7a89b16f3c0,766f407f0f5cf20b8c1ec2fe225d6abaa7af323d,d25ed21d8a40215b31e762bc08e3133e11afd4df68d2f88894ba6f4805a1fe79,N/A,N/A,,https://github.com/notepad-plus-plus/notepad-plus-plus/releases/download/v8/npp.8.0.Installer.x64.exe
8,github,x64,npp.8.0.Installer.x64.exe,$PLUGINSDIR/nppLocalization/hongKongCantonese.xml,hongKongCantonese.xml,,95770,2021-12-07T19:40:17+00:00,e2fcc2bb0386d15273a4e9b944235f5f,80ffbf58fe441e88597a3d39fc5efdcbb453b255,a7e1f78de9519fddcac6fc4c38abf99f27ce17018353450bfe4b2dcd4c0fc8f2,N/A,N/A,,https://github.com/notepad-plus-plus/notepad-plus-plus/releases/download/v8/npp.8.0.Installer.x64.exe
8,github,x64,npp.8.0.Installer.x64.exe,$_14_/themes/HotFudgeSundae.xml,HotFudgeSundae.xml,,110487,2021-12-07T19:40:17+00:00,8af4695773d5de3e50564cc60afd5027,5db749e5d008fa8331186743c0d47ba907e6abe0,375d6c3818f17edbe41e0a14061f8f07941a617222f7bf6e44a5a0cdb58c9afe,N/A,N/A,,https://github.com/notepad-plus-plus/notepad-plus-plus/releases/download/v8/npp.8.0.Installer.x64.exe
8,github,x64,npp.8.0.Installer.x64.exe,autoCompletion/html.xml,html.xml,,19490,2021-12-07T19:40:17+00:00,83f7d0f14d6cd73474f0f409950b354a,9e86874a1f691f71d977e2f3aeb77170439465f5,faceb73d447eb8354e84a6ae96b4e354375f2db795756f3003a430b3e2ea66e8,N/A,N/A,,https://github.com/notepad-plus-plus/notepad-plus-plus/releases/download/v8/npp.8.0.Installer.x64.exe
8,github,x64,npp.8.0.Installer.x64.exe,$PLUGINSDIR/nppLocalization/hungarian.xml,hungarian.xml,,84326,2021-12-07T19:40:17+00:00,ec20dc510d4eaf0b761dbcb6d23d1393,7766f85f04d4e73bd0a7c3ab93f5c9ce39a7988a,9bc7df9113a979b1161a48e85958ef677ad303f2868b602cf7eb5f90c3a349da,N/A,N/A,,https://github.com/notepad-plus-plus/notepad-plus-plus/releases/download/v8/npp.8.0.Installer.x64.exe
8,github,x64,npp.8.0.Installer.x64.exe,$PLUGINSDIR/nppLocalization/indonesian.xml,indonesian.xml,,63989,2021-12-07T19:40:17+00:00,53f2a422f3264a8c2538eb62954a59b6,f8dc1dae3612b6b10ce8709c61051413554eeb6b,ea9c8a7b44f8e3691799ae440ef4e1e7f19e770354a163b1236fb11e803015fa,N/A,N/A,,https://github.com/notepad-plus-plus/notepad-plus-plus/releases/download/v8/npp.8.0.Installer.x64.exe
8,github,x64,npp.8.0.Installer.x64.exe,functionList/ini.xml,ini.xml,,952,2021-12-07T19:40:17+00:00,005c5fe001e12b5b0a7f8dee285d71fb,02a29fbbbfdf2166496021920e568b610395cd6e,11acf49eb9f3cb68fa7a3bb8568cef2eb0f125700c8edcbcd108b5810761770f,N/A,N/A,,https://github.com/notepad-plus-plus/notepad-plus-plus/releases/download/v8/npp.8.0.Installer.x64.exe
8,github,x64,npp.8.0.Installer.x64.exe,functionList/inno.xml,inno.xml,,4404,2021-12-07T19:40:17+00:00,ab1e90d098b886e9f098d7c4c82efb9a,d74449a5b6b2a87d7e5564770edfb609df6806fd,0162159b64eb092f94964faf937f263fb9947b25d40e0d82bd3224d136a140de,N/A,N/A,,https://github.com/notepad-plus-plus/notepad-plus-plus/releases/download/v8/npp.8.0.Installer.x64.exe
8,github,x64,npp.8.0.Installer.x64.exe,$PLUGINSDIR/InstallOptions.dll,InstallOptions.dll,,15872,2021-12-07T19:40:17+00:00,05bf02da51e717f79f6b5cbea7bc0710,07471a64ef4dba9dc19ce68ae6cce683af7df86d,ca092ba7f275b0c9000098cdd1a9876fe8dc050fcb40a0e8a1ab8335236e9dc5,N/A,N/A,,https://github.com/notepad-plus-plus/notepad-plus-plus/releases/download/v8/npp.8.0.Installer.x64.exe
8,github,x64,npp.8.0.Installer.x64.exe,$PLUGINSDIR/ioSpecial.ini,ioSpecial.ini,,211,2021-12-07T19:40:17+00:00,e2d5070bc28db1ac745613689ff86067,282e080b4cf847174c5c11e4f9157b8c338ecb19,d95aed234f932a1c48a2b1b0d98c60ca31f962310c03158e2884ab4ddd3ea1e0,N/A,N/A,,https://github.com/notepad-plus-plus/notepad-plus-plus/releases/download/v8/npp.8.0.Installer.x64.exe
8,github,x64,npp.8.0.Installer.x64.exe,$PLUGINSDIR/nppLocalization/irish.xml,irish.xml,,85008,2021-12-07T19:40:17+00:00,5a3eb4f9cab6ec3bec40d5a683d0fd6b,242d9a7f66c7ae8956d1697f2b34fdd1817488b2,55cb1860023e4182da505e1cffc4eb7d9efdf4062e0e1b2d6320b73abc366dc0,N/A,N/A,,https://github.com/notepad-plus-plus/notepad-plus-plus/releases/download/v8/npp.8.0.Installer.x64.exe
8,github,x64,npp.8.0.Installer.x64.exe,$PLUGINSDIR/gupLocalization/italian.xml,italian.xml,,1474,2021-12-07T19:40:17+00:00,0719b461b490b795d1886f4842d78e68,d81b62de8112da52575bcf9ce75bdf43f7f111cd,5cbb03132fa7ae19964492da9a61f24171350d2df70ebd1490dda08cdada3c48,N/A,N/A,,https://github.com/notepad-plus-plus/notepad-plus-plus/releases/download/v8/npp.8.0.Installer.x64.exe
8,github,x64,npp.8.0.Installer.x64.exe,$PLUGINSDIR/nppLocalization/italian.xml,italian.xml,,93636,2021-12-07T19:40:17+00:00,2dee006fe24c72fa343b88c19b0fd384,d661da649c003d04c449537ac1c55892080d0c64,1dbd12b6ce20bef97864188ceee5f07f414f9c9a0b1d38c8a568825d30671176,N/A,N/A,,https://github.com/notepad-plus-plus/notepad-plus-plus/releases/download/v8/npp.8.0.Installer.x64.exe
8,github,x64,npp.8.0.Installer.x64.exe,$PLUGINSDIR/nppLocalization/japanese.xml,japanese.xml,,102810,2021-12-07T19:40:17+00:00,50910b5785eefb406d17fcbdd6e3f479,05dee50294a47062b937184fcb1cd94dbf434138,28d556f4bddb80c83bfc7fa7092590144158f27adba65fde99f261c214cf97ce,N/A,N/A,,https://github.com/notepad-plus-plus/notepad-plus-plus/releases/download/v8/npp.8.0.Installer.x64.exe
8,github,x64,npp.8.0.Installer.x64.exe,autoCompletion/java.xml,java.xml,,205359,2021-12-07T19:40:17+00:00,1ce78a369cff97a0aa6ada78bf65a6d3,d04ba700b097732f152899c998d53d9a9a857b70,18d4506cbd6c04e33b948b1824662efc432a89e83e18abffb78043a2121f5580,N/A,N/A,,https://github.com/notepad-plus-plus/notepad-plus-plus/releases/download/v8/npp.8.0.Installer.x64.exe
8,github,x64,npp.8.0.Installer.x64.exe,functionList/java.xml,java.xml,,9331,2021-12-07T19:40:17+00:00,e5a76a3287909497f328b0f12cf5ce89,a432976d922c00717386fafc3290cf251c8e7182,2487221a75a52b4f8aa6d2e62f1c0a55a5cd5240b1cb7aafa66fbb2042590b06,N/A,N/A,,https://github.com/notepad-plus-plus/notepad-plus-plus/releases/download/v8/npp.8.0.Installer.x64.exe
8,github,x64,npp.8.0.Installer.x64.exe,functionList/javascript.js.xml,javascript.js.xml,,1146,2021-12-07T19:40:17+00:00,76bfe910efe1727e4afc3680cca62773,9e05e76ab53ee66aa26cfe6726db6e81c9a3bd62,7c68f28c6995f47dd77596bab28c6b4388ff93840c3becfd37733ddb640cd0cd,N/A,N/A,,https://github.com/notepad-plus-plus/notepad-plus-plus/releases/download/v8/npp.8.0.Installer.x64.exe
8,github,x64,npp.8.0.Installer.x64.exe,autoCompletion/javascript.xml,javascript.xml,,23348,2021-12-07T19:40:17+00:00,c7cae93b5f9356400d166911bcd0717b,e5d3dc09f45d7ec6a88f9af28c7c9faf055ea804,6ee58a91cba2473554c9d20fb18ddb69b465f1e7bf2e9e1efe8e7b726bac327c,N/A,N/A,,https://github.com/notepad-plus-plus/notepad-plus-plus/releases/download/v8/npp.8.0.Installer.x64.exe
8,github,x64,npp.8.0.Installer.x64.exe,$PLUGINSDIR/nppLocalization/kabyle.xml,kabyle.xml,,50323,2021-12-07T19:40:17+00:00,1d46146ccf999ede311f951828181eac,f27e955e2f1b819b06bbe1e7e9ecc6b83c49bd23,56d9177dc22aa9945085510cb540000200896a46654f60ff27daa4f4e9bcf378,N/A,N/A,,https://github.com/notepad-plus-plus/notepad-plus-plus/releases/download/v8/npp.8.0.Installer.x64.exe
8,github,x64,npp.8.0.Installer.x64.exe,$PLUGINSDIR/nppLocalization/kannada.xml,kannada.xml,,74455,2021-12-07T19:40:17+00:00,9f704e219f869165d3779ad6a221e804,40277c057304e603bd74a6ab4c2deb62b5721c7c,d1bbee48ebe8378c0cd3b2dd96134134d7fbc6020fb68ff5689be62ac41d6464,N/A,N/A,,https://github.com/notepad-plus-plus/notepad-plus-plus/releases/download/v8/npp.8.0.Installer.x64.exe
8,github,x64,npp.8.0.Installer.x64.exe,$PLUGINSDIR/nppLocalization/kazakh.xml,kazakh.xml,,33030,2021-12-07T19:40:17+00:00,cef567a83b071655a30fe3d6841399fa,ac71543e6c69653a9ebdf0edacd32825b868842a,6db85b99cbf208c9ff4cba47ac175305f21f96ff101f5f0676d950d2cc9081c6,N/A,N/A,,https://github.com/notepad-plus-plus/notepad-plus-plus/releases/download/v8/npp.8.0.Installer.x64.exe
8,github,x64,npp.8.0.Installer.x64.exe,$_14_/themes/khaki.xml,khaki.xml,,108169,2021-12-07T19:40:17+00:00,ad1d0954bf9068c093d427c011f198de,a91148c968f34646046286af45ad86eb39cd78ab,9af962a4aa2271418881b9117ee61ba341984210c02c3a01e9ad4cc3089f6637,N/A,N/A,,https://github.com/notepad-plus-plus/notepad-plus-plus/releases/download/v8/npp.8.0.Installer.x64.exe
8,github,x64,npp.8.0.Installer.x64.exe,$PLUGINSDIR/nppLocalization/korean.xml,korean.xml,,76912,2021-12-07T19:40:17+00:00,9211b3e0720327ac0a6fe83fd98f38b5,00f66f51c56e370afcedb9522f5e971a5f066430,cf71d19990acd4985fe76ff45755eba060017e177aca63b5ff6c04957763b9fd,N/A,N/A,,https://github.com/notepad-plus-plus/notepad-plus-plus/releases/download/v8/npp.8.0.Installer.x64.exe
8,github,x64,npp.8.0.Installer.x64.exe,functionList/krl.xml,krl.xml,,3037,2021-12-07T19:40:17+00:00,2b3193bd7b701acaab61a9b18a349ea5,56f8de4bd5ea8798f06ebd9ba6c8159cc66b287d,c158322bd963d2a68ffc878d72213a7394d8c16de72279771ffc924365eec0df,N/A,N/A,,https://github.com/notepad-plus-plus/notepad-plus-plus/releases/download/v8/npp.8.0.Installer.x64.exe
8,github,x64,npp.8.0.Installer.x64.exe,$PLUGINSDIR/nppLocalization/kurdish.xml,kurdish.xml,,62678,2021-12-07T19:40:17+00:00,b3fc582020bd8c75d7f982f4798bdbbd,29f3b1ca99deb40ad6def82608926321e87abbcb,43455f6b7e659e4c94ee144fc55e53036c844037cad82a074b5728a359203b89,N/A,N/A,,https://github.com/notepad-plus-plus/notepad-plus-plus/releases/download/v8/npp.8.0.Installer.x64.exe
8,github,x64,npp.8.0.Installer.x64.exe,$PLUGINSDIR/nppLocalization/kyrgyz.xml,kyrgyz.xml,,38731,2021-12-07T19:40:17+00:00,ad3a31d477ad1e09dc3f6911c1f50d1e,cefc20836cbc0e78eb0291948eadbdf09b21a838,4964c0b9f36b7fec44ec0805ba153d88293311cd703680719187cdaa68fbd090,N/A,N/A,,https://github.com/notepad-plus-plus/notepad-plus-plus/releases/download/v8/npp.8.0.Installer.x64.exe
8,github,x64,npp.8.0.Installer.x64.exe,$PLUGINSDIR/LangDLL.dll,LangDLL.dll,,5632,2021-12-07T19:40:17+00:00,ab1db56369412fe8476fefffd11e4cc0,daad036a83b2ee2fa86d840a34a341100552e723,6f14c8f01f50a30743dac68c5ac813451463dfb427eb4e35fcdfe2410e1a913b,N/A,N/A,,https://github.com/notepad-plus-plus/notepad-plus-plus/releases/download/v8/npp.8.0.Installer.x64.exe
8,github,x64,npp.8.0.Installer.x64.exe,langs.model.xml,langs.model.xml,,344225,2021-12-07T19:40:17+00:00,72f3f593344d5d253f98fbf01a85036c,f75313d2c4368c0ff69fe5c0a9adc8ba1cd12c7d,aea280f48f7882eb547817ea04e015d01d22ed32edccf146b7dc526c03f506a1,N/A,N/A,,https://github.com/notepad-plus-plus/notepad-plus-plus/releases/download/v8/npp.8.0.Installer.x64.exe
8,github,x64,npp.8.0.Installer.x64.exe,$PLUGINSDIR/nppLocalization/latvian.xml,latvian.xml,,46317,2021-12-07T19:40:17+00:00,5bdd886ac6fcbe6d922b9616f86a729f,97b5ba6af3683e41457c89534909a20eee997809,fc76ab3cbfe4a96f02531236b7c0b16cf4749fbb2ac0f378149347ae625a3708,N/A,N/A,,https://github.com/notepad-plus-plus/notepad-plus-plus/releases/download/v8/npp.8.0.Installer.x64.exe
8,github,x64,npp.8.0.Installer.x64.exe,updater/libcurl.dll,libcurl.dll,,557992,2021-12-07T19:40:17+00:00,559c143999457546b91e6de9cb6b91ee,41b8fdaf492e7ff37c94be6ccc96860cd5134d7d,7c6b6c08723b68ee8ae50812c988d3ed3579a8c3dcbe74e16a9213771be34d0d,N/A,N/A,,https://github.com/notepad-plus-plus/notepad-plus-plus/releases/download/v8/npp.8.0.Installer.x64.exe
8,github,x64,npp.8.0.Installer.x64.exe,LICENSE,LICENSE,,35663,2021-12-07T19:40:17+00:00,16871739f1c1b2e562f522a60e6c218f,151386821ad471892bf099ebf8197adeee1c4d29,afe980345a1e845fb7e372639205cc57e6902a2505c114dc1bcbcd56119f3413,N/A,N/A,,https://github.com/notepad-plus-plus/notepad-plus-plus/releases/download/v8/npp.8.0.Installer.x64.exe
8,github,x64,npp.8.0.Installer.x64.exe,updater/LICENSE,LICENSE,,7804,2021-12-07T19:40:17+00:00,8e3494bf8cf1967afd3b1016fbbe5bb0,b1608abb6e19ef60f4b9c52f6e05bf81cc97d0c2,319917f5ccd09878db6f67c9a77dee846055644ca49eb535628b9e020a87261e,N/A,N/A,,https://github.com/notepad-plus-plus/notepad-plus-plus/releases/download/v8/npp.8.0.Installer.x64.exe
8,github,x64,npp.8.0.Installer.x64.exe,$PLUGINSDIR/nppLocalization/ligurian.xml,ligurian.xml,,34480,2021-12-07T19:40:17+00:00,58a86031153e6bd8ae1ad5bf80fcc894,656cedf73e8d40797a43980fd1801f6501b036c4,5fad85ea1c785dca218106e2b409c20b3cb103e8cdc87c542aae5d630599c33b,N/A,N/A,,https://github.com/notepad-plus-plus/notepad-plus-plus/releases/download/v8/npp.8.0.Installer.x64.exe
8,github,x64,npp.8.0.Installer.x64.exe,autoCompletion/lisp.xml,lisp.xml,,17231,2021-12-07T19:40:17+00:00,2342b76218146563f7cb762ff1a4c03d,9bd08e072b9f401edffb482ff22bcedb444f8165,7dee0ce72cf218da91221c2be184bd22ba16b120396aa1f209583fc9f62fd8bf,N/A,N/A,,https://github.com/notepad-plus-plus/notepad-plus-plus/releases/download/v8/npp.8.0.Installer.x64.exe
8,github,x64,npp.8.0.Installer.x64.exe,$PLUGINSDIR/nppLocalization/lithuanian.xml,lithuanian.xml,,76720,2021-12-07T19:40:17+00:00,f82686ed79384fec00f33ff98f993720,a841107e5066f87c5b78148b4d2caf8a255be8ab,55b4956b4764f734bcb7b8c62f7fb3ba601a0bf087dba66698fa1e174483bb79,N/A,N/A,,https://github.com/notepad-plus-plus/notepad-plus-plus/releases/download/v8/npp.8.0.Installer.x64.exe
8,github,x64,npp.8.0.Installer.x64.exe,autoCompletion/lua.xml,lua.xml,,90483,2021-12-07T19:40:17+00:00,810918f09e228f768a037223b5dbc505,ee00f44a913591959cbbde9e8ae0b6871f81cd8a,370a055b1c3044a5ff045d8e6cfeca24e82bd0033a41b3d463e63b4d36b1e76a,N/A,N/A,,https://github.com/notepad-plus-plus/notepad-plus-plus/releases/download/v8/npp.8.0.Installer.x64.exe
8,github,x64,npp.8.0.Installer.x64.exe,$PLUGINSDIR/nppLocalization/luxembourgish.xml,luxembourgish.xml,,25260,2021-12-07T19:40:17+00:00,cc2d7d26c9d221def534845ec7453ddb,b40b675c5a5c10c8a393714f483aa515be4a5f8d,b73cb0703537af9d58c2e1f040f2e7f741199eef954d5e109eb301fc4498ffe0,N/A,N/A,,https://github.com/notepad-plus-plus/notepad-plus-plus/releases/download/v8/npp.8.0.Installer.x64.exe
8,github,x64,npp.8.0.Installer.x64.exe,$PLUGINSDIR/nppLocalization/macedonian.xml,macedonian.xml,,36460,2021-12-07T19:40:17+00:00,59f590ee75294f37ccb5ed1c7a441a11,7432c800018216193273b59666f26c4a81540ee6,59dbcc4618fa64eebd71808b16b4736b7af8855bef760aec3eb31c6f8f5f470e,N/A,N/A,,https://github.com/notepad-plus-plus/notepad-plus-plus/releases/download/v8/npp.8.0.Installer.x64.exe
8,github,x64,npp.8.0.Installer.x64.exe,$PLUGINSDIR/nppLocalization/malay.xml,malay.xml,,19084,2021-12-07T19:40:17+00:00,3158e10e8a9b3c0e84a770f5f11aaa1f,418a6c52704b6c832b80b36adbba45682725c76f,690416e418c9821bfe71805f76d9e18ee39fd092742d173cc9fe595268b131fa,N/A,N/A,,https://github.com/notepad-plus-plus/notepad-plus-plus/releases/download/v8/npp.8.0.Installer.x64.exe
8,github,x64,npp.8.0.Installer.x64.exe,$PLUGINSDIR/nppLocalization/marathi.xml,marathi.xml,,48181,2021-12-07T19:40:17+00:00,ce4757e3935343d472515cf9b936d7e4,c9ba81eb7b9f1ec2c0ac70e948846ba434d2ac7c,8b7545558bc73329f6caa27b5aa6203220d7a58ea3b37e9c346e636aaf70146c,N/A,N/A,,https://github.com/notepad-plus-plus/notepad-plus-plus/releases/download/v8/npp.8.0.Installer.x64.exe
8,github,x64,npp.8.0.Installer.x64.exe,$_14_/userDefineLangs/markdown._preinstalled.udl.xml,markdown._preinstalled.udl.xml,,6046,2021-12-07T19:40:17+00:00,c37d302c1b6884616d59477ba8e438ec,22cd67b23836777a1861d2c1d0663eee7eab1933,c5011367a4453096122fe72bb89f2940293cb61e973522ff140cdfe05227b1f3,N/A,N/A,,https://github.com/notepad-plus-plus/notepad-plus-plus/releases/download/v8/npp.8.0.Installer.x64.exe
8,github,x64,npp.8.0.Installer.x64.exe,$_15_/mimeTools/mimeTools.dll,mimeTools.dll,,125352,2021-12-07T19:40:17+00:00,d617fd64e1e56e831e27d379a6fc46df,6ce0b8ab207bc070748ba836bd0b7312f082f85b,fc0e61ad6b03b81f3126d3752da9bea57ea783974f35d9bda27f20144c4195c2,N/A,N/A,,https://github.com/notepad-plus-plus/notepad-plus-plus/releases/download/v8/npp.8.0.Installer.x64.exe
8,github,x64,npp.8.0.Installer.x64.exe,$PLUGINSDIR/modern-header.bmp,modern-header.bmp,,26272,2021-12-07T19:40:17+00:00,56da15fdb8d96f8f5c649dcb5e79d775,157e19e89c5fc690a67e3e3e4786edfce917949c,bb90d4338d2474138473e6b16e94b0237ee847bea45019ed0dd4439c71bd233e,N/A,N/A,,https://github.com/notepad-plus-plus/notepad-plus-plus/releases/download/v8/npp.8.0.Installer.x64.exe
8,github,x64,npp.8.0.Installer.x64.exe,$PLUGINSDIR/modern-wizard.bmp,modern-wizard.bmp,,154544,2021-12-07T19:40:17+00:00,c2cf6928a3ab574a5548b4dc1c38b6c0,8860ff529f60b38a93912f88f234d46eebcf664f,2125550c12fa512782f2016e802d70bc51f4a06017cfbd4176b4a994eb2542f0,N/A,N/A,,https://github.com/notepad-plus-plus/notepad-plus-plus/releases/download/v8/npp.8.0.Installer.x64.exe
8,github,x64,npp.8.0.Installer.x64.exe,$PLUGINSDIR/nppLocalization/mongolian.xml,mongolian.xml,,64376,2021-12-07T19:40:17+00:00,edb56af0fd2e0c8390c7d8d62b080e0f,1a296725f590905e19544424d7fcd14a27f37305,0924a7c8f36e54675cab1c2fdde30fee8ef8c7b56159e1114b1611e994ccaa24,N/A,N/A,,https://github.com/notepad-plus-plus/notepad-plus-plus/releases/download/v8/npp.8.0.Installer.x64.exe
8,github,x64,npp.8.0.Installer.x64.exe,$_14_/themes/Mono Industrial.xml,Mono Industrial.xml,,91448,2021-12-07T19:40:17+00:00,1dd2f54e6454323863d70b6b5dcb1620,37f8ac2b7453d356171737d312e16db0e7494d12,4794862c291de42c75e594ce19e5df267b42ff06d2ef4b7bb2ebb61e949f93c8,N/A,N/A,,https://github.com/notepad-plus-plus/notepad-plus-plus/releases/download/v8/npp.8.0.Installer.x64.exe
8,github,x64,npp.8.0.Installer.x64.exe,$_14_/themes/Monokai.xml,Monokai.xml,,92206,2021-12-07T19:40:17+00:00,961a7b6c6d0f0cbfd47a56c6a17591a3,01d0c6b8cfa6211cfa6d9b572967da79b43654f8,4b09bf80ceeea1b311c428002ea881e991574ce28fe887f9f488c989c5b64912,N/A,N/A,,https://github.com/notepad-plus-plus/notepad-plus-plus/releases/download/v8/npp.8.0.Installer.x64.exe
8,github,x64,npp.8.0.Installer.x64.exe,$_14_/themes/MossyLawn.xml,MossyLawn.xml,,108374,2021-12-07T19:40:17+00:00,449a1374aabd1e800ac1fec9deba583e,a983c8c69487066a51f52d610be2b17fb9629001,73506506d2c79a30a63d5e11e77b7eeeb757220ea52ee99a7b79fa2803c0d684,N/A,N/A,,https://github.com/notepad-plus-plus/notepad-plus-plus/releases/download/v8/npp.8.0.Installer.x64.exe
8,github,x64,npp.8.0.Installer.x64.exe,$_14_/themes/Navajo.xml,Navajo.xml,,108183,2021-12-07T19:40:17+00:00,8846302b3208ea814a7c010fdf764604,e03e5ba9f5516fef84ec7b4f3f1b03108a80cdfc,92ee1ef1d8a353cda26017f576e5a966dd91790f0d2098a83572561909532813,N/A,N/A,,https://github.com/notepad-plus-plus/notepad-plus-plus/releases/download/v8/npp.8.0.Installer.x64.exe
8,github,x64,npp.8.0.Installer.x64.exe,$PLUGINSDIR/nppLocalization/nepali.xml,nepali.xml,,123523,2021-12-07T19:40:17+00:00,6dce93f6c2806a93aa09a6fd372e9257,bbf75dafcb98a1d0d78c4006ca288d8a0e48fa56,161097b077ac354b4bfa23397dcf3ed29790648b68dc660559c8e75e1be9b24a,N/A,N/A,,https://github.com/notepad-plus-plus/notepad-plus-plus/releases/download/v8/npp.8.0.Installer.x64.exe
8,github,x64,npp.8.0.Installer.x64.exe,$PLUGINSDIR/nppLocalization/norwegian.xml,norwegian.xml,,27778,2021-12-07T19:40:17+00:00,f5519b853316445aab668c1dfd480f87,0f7aab54733b22d514b36ea68e39b0fe215afcbc,bb9a79755d37d449acff570c20e78a9e0c58482414435cf0f493e15e6216fce3,N/A,N/A,,https://github.com/notepad-plus-plus/notepad-plus-plus/releases/download/v8/npp.8.0.Installer.x64.exe
8,github,x64,npp.8.0.Installer.x64.exe,notepad++.exe,notepad++.exe,,5862824,2021-12-07T19:40:17+00:00,ea366b780399d1d749290e8cff5fdef8,6fdf40a8302f6c50ed24db93508827af954ebb08,34151895989004218f36f3e97d85c7f52ac39db6f41f29819ca155e9107a8ba1,N/A,N/A,,https://github.com/notepad-plus-plus/notepad-plus-plus/releases/download/v8/npp.8.0.Installer.x64.exe
8,github,x64,npp.8.0.Installer.x64.exe,$_15_/NppConverter/NppConverter.dll,NppConverter.dll,,174504,2021-12-07T19:40:17+00:00,6979b58d1c8bebe1b4f60c8b3a0c6025,14dd1083c8e6cff553c0ed4f3d1ff2ac4f5d3fe3,6c8d80124abc8d75a2dee78ad7e127091f8699034f95d8c9aed63560a65b5538,N/A,N/A,,https://github.com/notepad-plus-plus/notepad-plus-plus/releases/download/v8/npp.8.0.Installer.x64.exe
8,github,x64,npp.8.0.Installer.x64.exe,$_15_/NppExport/NppExport.dll,NppExport.dll,,136104,2021-12-07T19:40:17+00:00,dc59d641151063dfff9d393c9d1d7e2b,77edcb431123900584071ce3625cfbc058483bea,4e82e8add7b3f5bf55ec7163ca0ffc7ecc7fe5935f9e1eb250744705f595a00c,N/A,N/A,,https://github.com/notepad-plus-plus/notepad-plus-plus/releases/download/v8/npp.8.0.Installer.x64.exe
8,github,x64,npp.8.0.Installer.x64.exe,$_17_/nppPluginList.dll,nppPluginList.dll,,168872,2021-12-07T19:40:17+00:00,f748ee7654119f34912866c0523db7c8,996e82ad888a365c7dd08001a898aa2ba635b6e3,a2c2a07b55d7ff31b7397ca87a4952fcd53069756caf3fad854c2b70d3ea2684,N/A,N/A,,https://github.com/notepad-plus-plus/notepad-plus-plus/releases/download/v8/npp.8.0.Installer.x64.exe
8,github,x64,npp.8.0.Installer.x64.exe,NppShell_06.dll,NppShell_06.dll,,229288,2021-12-07T19:40:17+00:00,2aa732b3a17b22f28652d8c3b5e4b6a8,a2650b7aee2f66d358d75418e4209193090bc931,3bea30ffddec5fbfa03e60eadf5f2d4f1d0c651044256cc35b49ea2cc925c911,N/A,N/A,,https://github.com/notepad-plus-plus/notepad-plus-plus/releases/download/v8/npp.8.0.Installer.x64.exe
8,github,x64,npp.8.0.Installer.x64.exe,$PLUGINSDIR/nsDialogs.dll,nsDialogs.dll,,9728,2021-12-07T19:40:17+00:00,466179e1c8ee8a1ff5e4427dbb6c4a01,eb607467009074278e4bd50c7eab400e95ae48f7,1e40211af65923c2f4fd02ce021458a7745d28e2f383835e3015e96575632172,N/A,N/A,,https://github.com/notepad-plus-plus/notepad-plus-plus/releases/download/v8/npp.8.0.Installer.x64.exe
8,github,x64,npp.8.0.Installer.x64.exe,autoCompletion/nsis.xml,nsis.xml,,8176,2021-12-07T19:40:17+00:00,c02485cf76125ce06988d536328ebe81,0bcd80a606c16c48e4ac0e21c489a8e1d46b1f58,98a294b1e45611821fac0bf98b15536efcbde57fb58c9effe46105aa68da24ec,N/A,N/A,,https://github.com/notepad-plus-plus/notepad-plus-plus/releases/download/v8/npp.8.0.Installer.x64.exe
8,github,x64,npp.8.0.Installer.x64.exe,functionList/nsis.xml,nsis.xml,,7125,2021-12-07T19:40:17+00:00,792c0b92f7949c0ec61b8b06a86c5a67,565e8cc8005eb923db47eb1685748c8934c77089,c13743567fcfc4fa77b66e79447edab2d1ecc97d4da32b655d92ae90968f2b0b,N/A,N/A,,https://github.com/notepad-plus-plus/notepad-plus-plus/releases/download/v8/npp.8.0.Installer.x64.exe
8,github,x64,npp.8.0.Installer.x64.exe,$PLUGINSDIR/nppLocalization/nynorsk.xml,nynorsk.xml,,41202,2021-12-07T19:40:17+00:00,694867a6ade700da42a55da24da74200,d6115de129aa535bc83cce55e1c1ad5a001a5fac,319a9e846a610811fdf12b96bf352e4e07f2d7de5a6bec3000cebc1b1e21a1fe,N/A,N/A,,https://github.com/notepad-plus-plus/notepad-plus-plus/releases/download/v8/npp.8.0.Installer.x64.exe
8,github,x64,npp.8.0.Installer.x64.exe,$_14_/themes/Obsidian.xml,Obsidian.xml,,95745,2021-12-07T19:40:17+00:00,4a484addc53e83c94679cb83f75ffc10,7239dcca023f6d91bd409f1b0a56d4a5437c10ad,7f88d74ffa6eb2ad3bfb44a6f6c8ff1fa6809685e16778ed1746e4123b862564,N/A,N/A,,https://github.com/notepad-plus-plus/notepad-plus-plus/releases/download/v8/npp.8.0.Installer.x64.exe
8,github,x64,npp.8.0.Installer.x64.exe,$PLUGINSDIR/nppLocalization/occitan.xml,occitan.xml,,60960,2021-12-07T19:40:17+00:00,878f0c0a2d0e905cb830f3e31eecced7,9c9b4955076d093f9dab456c2b27e82cdba69f7c,d7d80445e9cfde2d5d2d9d9e435b43fc5cf30acf8850b453f826db41856af30a,N/A,N/A,,https://github.com/notepad-plus-plus/notepad-plus-plus/releases/download/v8/npp.8.0.Installer.x64.exe
8,github,x64,npp.8.0.Installer.x64.exe,functionList/overrideMap.xml,overrideMap.xml,,6371,2021-12-07T19:40:17+00:00,28fccc2a6a7145574c006f7dcd8eb251,dd11264640842a112021e9228332219fb979e2dc,e7f8eae310e8ace3b3b0be3bb145ec8c2bbcaa66c9337218dc4cbef633374f95,N/A,N/A,,https://github.com/notepad-plus-plus/notepad-plus-plus/releases/download/v8/npp.8.0.Installer.x64.exe
8,github,x64,npp.8.0.Installer.x64.exe,autoCompletion/perl.xml,perl.xml,,58670,2021-12-07T19:40:17+00:00,68a335d8c7f6bd14b91cfe3bb7e4fbe5,91bb6cc6593d51913e6e8eb1af9579a717769ea1,c75aee84bbdc39cfd3e5b9e8d400a34dea82a1e176ff094de1284824afa5c44a,N/A,N/A,,https://github.com/notepad-plus-plus/notepad-plus-plus/releases/download/v8/npp.8.0.Installer.x64.exe
8,github,x64,npp.8.0.Installer.x64.exe,functionList/perl.xml,perl.xml,,1505,2021-12-07T19:40:17+00:00,c7ad8abe956fbcc3cab1bdb82f457729,8644c5344a3ce147add01d61a943fcd0bad099fb,6558013f984e594bb57534910ce0b17bfa15da3cc9bb4b6e0b5c6e4ddf9eb14e,N/A,N/A,,https://github.com/notepad-plus-plus/notepad-plus-plus/releases/download/v8/npp.8.0.Installer.x64.exe
8,github,x64,npp.8.0.Installer.x64.exe,autoCompletion/php.xml,php.xml,,427922,2021-12-07T19:40:17+00:00,8bb0f6ddbf214fc5247efd6b809e43fa,5f44d91697d849162a5ddc00504fd9a2bbbe8a24,0bf118ba1b96f626eb4217bfc3f192bde2626d1616786daf484e2f3c35d7d706,N/A,N/A,,https://github.com/notepad-plus-plus/notepad-plus-plus/releases/download/v8/npp.8.0.Installer.x64.exe
8,github,x64,npp.8.0.Installer.x64.exe,functionList/php.xml,php.xml,,10000,2021-12-07T19:40:17+00:00,09dd56ad26088b1fa609b8d201064450,1efc7cf7ddcf5c06e9291518fa0e073469075231,b5d149184a4e4a3ed8425e5ace844d784a4ed5a4e0004e959cf17f6267e80b40,N/A,N/A,,https://github.com/notepad-plus-plus/notepad-plus-plus/releases/download/v8/npp.8.0.Installer.x64.exe
8,github,x64,npp.8.0.Installer.x64.exe,$PLUGINSDIR/nppLocalization/piglatin.xml,piglatin.xml,,79086,2021-12-07T19:40:17+00:00,a81a96ae92a44fefd915ec642c0439d7,5af4d51746b51bc2a836e03850a183eabe9a7b28,ddd62f48fcf3b767b77b7bdd128158a038b521192e5eb34585eda41949bdeb1c,N/A,N/A,,https://github.com/notepad-plus-plus/notepad-plus-plus/releases/download/v8/npp.8.0.Installer.x64.exe
8,github,x64,npp.8.0.Installer.x64.exe,$_14_/themes/Plastic Code Wrap.xml,Plastic Code Wrap.xml,,92942,2021-12-07T19:40:17+00:00,29d48938e622822cd21e4b018801aa4e,ae8204dad93f5b32e263fafeb885b1ea971236f0,7c062a06399b1421bb24a710698098979958920dc14baaca2513d2523f2b8183,N/A,N/A,,https://github.com/notepad-plus-plus/notepad-plus-plus/releases/download/v8/npp.8.0.Installer.x64.exe
8,github,x64,npp.8.0.Installer.x64.exe,$PLUGINSDIR/nppLocalization/polish.xml,polish.xml,,99405,2021-12-07T19:40:17+00:00,ebbde5dfebb6e9e4e0c53ce0276fc196,aa191b402246fa9e9334a5057bf58cf6e1117fc3,ab9362cdb589a66b38d6ced225f3487aeff497a5837325aa43f7484e5bd670f6,N/A,N/A,,https://github.com/notepad-plus-plus/notepad-plus-plus/releases/download/v8/npp.8.0.Installer.x64.exe
8,github,x64,npp.8.0.Installer.x64.exe,$PLUGINSDIR/gupLocalization/portuguese.xml,portuguese.xml,,1489,2021-12-07T19:40:17+00:00,83758e96a1685715de0cd8803f25f6c0,ef8981291ef65dea9f8948b1b56a2f554de23fed,25f2bfbb44f9210ab87b9e7a02e7377240a11996b581b6f2f71393c08d40e0ba,N/A,N/A,,https://github.com/notepad-plus-plus/notepad-plus-plus/releases/download/v8/npp.8.0.Installer.x64.exe
8,github,x64,npp.8.0.Installer.x64.exe,$PLUGINSDIR/nppLocalization/portuguese.xml,portuguese.xml,,100365,2021-12-07T19:40:17+00:00,2d2c36472c5955a538d16e06b4699019,dfcb8464f050ca69fabc20f51f5c58e2632ff80d,f60a2e5601b1b64623dd10e96b588629e699a3bada4186c6bc2f6758ce7631c5,N/A,N/A,,https://github.com/notepad-plus-plus/notepad-plus-plus/releases/download/v8/npp.8.0.Installer.x64.exe
8,github,x64,npp.8.0.Installer.x64.exe,functionList/powershell.xml,powershell.xml,,1381,2021-12-07T19:40:17+00:00,9fe2a57fb28e8e3ccf4d3a2a090a7b4d,741f540c8176cb891750c9ef0b6c66bca7ca78f0,9d6ee11f048b734a4edf01acda39d1390b0e1e88756919991c242073723b9c21,N/A,N/A,,https://github.com/notepad-plus-plus/notepad-plus-plus/releases/download/v8/npp.8.0.Installer.x64.exe
8,github,x64,npp.8.0.Installer.x64.exe,$PLUGINSDIR/nppLocalization/punjabi.xml,punjabi.xml,,70605,2021-12-07T19:40:17+00:00,1905fd189d8c02f33034d9dd90704d9a,c33d3d09572ff573581fb4a1f0bb93bb9bb00669,01717885246eefec6c975cfa267451d5afcf9ae859497c52dff18387e002cea0,N/A,N/A,,https://github.com/notepad-plus-plus/notepad-plus-plus/releases/download/v8/npp.8.0.Installer.x64.exe
8,github,x64,npp.8.0.Installer.x64.exe,autoCompletion/python.xml,python.xml,,61578,2021-12-07T19:40:17+00:00,fa2cfe74e8d1f0ce494ff3f01d55ea68,6891483f0a2da2fb0bf80f457a8f620b08c43498,23add5af4a1c87485d4886419021f8842b2da6b44962b024c0bd83b3b782b380,N/A,N/A,,https://github.com/notepad-plus-plus/notepad-plus-plus/releases/download/v8/npp.8.0.Installer.x64.exe
8,github,x64,npp.8.0.Installer.x64.exe,functionList/python.xml,python.xml,,1093,2021-12-07T19:40:17+00:00,ca9b2edacad7a768f1c3b6f318d7a5cc,41db40877fa4e4216cb5335a6a3f721793aafcbe,1810b378b0fd5ac2d876f3ebe0025b2843a5832ad4d283ca9a7c1986fe8c01ef,N/A,N/A,,https://github.com/notepad-plus-plus/notepad-plus-plus/releases/download/v8/npp.8.0.Installer.x64.exe
8,github,x64,npp.8.0.Installer.x64.exe,autoCompletion/rc.xml,rc.xml,,1635,2021-12-07T19:40:17+00:00,893bb156418e493613201fb414699010,bddeee9258a1ba943d52199f552f2e2cba6a8f0b,cd8750aaaa3b70d9e9ce22232b8ac5f5c4e1e13c4261894a1d8e32c22ae8657e,N/A,N/A,,https://github.com/notepad-plus-plus/notepad-plus-plus/releases/download/v8/npp.8.0.Installer.x64.exe
8,github,x64,npp.8.0.Installer.x64.exe,updater/README.md,README.md,,2991,2021-12-07T19:40:17+00:00,9f56b12cbffcfad543fb1f91e3955f1b,406e1423549a8f5e97d8d8e37d5e7f6f4da8194b,aef40520cf12a0842097e8cfbeb9d9128f52573e5f90ca12d4a0a9045978547e,N/A,N/A,,https://github.com/notepad-plus-plus/notepad-plus-plus/releases/download/v8/npp.8.0.Installer.x64.exe
8,github,x64,npp.8.0.Installer.x64.exe,readme.txt,readme.txt,,1526,2021-12-07T19:40:17+00:00,11b0a85dcd7045352f71e46d83de6d7e,77b65e52e20a64441c01c57510dc3d60b33afa16,bc661498305746c6deacbee301522f7c283566a804184e290481d3b57af675b1,N/A,N/A,,https://github.com/notepad-plus-plus/notepad-plus-plus/releases/download/v8/npp.8.0.Installer.x64.exe
8,github,x64,npp.8.0.Installer.x64.exe,$PLUGINSDIR/nppLocalization/romanian.xml,romanian.xml,,78817,2021-12-07T19:40:17+00:00,21213d3ce5057288c1b1d2822925c2f9,bb1f49d1adcf2512d05dfa7bd8dee9351e93141c,bab905124f754bf2ae111c4c0f04170c80343ed0219aa226b8274ae3b741f39c,N/A,N/A,,https://github.com/notepad-plus-plus/notepad-plus-plus/releases/download/v8/npp.8.0.Installer.x64.exe
8,github,x64,npp.8.0.Installer.x64.exe,$_14_/themes/Ruby Blue.xml,Ruby Blue.xml,,72674,2021-12-07T19:40:17+00:00,2021c519ced04f915b871d0e23123098,9fa7269623f5d68aae153147df996023cc9f0b44,278a81d492add8d20373ad2690637c6572819d9f4f43a4a5f46e43b3bf21d3fc,N/A,N/A,,https://github.com/notepad-plus-plus/notepad-plus-plus/releases/download/v8/npp.8.0.Installer.x64.exe
8,github,x64,npp.8.0.Installer.x64.exe,functionList/ruby.xml,ruby.xml,,1088,2021-12-07T19:40:17+00:00,9b89093254088d0cce1e013f0df2ae97,67843fd332da121f5448f6158affa486bdd2e883,bffbebedccb4bfd8e849bb3b577eaf0bc821bd45be29905017e667034e5b25be,N/A,N/A,,https://github.com/notepad-plus-plus/notepad-plus-plus/releases/download/v8/npp.8.0.Installer.x64.exe
8,github,x64,npp.8.0.Installer.x64.exe,$PLUGINSDIR/gupLocalization/russian.xml,russian.xml,,2097,2021-12-07T19:40:17+00:00,e624e7d4bea38de2f1fc9c4e6d98aabd,fc517edebfb98c7b1e90f30e2cde5df1ea1d6a9a,b02bf73815217fbe1facc3690e2ebdd34b3a4170c9dbaef699387854dbcb6f6e,N/A,N/A,,https://github.com/notepad-plus-plus/notepad-plus-plus/releases/download/v8/npp.8.0.Installer.x64.exe
8,github,x64,npp.8.0.Installer.x64.exe,$PLUGINSDIR/nppLocalization/russian.xml,russian.xml,,103213,2021-12-07T19:40:17+00:00,5e0c15a8a5b3a5b57d9a74163484aec6,321fa425ceb2f880ba3f7fb30f759ba154002bfb,3db4028c5233de69af2fa227ec11e7385daf4e5a6f3e6ab03bee17bb66e0c92c,N/A,N/A,,https://github.com/notepad-plus-plus/notepad-plus-plus/releases/download/v8/npp.8.0.Installer.x64.exe
8,github,x64,npp.8.0.Installer.x64.exe,functionList/rust.xml,rust.xml,,1848,2021-12-07T19:40:17+00:00,accc6038de578929af94649cadd88a14,bbfe66bf9d36ea92ac437d466db1f36ae4f67a28,1571595dee56cf2b6b2e39f2108db82cd2e8faf15c1d15bba2fdf34770bcda7f,N/A,N/A,,https://github.com/notepad-plus-plus/notepad-plus-plus/releases/download/v8/npp.8.0.Installer.x64.exe
8,github,x64,npp.8.0.Installer.x64.exe,$PLUGINSDIR/nppLocalization/samogitian.xml,samogitian.xml,,10160,2021-12-07T19:40:17+00:00,ebba131558f344afe63e1c5718d0f7ad,65ba510db37a5d8ef74d1c77ede30fa9cccad299,75eca9974de1fca41651975a92f374660e1a7c273a3d1dab0ef6dd573230878b,N/A,N/A,,https://github.com/notepad-plus-plus/notepad-plus-plus/releases/download/v8/npp.8.0.Installer.x64.exe
8,github,x64,npp.8.0.Installer.x64.exe,$PLUGINSDIR/nppLocalization/sardinian.xml,sardinian.xml,,40982,2021-12-07T19:40:17+00:00,064889342004d04b1de62578aa733216,30b21b176b1c031ec472d45ccad41eba239efc52,0169ebd43b3cec4a4f3b0143a2af6f07ec9bf73cb04882a3d4507f01931c08de,N/A,N/A,,https://github.com/notepad-plus-plus/notepad-plus-plus/releases/download/v8/npp.8.0.Installer.x64.exe
8,github,x64,npp.8.0.Installer.x64.exe,$PLUGINSDIR/nppLocalization/serbian.xml,serbian.xml,,24098,2021-12-07T19:40:17+00:00,174e7dc367ff1c213432b891f11d25bb,e199d3a723bcbb176e9f79969f502658efab0ac7,1a07c6a9c2639fa12bb000f599498ddf84827449afbb7952f4bdc4cf526c2117,N/A,N/A,,https://github.com/notepad-plus-plus/notepad-plus-plus/releases/download/v8/npp.8.0.Installer.x64.exe
8,github,x64,npp.8.0.Installer.x64.exe,$PLUGINSDIR/nppLocalization/serbianCyrillic.xml,serbianCyrillic.xml,,47833,2021-12-07T19:40:17+00:00,e6c94316e6d065533305b94e7d5af2bc,3b6f4b424d7321bae1d643bef50ee952d7990ddd,289d7cdd9d9af5b2992e3b0ac38022f91e3d9dc0051e40733983e26e2ddcf594,N/A,N/A,,https://github.com/notepad-plus-plus/notepad-plus-plus/releases/download/v8/npp.8.0.Installer.x64.exe
8,github,x64,npp.8.0.Installer.x64.exe,shortcuts.xml,shortcuts.xml,,965,2021-12-07T19:40:17+00:00,96c510e0fa8b730ce0fe3dfb1a52aa51,0654a46879eccb4062480c98ff3e00b0f8565ba0,9b0e941dc478fc68d046727f5f8e426cd7e8af91b4fa45882ee9e36b4bb11ee1,N/A,N/A,,https://github.com/notepad-plus-plus/notepad-plus-plus/releases/download/v8/npp.8.0.Installer.x64.exe
8,github,x64,npp.8.0.Installer.x64.exe,$PLUGINSDIR/nppLocalization/sinhala.xml,sinhala.xml,,56893,2021-12-07T19:40:17+00:00,9986ce0334af5335ae8c7e5a3cbc818b,384de56d2af7c4941c266bfba7d69518b2b1879d,a8b55a8115a50bd3b7b07c359c49fe7da48a5acf1dacc2c0e3708f6f48636fd6,N/A,N/A,,https://github.com/notepad-plus-plus/notepad-plus-plus/releases/download/v8/npp.8.0.Installer.x64.exe
8,github,x64,npp.8.0.Installer.x64.exe,functionList/sinumerik.xml,sinumerik.xml,,1003,2021-12-07T19:40:17+00:00,16e39474342d0cc1d3a189fad83d5721,726e75d326099b405da6d6b266f4b9c55f7c51f9,db3ac1fd3d65df45d805adb8dfe0c5209db07ef93406db17dfb783dd8048720a,N/A,N/A,,https://github.com/notepad-plus-plus/notepad-plus-plus/releases/download/v8/npp.8.0.Installer.x64.exe
8,github,x64,npp.8.0.Installer.x64.exe,$PLUGINSDIR/nppLocalization/slovak.xml,slovak.xml,,97546,2021-12-07T19:40:17+00:00,71700345a1ed0e45faa9a8dc2c48fc18,9c55db9704eed914d06bd81f3fd573f9947b804b,3b1d95c064dcb365950e2a0fa4f4365754d33b47c56a610fede2623e59e3114d,N/A,N/A,,https://github.com/notepad-plus-plus/notepad-plus-plus/releases/download/v8/npp.8.0.Installer.x64.exe
8,github,x64,npp.8.0.Installer.x64.exe,$PLUGINSDIR/nppLocalization/slovenian.xml,slovenian.xml,,86657,2021-12-07T19:40:17+00:00,5c7e591e50ef318e985ff4e784ab8804,86f7ab0bd71b9ef382c7085a4f560fabc9742e04,fcb93cc76e40be9bba30113878f57efe57c0cf47e5f45eaf3357bd9d8551be77,N/A,N/A,,https://github.com/notepad-plus-plus/notepad-plus-plus/releases/download/v8/npp.8.0.Installer.x64.exe
8,github,x64,npp.8.0.Installer.x64.exe,$_14_/themes/Solarized-light.xml,Solarized-light.xml,,108819,2021-12-07T19:40:17+00:00,5d4a5b2caa72c57c4268dc7d5e4b8a1d,5f2b74ad78bbaf995b3173b309b0a04b5cdedfc1,3510be48e8f004629d98e4085af77e815e9ce228020ece432c0423a077b91639,N/A,N/A,,https://github.com/notepad-plus-plus/notepad-plus-plus/releases/download/v8/npp.8.0.Installer.x64.exe
8,github,x64,npp.8.0.Installer.x64.exe,$_14_/themes/Solarized.xml,Solarized.xml,,108807,2021-12-07T19:40:17+00:00,2aad408551c64e1be6fd92f38596d039,cbac96b4f4662dac77fb796730de3ca715b7725f,b3f903b8b9ad0dd5a09a6340eabf070b1ed79bc782c6a53f1ac4546e71989aef,N/A,N/A,,https://github.com/notepad-plus-plus/notepad-plus-plus/releases/download/v8/npp.8.0.Installer.x64.exe
8,github,x64,npp.8.0.Installer.x64.exe,$PLUGINSDIR/gupLocalization/spanish.xml,spanish.xml,,1497,2021-12-07T19:40:17+00:00,d7752ef7501eb30094c4da3fedbc01eb,5a1bcdad37fbc2d4c793f63524ec286c0d9b73b8,bb8d443d23ab72d4f8ec39d7af28738b660ec38699876c8096c2c44be214c1b1,N/A,N/A,,https://github.com/notepad-plus-plus/notepad-plus-plus/releases/download/v8/npp.8.0.Installer.x64.exe
8,github,x64,npp.8.0.Installer.x64.exe,$PLUGINSDIR/nppLocalization/spanish.xml,spanish.xml,,75676,2021-12-07T19:40:17+00:00,113190ae34b8ba2e21426f9fb866f955,13c0dd9639159fa2e09a6cd4c4ede04999efcd02,2ed36886d720851d26e6bad10b1a053e1f4e32527992b1897eb4a9916574686c,N/A,N/A,,https://github.com/notepad-plus-plus/notepad-plus-plus/releases/download/v8/npp.8.0.Installer.x64.exe
8,github,x64,npp.8.0.Installer.x64.exe,$PLUGINSDIR/nppLocalization/spanish_ar.xml,spanish_ar.xml,,45331,2021-12-07T19:40:17+00:00,fc5b8b4d481eb2edf7f26f5ea25bdc90,7092229294413ea7caa01f77236a24190e5b63b1,e44e9075288f297faf80b80284f428c67431ab6840ca8685858a7f3dcb6e5867,N/A,N/A,,https://github.com/notepad-plus-plus/notepad-plus-plus/releases/download/v8/npp.8.0.Installer.x64.exe
8,github,x64,npp.8.0.Installer.x64.exe,autoCompletion/sql.xml,sql.xml,,67945,2021-12-07T19:40:17+00:00,fcfd333f5394896ba748f4628b4a1243,19df381ea7689270865352037e04eef344e9d9a4,1b18ca570694e7128d2751a5c7f46464d8ac167be58627a1fd61324284c15ea5,N/A,N/A,,https://github.com/notepad-plus-plus/notepad-plus-plus/releases/download/v8/npp.8.0.Installer.x64.exe
8,github,x64,npp.8.0.Installer.x64.exe,functionList/sql.xml,sql.xml,,1271,2021-12-07T19:40:17+00:00,97cd588eb633538f3d3db2204009ba5f,552fdc1e6626afdcb7d8159babad81fb7fe902dd,a7109b8374dffa7a0cd69558990f7e96fea9ef61736d89043dad5a6694cdfa4a,N/A,N/A,,https://github.com/notepad-plus-plus/notepad-plus-plus/releases/download/v8/npp.8.0.Installer.x64.exe
8,github,x64,npp.8.0.Installer.x64.exe,stylers.model.xml,stylers.model.xml,,170495,2021-12-07T19:40:17+00:00,eee84dd3565b5ba857d67a935ce4d689,3b37be60f25c27e03bd90e7decc7cde09977fd81,1180377902b86c7819807c91cfb32184a8d5dffef4285124555489ab020fe374,N/A,N/A,,https://github.com/notepad-plus-plus/notepad-plus-plus/releases/download/v8/npp.8.0.Installer.x64.exe
8,github,x64,npp.8.0.Installer.x64.exe,$PLUGINSDIR/nppLocalization/swedish.xml,swedish.xml,,63753,2021-12-07T19:40:17+00:00,6f434872b133168c94769c1211721594,be4c9a42139ba7aba784b857a223efbae4ee1fcf,4a6ba1d443095cedab8100f6c317e6f64ce070a4825b9532d48520b205bdd911,N/A,N/A,,https://github.com/notepad-plus-plus/notepad-plus-plus/releases/download/v8/npp.8.0.Installer.x64.exe
8,github,x64,npp.8.0.Installer.x64.exe,$PLUGINSDIR/System.dll,System.dll,,12288,2021-12-07T19:40:17+00:00,0d7ad4f45dc6f5aa87f606d0331c6901,48df0911f0484cbe2a8cdd5362140b63c41ee457,3eb38ae99653a7dbc724132ee240f6e5c4af4bfe7c01d31d23faf373f9f2eaca,N/A,N/A,,https://github.com/notepad-plus-plus/notepad-plus-plus/releases/download/v8/npp.8.0.Installer.x64.exe
8,github,x64,npp.8.0.Installer.x64.exe,$PLUGINSDIR/nppLocalization/tagalog.xml,tagalog.xml,,30395,2021-12-07T19:40:17+00:00,04e3e27d9d635c6b23c8e40dcbbdd442,c66e2dc153c22a445dae0df2bdf3c1693b4ad03e,047c63c449c5e2a9a4f97637c741eb07e6ec034bc829d85c6565bb0292c1cd72,N/A,N/A,,https://github.com/notepad-plus-plus/notepad-plus-plus/releases/download/v8/npp.8.0.Installer.x64.exe
8,github,x64,npp.8.0.Installer.x64.exe,$PLUGINSDIR/gupLocalization/taiwaneseMandarin.xml,taiwaneseMandarin.xml,,1798,2021-12-07T19:40:17+00:00,6f921c68876be704fa3ef2df861b212e,78e0d1fdd98b6f15a9d0bf30c046f3dac159ccf7,6e9307005fae8718d2694c270884bf5858578003cbf23bf12f492dc81f104236,N/A,N/A,,https://github.com/notepad-plus-plus/notepad-plus-plus/releases/download/v8/npp.8.0.Installer.x64.exe
8,github,x64,npp.8.0.Installer.x64.exe,$PLUGINSDIR/nppLocalization/taiwaneseMandarin.xml,taiwaneseMandarin.xml,,89856,2021-12-07T19:40:17+00:00,a7a23470da586c7fdaa456ac66c3de28,0e4ead85a9369d1613f375b98b360493ef6206ed,1b125d3476483f85ef2c77105d99e30be42b91612f02a417e7995a5043a8242a,N/A,N/A,,https://github.com/notepad-plus-plus/notepad-plus-plus/releases/download/v8/npp.8.0.Installer.x64.exe
8,github,x64,npp.8.0.Installer.x64.exe,$PLUGINSDIR/nppLocalization/tajikCyrillic.xml,tajikCyrillic.xml,,66798,2021-12-07T19:40:17+00:00,dabc1ee04ad838b934e1c5ea8d58afa1,abefa1fb5f7fa046cc44aa3fb2c6e4a0fd138b00,b27be56e97ae352359d61c2ed039f7764e905bf48be9b78605a345d849236f02,N/A,N/A,,https://github.com/notepad-plus-plus/notepad-plus-plus/releases/download/v8/npp.8.0.Installer.x64.exe
8,github,x64,npp.8.0.Installer.x64.exe,$PLUGINSDIR/nppLocalization/tamil.xml,tamil.xml,,54196,2021-12-07T19:40:17+00:00,abc0ae5ed0002512221d682263e41204,7a7533274855ceff9a604d6cd36192cc68f2c416,e23759fd6d60ef9728b620a1a8316fc049ccbf93445a91a1a85d27c4e25f3f15,N/A,N/A,,https://github.com/notepad-plus-plus/notepad-plus-plus/releases/download/v8/npp.8.0.Installer.x64.exe
8,github,x64,npp.8.0.Installer.x64.exe,$PLUGINSDIR/nppLocalization/tatar.xml,tatar.xml,,71436,2021-12-07T19:40:17+00:00,b429b2a78e574f3cf91a8d81222755c6,b27619de11cca103a90255d8ed8efe9eb6ebdbe6,2947bbe32db521a19acf3bd201b40a084f5dc4950ff197e2c2e6b1df93779d6d,N/A,N/A,,https://github.com/notepad-plus-plus/notepad-plus-plus/releases/download/v8/npp.8.0.Installer.x64.exe
8,github,x64,npp.8.0.Installer.x64.exe,$PLUGINSDIR/nppLocalization/telugu.xml,telugu.xml,,53577,2021-12-07T19:40:17+00:00,a8b6a302f3bda0eeae95e5214df33ec4,975e8e7ac8258c4f8c4050743debe980a9864e4f,82b4b16ee06e668e4ff30e71fcbf42623cf30dc14177c570a7ad1f47c0284e0c,N/A,N/A,,https://github.com/notepad-plus-plus/notepad-plus-plus/releases/download/v8/npp.8.0.Installer.x64.exe
8,github,x64,npp.8.0.Installer.x64.exe,autoCompletion/tex.xml,tex.xml,,67864,2021-12-07T19:40:17+00:00,40e183975f5e362d33ba5ffe3b5af3df,35a763370180060a8cf7e33f735c464212d7b6cc,c916f03b9dea3d64019907120d7d4efc925e86189327bcbb89969c57934e2c23,N/A,N/A,,https://github.com/notepad-plus-plus/notepad-plus-plus/releases/download/v8/npp.8.0.Installer.x64.exe
8,github,x64,npp.8.0.Installer.x64.exe,$PLUGINSDIR/nppLocalization/thai.xml,thai.xml,,41406,2021-12-07T19:40:17+00:00,8d02b72cdcce6c5a4db56eebba394824,259babbea022717b773d10704f61fb285e800730,8ce450bcfd9b9617f4e0969ad4e201480b255d473cb1383c90761cc28cbd7ecc,N/A,N/A,,https://github.com/notepad-plus-plus/notepad-plus-plus/releases/download/v8/npp.8.0.Installer.x64.exe
8,github,x64,npp.8.0.Installer.x64.exe,$PLUGINSDIR/gupLocalization/turkish.xml,turkish.xml,,1413,2021-12-07T19:40:17+00:00,5f3f2321e9913b6bdb62159d7371a176,3cd979e1ae27b5a413626a48ad03c9f6d0dbf6f7,8310017382e2ecc2c24c5db86afe10125e9033bc8ad418959d64298867dcfff9,N/A,N/A,,https://github.com/notepad-plus-plus/notepad-plus-plus/releases/download/v8/npp.8.0.Installer.x64.exe
8,github,x64,npp.8.0.Installer.x64.exe,$PLUGINSDIR/nppLocalization/turkish.xml,turkish.xml,,81253,2021-12-07T19:40:17+00:00,30ab56b6dc752db71cf72184736f3931,75c3f535f745ce89c07234355ab006a6ab2782bc,fa1fb8280ee543fd32572b8cfe13079640b96162f9295f73edc1f57a865117e0,N/A,N/A,,https://github.com/notepad-plus-plus/notepad-plus-plus/releases/download/v8/npp.8.0.Installer.x64.exe
8,github,x64,npp.8.0.Installer.x64.exe,$_14_/themes/Twilight.xml,Twilight.xml,,91253,2021-12-07T19:40:17+00:00,fb9d4ba33a19bea1ffd63fed5375b259,547986c56a06a95dc14e07e492584259e1ea90d0,6aa8ebc9ac8458ccc5239b173ce1f6a62537183cb7ca593b0caf9efd1a0efe64,N/A,N/A,,https://github.com/notepad-plus-plus/notepad-plus-plus/releases/download/v8/npp.8.0.Installer.x64.exe
8,github,x64,npp.8.0.Installer.x64.exe,$PLUGINSDIR/nppLocalization/ukrainian.xml,ukrainian.xml,,114224,2021-12-07T19:40:17+00:00,99390ec66a753bad0725ea775bbbdfee,e562b723d1979e27b00ba832bded03930af11dc2,1c649fb8e8138157fb7cb7af1036db835c733955b875d0967e79d9e0edbf307d,N/A,N/A,,https://github.com/notepad-plus-plus/notepad-plus-plus/releases/download/v8/npp.8.0.Installer.x64.exe
8,github,x64,npp.8.0.Installer.x64.exe,uninstall.exe.nsis,uninstall.exe.nsis,,76618,2021-12-07T19:40:17+00:00,c9df27382ad4758f103f45c5ccdea4b6,4140ed268a6202869fb0c9d8184ed664f6cfd076,2202e2a30da99746cc9241bc0e2e7c1ba2c89a15d607e05096b47a9fdf1d8050,N/A,N/A,,https://github.com/notepad-plus-plus/notepad-plus-plus/releases/download/v8/npp.8.0.Installer.x64.exe
8,github,x64,npp.8.0.Installer.x64.exe,functionList/universe_basic.xml,universe_basic.xml,,2021,2021-12-07T19:40:17+00:00,3d51afd290e62685d11376237ceac3c2,cddd77e442aba5ca65289a744d89826cde95e663,7c0719b9b312a531cf41cd08affacceef6de084619808238fec0f0247955f26e,N/A,N/A,,https://github.com/notepad-plus-plus/notepad-plus-plus/releases/download/v8/npp.8.0.Installer.x64.exe
8,github,x64,npp.8.0.Installer.x64.exe,$PLUGINSDIR/nppLocalization/urdu.xml,urdu.xml,,15657,2021-12-07T19:40:17+00:00,cf965dfcf2257d8046c453ac36fcf65e,ac650afe9e15fec6e0e3e87bc999c2d9350ab461,0b685abaea6232f3e99d563f01613161251e51aba6a62d83cb306aa5f2d396d5,N/A,N/A,,https://github.com/notepad-plus-plus/notepad-plus-plus/releases/download/v8/npp.8.0.Installer.x64.exe
8,github,x64,npp.8.0.Installer.x64.exe,$PLUGINSDIR/UserInfo.dll,UserInfo.dll,,4096,2021-12-07T19:40:17+00:00,9eb662f3b5fbda28bffe020e0ab40519,0bd28183a9d8dbb98afbcf100fb1f4f6c5fc6c41,9aa388c7de8e96885adcb4325af871b470ac50edb60d4b0d876ad43f5332ffd1,N/A,N/A,,https://github.com/notepad-plus-plus/notepad-plus-plus/releases/download/v8/npp.8.0.Installer.x64.exe
8,github,x64,npp.8.0.Installer.x64.exe,$PLUGINSDIR/nppLocalization/uyghur.xml,uyghur.xml,,47848,2021-12-07T19:40:17+00:00,a5d2661cab9fae284200b5cd84496b41,fa6cfe413495f354ad0d72e9660f04ce05a6556d,f5d24a6c678b1b54539adeafd2bc2697738f44cea6c184fa442980f1440e5afd,N/A,N/A,,https://github.com/notepad-plus-plus/notepad-plus-plus/releases/download/v8/npp.8.0.Installer.x64.exe
8,github,x64,npp.8.0.Installer.x64.exe,$PLUGINSDIR/nppLocalization/uzbek.xml,uzbek.xml,,71000,2021-12-07T19:40:17+00:00,e6f9d1634676bbf208eb05ee2072f90e,4cacf82980300547af7f037abc1034f91ab48dca,aaad527fed599a4b8a98abd7a8981ce30d4b4d066636d4b35b075a8b5df78c92,N/A,N/A,,https://github.com/notepad-plus-plus/notepad-plus-plus/releases/download/v8/npp.8.0.Installer.x64.exe
8,github,x64,npp.8.0.Installer.x64.exe,$PLUGINSDIR/nppLocalization/uzbekCyrillic.xml,uzbekCyrillic.xml,,35714,2021-12-07T19:40:17+00:00,71b7ce4804f337f3d5c4fea4a0733691,f4446df6fbeb19c93869205750991261d3a1ac7b,380e17fd360658921ea937043e540b2af642a7307be691f5c58b825623b61a99,N/A,N/A,,https://github.com/notepad-plus-plus/notepad-plus-plus/releases/download/v8/npp.8.0.Installer.x64.exe
8,github,x64,npp.8.0.Installer.x64.exe,autoCompletion/vb.xml,vb.xml,,17190,2021-12-07T19:40:17+00:00,4849ca62e16d934b8bee6a140d1ec24c,ffc5e961341dd925439b89d66ab23d3b0e14eabf,53104b87f91458aac8c6709b74a7cd5f0367fc6f2280b98aaa495a59e1788551,N/A,N/A,,https://github.com/notepad-plus-plus/notepad-plus-plus/releases/download/v8/npp.8.0.Installer.x64.exe
8,github,x64,npp.8.0.Installer.x64.exe,$PLUGINSDIR/nppLocalization/venetian.xml,venetian.xml,,97026,2021-12-07T19:40:17+00:00,f6b8ffdccd46df5c159162a78ae13bed,8a599c87a994827fe8d0ca694bec910653f5c13e,2b791d8393f76a96247eb188c9c8efd19bf99951bbcc568668eda5b10772c076,N/A,N/A,,https://github.com/notepad-plus-plus/notepad-plus-plus/releases/download/v8/npp.8.0.Installer.x64.exe
8,github,x64,npp.8.0.Installer.x64.exe,autoCompletion/vhdl.xml,vhdl.xml,,2625,2021-12-07T19:40:17+00:00,dbe0170171f2f58def4fd929dc9b4717,4fb8388a73d2106d115984938168f551bcc4a475,dffaf09efd41b7eb9b74128585de649c627627b404fa1925acaa6c56709a3542,N/A,N/A,,https://github.com/notepad-plus-plus/notepad-plus-plus/releases/download/v8/npp.8.0.Installer.x64.exe
8,github,x64,npp.8.0.Installer.x64.exe,functionList/vhdl.xml,vhdl.xml,,1623,2021-12-07T19:40:17+00:00,7abb134780aaf79c527c734ddb51e245,a52feaff1dc159629691f4bed846cf79c8f8d945,558bbe6193a202dcb00cc441421f5d838764e495b8e4d2e10877db7f661b8cd5,N/A,N/A,,https://github.com/notepad-plus-plus/notepad-plus-plus/releases/download/v8/npp.8.0.Installer.x64.exe
8,github,x64,npp.8.0.Installer.x64.exe,$_14_/themes/Vibrant Ink.xml,Vibrant Ink.xml,,89222,2021-12-07T19:40:17+00:00,5363aacbf559cb2a1243f38452161bb2,66428feb8d928abdec91638ce90d710ce3f522d2,8a932268e27c3ec4bbb6a0a58b30f041509c0bca6b9358c33ebf3b68c9b12e0c,N/A,N/A,,https://github.com/notepad-plus-plus/notepad-plus-plus/releases/download/v8/npp.8.0.Installer.x64.exe
8,github,x64,npp.8.0.Installer.x64.exe,$PLUGINSDIR/gupLocalization/vietnamese.xml,vietnamese.xml,,1488,2021-12-07T19:40:17+00:00,2c3064208415d73e8b1d4c68c49121c1,1ba81f814a9765a1a85f4c862def3814e37dd448,cfa10479be9fa34c0d67aad90294e79cf20cc02325cbafb99c14356aefe975e3,N/A,N/A,,https://github.com/notepad-plus-plus/notepad-plus-plus/releases/download/v8/npp.8.0.Installer.x64.exe
8,github,x64,npp.8.0.Installer.x64.exe,$PLUGINSDIR/nppLocalization/vietnamese.xml,vietnamese.xml,,52733,2021-12-07T19:40:17+00:00,5d893adca521dc6cce0d116ea2f3b279,ecedee4cb5e0d7334562823fc383991bfd447555,623229da8948d4c17cf8f547b87f3164e2d6357a7f02272bb3ebec9955b8fb58,N/A,N/A,,https://github.com/notepad-plus-plus/notepad-plus-plus/releases/download/v8/npp.8.0.Installer.x64.exe
8,github,x64,npp.8.0.Installer.x64.exe,$_14_/themes/vim Dark Blue.xml,vim Dark Blue.xml,,89258,2021-12-07T19:40:17+00:00,895f347aa9caa0f8c436726ec5cc3b55,e4e7a0cee02595bace00df198ad2ac59a9c5c899,6d15f700937d44c2c1270f825a951e1d4048886451dd3e824c67e7d0b187b7e5,N/A,N/A,,https://github.com/notepad-plus-plus/notepad-plus-plus/releases/download/v8/npp.8.0.Installer.x64.exe
8,github,x64,npp.8.0.Installer.x64.exe,$PLUGINSDIR/nppLocalization/welsh.xml,welsh.xml,,53261,2021-12-07T19:40:17+00:00,d5583a9dc8b6e03efd573fa67faf6fba,f3fcca7a6bd12eaa24ac4e7d0af75ba2c1067a67,4ccc47461b2445831fd67efe003c934c340ee50c8341f5298d936f3772ef381a,N/A,N/A,,https://github.com/notepad-plus-plus/notepad-plus-plus/releases/download/v8/npp.8.0.Installer.x64.exe
8,github,x64,npp.8.0.Installer.x64.exe,autoCompletion/xml.xml,xml.xml,,12017,2021-12-07T19:40:17+00:00,6972b2c64653b9fb254ef65871140b29,f2d4825ab333405a241ef41d8b71fa23432675b3,1730bc85e1cd2652ea44d6da42114937fe9fed4527b5e0cb6e2a09f47e0da92e,N/A,N/A,,https://github.com/notepad-plus-plus/notepad-plus-plus/releases/download/v8/npp.8.0.Installer.x64.exe
8,github,x64,npp.8.0.Installer.x64.exe,functionList/xml.xml,xml.xml,,2229,2021-12-07T19:40:17+00:00,f898e5e36168ff0c5ff532c9bb068563,287f8fbd7a3b66a4cae7c29cc9a775fa3f2d52b5,5ac3e308c8bef5ed42463929a1be5f519f56a0785fd8c2aed6f85073cc5f98fc,N/A,N/A,,https://github.com/notepad-plus-plus/notepad-plus-plus/releases/download/v8/npp.8.0.Installer.x64.exe
8,github,x64,npp.8.0.Installer.x64.exe,$_14_/themes/Zenburn.xml,Zenburn.xml,,166735,2021-12-07T19:40:17+00:00,6d0f68f607198d62173a10c50b77fc10,101744ea97b7964b3be7a6f6ba8bdce904bde364,6138ed0e4ca7b83f905baf574dfb9b0b59261e1146e21f55ac3c6e9d5cd90bf5,N/A,N/A,,https://github.com/notepad-plus-plus/notepad-plus-plus/releases/download/v8/npp.8.0.Installer.x64.exe
8,github,x64,npp.8.0.Installer.x64.exe,$PLUGINSDIR/nppLocalization/zulu.xml,zulu.xml,,72694,2021-12-07T19:40:17+00:00,4a7511f801ade6a0c2736d2f5795314d,b4a20db2b3a0bbf001b9b81a14b7bb095516ee96,8cb15c28a7238178ed845c82b674702146217eea20f0f8af65e8134ee9ef0caf,N/A,N/A,,https://github.com/notepad-plus-plus/notepad-plus-plus/releases/download/v8/npp.8.0.Installer.x64.exe
8,github,x86,npp.8.0.portable.7z,,npp.8.0.portable.7z,,3032790,2021-12-07T19:40:20+00:00,7faddfac37072dd8202ff00ab7745731,e80ccb791c84e5c7fc3eff9b6b7efe82c3236aa0,5479cf47195f3fcefbf3ba732505383fd586fa45ec0accca079da85038995826,MATCH,MATCH,,https://github.com/notepad-plus-plus/notepad-plus-plus/releases/download/v8/npp.8.0.portable.7z
8,github,x86,npp.8.0.portable.7z,localization/abkhazian.xml,abkhazian.xml,,116298,2021-05-15T20:55:04.739889+00:00,d7284a21afc6b3aadeb8e3b8cfdfaa71,72e827d37f5fd4ed6e716cc52fe812b80c34480c,7276d593845db38db25907f62b119a1881fd0f2373d6a1982a3238e214e03eeb,N/A,N/A,,https://github.com/notepad-plus-plus/notepad-plus-plus/releases/download/v8/npp.8.0.portable.7z
8,github,x86,npp.8.0.portable.7z,autoCompletion/actionscript.xml,actionscript.xml,,20745,2021-02-06T02:57:44.489510+00:00,280f64b01191bf89b52c5bbbea1cc290,e01503c8ef4155bde9c89e3e2a21f8437872c4eb,f1fb320fd456938afc0bc852765e393837bcea53bd514838419801bef8436b9e,N/A,N/A,,https://github.com/notepad-plus-plus/notepad-plus-plus/releases/download/v8/npp.8.0.portable.7z
8,github,x86,npp.8.0.portable.7z,functionList/ada.xml,ada.xml,,3584,2021-04-17T16:47:53.731974+00:00,c7f9fc66e6b1fef3e9f8a37552314bae,82d91e37882d509eee2abcb45d825bbd95829b47,dab30f330f8c5a2db0dfe27e5d8f2d1666b067be35612984b344575a49f50668,N/A,N/A,,https://github.com/notepad-plus-plus/notepad-plus-plus/releases/download/v8/npp.8.0.portable.7z
8,github,x86,npp.8.0.portable.7z,localization/afrikaans.xml,afrikaans.xml,,29077,2016-12-26T22:10:43.769673+00:00,c2f475cc2b49d3aee490c9059529744a,621e81e87c6c8d45a6be6bc69108d8ab13e2d5a6,5d285d98f8891bcf73a770fde00c3215062842224b81c4e70537569712f84570,N/A,N/A,,https://github.com/notepad-plus-plus/notepad-plus-plus/releases/download/v8/npp.8.0.portable.7z
8,github,x86,npp.8.0.portable.7z,localization/albanian.xml,albanian.xml,,57197,2020-01-12T13:43:01.358273+00:00,a648520876f8b3c30a627352c7c52f8a,7fa1240eff3f8ea60d114542fda008a72b845b19,e81fdc20f6a768db14474338d56be5efb863ab53c3013efb325a61e08bc5f452,N/A,N/A,,https://github.com/notepad-plus-plus/notepad-plus-plus/releases/download/v8/npp.8.0.portable.7z
8,github,x86,npp.8.0.portable.7z,localization/arabic.xml,arabic.xml,,91820,2021-05-15T20:55:04.767686+00:00,6e2a96709f8c5893b20f03e98a21ef61,9dd8f5536a706b4c1816f61ae70bc357597b8fc7,ace7ec47795186bca4cbd83873d7c6957bf01cd98dac5325837b2fd05d3b08e9,N/A,N/A,,https://github.com/notepad-plus-plus/notepad-plus-plus/releases/download/v8/npp.8.0.portable.7z
8,github,x86,npp.8.0.portable.7z,localization/aragonese.xml,aragonese.xml,,49810,2020-01-12T13:43:01.363258+00:00,00312582b79ab1f5a35f8a42f9ed211d,55b8efdfbb1c6d735b8adbeb4a727464c4954ab7,5d6a821703377bb9b49594713d6d3c33f1d78263aa055fcd34c8fa3705041d1e,N/A,N/A,,https://github.com/notepad-plus-plus/notepad-plus-plus/releases/download/v8/npp.8.0.portable.7z
8,github,x86,npp.8.0.portable.7z,localization/aranese.xml,aranese.xml,,20821,2016-12-26T22:10:43.795718+00:00,333a18acb93ba083e86679c065b69d15,cb874355fb8e495a2b0b0dcf8868df287ec6a342,de5da809aa6e44c4e6a01c3b5fb7da5a66d9683cb905416f3fcff2ed413ea7c6,N/A,N/A,,https://github.com/notepad-plus-plus/notepad-plus-plus/releases/download/v8/npp.8.0.portable.7z
8,github,x86,npp.8.0.portable.7z,functionList/asm.xml,asm.xml,,1349,2020-10-27T03:29:08.983033+00:00,2c5f4897d7f169e06aea28310c8ab9ec,edfd3f6faf838194de9821efd0fe185ffb6be0f0,73526ddb1d23d595680badd6bd87f5dd82869606a7cf7e8707758d48d848257e,N/A,N/A,,https://github.com/notepad-plus-plus/notepad-plus-plus/releases/download/v8/npp.8.0.portable.7z
8,github,x86,npp.8.0.portable.7z,autoCompletion/autoit.xml,autoit.xml,,738716,2021-02-06T02:57:44.501208+00:00,986e806d09b5c0fff08c5d9eac33a237,22a0d9893cb6cf82598a698401de38df11389043,b15afd5149673e3d72fc8e99945197c86ad43113230dcd8bbc952a82e965e146,N/A,N/A,,https://github.com/notepad-plus-plus/notepad-plus-plus/releases/download/v8/npp.8.0.portable.7z
8,github,x86,npp.8.0.portable.7z,functionList/autoit.xml,autoit.xml,,1848,2020-10-27T03:29:08.984032+00:00,99a0630a10ab4ee883554dc6bd9e2d91,63c842ce0df36d51082b61c2c682abcfc9d98e67,32ae9531405ef3c59448fe6dbd3be435e726eb17f3ca0d16530a4c6317dea286,N/A,N/A,,https://github.com/notepad-plus-plus/notepad-plus-plus/releases/download/v8/npp.8.0.portable.7z
8,github,x86,npp.8.0.portable.7z,localization/azerbaijani.xml,azerbaijani.xml,,35482,2017-08-20T17:40:40.621097+00:00,8cd5c70b03ef9c48585c06fa149f9fcd,4fb0a331d184579444326c6910742ad4b0cbb5a1,d2e185e9c8b1e7d994dcb3b44748f1b499f18ca22a573f452a9b0d791344c448,N/A,N/A,,https://github.com/notepad-plus-plus/notepad-plus-plus/releases/download/v8/npp.8.0.portable.7z
8,github,x86,npp.8.0.portable.7z,autoCompletion/BaanC.xml,BaanC.xml,,18483,2021-02-06T02:57:44.487247+00:00,85c891742fcf58ae535b26ad948370a2,385e2c813c8d157627220f2bc92a5324c120859b,d408ed3caef21ebb64fb29d633e9ce5069454c1a792a09e2e24f83595d2743be,N/A,N/A,,https://github.com/notepad-plus-plus/notepad-plus-plus/releases/download/v8/npp.8.0.portable.7z
8,github,x86,npp.8.0.portable.7z,functionList/baanc.xml,baanc.xml,,8513,2020-10-27T03:29:08.985028+00:00,0fce87843f5245bd9a4d5ddce156c7c4,cead1bad691b0d4722e05312ce752c4fefbdad1b,ec249b0dab6fda20cc24f0f25a504c55a05b23fb6cbb4938aa7a41df0c8744b6,N/A,N/A,,https://github.com/notepad-plus-plus/notepad-plus-plus/releases/download/v8/npp.8.0.portable.7z
8,github,x86,npp.8.0.portable.7z,functionList/bash.xml,bash.xml,,2999,2020-10-27T03:29:08.986026+00:00,162ded022d600dcf4ba4b7e9ac6917a2,762291f4f4e66573811c8ef757a64bda8a4bba09,2ae1142b08d296c25000e451237ea919f981da28f6a723d39540f43f18bac762,N/A,N/A,,https://github.com/notepad-plus-plus/notepad-plus-plus/releases/download/v8/npp.8.0.portable.7z
8,github,x86,npp.8.0.portable.7z,localization/basque.xml,basque.xml,,98792,2021-05-15T20:55:04.770677+00:00,ac5ff123b4039a60744a74c33e1865cc,a0e5c9b572c5356bb5f0bb6a1d5e14378a54b299,5bb8bc10e2c89a62c850afbcdd7c0773d40f76f8069f466a27db2feff7e7d5e9,N/A,N/A,,https://github.com/notepad-plus-plus/notepad-plus-plus/releases/download/v8/npp.8.0.portable.7z
8,github,x86,npp.8.0.portable.7z,autoCompletion/batch.xml,batch.xml,,3777,2021-02-06T02:57:44.503201+00:00,01e31d41e5cfb5d2b85c6aa0aabb0fff,6ffcbf31a35c8674536cc2a8a9de7d3f2d48ca38,c4025268b36bb02b2d25e5144d360f69cfc7dddcb3ac98cd2d588393b5cbd30d,N/A,N/A,,https://github.com/notepad-plus-plus/notepad-plus-plus/releases/download/v8/npp.8.0.portable.7z
8,github,x86,npp.8.0.portable.7z,functionList/batch.xml,batch.xml,,1930,2020-10-27T03:29:08.986026+00:00,0ba94312e694ba6ddb313095678b7159,0faa0cf4df8a9569252e37de821a3e45a65f5c97,77eed9211cd8464482f0da3fac4c0f003c2b8a6d76f15445927e66400f102d60,N/A,N/A,,https://github.com/notepad-plus-plus/notepad-plus-plus/releases/download/v8/npp.8.0.portable.7z
8,github,x86,npp.8.0.portable.7z,localization/belarusian.xml,belarusian.xml,,101944,2021-05-15T20:55:04.773036+00:00,b1232e004b5d50a50187c013cf236917,77fe3395f3084184d574ad41dfd1cf139ca18c95,8858041d46786ef80ec3158a0c8c9f77f737e78460c7fb5b4fd869e4d88b31bc,N/A,N/A,,https://github.com/notepad-plus-plus/notepad-plus-plus/releases/download/v8/npp.8.0.portable.7z
8,github,x86,npp.8.0.portable.7z,localization/bengali.xml,bengali.xml,,69894,2020-05-31T09:57:18.863583+00:00,7fc3c507b1f1dfbd964eff8c990a7605,557b17f144cc2b4816bb2f65c8f27a999ec1f6a8,7906d96b6eee56ce202ac8f703205abf0a0407b32a148817c3b9fef52d44c4cd,N/A,N/A,,https://github.com/notepad-plus-plus/notepad-plus-plus/releases/download/v8/npp.8.0.portable.7z
8,github,x86,npp.8.0.portable.7z,themes/Bespin.xml,Bespin.xml,,92774,2021-02-06T02:57:44.779535+00:00,a8bbc446b637b4efd8040b075e187431,0fd14f515768cf7df5fd85f57edb316321c2ec2f,c477b0436a41c825e80ff8c44c285e3fecac985dbc36f048b8c62725d45e5d49,N/A,N/A,,https://github.com/notepad-plus-plus/notepad-plus-plus/releases/download/v8/npp.8.0.portable.7z
8,github,x86,npp.8.0.portable.7z,themes/Black board.xml,Black board.xml,,91140,2021-02-06T02:57:44.781552+00:00,478979176ab8517ae7e8fbeef68b4f2e,bda21a44ccfb998f6c4c87a619494bfa3a48e5e6,93319cfe003fac2ec858b2e8678016f6b88954692dc747348c3c248e9ab894ea,N/A,N/A,,https://github.com/notepad-plus-plus/notepad-plus-plus/releases/download/v8/npp.8.0.portable.7z
8,github,x86,npp.8.0.portable.7z,localization/bosnian.xml,bosnian.xml,,32084,2016-12-26T22:10:43.820980+00:00,6b036835ed9d1ee92cd9bd4c76f41bbd,faeb76f93f4228832c7cc952833c717f3614a38d,06ce39e85fc9acd72888da5871fae4d18aa2c5bb6a9fa0c9eca459cf0e949a63,N/A,N/A,,https://github.com/notepad-plus-plus/notepad-plus-plus/releases/download/v8/npp.8.0.portable.7z
8,github,x86,npp.8.0.portable.7z,localization/brazilian_portuguese.xml,brazilian_portuguese.xml,,81802,2021-05-15T20:55:04.775665+00:00,659037882ab4cf4f708da6d095aba6c3,cd4398e78f9d903ebada6ab463fdfe6500d05f83,9be5b81e42becb07994a8bc8696b15fb0736eaa8338a5864354ee6106d26cd13,N/A,N/A,,https://github.com/notepad-plus-plus/notepad-plus-plus/releases/download/v8/npp.8.0.portable.7z
8,github,x86,npp.8.0.portable.7z,localization/breton.xml,breton.xml,,82739,2021-05-15T20:55:04.779653+00:00,c732b3d6279c2539bfe78d664b250a1c,13f0318b3be76d56aa321bd9b14f5fe977dcbc3a,0cc61c777ab6e68149978f7e1c08fc33a780985676da705b0d5bcd57b335b369,N/A,N/A,,https://github.com/notepad-plus-plus/notepad-plus-plus/releases/download/v8/npp.8.0.portable.7z
8,github,x86,npp.8.0.portable.7z,localization/bulgarian.xml,bulgarian.xml,,110087,2021-06-03T12:28:23.788197+00:00,5c1d4d6eccb1b85815a38b7e8e8aa683,92f7fe794183e3819c59e0be6157946fd2ae69ae,5454a8d4604dd9394eb3c129958e926d4245ad70d7e764316fcce187123c1a0d,N/A,N/A,,https://github.com/notepad-plus-plus/notepad-plus-plus/releases/download/v8/npp.8.0.portable.7z
8,github,x86,npp.8.0.portable.7z,autoCompletion/c.xml,c.xml,,44386,2021-02-06T02:57:44.506196+00:00,2eaa4b8af356b86455f8aae63eb43340,e8224d0873a79c4e27ce96b739f0e154c9432287,35aadc7531e2332679c54306899a21fe3586b7203132cb5673b64915feb91bad,N/A,N/A,,https://github.com/notepad-plus-plus/notepad-plus-plus/releases/download/v8/npp.8.0.portable.7z
8,github,x86,npp.8.0.portable.7z,functionList/c.xml,c.xml,,4133,2020-10-27T03:29:08.987022+00:00,9aeb2c0dc00adaede0e06f24080f233e,b2fe11701a83da1b608b63b051b9073f4a194e4f,f3a7e5e59e883a3ef6c99967766a546d55dd7a767fadb9f4d433cedf0555e992,N/A,N/A,,https://github.com/notepad-plus-plus/notepad-plus-plus/releases/download/v8/npp.8.0.portable.7z
8,github,x86,npp.8.0.portable.7z,localization/catalan.xml,catalan.xml,,68727,2021-05-15T20:55:04.788629+00:00,fba5784c2fd64e9486a907e2e07fb5f8,48a5686529c7bd412b424627308fad87426f3d59,0aa431857ffa1d38cb6cc950a5f24d9cf4601b624fdb2181bddf8eb727e9fc38,N/A,N/A,,https://github.com/notepad-plus-plus/notepad-plus-plus/releases/download/v8/npp.8.0.portable.7z
8,github,x86,npp.8.0.portable.7z,change.log,change.log,,2768,2021-06-06T16:35:50.293046+00:00,814064aa064d6af8dfa48710b537ee10,6f8dc91e9c7694ff5d22f1104cfa64b37587d3ad,5effb6e7d0dbee030da9cf7d9bf9ce00a18c02589eea7b51a6f6e744b2bbec2c,N/A,N/A,,https://github.com/notepad-plus-plus/notepad-plus-plus/releases/download/v8/npp.8.0.portable.7z
8,github,x86,npp.8.0.portable.7z,localization/chineseSimplified.xml,chineseSimplified.xml,,90450,2021-05-15T20:55:04.791621+00:00,84c307638d72c60f077c852ff6fe7d16,b8c2b2ffa8fb6b29d42db5ad7968e1e0f8732c52,4043c5a87fb7f63c3282641974087b776680bdd47f92919898c0b88285e2114a,N/A,N/A,,https://github.com/notepad-plus-plus/notepad-plus-plus/releases/download/v8/npp.8.0.portable.7z
8,github,x86,npp.8.0.portable.7z,themes/Choco.xml,Choco.xml,,91451,2021-02-06T02:57:44.784149+00:00,1d779b0104ee9e33ea8c103d62296be4,7bf8e56a29bf58267bc3e6e196f9897392f75a27,9ad51dae67a78c04c5adc8fd4a94a0a4f54902e2448333ac3a79b2448c53d483,N/A,N/A,,https://github.com/notepad-plus-plus/notepad-plus-plus/releases/download/v8/npp.8.0.portable.7z
8,github,x86,npp.8.0.portable.7z,autoCompletion/cmake.xml,cmake.xml,,7884,2021-02-06T02:57:44.508188+00:00,4f983f57c1815f6b74ae78da2ea3c3ea,ccd8399d9f50bbe22e9b1f5e1b7b8fadc200f4f9,f902adc5faf041306b54d48914a5bc9c8d45057a4da431786aef451e2c39d1f7,N/A,N/A,,https://github.com/notepad-plus-plus/notepad-plus-plus/releases/download/v8/npp.8.0.portable.7z
8,github,x86,npp.8.0.portable.7z,functionList/cobol-free.xml,cobol-free.xml,,1772,2020-10-27T03:29:08.988020+00:00,0b82534cdd9ffec3e57d80ce95a49293,c07e6c127653b7d9604b3f53274d562d3084e19a,5639c845d56dedecd2cfdb082b734593b5d618a87f1bd8ec612a8b3f4245566a,N/A,N/A,,https://github.com/notepad-plus-plus/notepad-plus-plus/releases/download/v8/npp.8.0.portable.7z
8,github,x86,npp.8.0.portable.7z,autoCompletion/cobol.xml,cobol.xml,,47435,2021-02-06T02:57:44.511181+00:00,14a6c0b65978315cd52c54c3fcf1e96a,a7a2e4a2e3a3671ae2d663f833ffe0f835391745,5b59b5e1a453df08761332ed75ba5abb027716911cf88fca0fe25985ceec2e17,N/A,N/A,,https://github.com/notepad-plus-plus/notepad-plus-plus/releases/download/v8/npp.8.0.portable.7z
8,github,x86,npp.8.0.portable.7z,functionList/cobol.xml,cobol.xml,,1368,2020-10-27T03:29:08.989017+00:00,42e52d6bcc674ecaca09feabf0c46dc2,fab3e864a8f51497e9febfe1c47c9058ddd7b137,057784451e3442f381f6a8af931a7050f88d19bda6bc939d37607532a353da1c,N/A,N/A,,https://github.com/notepad-plus-plus/notepad-plus-plus/releases/download/v8/npp.8.0.portable.7z
8,github,x86,npp.8.0.portable.7z,autoCompletion/coffee.xml,coffee.xml,,1503,2021-02-06T02:57:44.513585+00:00,28e3f4b13cf33fbfe47e71611ee8d45e,820858ce39f6eacc44a141c23b457520294d1806,2fc2a95486f8f06adf471429cff3b55d0ec5d3797235692e1da558b558141c2a,N/A,N/A,,https://github.com/notepad-plus-plus/notepad-plus-plus/releases/download/v8/npp.8.0.portable.7z
8,github,x86,npp.8.0.portable.7z,config.xml,config.xml,,5107,2021-02-06T02:57:45.188626+00:00,464f9d5abaf898ea16459eb5a31a35c8,4c9e2f8849f5cc14b1f833ef9aa667fe6a027784,abdaddc1d7ba9f3ff443ba93088ff47af79534a5c33c235f47f94e1f01cfb331,N/A,N/A,,https://github.com/notepad-plus-plus/notepad-plus-plus/releases/download/v8/npp.8.0.portable.7z
8,github,x86,npp.8.0.portable.7z,contextMenu.xml,contextMenu.xml,,3919,2021-04-17T16:47:53.824728+00:00,50ee50c8d2f16c8121ce788f5047b9d7,6443c68a786d0f4a8e0e318b2c76016878aee57c,e30c0bd332a1186c694fb84e0fdadbebb6aebf899ed40aa976b9f598273cc48d,N/A,N/A,,https://github.com/notepad-plus-plus/notepad-plus-plus/releases/download/v8/npp.8.0.portable.7z
8,github,x86,npp.8.0.portable.7z,localization/corsican.xml,corsican.xml,,105603,2021-06-03T12:28:23.790192+00:00,17003eaadbc190c4e760db221485e103,016ebc2c1a56af6cf1fc6606b35dddc622f91573,83666868d025f0732242a1aeecc74d1e1c364748f64d0dad97579d4c8cf3073d,N/A,N/A,,https://github.com/notepad-plus-plus/notepad-plus-plus/releases/download/v8/npp.8.0.portable.7z
8,github,x86,npp.8.0.portable.7z,autoCompletion/cpp.xml,cpp.xml,,61526,2021-02-06T02:57:44.516168+00:00,96b467677841b3067cc07c63c687ba4e,1971ddd33d802ef77e45d7a858d1d5b32060f7a3,28add87d67b1b542bdeeeeb45ad1528c3f28e4e56c40367e869b717c5f44be49,N/A,N/A,,https://github.com/notepad-plus-plus/notepad-plus-plus/releases/download/v8/npp.8.0.portable.7z
8,github,x86,npp.8.0.portable.7z,functionList/cpp.xml,cpp.xml,,18515,2020-10-27T03:29:08.990016+00:00,c794bb828625f83122e89b24bbc5f0c8,5b7d579ce72746284dcd1c71e7751cc32ae06c01,40cf1af5650b699a947899d2b43a00dcb64cdeaf080651c82a7930910c1c03f4,N/A,N/A,,https://github.com/notepad-plus-plus/notepad-plus-plus/releases/download/v8/npp.8.0.portable.7z
8,github,x86,npp.8.0.portable.7z,localization/croatian.xml,croatian.xml,,100941,2021-05-15T20:55:04.796996+00:00,0170effc3d2bf62c66e4bece1bd9529e,2cc56763bcfc2b4838bd5518973e01db8599fe8a,74896b61dc983f88eaf73c8cd05ecf903c94e8bdfc96dd23ed385cb9a1f6901b,N/A,N/A,,https://github.com/notepad-plus-plus/notepad-plus-plus/releases/download/v8/npp.8.0.portable.7z
8,github,x86,npp.8.0.portable.7z,autoCompletion/cs.xml,cs.xml,,33861,2021-02-06T02:57:44.518721+00:00,ec8c58e0d38c66fb1a2bc3a3c6c296d8,ad050cfc75e9712109b72d1f23d67bd9a8959f8c,95251b18e87d571e4bfc11b130772447e09461d4f0788e820939da776176e0a4,N/A,N/A,,https://github.com/notepad-plus-plus/notepad-plus-plus/releases/download/v8/npp.8.0.portable.7z
8,github,x86,npp.8.0.portable.7z,functionList/cs.xml,cs.xml,,1834,2020-10-27T03:29:08.991012+00:00,0f35ee0cb20a383942b7ea9a0dc91b61,2770947a577f53c16f25b36ba30e6f94fb0e8209,59345c006cd9bde5ef532aae1f119758d45030993181c272bb0dd6fc0c5d01e5,N/A,N/A,,https://github.com/notepad-plus-plus/notepad-plus-plus/releases/download/v8/npp.8.0.portable.7z
8,github,x86,npp.8.0.portable.7z,autoCompletion/css.xml,css.xml,,11515,2021-02-06T02:57:44.521309+00:00,64dabdc0a5648e812e85753a9525644b,50876b7deb96c121fbde72ea94774c053ef5e457,1ce87ddfd55e689461791ce1f2373a38d73e57035725e9cc43d69d5a8ef43adf,N/A,N/A,,https://github.com/notepad-plus-plus/notepad-plus-plus/releases/download/v8/npp.8.0.portable.7z
8,github,x86,npp.8.0.portable.7z,localization/czech.xml,czech.xml,,88185,2021-05-14T11:01:03.845736+00:00,1b7e6c896ad37fd208157567d681ab37,f194f495caf291ba41232097cec25f7ff7ae8dbf,2f0ba49d44703d557bdcc468c4fa1293ea97a0db0034a914ca096f6c432cb8a5,N/A,N/A,,https://github.com/notepad-plus-plus/notepad-plus-plus/releases/download/v8/npp.8.0.portable.7z
8,github,x86,npp.8.0.portable.7z,localization/danish.xml,danish.xml,,86584,2021-05-15T20:55:04.799612+00:00,84c4f6e832fc062a6bbb768bf19e0ee5,44b0cf84e265851767172435267a73f7e05006e8,f2ba6833ad372ed0a7095da552a1ee4bb37b5c53362aa81e25905d3145a215a1,N/A,N/A,,https://github.com/notepad-plus-plus/notepad-plus-plus/releases/download/v8/npp.8.0.portable.7z
8,github,x86,npp.8.0.portable.7z,themes/DansLeRuSH-Dark.xml,DansLeRuSH-Dark.xml,,109871,2021-02-06T02:57:44.786444+00:00,52659d432fef1f94f29454165d4b251f,3ee91a1be14a545bc645ad945aaca4cac3043edb,9e4e8b753b943304d3885efc68c6cb4603c813c1aecbb8db967a7504b814a9d1,N/A,N/A,,https://github.com/notepad-plus-plus/notepad-plus-plus/releases/download/v8/npp.8.0.portable.7z
8,github,x86,npp.8.0.portable.7z,themes/DarkModeDefault.xml,DarkModeDefault.xml,,166735,2021-05-14T11:01:03.884035+00:00,6d0f68f607198d62173a10c50b77fc10,101744ea97b7964b3be7a6f6ba8bdce904bde364,6138ed0e4ca7b83f905baf574dfb9b0b59261e1146e21f55ac3c6e9d5cd90bf5,N/A,N/A,,https://github.com/notepad-plus-plus/notepad-plus-plus/releases/download/v8/npp.8.0.portable.7z
8,github,x86,npp.8.0.portable.7z,themes/Deep Black.xml,Deep Black.xml,,90076,2021-02-06T02:57:44.788439+00:00,02a33d4d0cb9c61f93dd4ea849ecb14f,5905769498ae32a32f5fdb1dcbf0fca97d7d3eca,4faac9346f9e190be23bc3a41c61178c34a8ab57b69099e8de79ca235b15323a,N/A,N/A,,https://github.com/notepad-plus-plus/notepad-plus-plus/releases/download/v8/npp.8.0.portable.7z
8,github,x86,npp.8.0.portable.7z,doLocalConf.xml,doLocalConf.xml,,0,2017-08-16T07:23:53.663879+00:00,d41d8cd98f00b204e9800998ecf8427e,da39a3ee5e6b4b0d3255bfef95601890afd80709,e3b0c44298fc1c149afbf4c8996fb92427ae41e4649b934ca495991b7852b855,N/A,N/A,,https://github.com/notepad-plus-plus/notepad-plus-plus/releases/download/v8/npp.8.0.portable.7z
8,github,x86,npp.8.0.portable.7z,localization/dutch.xml,dutch.xml,,98600,2021-06-03T12:28:23.793185+00:00,22314aedafb3f2e55fe5c807ac368a2e,f595b435da9adad5413e09f0fe2abe9dac41c013,c43bdd5fb163a068a675613ee1615dc672f4d99f6ad8d04dd73948b72ea34a56,N/A,N/A,,https://github.com/notepad-plus-plus/notepad-plus-plus/releases/download/v8/npp.8.0.portable.7z
8,github,x86,npp.8.0.portable.7z,localization/english.xml,english.xml,,93692,2021-06-03T12:28:23.795178+00:00,4721340135291457a8ee76eff22f1d4a,aec76bb4b2d5e89b225d798445567c4c384c7a18,db1620e8014233f6b90861f13574b739a7da9d3788d22df9d346279c64f23e26,N/A,N/A,,https://github.com/notepad-plus-plus/notepad-plus-plus/releases/download/v8/npp.8.0.portable.7z
8,github,x86,npp.8.0.portable.7z,localization/english_customizable.xml,english_customizable.xml,,93568,2021-05-18T20:13:43.938670+00:00,215b806e3b76d22d585cc3ac3edd524c,5ceabe197fc6da5755e3766a154aae4334b309c4,9fa9b5fa34a74d4475dc039f975ae0d879d32409f8be677bcf6f4b9d5866489d,N/A,N/A,,https://github.com/notepad-plus-plus/notepad-plus-plus/releases/download/v8/npp.8.0.portable.7z
8,github,x86,npp.8.0.portable.7z,localization/esperanto.xml,esperanto.xml,,48286,2020-01-12T13:43:01.405147+00:00,49f94b0b12fd87e9aae7e0a17509c5ad,c8356fc2299e08c7597b815fef66772e66cfe5cf,7a84d2e2472b2ad7786e1963af3616d2330a857a85af16615612042ec410547e,N/A,N/A,,https://github.com/notepad-plus-plus/notepad-plus-plus/releases/download/v8/npp.8.0.portable.7z
8,github,x86,npp.8.0.portable.7z,localization/estonian.xml,estonian.xml,,60643,2021-05-15T20:55:04.809574+00:00,b8d207d2af974a53df2757cd4977f01b,9025924fb7094192d254b0183269134dca7a5d11,d18a620ea786420f0e69c10df2d3981254a5edd29abcab674cf915e98a860801,N/A,N/A,,https://github.com/notepad-plus-plus/notepad-plus-plus/releases/download/v8/npp.8.0.portable.7z
8,github,x86,npp.8.0.portable.7z,localization/extremaduran.xml,extremaduran.xml,,25399,2016-12-26T22:10:43.910594+00:00,896b0f1f0854f3bcc23a80c99dcebd47,ee5d3a7de7503e18b2929d96dc164dd0671a841d,87e0372bfd2b84316adf2c7d3130fcf2415a96ec2c8bcd5da6f1a8a3a807c8d2,N/A,N/A,,https://github.com/notepad-plus-plus/notepad-plus-plus/releases/download/v8/npp.8.0.portable.7z
8,github,x86,npp.8.0.portable.7z,localization/farsi.xml,farsi.xml,,65703,2021-05-15T20:55:04.812649+00:00,44e17fd524df05d8720598b2879e386a,bae71fc18928a4815743c95ddff178be1219ebc5,e7111bd3f7700dca9828d4deb6a7f93d64845b43f4e754cd79ef8d47225f3037,N/A,N/A,,https://github.com/notepad-plus-plus/notepad-plus-plus/releases/download/v8/npp.8.0.portable.7z
8,github,x86,npp.8.0.portable.7z,localization/finnish.xml,finnish.xml,,69344,2021-05-15T20:55:04.816555+00:00,fa44a74f56351a8bd18b5e7a70c7ebf7,7b3d90ef7ef098c37840e7d59e9a94c619d2535a,085abe6341b90ceb7690d79032a1e0f3bd909c78227b9e197be2716fc9316e17,N/A,N/A,,https://github.com/notepad-plus-plus/notepad-plus-plus/releases/download/v8/npp.8.0.portable.7z
8,github,x86,npp.8.0.portable.7z,functionList/fortran.xml,fortran.xml,,1998,2021-04-17T16:47:53.731974+00:00,24efe929c0a64d0728082696eae24e47,8bb52b350a31b26750b5576196de4e1901580ec7,5b324fb16c96737c266d4fec05476017c8547e3f59a16bebcbac0086ed4ae14b,N/A,N/A,,https://github.com/notepad-plus-plus/notepad-plus-plus/releases/download/v8/npp.8.0.portable.7z
8,github,x86,npp.8.0.portable.7z,functionList/fortran77.xml,fortran77.xml,,1618,2021-04-17T16:47:53.732974+00:00,1ced186652b31449fa28912b79449e55,efa4be5ca2d47d70fc839b5cbbd6e313d5f31884,355a07e657b68f84494b95119c4bec782d27af25c6b396eb1bdf61b387c55bda,N/A,N/A,,https://github.com/notepad-plus-plus/notepad-plus-plus/releases/download/v8/npp.8.0.portable.7z
8,github,x86,npp.8.0.portable.7z,localization/french.xml,french.xml,,95436,2021-05-15T20:55:04.819547+00:00,70c7d3148ca91634d804be8c42a268ce,d016592f63be6590f303043d399f46c75ff644be,1794eba6af42ce807b6feda2099fca572fa48e23e8952f288d6975c3ef9f84a2,N/A,N/A,,https://github.com/notepad-plus-plus/notepad-plus-plus/releases/download/v8/npp.8.0.portable.7z
8,github,x86,npp.8.0.portable.7z,localization/friulian.xml,friulian.xml,,34362,2017-08-20T17:40:40.917620+00:00,6d4c069b4c4517f68657be1641bec299,cc5384f29594b19822a805f8d5888ff328e169a1,d4ffe0a2b5e35fede7e6244be9823e1e946c60db1635e6d3f753e6df938e4b3d,N/A,N/A,,https://github.com/notepad-plus-plus/notepad-plus-plus/releases/download/v8/npp.8.0.portable.7z
8,github,x86,npp.8.0.portable.7z,localization/galician.xml,galician.xml,,25339,2016-12-26T22:10:43.936632+00:00,191cc6b7ed37fad274f985d7329bd048,a8b7750901614323318923833a2fb7ac021e8c34,89a20e547d17b1006698cd35fbad772403033420808c8299206a8e299961d83e,N/A,N/A,,https://github.com/notepad-plus-plus/notepad-plus-plus/releases/download/v8/npp.8.0.portable.7z
8,github,x86,npp.8.0.portable.7z,localization/georgian.xml,georgian.xml,,60005,2017-08-20T17:40:40.935670+00:00,cada78594c9838103c479dbda55c9e05,7cdc3fd1b8a7ede96101badacf68281e3432bfbb,b319b96cb4eece88c0cf88b557ce56ce5abe85bdf0a6a1007b64310a708a6572,N/A,N/A,,https://github.com/notepad-plus-plus/notepad-plus-plus/releases/download/v8/npp.8.0.portable.7z
8,github,x86,npp.8.0.portable.7z,localization/german.xml,german.xml,,80514,2021-05-15T20:55:04.823862+00:00,1bb39c97049c23b0a69ec75e4c893f91,73e6f73490f08ec4abf60cc7918a71e86966dfab,8a526ffadf34c34cb6825d928505fc1c292df6110411c97599c0d391c5f679a1,N/A,N/A,,https://github.com/notepad-plus-plus/notepad-plus-plus/releases/download/v8/npp.8.0.portable.7z
8,github,x86,npp.8.0.portable.7z,localization/greek.xml,greek.xml,,104474,2021-06-03T12:28:23.797174+00:00,cf7abbe63252ec741479dee35774807b,80ea01bcf9f0e5bd69244b513ccb8f57f96e316c,9dbc07059f0037c5b114487b9a259d631589a37c70bf1bc6115405649429861c,N/A,N/A,,https://github.com/notepad-plus-plus/notepad-plus-plus/releases/download/v8/npp.8.0.portable.7z
8,github,x86,npp.8.0.portable.7z,localization/gujarati.xml,gujarati.xml,,69663,2020-05-31T09:57:18.882532+00:00,7fc20c4adbdc66c21775a870387769b2,34ee8fc4001645bdeab1427ed8f33a01d2d081ca,efcce0e0c6fe01a7d40cae0a239d85ec3c06e9a7c5dd9adc23825eae2dbf30b3,N/A,N/A,,https://github.com/notepad-plus-plus/notepad-plus-plus/releases/download/v8/npp.8.0.portable.7z
8,github,x86,npp.8.0.portable.7z,updater/GUP.exe,GUP.exe,,743336,2021-06-06T16:48:56.004046+00:00,f4b66db980494e970b50ffa2677a6d5a,261c7569af97a60e0a3f4949fd464c7c5609164b,4646fe8071938e1254a13f1f41be3e0873beaa2c0abaa2941179669935d755bc,N/A,N/A,,https://github.com/notepad-plus-plus/notepad-plus-plus/releases/download/v8/npp.8.0.portable.7z
8,github,x86,npp.8.0.portable.7z,updater/gup.xml,gup.xml,,4267,2018-12-27T00:45:13.826712+00:00,b023cc4d768b34a5401f317479740a53,4ca45db707b120bca9cb6cd8404b9e6ecabdb2d2,d3e6404c7286961cbab82d4c49f82bcb166db9b5a13eacaa0eeb59a0709a0c14,N/A,N/A,,https://github.com/notepad-plus-plus/notepad-plus-plus/releases/download/v8/npp.8.0.portable.7z
8,github,x86,npp.8.0.portable.7z,functionList/haskell.xml,haskell.xml,,2475,2021-04-17T16:47:53.733969+00:00,39f92a5a4c65c9ebf93e23f517ec0ac9,0a87cae9a01c68f1c6b955d221e8bb975ff13fcd,e163c2dc738f1df1d4029ca9f2af7309da19e4ad4eefac1212bbba6fa0167ad4,N/A,N/A,,https://github.com/notepad-plus-plus/notepad-plus-plus/releases/download/v8/npp.8.0.portable.7z
8,github,x86,npp.8.0.portable.7z,localization/hebrew.xml,hebrew.xml,,22740,2018-12-09T18:22:22.918496+00:00,07c8ebe76b6352401c0e9c84956d727f,fb14d93db71d0d4b3f25c275fc57d615ce7446c4,58585868a8164b247c53ad3646076e3404a4fd854ee3632ca9841c1ba3d210d6,N/A,N/A,,https://github.com/notepad-plus-plus/notepad-plus-plus/releases/download/v8/npp.8.0.portable.7z
8,github,x86,npp.8.0.portable.7z,themes/Hello Kitty.xml,Hello Kitty.xml,,90003,2021-02-06T02:57:44.790562+00:00,440f1754c493214c970457fd8bb90601,fb6e530fa6180e0fb2be35574ce7f6666ee7b6cf,9e82a82618fe052bf5ce97752001b966da68d5599e6fba3031f2807de420f896,N/A,N/A,,https://github.com/notepad-plus-plus/notepad-plus-plus/releases/download/v8/npp.8.0.portable.7z
8,github,x86,npp.8.0.portable.7z,localization/hindi.xml,hindi.xml,,101926,2021-05-15T20:55:04.827692+00:00,b5857e80af0743018276e7a89b16f3c0,766f407f0f5cf20b8c1ec2fe225d6abaa7af323d,d25ed21d8a40215b31e762bc08e3133e11afd4df68d2f88894ba6f4805a1fe79,N/A,N/A,,https://github.com/notepad-plus-plus/notepad-plus-plus/releases/download/v8/npp.8.0.portable.7z
8,github,x86,npp.8.0.portable.7z,localization/hongKongCantonese.xml,hongKongCantonese.xml,,95770,2021-06-03T12:28:23.799167+00:00,e2fcc2bb0386d15273a4e9b944235f5f,80ffbf58fe441e88597a3d39fc5efdcbb453b255,a7e1f78de9519fddcac6fc4c38abf99f27ce17018353450bfe4b2dcd4c0fc8f2,N/A,N/A,,https://github.com/notepad-plus-plus/notepad-plus-plus/releases/download/v8/npp.8.0.portable.7z
8,github,x86,npp.8.0.portable.7z,themes/HotFudgeSundae.xml,HotFudgeSundae.xml,,110487,2021-02-06T02:57:44.792649+00:00,8af4695773d5de3e50564cc60afd5027,5db749e5d008fa8331186743c0d47ba907e6abe0,375d6c3818f17edbe41e0a14061f8f07941a617222f7bf6e44a5a0cdb58c9afe,N/A,N/A,,https://github.com/notepad-plus-plus/notepad-plus-plus/releases/download/v8/npp.8.0.portable.7z
8,github,x86,npp.8.0.portable.7z,autoCompletion/html.xml,html.xml,,19490,2021-02-06T02:57:44.523148+00:00,83f7d0f14d6cd73474f0f409950b354a,9e86874a1f691f71d977e2f3aeb77170439465f5,faceb73d447eb8354e84a6ae96b4e354375f2db795756f3003a430b3e2ea66e8,N/A,N/A,,https://github.com/notepad-plus-plus/notepad-plus-plus/releases/download/v8/npp.8.0.portable.7z
8,github,x86,npp.8.0.portable.7z,localization/hungarian.xml,hungarian.xml,,84326,2021-05-15T20:55:04.838498+00:00,ec20dc510d4eaf0b761dbcb6d23d1393,7766f85f04d4e73bd0a7c3ab93f5c9ce39a7988a,9bc7df9113a979b1161a48e85958ef677ad303f2868b602cf7eb5f90c3a349da,N/A,N/A,,https://github.com/notepad-plus-plus/notepad-plus-plus/releases/download/v8/npp.8.0.portable.7z
8,github,x86,npp.8.0.portable.7z,localization/indonesian.xml,indonesian.xml,,63989,2021-05-15T20:55:04.843483+00:00,53f2a422f3264a8c2538eb62954a59b6,f8dc1dae3612b6b10ce8709c61051413554eeb6b,ea9c8a7b44f8e3691799ae440ef4e1e7f19e770354a163b1236fb11e803015fa,N/A,N/A,,https://github.com/notepad-plus-plus/notepad-plus-plus/releases/download/v8/npp.8.0.portable.7z
8,github,x86,npp.8.0.portable.7z,functionList/ini.xml,ini.xml,,952,2020-10-27T03:29:08.992010+00:00,005c5fe001e12b5b0a7f8dee285d71fb,02a29fbbbfdf2166496021920e568b610395cd6e,11acf49eb9f3cb68fa7a3bb8568cef2eb0f125700c8edcbcd108b5810761770f,N/A,N/A,,https://github.com/notepad-plus-plus/notepad-plus-plus/releases/download/v8/npp.8.0.portable.7z
8,github,x86,npp.8.0.portable.7z,functionList/inno.xml,inno.xml,,4404,2020-10-27T03:29:08.992010+00:00,ab1e90d098b886e9f098d7c4c82efb9a,d74449a5b6b2a87d7e5564770edfb609df6806fd,0162159b64eb092f94964faf937f263fb9947b25d40e0d82bd3224d136a140de,N/A,N/A,,https://github.com/notepad-plus-plus/notepad-plus-plus/releases/download/v8/npp.8.0.portable.7z
8,github,x86,npp.8.0.portable.7z,localization/irish.xml,irish.xml,,85008,2021-05-15T20:55:04.850466+00:00,5a3eb4f9cab6ec3bec40d5a683d0fd6b,242d9a7f66c7ae8956d1697f2b34fdd1817488b2,55cb1860023e4182da505e1cffc4eb7d9efdf4062e0e1b2d6320b73abc366dc0,N/A,N/A,,https://github.com/notepad-plus-plus/notepad-plus-plus/releases/download/v8/npp.8.0.portable.7z
8,github,x86,npp.8.0.portable.7z,localization/italian.xml,italian.xml,,93636,2021-05-15T20:55:04.854454+00:00,2dee006fe24c72fa343b88c19b0fd384,d661da649c003d04c449537ac1c55892080d0c64,1dbd12b6ce20bef97864188ceee5f07f414f9c9a0b1d38c8a568825d30671176,N/A,N/A,,https://github.com/notepad-plus-plus/notepad-plus-plus/releases/download/v8/npp.8.0.portable.7z
8,github,x86,npp.8.0.portable.7z,localization/japanese.xml,japanese.xml,,102810,2021-06-03T12:28:23.800165+00:00,50910b5785eefb406d17fcbdd6e3f479,05dee50294a47062b937184fcb1cd94dbf434138,28d556f4bddb80c83bfc7fa7092590144158f27adba65fde99f261c214cf97ce,N/A,N/A,,https://github.com/notepad-plus-plus/notepad-plus-plus/releases/download/v8/npp.8.0.portable.7z
8,github,x86,npp.8.0.portable.7z,autoCompletion/java.xml,java.xml,,205359,2021-02-06T02:57:44.528478+00:00,1ce78a369cff97a0aa6ada78bf65a6d3,d04ba700b097732f152899c998d53d9a9a857b70,18d4506cbd6c04e33b948b1824662efc432a89e83e18abffb78043a2121f5580,N/A,N/A,,https://github.com/notepad-plus-plus/notepad-plus-plus/releases/download/v8/npp.8.0.portable.7z
8,github,x86,npp.8.0.portable.7z,functionList/java.xml,java.xml,,9331,2020-10-27T03:29:08.993007+00:00,e5a76a3287909497f328b0f12cf5ce89,a432976d922c00717386fafc3290cf251c8e7182,2487221a75a52b4f8aa6d2e62f1c0a55a5cd5240b1cb7aafa66fbb2042590b06,N/A,N/A,,https://github.com/notepad-plus-plus/notepad-plus-plus/releases/download/v8/npp.8.0.portable.7z
8,github,x86,npp.8.0.portable.7z,functionList/javascript.js.xml,javascript.js.xml,,1146,2020-10-27T03:29:08.994004+00:00,76bfe910efe1727e4afc3680cca62773,9e05e76ab53ee66aa26cfe6726db6e81c9a3bd62,7c68f28c6995f47dd77596bab28c6b4388ff93840c3becfd37733ddb640cd0cd,N/A,N/A,,https://github.com/notepad-plus-plus/notepad-plus-plus/releases/download/v8/npp.8.0.portable.7z
8,github,x86,npp.8.0.portable.7z,autoCompletion/javascript.xml,javascript.xml,,23348,2021-02-06T02:57:44.531126+00:00,c7cae93b5f9356400d166911bcd0717b,e5d3dc09f45d7ec6a88f9af28c7c9faf055ea804,6ee58a91cba2473554c9d20fb18ddb69b465f1e7bf2e9e1efe8e7b726bac327c,N/A,N/A,,https://github.com/notepad-plus-plus/notepad-plus-plus/releases/download/v8/npp.8.0.portable.7z
8,github,x86,npp.8.0.portable.7z,localization/kabyle.xml,kabyle.xml,,50323,2020-05-31T09:57:18.887519+00:00,1d46146ccf999ede311f951828181eac,f27e955e2f1b819b06bbe1e7e9ecc6b83c49bd23,56d9177dc22aa9945085510cb540000200896a46654f60ff27daa4f4e9bcf378,N/A,N/A,,https://github.com/notepad-plus-plus/notepad-plus-plus/releases/download/v8/npp.8.0.portable.7z
8,github,x86,npp.8.0.portable.7z,localization/kannada.xml,kannada.xml,,74455,2020-05-31T09:57:18.888516+00:00,9f704e219f869165d3779ad6a221e804,40277c057304e603bd74a6ab4c2deb62b5721c7c,d1bbee48ebe8378c0cd3b2dd96134134d7fbc6020fb68ff5689be62ac41d6464,N/A,N/A,,https://github.com/notepad-plus-plus/notepad-plus-plus/releases/download/v8/npp.8.0.portable.7z
8,github,x86,npp.8.0.portable.7z,localization/kazakh.xml,kazakh.xml,,33030,2021-03-18T18:28:21.391259+00:00,cef567a83b071655a30fe3d6841399fa,ac71543e6c69653a9ebdf0edacd32825b868842a,6db85b99cbf208c9ff4cba47ac175305f21f96ff101f5f0676d950d2cc9081c6,N/A,N/A,,https://github.com/notepad-plus-plus/notepad-plus-plus/releases/download/v8/npp.8.0.portable.7z
8,github,x86,npp.8.0.portable.7z,themes/khaki.xml,khaki.xml,,108169,2021-02-06T02:57:44.821349+00:00,ad1d0954bf9068c093d427c011f198de,a91148c968f34646046286af45ad86eb39cd78ab,9af962a4aa2271418881b9117ee61ba341984210c02c3a01e9ad4cc3089f6637,N/A,N/A,,https://github.com/notepad-plus-plus/notepad-plus-plus/releases/download/v8/npp.8.0.portable.7z
8,github,x86,npp.8.0.portable.7z,localization/korean.xml,korean.xml,,76912,2021-05-15T20:55:04.861434+00:00,9211b3e0720327ac0a6fe83fd98f38b5,00f66f51c56e370afcedb9522f5e971a5f066430,cf71d19990acd4985fe76ff45755eba060017e177aca63b5ff6c04957763b9fd,N/A,N/A,,https://github.com/notepad-plus-plus/notepad-plus-plus/releases/download/v8/npp.8.0.portable.7z
8,github,x86,npp.8.0.portable.7z,functionList/krl.xml,krl.xml,,3037,2020-10-27T03:29:08.994004+00:00,2b3193bd7b701acaab61a9b18a349ea5,56f8de4bd5ea8798f06ebd9ba6c8159cc66b287d,c158322bd963d2a68ffc878d72213a7394d8c16de72279771ffc924365eec0df,N/A,N/A,,https://github.com/notepad-plus-plus/notepad-plus-plus/releases/download/v8/npp.8.0.portable.7z
8,github,x86,npp.8.0.portable.7z,localization/kurdish.xml,kurdish.xml,,62678,2021-05-15T20:55:04.863663+00:00,b3fc582020bd8c75d7f982f4798bdbbd,29f3b1ca99deb40ad6def82608926321e87abbcb,43455f6b7e659e4c94ee144fc55e53036c844037cad82a074b5728a359203b89,N/A,N/A,,https://github.com/notepad-plus-plus/notepad-plus-plus/releases/download/v8/npp.8.0.portable.7z
8,github,x86,npp.8.0.portable.7z,localization/kyrgyz.xml,kyrgyz.xml,,38731,2017-08-20T17:40:41.099834+00:00,ad3a31d477ad1e09dc3f6911c1f50d1e,cefc20836cbc0e78eb0291948eadbdf09b21a838,4964c0b9f36b7fec44ec0805ba153d88293311cd703680719187cdaa68fbd090,N/A,N/A,,https://github.com/notepad-plus-plus/notepad-plus-plus/releases/download/v8/npp.8.0.portable.7z
8,github,x86,npp.8.0.portable.7z,langs.model.xml,langs.model.xml,,344225,2021-05-14T11:01:04.218175+00:00,72f3f593344d5d253f98fbf01a85036c,f75313d2c4368c0ff69fe5c0a9adc8ba1cd12c7d,aea280f48f7882eb547817ea04e015d01d22ed32edccf146b7dc526c03f506a1,N/A,N/A,,https://github.com/notepad-plus-plus/notepad-plus-plus/releases/download/v8/npp.8.0.portable.7z
8,github,x86,npp.8.0.portable.7z,localization/latvian.xml,latvian.xml,,46317,2020-01-12T13:43:01.442049+00:00,5bdd886ac6fcbe6d922b9616f86a729f,97b5ba6af3683e41457c89534909a20eee997809,fc76ab3cbfe4a96f02531236b7c0b16cf4749fbb2ac0f378149347ae625a3708,N/A,N/A,,https://github.com/notepad-plus-plus/notepad-plus-plus/releases/download/v8/npp.8.0.portable.7z
8,github,x86,npp.8.0.portable.7z,updater/libcurl.dll,libcurl.dll,,485288,2021-06-06T16:49:03.732695+00:00,be360ae17ac098d69266a3e0fc6e1d40,89719bfea0603b5b759da8e52d41c75f8ba7f7c4,8c5046e665b505f7c04ea60d9c71f4c1376401f73092d295a456c1887a2bf60e,N/A,N/A,,https://github.com/notepad-plus-plus/notepad-plus-plus/releases/download/v8/npp.8.0.portable.7z
8,github,x86,npp.8.0.portable.7z,updater/LICENSE,LICENSE,,7804,2018-12-27T00:45:13.930432+00:00,8e3494bf8cf1967afd3b1016fbbe5bb0,b1608abb6e19ef60f4b9c52f6e05bf81cc97d0c2,319917f5ccd09878db6f67c9a77dee846055644ca49eb535628b9e020a87261e,N/A,N/A,,https://github.com/notepad-plus-plus/notepad-plus-plus/releases/download/v8/npp.8.0.portable.7z
8,github,x86,npp.8.0.portable.7z,license.txt,license.txt,,35663,2021-02-06T02:57:44.460317+00:00,16871739f1c1b2e562f522a60e6c218f,151386821ad471892bf099ebf8197adeee1c4d29,afe980345a1e845fb7e372639205cc57e6902a2505c114dc1bcbcd56119f3413,N/A,N/A,,https://github.com/notepad-plus-plus/notepad-plus-plus/releases/download/v8/npp.8.0.portable.7z
8,github,x86,npp.8.0.portable.7z,localization/ligurian.xml,ligurian.xml,,34480,2017-08-20T17:40:41.121866+00:00,58a86031153e6bd8ae1ad5bf80fcc894,656cedf73e8d40797a43980fd1801f6501b036c4,5fad85ea1c785dca218106e2b409c20b3cb103e8cdc87c542aae5d630599c33b,N/A,N/A,,https://github.com/notepad-plus-plus/notepad-plus-plus/releases/download/v8/npp.8.0.portable.7z
8,github,x86,npp.8.0.portable.7z,autoCompletion/lisp.xml,lisp.xml,,17231,2021-02-06T02:57:44.533724+00:00,2342b76218146563f7cb762ff1a4c03d,9bd08e072b9f401edffb482ff22bcedb444f8165,7dee0ce72cf218da91221c2be184bd22ba16b120396aa1f209583fc9f62fd8bf,N/A,N/A,,https://github.com/notepad-plus-plus/notepad-plus-plus/releases/download/v8/npp.8.0.portable.7z
8,github,x86,npp.8.0.portable.7z,localization/lithuanian.xml,lithuanian.xml,,76720,2021-05-15T20:55:04.866791+00:00,f82686ed79384fec00f33ff98f993720,a841107e5066f87c5b78148b4d2caf8a255be8ab,55b4956b4764f734bcb7b8c62f7fb3ba601a0bf087dba66698fa1e174483bb79,N/A,N/A,,https://github.com/notepad-plus-plus/notepad-plus-plus/releases/download/v8/npp.8.0.portable.7z
8,github,x86,npp.8.0.portable.7z,autoCompletion/lua.xml,lua.xml,,90483,2021-02-06T02:57:44.537110+00:00,810918f09e228f768a037223b5dbc505,ee00f44a913591959cbbde9e8ae0b6871f81cd8a,370a055b1c3044a5ff045d8e6cfeca24e82bd0033a41b3d463e63b4d36b1e76a,N/A,N/A,,https://github.com/notepad-plus-plus/notepad-plus-plus/releases/download/v8/npp.8.0.portable.7z
8,github,x86,npp.8.0.portable.7z,localization/luxembourgish.xml,luxembourgish.xml,,25260,2017-08-20T17:40:41.142960+00:00,cc2d7d26c9d221def534845ec7453ddb,b40b675c5a5c10c8a393714f483aa515be4a5f8d,b73cb0703537af9d58c2e1f040f2e7f741199eef954d5e109eb301fc4498ffe0,N/A,N/A,,https://github.com/notepad-plus-plus/notepad-plus-plus/releases/download/v8/npp.8.0.portable.7z
8,github,x86,npp.8.0.portable.7z,localization/macedonian.xml,macedonian.xml,,36460,2016-12-26T22:10:44.046439+00:00,59f590ee75294f37ccb5ed1c7a441a11,7432c800018216193273b59666f26c4a81540ee6,59dbcc4618fa64eebd71808b16b4736b7af8855bef760aec3eb31c6f8f5f470e,N/A,N/A,,https://github.com/notepad-plus-plus/notepad-plus-plus/releases/download/v8/npp.8.0.portable.7z
8,github,x86,npp.8.0.portable.7z,localization/malay.xml,malay.xml,,19084,2016-12-26T22:10:44.052465+00:00,3158e10e8a9b3c0e84a770f5f11aaa1f,418a6c52704b6c832b80b36adbba45682725c76f,690416e418c9821bfe71805f76d9e18ee39fd092742d173cc9fe595268b131fa,N/A,N/A,,https://github.com/notepad-plus-plus/notepad-plus-plus/releases/download/v8/npp.8.0.portable.7z
8,github,x86,npp.8.0.portable.7z,localization/marathi.xml,marathi.xml,,48181,2019-06-01T16:07:32.531979+00:00,ce4757e3935343d472515cf9b936d7e4,c9ba81eb7b9f1ec2c0ac70e948846ba434d2ac7c,8b7545558bc73329f6caa27b5aa6203220d7a58ea3b37e9c346e636aaf70146c,N/A,N/A,,https://github.com/notepad-plus-plus/notepad-plus-plus/releases/download/v8/npp.8.0.portable.7z
8,github,x86,npp.8.0.portable.7z,userDefineLangs/markdown._preinstalled.udl.xml,markdown._preinstalled.udl.xml,,6046,2020-10-27T03:29:08.979044+00:00,c37d302c1b6884616d59477ba8e438ec,22cd67b23836777a1861d2c1d0663eee7eab1933,c5011367a4453096122fe72bb89f2940293cb61e973522ff140cdfe05227b1f3,N/A,N/A,,https://github.com/notepad-plus-plus/notepad-plus-plus/releases/download/v8/npp.8.0.portable.7z
8,github,x86,npp.8.0.portable.7z,plugins/mimeTools/mimeTools.dll,mimeTools.dll,,101800,2021-06-06T16:49:18.917169+00:00,c5188962a011d5062a38e306c5f80851,39f14c7c21f160d9c411594ec527cfe8d811ef26,5b261ee9cd962e35fbf0fd2032d984bc68574b9e1765834e66997281f01e81a9,N/A,N/A,,https://github.com/notepad-plus-plus/notepad-plus-plus/releases/download/v8/npp.8.0.portable.7z
8,github,x86,npp.8.0.portable.7z,localization/mongolian.xml,mongolian.xml,,64376,2020-01-12T13:43:01.448031+00:00,edb56af0fd2e0c8390c7d8d62b080e0f,1a296725f590905e19544424d7fcd14a27f37305,0924a7c8f36e54675cab1c2fdde30fee8ef8c7b56159e1114b1611e994ccaa24,N/A,N/A,,https://github.com/notepad-plus-plus/notepad-plus-plus/releases/download/v8/npp.8.0.portable.7z
8,github,x86,npp.8.0.portable.7z,themes/Mono Industrial.xml,Mono Industrial.xml,,91448,2021-02-06T02:57:44.794422+00:00,1dd2f54e6454323863d70b6b5dcb1620,37f8ac2b7453d356171737d312e16db0e7494d12,4794862c291de42c75e594ce19e5df267b42ff06d2ef4b7bb2ebb61e949f93c8,N/A,N/A,,https://github.com/notepad-plus-plus/notepad-plus-plus/releases/download/v8/npp.8.0.portable.7z
8,github,x86,npp.8.0.portable.7z,themes/Monokai.xml,Monokai.xml,,92206,2021-02-06T02:57:44.796416+00:00,961a7b6c6d0f0cbfd47a56c6a17591a3,01d0c6b8cfa6211cfa6d9b572967da79b43654f8,4b09bf80ceeea1b311c428002ea881e991574ce28fe887f9f488c989c5b64912,N/A,N/A,,https://github.com/notepad-plus-plus/notepad-plus-plus/releases/download/v8/npp.8.0.portable.7z
8,github,x86,npp.8.0.portable.7z,themes/MossyLawn.xml,MossyLawn.xml,,108374,2021-02-06T02:57:44.798907+00:00,449a1374aabd1e800ac1fec9deba583e,a983c8c69487066a51f52d610be2b17fb9629001,73506506d2c79a30a63d5e11e77b7eeeb757220ea52ee99a7b79fa2803c0d684,N/A,N/A,,https://github.com/notepad-plus-plus/notepad-plus-plus/releases/download/v8/npp.8.0.portable.7z
8,github,x86,npp.8.0.portable.7z,themes/Navajo.xml,Navajo.xml,,108183,2021-02-06T02:57:44.801414+00:00,8846302b3208ea814a7c010fdf764604,e03e5ba9f5516fef84ec7b4f3f1b03108a80cdfc,92ee1ef1d8a353cda26017f576e5a966dd91790f0d2098a83572561909532813,N/A,N/A,,https://github.com/notepad-plus-plus/notepad-plus-plus/releases/download/v8/npp.8.0.portable.7z
8,github,x86,npp.8.0.portable.7z,localization/nepali.xml,nepali.xml,,123523,2021-05-15T20:55:04.869959+00:00,6dce93f6c2806a93aa09a6fd372e9257,bbf75dafcb98a1d0d78c4006ca288d8a0e48fa56,161097b077ac354b4bfa23397dcf3ed29790648b68dc660559c8e75e1be9b24a,N/A,N/A,,https://github.com/notepad-plus-plus/notepad-plus-plus/releases/download/v8/npp.8.0.portable.7z
8,github,x86,npp.8.0.portable.7z,localization/norwegian.xml,norwegian.xml,,27778,2016-12-26T22:10:44.066320+00:00,f5519b853316445aab668c1dfd480f87,0f7aab54733b22d514b36ea68e39b0fe215afcbc,bb9a79755d37d449acff570c20e78a9e0c58482414435cf0f493e15e6216fce3,N/A,N/A,,https://github.com/notepad-plus-plus/notepad-plus-plus/releases/download/v8/npp.8.0.portable.7z
8,github,x86,npp.8.0.portable.7z,notepad++.exe,notepad++.exe,,4840872,2021-06-06T16:48:33.036250+00:00,320ce832212a2f01138f88c729e8900e,f55d84fcf547ba95a0a27945c04f0af1b9b482d8,ca5b40aab27fec65573abe0853bdc47ac43efe05c78f7be51c2f8d3e8f9f1647,N/A,N/A,,https://github.com/notepad-plus-plus/notepad-plus-plus/releases/download/v8/npp.8.0.portable.7z
8,github,x86,npp.8.0.portable.7z,plugins/NppConverter/NppConverter.dll,NppConverter.dll,,146856,2021-06-06T16:49:26.599525+00:00,6194b8181bca25f29223ddf620c1c02d,b9c183f39cc86fd22173303f56d06cc3f871c374,3a9da95d82beb8e0472eb44d9090b9bbd5c75a91dd78995819cae40b05810d14,N/A,N/A,,https://github.com/notepad-plus-plus/notepad-plus-plus/releases/download/v8/npp.8.0.portable.7z
8,github,x86,npp.8.0.portable.7z,plugins/NppExport/NppExport.dll,NppExport.dll,,115112,2021-06-06T16:49:11.338374+00:00,42cc98c1baa137127e3d11f1d79c6d80,ab5fd45bfc5c347fe6adf8d38af2a6da600de1aa,1ad065d0b927f868c76f8a24341605c6552fa81f47a6ba70d98a764ce0c075af,N/A,N/A,,https://github.com/notepad-plus-plus/notepad-plus-plus/releases/download/v8/npp.8.0.portable.7z
8,github,x86,npp.8.0.portable.7z,plugins/Config/nppPluginList.dll,nppPluginList.dll,,182184,2021-06-06T16:48:48.296149+00:00,7178c9c804e79bfb2878adefea482407,0aefbfc07b2142daf8f73ec693319de1ea0a54f0,7838f11b16c7f2cb31f2b34500e99059822eae7f75c967b2eefed53147ef805c,N/A,N/A,,https://github.com/notepad-plus-plus/notepad-plus-plus/releases/download/v8/npp.8.0.portable.7z
8,github,x86,npp.8.0.portable.7z,autoCompletion/nsis.xml,nsis.xml,,8176,2021-02-06T02:57:44.539397+00:00,c02485cf76125ce06988d536328ebe81,0bcd80a606c16c48e4ac0e21c489a8e1d46b1f58,98a294b1e45611821fac0bf98b15536efcbde57fb58c9effe46105aa68da24ec,N/A,N/A,,https://github.com/notepad-plus-plus/notepad-plus-plus/releases/download/v8/npp.8.0.portable.7z
8,github,x86,npp.8.0.portable.7z,functionList/nsis.xml,nsis.xml,,7125,2020-10-27T03:29:08.995001+00:00,792c0b92f7949c0ec61b8b06a86c5a67,565e8cc8005eb923db47eb1685748c8934c77089,c13743567fcfc4fa77b66e79447edab2d1ecc97d4da32b655d92ae90968f2b0b,N/A,N/A,,https://github.com/notepad-plus-plus/notepad-plus-plus/releases/download/v8/npp.8.0.portable.7z
8,github,x86,npp.8.0.portable.7z,localization/nynorsk.xml,nynorsk.xml,,41202,2017-08-20T17:40:41.189943+00:00,694867a6ade700da42a55da24da74200,d6115de129aa535bc83cce55e1c1ad5a001a5fac,319a9e846a610811fdf12b96bf352e4e07f2d7de5a6bec3000cebc1b1e21a1fe,N/A,N/A,,https://github.com/notepad-plus-plus/notepad-plus-plus/releases/download/v8/npp.8.0.portable.7z
8,github,x86,npp.8.0.portable.7z,themes/Obsidian.xml,Obsidian.xml,,95745,2021-03-08T18:04:41.299199+00:00,4a484addc53e83c94679cb83f75ffc10,7239dcca023f6d91bd409f1b0a56d4a5437c10ad,7f88d74ffa6eb2ad3bfb44a6f6c8ff1fa6809685e16778ed1746e4123b862564,N/A,N/A,,https://github.com/notepad-plus-plus/notepad-plus-plus/releases/download/v8/npp.8.0.portable.7z
8,github,x86,npp.8.0.portable.7z,localization/occitan.xml,occitan.xml,,60960,2021-05-15T20:55:04.872405+00:00,878f0c0a2d0e905cb830f3e31eecced7,9c9b4955076d093f9dab456c2b27e82cdba69f7c,d7d80445e9cfde2d5d2d9d9e435b43fc5cf30acf8850b453f826db41856af30a,N/A,N/A,,https://github.com/notepad-plus-plus/notepad-plus-plus/releases/download/v8/npp.8.0.portable.7z
8,github,x86,npp.8.0.portable.7z,functionList/overrideMap.xml,overrideMap.xml,,6371,2020-10-27T03:29:08.996000+00:00,28fccc2a6a7145574c006f7dcd8eb251,dd11264640842a112021e9228332219fb979e2dc,e7f8eae310e8ace3b3b0be3bb145ec8c2bbcaa66c9337218dc4cbef633374f95,N/A,N/A,,https://github.com/notepad-plus-plus/notepad-plus-plus/releases/download/v8/npp.8.0.portable.7z
8,github,x86,npp.8.0.portable.7z,autoCompletion/perl.xml,perl.xml,,58670,2021-02-06T02:57:44.542343+00:00,68a335d8c7f6bd14b91cfe3bb7e4fbe5,91bb6cc6593d51913e6e8eb1af9579a717769ea1,c75aee84bbdc39cfd3e5b9e8d400a34dea82a1e176ff094de1284824afa5c44a,N/A,N/A,,https://github.com/notepad-plus-plus/notepad-plus-plus/releases/download/v8/npp.8.0.portable.7z
8,github,x86,npp.8.0.portable.7z,functionList/perl.xml,perl.xml,,1505,2020-10-27T03:29:08.996000+00:00,c7ad8abe956fbcc3cab1bdb82f457729,8644c5344a3ce147add01d61a943fcd0bad099fb,6558013f984e594bb57534910ce0b17bfa15da3cc9bb4b6e0b5c6e4ddf9eb14e,N/A,N/A,,https://github.com/notepad-plus-plus/notepad-plus-plus/releases/download/v8/npp.8.0.portable.7z
8,github,x86,npp.8.0.portable.7z,autoCompletion/php.xml,php.xml,,427922,2021-02-06T02:57:44.549078+00:00,8bb0f6ddbf214fc5247efd6b809e43fa,5f44d91697d849162a5ddc00504fd9a2bbbe8a24,0bf118ba1b96f626eb4217bfc3f192bde2626d1616786daf484e2f3c35d7d706,N/A,N/A,,https://github.com/notepad-plus-plus/notepad-plus-plus/releases/download/v8/npp.8.0.portable.7z
8,github,x86,npp.8.0.portable.7z,functionList/php.xml,php.xml,,10000,2020-11-06T18:23:59.717391+00:00,09dd56ad26088b1fa609b8d201064450,1efc7cf7ddcf5c06e9291518fa0e073469075231,b5d149184a4e4a3ed8425e5ace844d784a4ed5a4e0004e959cf17f6267e80b40,N/A,N/A,,https://github.com/notepad-plus-plus/notepad-plus-plus/releases/download/v8/npp.8.0.portable.7z
8,github,x86,npp.8.0.portable.7z,localization/piglatin.xml,piglatin.xml,,79086,2021-05-15T20:55:04.874400+00:00,a81a96ae92a44fefd915ec642c0439d7,5af4d51746b51bc2a836e03850a183eabe9a7b28,ddd62f48fcf3b767b77b7bdd128158a038b521192e5eb34585eda41949bdeb1c,N/A,N/A,,https://github.com/notepad-plus-plus/notepad-plus-plus/releases/download/v8/npp.8.0.portable.7z
8,github,x86,npp.8.0.portable.7z,themes/Plastic Code Wrap.xml,Plastic Code Wrap.xml,,92942,2021-02-06T02:57:44.805393+00:00,29d48938e622822cd21e4b018801aa4e,ae8204dad93f5b32e263fafeb885b1ea971236f0,7c062a06399b1421bb24a710698098979958920dc14baaca2513d2523f2b8183,N/A,N/A,,https://github.com/notepad-plus-plus/notepad-plus-plus/releases/download/v8/npp.8.0.portable.7z
8,github,x86,npp.8.0.portable.7z,localization/polish.xml,polish.xml,,99405,2021-05-15T20:55:04.877827+00:00,ebbde5dfebb6e9e4e0c53ce0276fc196,aa191b402246fa9e9334a5057bf58cf6e1117fc3,ab9362cdb589a66b38d6ced225f3487aeff497a5837325aa43f7484e5bd670f6,N/A,N/A,,https://github.com/notepad-plus-plus/notepad-plus-plus/releases/download/v8/npp.8.0.portable.7z
8,github,x86,npp.8.0.portable.7z,localization/portuguese.xml,portuguese.xml,,100365,2021-05-15T20:55:04.880776+00:00,2d2c36472c5955a538d16e06b4699019,dfcb8464f050ca69fabc20f51f5c58e2632ff80d,f60a2e5601b1b64623dd10e96b588629e699a3bada4186c6bc2f6758ce7631c5,N/A,N/A,,https://github.com/notepad-plus-plus/notepad-plus-plus/releases/download/v8/npp.8.0.portable.7z
8,github,x86,npp.8.0.portable.7z,functionList/powershell.xml,powershell.xml,,1381,2020-10-27T03:29:08.997994+00:00,9fe2a57fb28e8e3ccf4d3a2a090a7b4d,741f540c8176cb891750c9ef0b6c66bca7ca78f0,9d6ee11f048b734a4edf01acda39d1390b0e1e88756919991c242073723b9c21,N/A,N/A,,https://github.com/notepad-plus-plus/notepad-plus-plus/releases/download/v8/npp.8.0.portable.7z
8,github,x86,npp.8.0.portable.7z,localization/punjabi.xml,punjabi.xml,,70605,2021-05-15T20:55:04.883456+00:00,1905fd189d8c02f33034d9dd90704d9a,c33d3d09572ff573581fb4a1f0bb93bb9bb00669,01717885246eefec6c975cfa267451d5afcf9ae859497c52dff18387e002cea0,N/A,N/A,,https://github.com/notepad-plus-plus/notepad-plus-plus/releases/download/v8/npp.8.0.portable.7z
8,github,x86,npp.8.0.portable.7z,autoCompletion/python.xml,python.xml,,61578,2021-02-06T02:57:44.552352+00:00,fa2cfe74e8d1f0ce494ff3f01d55ea68,6891483f0a2da2fb0bf80f457a8f620b08c43498,23add5af4a1c87485d4886419021f8842b2da6b44962b024c0bd83b3b782b380,N/A,N/A,,https://github.com/notepad-plus-plus/notepad-plus-plus/releases/download/v8/npp.8.0.portable.7z
8,github,x86,npp.8.0.portable.7z,functionList/python.xml,python.xml,,1093,2021-05-14T11:01:03.829779+00:00,ca9b2edacad7a768f1c3b6f318d7a5cc,41db40877fa4e4216cb5335a6a3f721793aafcbe,1810b378b0fd5ac2d876f3ebe0025b2843a5832ad4d283ca9a7c1986fe8c01ef,N/A,N/A,,https://github.com/notepad-plus-plus/notepad-plus-plus/releases/download/v8/npp.8.0.portable.7z
8,github,x86,npp.8.0.portable.7z,autoCompletion/rc.xml,rc.xml,,1635,2021-02-06T02:57:44.554066+00:00,893bb156418e493613201fb414699010,bddeee9258a1ba943d52199f552f2e2cba6a8f0b,cd8750aaaa3b70d9e9ce22232b8ac5f5c4e1e13c4261894a1d8e32c22ae8657e,N/A,N/A,,https://github.com/notepad-plus-plus/notepad-plus-plus/releases/download/v8/npp.8.0.portable.7z
8,github,x86,npp.8.0.portable.7z,updater/README.md,README.md,,2991,2018-12-27T00:45:13.960355+00:00,9f56b12cbffcfad543fb1f91e3955f1b,406e1423549a8f5e97d8d8e37d5e7f6f4da8194b,aef40520cf12a0842097e8cfbeb9d9128f52573e5f90ca12d4a0a9045978547e,N/A,N/A,,https://github.com/notepad-plus-plus/notepad-plus-plus/releases/download/v8/npp.8.0.portable.7z
8,github,x86,npp.8.0.portable.7z,readme.txt,readme.txt,,1526,2020-01-03T09:54:59.893544+00:00,11b0a85dcd7045352f71e46d83de6d7e,77b65e52e20a64441c01c57510dc3d60b33afa16,bc661498305746c6deacbee301522f7c283566a804184e290481d3b57af675b1,N/A,N/A,,https://github.com/notepad-plus-plus/notepad-plus-plus/releases/download/v8/npp.8.0.portable.7z
8,github,x86,npp.8.0.portable.7z,localization/romanian.xml,romanian.xml,,78817,2021-05-15T20:55:04.886368+00:00,21213d3ce5057288c1b1d2822925c2f9,bb1f49d1adcf2512d05dfa7bd8dee9351e93141c,bab905124f754bf2ae111c4c0f04170c80343ed0219aa226b8274ae3b741f39c,N/A,N/A,,https://github.com/notepad-plus-plus/notepad-plus-plus/releases/download/v8/npp.8.0.portable.7z
8,github,x86,npp.8.0.portable.7z,themes/Ruby Blue.xml,Ruby Blue.xml,,72674,2021-02-06T02:57:44.807669+00:00,2021c519ced04f915b871d0e23123098,9fa7269623f5d68aae153147df996023cc9f0b44,278a81d492add8d20373ad2690637c6572819d9f4f43a4a5f46e43b3bf21d3fc,N/A,N/A,,https://github.com/notepad-plus-plus/notepad-plus-plus/releases/download/v8/npp.8.0.portable.7z
8,github,x86,npp.8.0.portable.7z,functionList/ruby.xml,ruby.xml,,1088,2020-10-27T03:29:08.998990+00:00,9b89093254088d0cce1e013f0df2ae97,67843fd332da121f5448f6158affa486bdd2e883,bffbebedccb4bfd8e849bb3b577eaf0bc821bd45be29905017e667034e5b25be,N/A,N/A,,https://github.com/notepad-plus-plus/notepad-plus-plus/releases/download/v8/npp.8.0.portable.7z
8,github,x86,npp.8.0.portable.7z,localization/russian.xml,russian.xml,,103213,2021-06-03T12:28:23.804155+00:00,5e0c15a8a5b3a5b57d9a74163484aec6,321fa425ceb2f880ba3f7fb30f759ba154002bfb,3db4028c5233de69af2fa227ec11e7385daf4e5a6f3e6ab03bee17bb66e0c92c,N/A,N/A,,https://github.com/notepad-plus-plus/notepad-plus-plus/releases/download/v8/npp.8.0.portable.7z
8,github,x86,npp.8.0.portable.7z,functionList/rust.xml,rust.xml,,1848,2021-04-17T16:47:53.733969+00:00,accc6038de578929af94649cadd88a14,bbfe66bf9d36ea92ac437d466db1f36ae4f67a28,1571595dee56cf2b6b2e39f2108db82cd2e8faf15c1d15bba2fdf34770bcda7f,N/A,N/A,,https://github.com/notepad-plus-plus/notepad-plus-plus/releases/download/v8/npp.8.0.portable.7z
8,github,x86,npp.8.0.portable.7z,localization/samogitian.xml,samogitian.xml,,10160,2016-12-26T22:10:44.114584+00:00,ebba131558f344afe63e1c5718d0f7ad,65ba510db37a5d8ef74d1c77ede30fa9cccad299,75eca9974de1fca41651975a92f374660e1a7c273a3d1dab0ef6dd573230878b,N/A,N/A,,https://github.com/notepad-plus-plus/notepad-plus-plus/releases/download/v8/npp.8.0.portable.7z
8,github,x86,npp.8.0.portable.7z,localization/sardinian.xml,sardinian.xml,,40982,2017-08-20T17:40:41.271018+00:00,064889342004d04b1de62578aa733216,30b21b176b1c031ec472d45ccad41eba239efc52,0169ebd43b3cec4a4f3b0143a2af6f07ec9bf73cb04882a3d4507f01931c08de,N/A,N/A,,https://github.com/notepad-plus-plus/notepad-plus-plus/releases/download/v8/npp.8.0.portable.7z
8,github,x86,npp.8.0.portable.7z,localization/serbian.xml,serbian.xml,,24098,2016-12-26T22:10:44.125648+00:00,174e7dc367ff1c213432b891f11d25bb,e199d3a723bcbb176e9f79969f502658efab0ac7,1a07c6a9c2639fa12bb000f599498ddf84827449afbb7952f4bdc4cf526c2117,N/A,N/A,,https://github.com/notepad-plus-plus/notepad-plus-plus/releases/download/v8/npp.8.0.portable.7z
8,github,x86,npp.8.0.portable.7z,localization/serbianCyrillic.xml,serbianCyrillic.xml,,47833,2017-08-20T17:40:41.289358+00:00,e6c94316e6d065533305b94e7d5af2bc,3b6f4b424d7321bae1d643bef50ee952d7990ddd,289d7cdd9d9af5b2992e3b0ac38022f91e3d9dc0051e40733983e26e2ddcf594,N/A,N/A,,https://github.com/notepad-plus-plus/notepad-plus-plus/releases/download/v8/npp.8.0.portable.7z
8,github,x86,npp.8.0.portable.7z,shortcuts.xml,shortcuts.xml,,965,2021-04-17T16:47:53.837693+00:00,96c510e0fa8b730ce0fe3dfb1a52aa51,0654a46879eccb4062480c98ff3e00b0f8565ba0,9b0e941dc478fc68d046727f5f8e426cd7e8af91b4fa45882ee9e36b4bb11ee1,N/A,N/A,,https://github.com/notepad-plus-plus/notepad-plus-plus/releases/download/v8/npp.8.0.portable.7z
8,github,x86,npp.8.0.portable.7z,localization/sinhala.xml,sinhala.xml,,56893,2017-08-20T17:40:41.304229+00:00,9986ce0334af5335ae8c7e5a3cbc818b,384de56d2af7c4941c266bfba7d69518b2b1879d,a8b55a8115a50bd3b7b07c359c49fe7da48a5acf1dacc2c0e3708f6f48636fd6,N/A,N/A,,https://github.com/notepad-plus-plus/notepad-plus-plus/releases/download/v8/npp.8.0.portable.7z
8,github,x86,npp.8.0.portable.7z,functionList/sinumerik.xml,sinumerik.xml,,1003,2020-10-27T03:29:08.999988+00:00,16e39474342d0cc1d3a189fad83d5721,726e75d326099b405da6d6b266f4b9c55f7c51f9,db3ac1fd3d65df45d805adb8dfe0c5209db07ef93406db17dfb783dd8048720a,N/A,N/A,,https://github.com/notepad-plus-plus/notepad-plus-plus/releases/download/v8/npp.8.0.portable.7z
8,github,x86,npp.8.0.portable.7z,localization/slovak.xml,slovak.xml,,97546,2021-06-03T12:28:23.808144+00:00,71700345a1ed0e45faa9a8dc2c48fc18,9c55db9704eed914d06bd81f3fd573f9947b804b,3b1d95c064dcb365950e2a0fa4f4365754d33b47c56a610fede2623e59e3114d,N/A,N/A,,https://github.com/notepad-plus-plus/notepad-plus-plus/releases/download/v8/npp.8.0.portable.7z
8,github,x86,npp.8.0.portable.7z,localization/slovenian.xml,slovenian.xml,,86657,2021-05-15T20:55:04.898336+00:00,5c7e591e50ef318e985ff4e784ab8804,86f7ab0bd71b9ef382c7085a4f560fabc9742e04,fcb93cc76e40be9bba30113878f57efe57c0cf47e5f45eaf3357bd9d8551be77,N/A,N/A,,https://github.com/notepad-plus-plus/notepad-plus-plus/releases/download/v8/npp.8.0.portable.7z
8,github,x86,npp.8.0.portable.7z,themes/Solarized-light.xml,Solarized-light.xml,,108819,2021-02-06T02:57:44.809440+00:00,5d4a5b2caa72c57c4268dc7d5e4b8a1d,5f2b74ad78bbaf995b3173b309b0a04b5cdedfc1,3510be48e8f004629d98e4085af77e815e9ce228020ece432c0423a077b91639,N/A,N/A,,https://github.com/notepad-plus-plus/notepad-plus-plus/releases/download/v8/npp.8.0.portable.7z
8,github,x86,npp.8.0.portable.7z,themes/Solarized.xml,Solarized.xml,,108807,2021-02-06T02:57:44.812374+00:00,2aad408551c64e1be6fd92f38596d039,cbac96b4f4662dac77fb796730de3ca715b7725f,b3f903b8b9ad0dd5a09a6340eabf070b1ed79bc782c6a53f1ac4546e71989aef,N/A,N/A,,https://github.com/notepad-plus-plus/notepad-plus-plus/releases/download/v8/npp.8.0.portable.7z
8,github,x86,npp.8.0.portable.7z,localization/spanish.xml,spanish.xml,,75676,2021-06-03T12:28:23.810138+00:00,113190ae34b8ba2e21426f9fb866f955,13c0dd9639159fa2e09a6cd4c4ede04999efcd02,2ed36886d720851d26e6bad10b1a053e1f4e32527992b1897eb4a9916574686c,N/A,N/A,,https://github.com/notepad-plus-plus/notepad-plus-plus/releases/download/v8/npp.8.0.portable.7z
8,github,x86,npp.8.0.portable.7z,localization/spanish_ar.xml,spanish_ar.xml,,45331,2020-01-12T13:43:01.472965+00:00,fc5b8b4d481eb2edf7f26f5ea25bdc90,7092229294413ea7caa01f77236a24190e5b63b1,e44e9075288f297faf80b80284f428c67431ab6840ca8685858a7f3dcb6e5867,N/A,N/A,,https://github.com/notepad-plus-plus/notepad-plus-plus/releases/download/v8/npp.8.0.portable.7z
8,github,x86,npp.8.0.portable.7z,autoCompletion/sql.xml,sql.xml,,67945,2021-02-06T02:57:44.557060+00:00,fcfd333f5394896ba748f4628b4a1243,19df381ea7689270865352037e04eef344e9d9a4,1b18ca570694e7128d2751a5c7f46464d8ac167be58627a1fd61324284c15ea5,N/A,N/A,,https://github.com/notepad-plus-plus/notepad-plus-plus/releases/download/v8/npp.8.0.portable.7z
8,github,x86,npp.8.0.portable.7z,functionList/sql.xml,sql.xml,,1271,2020-10-27T03:29:09.000985+00:00,97cd588eb633538f3d3db2204009ba5f,552fdc1e6626afdcb7d8159babad81fb7fe902dd,a7109b8374dffa7a0cd69558990f7e96fea9ef61736d89043dad5a6694cdfa4a,N/A,N/A,,https://github.com/notepad-plus-plus/notepad-plus-plus/releases/download/v8/npp.8.0.portable.7z
8,github,x86,npp.8.0.portable.7z,stylers.model.xml,stylers.model.xml,,170495,2021-05-14T11:01:04.225339+00:00,eee84dd3565b5ba857d67a935ce4d689,3b37be60f25c27e03bd90e7decc7cde09977fd81,1180377902b86c7819807c91cfb32184a8d5dffef4285124555489ab020fe374,N/A,N/A,,https://github.com/notepad-plus-plus/notepad-plus-plus/releases/download/v8/npp.8.0.portable.7z
8,github,x86,npp.8.0.portable.7z,localization/swedish.xml,swedish.xml,,63753,2021-05-15T20:55:04.904319+00:00,6f434872b133168c94769c1211721594,be4c9a42139ba7aba784b857a223efbae4ee1fcf,4a6ba1d443095cedab8100f6c317e6f64ce070a4825b9532d48520b205bdd911,N/A,N/A,,https://github.com/notepad-plus-plus/notepad-plus-plus/releases/download/v8/npp.8.0.portable.7z
8,github,x86,npp.8.0.portable.7z,localization/tagalog.xml,tagalog.xml,,30395,2016-12-26T22:10:44.167583+00:00,04e3e27d9d635c6b23c8e40dcbbdd442,c66e2dc153c22a445dae0df2bdf3c1693b4ad03e,047c63c449c5e2a9a4f97637c741eb07e6ec034bc829d85c6565bb0292c1cd72,N/A,N/A,,https://github.com/notepad-plus-plus/notepad-plus-plus/releases/download/v8/npp.8.0.portable.7z
8,github,x86,npp.8.0.portable.7z,localization/taiwaneseMandarin.xml,taiwaneseMandarin.xml,,89856,2021-05-15T20:55:04.907329+00:00,a7a23470da586c7fdaa456ac66c3de28,0e4ead85a9369d1613f375b98b360493ef6206ed,1b125d3476483f85ef2c77105d99e30be42b91612f02a417e7995a5043a8242a,N/A,N/A,,https://github.com/notepad-plus-plus/notepad-plus-plus/releases/download/v8/npp.8.0.portable.7z
8,github,x86,npp.8.0.portable.7z,localization/tajikCyrillic.xml,tajikCyrillic.xml,,66798,2020-01-12T13:43:01.477953+00:00,dabc1ee04ad838b934e1c5ea8d58afa1,abefa1fb5f7fa046cc44aa3fb2c6e4a0fd138b00,b27be56e97ae352359d61c2ed039f7764e905bf48be9b78605a345d849236f02,N/A,N/A,,https://github.com/notepad-plus-plus/notepad-plus-plus/releases/download/v8/npp.8.0.portable.7z
8,github,x86,npp.8.0.portable.7z,localization/tamil.xml,tamil.xml,,54196,2017-08-20T17:40:41.427488+00:00,abc0ae5ed0002512221d682263e41204,7a7533274855ceff9a604d6cd36192cc68f2c416,e23759fd6d60ef9728b620a1a8316fc049ccbf93445a91a1a85d27c4e25f3f15,N/A,N/A,,https://github.com/notepad-plus-plus/notepad-plus-plus/releases/download/v8/npp.8.0.portable.7z
8,github,x86,npp.8.0.portable.7z,localization/tatar.xml,tatar.xml,,71436,2021-05-15T20:55:04.909307+00:00,b429b2a78e574f3cf91a8d81222755c6,b27619de11cca103a90255d8ed8efe9eb6ebdbe6,2947bbe32db521a19acf3bd201b40a084f5dc4950ff197e2c2e6b1df93779d6d,N/A,N/A,,https://github.com/notepad-plus-plus/notepad-plus-plus/releases/download/v8/npp.8.0.portable.7z
8,github,x86,npp.8.0.portable.7z,localization/telugu.xml,telugu.xml,,53577,2017-08-20T17:40:41.456494+00:00,a8b6a302f3bda0eeae95e5214df33ec4,975e8e7ac8258c4f8c4050743debe980a9864e4f,82b4b16ee06e668e4ff30e71fcbf42623cf30dc14177c570a7ad1f47c0284e0c,N/A,N/A,,https://github.com/notepad-plus-plus/notepad-plus-plus/releases/download/v8/npp.8.0.portable.7z
8,github,x86,npp.8.0.portable.7z,autoCompletion/tex.xml,tex.xml,,67864,2021-02-06T02:57:44.559058+00:00,40e183975f5e362d33ba5ffe3b5af3df,35a763370180060a8cf7e33f735c464212d7b6cc,c916f03b9dea3d64019907120d7d4efc925e86189327bcbb89969c57934e2c23,N/A,N/A,,https://github.com/notepad-plus-plus/notepad-plus-plus/releases/download/v8/npp.8.0.portable.7z
8,github,x86,npp.8.0.portable.7z,localization/thai.xml,thai.xml,,41406,2017-08-20T17:40:41.469535+00:00,8d02b72cdcce6c5a4db56eebba394824,259babbea022717b773d10704f61fb285e800730,8ce450bcfd9b9617f4e0969ad4e201480b255d473cb1383c90761cc28cbd7ecc,N/A,N/A,,https://github.com/notepad-plus-plus/notepad-plus-plus/releases/download/v8/npp.8.0.portable.7z
8,github,x86,npp.8.0.portable.7z,localization/turkish.xml,turkish.xml,,81253,2021-05-15T20:55:04.912534+00:00,30ab56b6dc752db71cf72184736f3931,75c3f535f745ce89c07234355ab006a6ab2782bc,fa1fb8280ee543fd32572b8cfe13079640b96162f9295f73edc1f57a865117e0,N/A,N/A,,https://github.com/notepad-plus-plus/notepad-plus-plus/releases/download/v8/npp.8.0.portable.7z
8,github,x86,npp.8.0.portable.7z,themes/Twilight.xml,Twilight.xml,,91253,2021-02-06T02:57:44.814368+00:00,fb9d4ba33a19bea1ffd63fed5375b259,547986c56a06a95dc14e07e492584259e1ea90d0,6aa8ebc9ac8458ccc5239b173ce1f6a62537183cb7ca593b0caf9efd1a0efe64,N/A,N/A,,https://github.com/notepad-plus-plus/notepad-plus-plus/releases/download/v8/npp.8.0.portable.7z
8,github,x86,npp.8.0.portable.7z,localization/ukrainian.xml,ukrainian.xml,,114224,2021-05-15T20:55:04.915810+00:00,99390ec66a753bad0725ea775bbbdfee,e562b723d1979e27b00ba832bded03930af11dc2,1c649fb8e8138157fb7cb7af1036db835c733955b875d0967e79d9e0edbf307d,N/A,N/A,,https://github.com/notepad-plus-plus/notepad-plus-plus/releases/download/v8/npp.8.0.portable.7z
8,github,x86,npp.8.0.portable.7z,functionList/universe_basic.xml,universe_basic.xml,,2021,2020-10-27T03:29:09.000985+00:00,3d51afd290e62685d11376237ceac3c2,cddd77e442aba5ca65289a744d89826cde95e663,7c0719b9b312a531cf41cd08affacceef6de084619808238fec0f0247955f26e,N/A,N/A,,https://github.com/notepad-plus-plus/notepad-plus-plus/releases/download/v8/npp.8.0.portable.7z
8,github,x86,npp.8.0.portable.7z,localization/urdu.xml,urdu.xml,,15657,2016-12-26T22:10:44.210970+00:00,cf965dfcf2257d8046c453ac36fcf65e,ac650afe9e15fec6e0e3e87bc999c2d9350ab461,0b685abaea6232f3e99d563f01613161251e51aba6a62d83cb306aa5f2d396d5,N/A,N/A,,https://github.com/notepad-plus-plus/notepad-plus-plus/releases/download/v8/npp.8.0.portable.7z
8,github,x86,npp.8.0.portable.7z,localization/uyghur.xml,uyghur.xml,,47848,2018-01-28T21:48:40.466342+00:00,a5d2661cab9fae284200b5cd84496b41,fa6cfe413495f354ad0d72e9660f04ce05a6556d,f5d24a6c678b1b54539adeafd2bc2697738f44cea6c184fa442980f1440e5afd,N/A,N/A,,https://github.com/notepad-plus-plus/notepad-plus-plus/releases/download/v8/npp.8.0.portable.7z
8,github,x86,npp.8.0.portable.7z,localization/uzbek.xml,uzbek.xml,,71000,2021-06-03T12:28:23.812133+00:00,e6f9d1634676bbf208eb05ee2072f90e,4cacf82980300547af7f037abc1034f91ab48dca,aaad527fed599a4b8a98abd7a8981ce30d4b4d066636d4b35b075a8b5df78c92,N/A,N/A,,https://github.com/notepad-plus-plus/notepad-plus-plus/releases/download/v8/npp.8.0.portable.7z
8,github,x86,npp.8.0.portable.7z,localization/uzbekCyrillic.xml,uzbekCyrillic.xml,,35714,2017-08-20T17:40:41.544199+00:00,71b7ce4804f337f3d5c4fea4a0733691,f4446df6fbeb19c93869205750991261d3a1ac7b,380e17fd360658921ea937043e540b2af642a7307be691f5c58b825623b61a99,N/A,N/A,,https://github.com/notepad-plus-plus/notepad-plus-plus/releases/download/v8/npp.8.0.portable.7z
8,github,x86,npp.8.0.portable.7z,autoCompletion/vb.xml,vb.xml,,17190,2021-02-06T02:57:44.562048+00:00,4849ca62e16d934b8bee6a140d1ec24c,ffc5e961341dd925439b89d66ab23d3b0e14eabf,53104b87f91458aac8c6709b74a7cd5f0367fc6f2280b98aaa495a59e1788551,N/A,N/A,,https://github.com/notepad-plus-plus/notepad-plus-plus/releases/download/v8/npp.8.0.portable.7z
8,github,x86,npp.8.0.portable.7z,localization/venetian.xml,venetian.xml,,97026,2021-05-15T20:55:04.921275+00:00,f6b8ffdccd46df5c159162a78ae13bed,8a599c87a994827fe8d0ca694bec910653f5c13e,2b791d8393f76a96247eb188c9c8efd19bf99951bbcc568668eda5b10772c076,N/A,N/A,,https://github.com/notepad-plus-plus/notepad-plus-plus/releases/download/v8/npp.8.0.portable.7z
8,github,x86,npp.8.0.portable.7z,autoCompletion/vhdl.xml,vhdl.xml,,2625,2021-02-06T02:57:44.564038+00:00,dbe0170171f2f58def4fd929dc9b4717,4fb8388a73d2106d115984938168f551bcc4a475,dffaf09efd41b7eb9b74128585de649c627627b404fa1925acaa6c56709a3542,N/A,N/A,,https://github.com/notepad-plus-plus/notepad-plus-plus/releases/download/v8/npp.8.0.portable.7z
8,github,x86,npp.8.0.portable.7z,functionList/vhdl.xml,vhdl.xml,,1623,2020-10-27T03:29:09.001983+00:00,7abb134780aaf79c527c734ddb51e245,a52feaff1dc159629691f4bed846cf79c8f8d945,558bbe6193a202dcb00cc441421f5d838764e495b8e4d2e10877db7f661b8cd5,N/A,N/A,,https://github.com/notepad-plus-plus/notepad-plus-plus/releases/download/v8/npp.8.0.portable.7z
8,github,x86,npp.8.0.portable.7z,themes/Vibrant Ink.xml,Vibrant Ink.xml,,89222,2021-02-06T02:57:44.816938+00:00,5363aacbf559cb2a1243f38452161bb2,66428feb8d928abdec91638ce90d710ce3f522d2,8a932268e27c3ec4bbb6a0a58b30f041509c0bca6b9358c33ebf3b68c9b12e0c,N/A,N/A,,https://github.com/notepad-plus-plus/notepad-plus-plus/releases/download/v8/npp.8.0.portable.7z
8,github,x86,npp.8.0.portable.7z,localization/vietnamese.xml,vietnamese.xml,,52733,2020-05-31T09:57:18.913450+00:00,5d893adca521dc6cce0d116ea2f3b279,ecedee4cb5e0d7334562823fc383991bfd447555,623229da8948d4c17cf8f547b87f3164e2d6357a7f02272bb3ebec9955b8fb58,N/A,N/A,,https://github.com/notepad-plus-plus/notepad-plus-plus/releases/download/v8/npp.8.0.portable.7z
8,github,x86,npp.8.0.portable.7z,themes/vim Dark Blue.xml,vim Dark Blue.xml,,89258,2021-02-06T02:57:44.823046+00:00,895f347aa9caa0f8c436726ec5cc3b55,e4e7a0cee02595bace00df198ad2ac59a9c5c899,6d15f700937d44c2c1270f825a951e1d4048886451dd3e824c67e7d0b187b7e5,N/A,N/A,,https://github.com/notepad-plus-plus/notepad-plus-plus/releases/download/v8/npp.8.0.portable.7z
8,github,x86,npp.8.0.portable.7z,localization/welsh.xml,welsh.xml,,53261,2020-01-12T13:43:01.491914+00:00,d5583a9dc8b6e03efd573fa67faf6fba,f3fcca7a6bd12eaa24ac4e7d0af75ba2c1067a67,4ccc47461b2445831fd67efe003c934c340ee50c8341f5298d936f3772ef381a,N/A,N/A,,https://github.com/notepad-plus-plus/notepad-plus-plus/releases/download/v8/npp.8.0.portable.7z
8,github,x86,npp.8.0.portable.7z,autoCompletion/xml.xml,xml.xml,,12017,2021-02-06T02:57:44.566036+00:00,6972b2c64653b9fb254ef65871140b29,f2d4825ab333405a241ef41d8b71fa23432675b3,1730bc85e1cd2652ea44d6da42114937fe9fed4527b5e0cb6e2a09f47e0da92e,N/A,N/A,,https://github.com/notepad-plus-plus/notepad-plus-plus/releases/download/v8/npp.8.0.portable.7z
8,github,x86,npp.8.0.portable.7z,functionList/xml.xml,xml.xml,,2229,2020-10-27T03:29:09.002980+00:00,f898e5e36168ff0c5ff532c9bb068563,287f8fbd7a3b66a4cae7c29cc9a775fa3f2d52b5,5ac3e308c8bef5ed42463929a1be5f519f56a0785fd8c2aed6f85073cc5f98fc,N/A,N/A,,https://github.com/notepad-plus-plus/notepad-plus-plus/releases/download/v8/npp.8.0.portable.7z
8,github,x86,npp.8.0.portable.7z,themes/Zenburn.xml,Zenburn.xml,,166735,2021-02-06T02:57:44.819434+00:00,6d0f68f607198d62173a10c50b77fc10,101744ea97b7964b3be7a6f6ba8bdce904bde364,6138ed0e4ca7b83f905baf574dfb9b0b59261e1146e21f55ac3c6e9d5cd90bf5,N/A,N/A,,https://github.com/notepad-plus-plus/notepad-plus-plus/releases/download/v8/npp.8.0.portable.7z
8,github,x86,npp.8.0.portable.7z,localization/zulu.xml,zulu.xml,,72694,2021-05-15T20:55:04.924303+00:00,4a7511f801ade6a0c2736d2f5795314d,b4a20db2b3a0bbf001b9b81a14b7bb095516ee96,8cb15c28a7238178ed845c82b674702146217eea20f0f8af65e8134ee9ef0caf,N/A,N/A,,https://github.com/notepad-plus-plus/notepad-plus-plus/releases/download/v8/npp.8.0.portable.7z
8,github,arm64,npp.8.0.portable.arm64.7z,,npp.8.0.portable.arm64.7z,,3123677,2021-12-07T19:40:15+00:00,9cea3069c8df9493432676900de01714,5527b609cecb267860513d2790cd3bcaf52d7c8e,09a42cdb88380a806aaaaa6047068d684f5362799a2b54c6111ec5b5906bb806,MATCH,MATCH,,https://github.com/notepad-plus-plus/notepad-plus-plus/releases/download/v8/npp.8.0.portable.arm64.7z
8,github,arm64,npp.8.0.portable.arm64.7z,localization/abkhazian.xml,abkhazian.xml,,116298,2021-05-15T20:55:04.739889+00:00,d7284a21afc6b3aadeb8e3b8cfdfaa71,72e827d37f5fd4ed6e716cc52fe812b80c34480c,7276d593845db38db25907f62b119a1881fd0f2373d6a1982a3238e214e03eeb,N/A,N/A,,https://github.com/notepad-plus-plus/notepad-plus-plus/releases/download/v8/npp.8.0.portable.arm64.7z
8,github,arm64,npp.8.0.portable.arm64.7z,autoCompletion/actionscript.xml,actionscript.xml,,20745,2021-02-06T02:57:44.489510+00:00,280f64b01191bf89b52c5bbbea1cc290,e01503c8ef4155bde9c89e3e2a21f8437872c4eb,f1fb320fd456938afc0bc852765e393837bcea53bd514838419801bef8436b9e,N/A,N/A,,https://github.com/notepad-plus-plus/notepad-plus-plus/releases/download/v8/npp.8.0.portable.arm64.7z
8,github,arm64,npp.8.0.portable.arm64.7z,functionList/ada.xml,ada.xml,,3584,2021-04-17T16:47:53.731974+00:00,c7f9fc66e6b1fef3e9f8a37552314bae,82d91e37882d509eee2abcb45d825bbd95829b47,dab30f330f8c5a2db0dfe27e5d8f2d1666b067be35612984b344575a49f50668,N/A,N/A,,https://github.com/notepad-plus-plus/notepad-plus-plus/releases/download/v8/npp.8.0.portable.arm64.7z
8,github,arm64,npp.8.0.portable.arm64.7z,localization/afrikaans.xml,afrikaans.xml,,29077,2016-12-26T22:10:43.769673+00:00,c2f475cc2b49d3aee490c9059529744a,621e81e87c6c8d45a6be6bc69108d8ab13e2d5a6,5d285d98f8891bcf73a770fde00c3215062842224b81c4e70537569712f84570,N/A,N/A,,https://github.com/notepad-plus-plus/notepad-plus-plus/releases/download/v8/npp.8.0.portable.arm64.7z
8,github,arm64,npp.8.0.portable.arm64.7z,localization/albanian.xml,albanian.xml,,57197,2020-01-12T13:43:01.358273+00:00,a648520876f8b3c30a627352c7c52f8a,7fa1240eff3f8ea60d114542fda008a72b845b19,e81fdc20f6a768db14474338d56be5efb863ab53c3013efb325a61e08bc5f452,N/A,N/A,,https://github.com/notepad-plus-plus/notepad-plus-plus/releases/download/v8/npp.8.0.portable.arm64.7z
8,github,arm64,npp.8.0.portable.arm64.7z,localization/arabic.xml,arabic.xml,,91820,2021-05-15T20:55:04.767686+00:00,6e2a96709f8c5893b20f03e98a21ef61,9dd8f5536a706b4c1816f61ae70bc357597b8fc7,ace7ec47795186bca4cbd83873d7c6957bf01cd98dac5325837b2fd05d3b08e9,N/A,N/A,,https://github.com/notepad-plus-plus/notepad-plus-plus/releases/download/v8/npp.8.0.portable.arm64.7z
8,github,arm64,npp.8.0.portable.arm64.7z,localization/aragonese.xml,aragonese.xml,,49810,2020-01-12T13:43:01.363258+00:00,00312582b79ab1f5a35f8a42f9ed211d,55b8efdfbb1c6d735b8adbeb4a727464c4954ab7,5d6a821703377bb9b49594713d6d3c33f1d78263aa055fcd34c8fa3705041d1e,N/A,N/A,,https://github.com/notepad-plus-plus/notepad-plus-plus/releases/download/v8/npp.8.0.portable.arm64.7z
8,github,arm64,npp.8.0.portable.arm64.7z,localization/aranese.xml,aranese.xml,,20821,2016-12-26T22:10:43.795718+00:00,333a18acb93ba083e86679c065b69d15,cb874355fb8e495a2b0b0dcf8868df287ec6a342,de5da809aa6e44c4e6a01c3b5fb7da5a66d9683cb905416f3fcff2ed413ea7c6,N/A,N/A,,https://github.com/notepad-plus-plus/notepad-plus-plus/releases/download/v8/npp.8.0.portable.arm64.7z
8,github,arm64,npp.8.0.portable.arm64.7z,functionList/asm.xml,asm.xml,,1349,2020-10-27T03:29:08.983033+00:00,2c5f4897d7f169e06aea28310c8ab9ec,edfd3f6faf838194de9821efd0fe185ffb6be0f0,73526ddb1d23d595680badd6bd87f5dd82869606a7cf7e8707758d48d848257e,N/A,N/A,,https://github.com/notepad-plus-plus/notepad-plus-plus/releases/download/v8/npp.8.0.portable.arm64.7z
8,github,arm64,npp.8.0.portable.arm64.7z,autoCompletion/autoit.xml,autoit.xml,,738716,2021-02-06T02:57:44.501208+00:00,986e806d09b5c0fff08c5d9eac33a237,22a0d9893cb6cf82598a698401de38df11389043,b15afd5149673e3d72fc8e99945197c86ad43113230dcd8bbc952a82e965e146,N/A,N/A,,https://github.com/notepad-plus-plus/notepad-plus-plus/releases/download/v8/npp.8.0.portable.arm64.7z
8,github,arm64,npp.8.0.portable.arm64.7z,functionList/autoit.xml,autoit.xml,,1848,2020-10-27T03:29:08.984032+00:00,99a0630a10ab4ee883554dc6bd9e2d91,63c842ce0df36d51082b61c2c682abcfc9d98e67,32ae9531405ef3c59448fe6dbd3be435e726eb17f3ca0d16530a4c6317dea286,N/A,N/A,,https://github.com/notepad-plus-plus/notepad-plus-plus/releases/download/v8/npp.8.0.portable.arm64.7z
8,github,arm64,npp.8.0.portable.arm64.7z,localization/azerbaijani.xml,azerbaijani.xml,,35482,2017-08-20T17:40:40.621097+00:00,8cd5c70b03ef9c48585c06fa149f9fcd,4fb0a331d184579444326c6910742ad4b0cbb5a1,d2e185e9c8b1e7d994dcb3b44748f1b499f18ca22a573f452a9b0d791344c448,N/A,N/A,,https://github.com/notepad-plus-plus/notepad-plus-plus/releases/download/v8/npp.8.0.portable.arm64.7z
8,github,arm64,npp.8.0.portable.arm64.7z,autoCompletion/BaanC.xml,BaanC.xml,,18483,2021-02-06T02:57:44.487247+00:00,85c891742fcf58ae535b26ad948370a2,385e2c813c8d157627220f2bc92a5324c120859b,d408ed3caef21ebb64fb29d633e9ce5069454c1a792a09e2e24f83595d2743be,N/A,N/A,,https://github.com/notepad-plus-plus/notepad-plus-plus/releases/download/v8/npp.8.0.portable.arm64.7z
8,github,arm64,npp.8.0.portable.arm64.7z,functionList/baanc.xml,baanc.xml,,8513,2020-10-27T03:29:08.985028+00:00,0fce87843f5245bd9a4d5ddce156c7c4,cead1bad691b0d4722e05312ce752c4fefbdad1b,ec249b0dab6fda20cc24f0f25a504c55a05b23fb6cbb4938aa7a41df0c8744b6,N/A,N/A,,https://github.com/notepad-plus-plus/notepad-plus-plus/releases/download/v8/npp.8.0.portable.arm64.7z
8,github,arm64,npp.8.0.portable.arm64.7z,functionList/bash.xml,bash.xml,,2999,2020-10-27T03:29:08.986026+00:00,162ded022d600dcf4ba4b7e9ac6917a2,762291f4f4e66573811c8ef757a64bda8a4bba09,2ae1142b08d296c25000e451237ea919f981da28f6a723d39540f43f18bac762,N/A,N/A,,https://github.com/notepad-plus-plus/notepad-plus-plus/releases/download/v8/npp.8.0.portable.arm64.7z
8,github,arm64,npp.8.0.portable.arm64.7z,localization/basque.xml,basque.xml,,98792,2021-05-15T20:55:04.770677+00:00,ac5ff123b4039a60744a74c33e1865cc,a0e5c9b572c5356bb5f0bb6a1d5e14378a54b299,5bb8bc10e2c89a62c850afbcdd7c0773d40f76f8069f466a27db2feff7e7d5e9,N/A,N/A,,https://github.com/notepad-plus-plus/notepad-plus-plus/releases/download/v8/npp.8.0.portable.arm64.7z
8,github,arm64,npp.8.0.portable.arm64.7z,autoCompletion/batch.xml,batch.xml,,3777,2021-02-06T02:57:44.503201+00:00,01e31d41e5cfb5d2b85c6aa0aabb0fff,6ffcbf31a35c8674536cc2a8a9de7d3f2d48ca38,c4025268b36bb02b2d25e5144d360f69cfc7dddcb3ac98cd2d588393b5cbd30d,N/A,N/A,,https://github.com/notepad-plus-plus/notepad-plus-plus/releases/download/v8/npp.8.0.portable.arm64.7z
8,github,arm64,npp.8.0.portable.arm64.7z,functionList/batch.xml,batch.xml,,1930,2020-10-27T03:29:08.986026+00:00,0ba94312e694ba6ddb313095678b7159,0faa0cf4df8a9569252e37de821a3e45a65f5c97,77eed9211cd8464482f0da3fac4c0f003c2b8a6d76f15445927e66400f102d60,N/A,N/A,,https://github.com/notepad-plus-plus/notepad-plus-plus/releases/download/v8/npp.8.0.portable.arm64.7z
8,github,arm64,npp.8.0.portable.arm64.7z,localization/belarusian.xml,belarusian.xml,,101944,2021-05-15T20:55:04.773036+00:00,b1232e004b5d50a50187c013cf236917,77fe3395f3084184d574ad41dfd1cf139ca18c95,8858041d46786ef80ec3158a0c8c9f77f737e78460c7fb5b4fd869e4d88b31bc,N/A,N/A,,https://github.com/notepad-plus-plus/notepad-plus-plus/releases/download/v8/npp.8.0.portable.arm64.7z
8,github,arm64,npp.8.0.portable.arm64.7z,localization/bengali.xml,bengali.xml,,69894,2020-05-31T09:57:18.863583+00:00,7fc3c507b1f1dfbd964eff8c990a7605,557b17f144cc2b4816bb2f65c8f27a999ec1f6a8,7906d96b6eee56ce202ac8f703205abf0a0407b32a148817c3b9fef52d44c4cd,N/A,N/A,,https://github.com/notepad-plus-plus/notepad-plus-plus/releases/download/v8/npp.8.0.portable.arm64.7z
8,github,arm64,npp.8.0.portable.arm64.7z,themes/Bespin.xml,Bespin.xml,,92774,2021-02-06T02:57:44.779535+00:00,a8bbc446b637b4efd8040b075e187431,0fd14f515768cf7df5fd85f57edb316321c2ec2f,c477b0436a41c825e80ff8c44c285e3fecac985dbc36f048b8c62725d45e5d49,N/A,N/A,,https://github.com/notepad-plus-plus/notepad-plus-plus/releases/download/v8/npp.8.0.portable.arm64.7z
8,github,arm64,npp.8.0.portable.arm64.7z,themes/Black board.xml,Black board.xml,,91140,2021-02-06T02:57:44.781552+00:00,478979176ab8517ae7e8fbeef68b4f2e,bda21a44ccfb998f6c4c87a619494bfa3a48e5e6,93319cfe003fac2ec858b2e8678016f6b88954692dc747348c3c248e9ab894ea,N/A,N/A,,https://github.com/notepad-plus-plus/notepad-plus-plus/releases/download/v8/npp.8.0.portable.arm64.7z
8,github,arm64,npp.8.0.portable.arm64.7z,localization/bosnian.xml,bosnian.xml,,32084,2016-12-26T22:10:43.820980+00:00,6b036835ed9d1ee92cd9bd4c76f41bbd,faeb76f93f4228832c7cc952833c717f3614a38d,06ce39e85fc9acd72888da5871fae4d18aa2c5bb6a9fa0c9eca459cf0e949a63,N/A,N/A,,https://github.com/notepad-plus-plus/notepad-plus-plus/releases/download/v8/npp.8.0.portable.arm64.7z
8,github,arm64,npp.8.0.portable.arm64.7z,localization/brazilian_portuguese.xml,brazilian_portuguese.xml,,81802,2021-05-15T20:55:04.775665+00:00,659037882ab4cf4f708da6d095aba6c3,cd4398e78f9d903ebada6ab463fdfe6500d05f83,9be5b81e42becb07994a8bc8696b15fb0736eaa8338a5864354ee6106d26cd13,N/A,N/A,,https://github.com/notepad-plus-plus/notepad-plus-plus/releases/download/v8/npp.8.0.portable.arm64.7z
8,github,arm64,npp.8.0.portable.arm64.7z,localization/breton.xml,breton.xml,,82739,2021-05-15T20:55:04.779653+00:00,c732b3d6279c2539bfe78d664b250a1c,13f0318b3be76d56aa321bd9b14f5fe977dcbc3a,0cc61c777ab6e68149978f7e1c08fc33a780985676da705b0d5bcd57b335b369,N/A,N/A,,https://github.com/notepad-plus-plus/notepad-plus-plus/releases/download/v8/npp.8.0.portable.arm64.7z
8,github,arm64,npp.8.0.portable.arm64.7z,localization/bulgarian.xml,bulgarian.xml,,110087,2021-06-03T12:28:23.788197+00:00,5c1d4d6eccb1b85815a38b7e8e8aa683,92f7fe794183e3819c59e0be6157946fd2ae69ae,5454a8d4604dd9394eb3c129958e926d4245ad70d7e764316fcce187123c1a0d,N/A,N/A,,https://github.com/notepad-plus-plus/notepad-plus-plus/releases/download/v8/npp.8.0.portable.arm64.7z
8,github,arm64,npp.8.0.portable.arm64.7z,autoCompletion/c.xml,c.xml,,44386,2021-02-06T02:57:44.506196+00:00,2eaa4b8af356b86455f8aae63eb43340,e8224d0873a79c4e27ce96b739f0e154c9432287,35aadc7531e2332679c54306899a21fe3586b7203132cb5673b64915feb91bad,N/A,N/A,,https://github.com/notepad-plus-plus/notepad-plus-plus/releases/download/v8/npp.8.0.portable.arm64.7z
8,github,arm64,npp.8.0.portable.arm64.7z,functionList/c.xml,c.xml,,4133,2020-10-27T03:29:08.987022+00:00,9aeb2c0dc00adaede0e06f24080f233e,b2fe11701a83da1b608b63b051b9073f4a194e4f,f3a7e5e59e883a3ef6c99967766a546d55dd7a767fadb9f4d433cedf0555e992,N/A,N/A,,https://github.com/notepad-plus-plus/notepad-plus-plus/releases/download/v8/npp.8.0.portable.arm64.7z
8,github,arm64,npp.8.0.portable.arm64.7z,localization/catalan.xml,catalan.xml,,68727,2021-05-15T20:55:04.788629+00:00,fba5784c2fd64e9486a907e2e07fb5f8,48a5686529c7bd412b424627308fad87426f3d59,0aa431857ffa1d38cb6cc950a5f24d9cf4601b624fdb2181bddf8eb727e9fc38,N/A,N/A,,https://github.com/notepad-plus-plus/notepad-plus-plus/releases/download/v8/npp.8.0.portable.arm64.7z
8,github,arm64,npp.8.0.portable.arm64.7z,change.log,change.log,,2768,2021-06-06T16:35:50.293046+00:00,814064aa064d6af8dfa48710b537ee10,6f8dc91e9c7694ff5d22f1104cfa64b37587d3ad,5effb6e7d0dbee030da9cf7d9bf9ce00a18c02589eea7b51a6f6e744b2bbec2c,N/A,N/A,,https://github.com/notepad-plus-plus/notepad-plus-plus/releases/download/v8/npp.8.0.portable.arm64.7z
8,github,arm64,npp.8.0.portable.arm64.7z,localization/chineseSimplified.xml,chineseSimplified.xml,,90450,2021-05-15T20:55:04.791621+00:00,84c307638d72c60f077c852ff6fe7d16,b8c2b2ffa8fb6b29d42db5ad7968e1e0f8732c52,4043c5a87fb7f63c3282641974087b776680bdd47f92919898c0b88285e2114a,N/A,N/A,,https://github.com/notepad-plus-plus/notepad-plus-plus/releases/download/v8/npp.8.0.portable.arm64.7z
8,github,arm64,npp.8.0.portable.arm64.7z,themes/Choco.xml,Choco.xml,,91451,2021-02-06T02:57:44.784149+00:00,1d779b0104ee9e33ea8c103d62296be4,7bf8e56a29bf58267bc3e6e196f9897392f75a27,9ad51dae67a78c04c5adc8fd4a94a0a4f54902e2448333ac3a79b2448c53d483,N/A,N/A,,https://github.com/notepad-plus-plus/notepad-plus-plus/releases/download/v8/npp.8.0.portable.arm64.7z
8,github,arm64,npp.8.0.portable.arm64.7z,autoCompletion/cmake.xml,cmake.xml,,7884,2021-02-06T02:57:44.508188+00:00,4f983f57c1815f6b74ae78da2ea3c3ea,ccd8399d9f50bbe22e9b1f5e1b7b8fadc200f4f9,f902adc5faf041306b54d48914a5bc9c8d45057a4da431786aef451e2c39d1f7,N/A,N/A,,https://github.com/notepad-plus-plus/notepad-plus-plus/releases/download/v8/npp.8.0.portable.arm64.7z
8,github,arm64,npp.8.0.portable.arm64.7z,functionList/cobol-free.xml,cobol-free.xml,,1772,2020-10-27T03:29:08.988020+00:00,0b82534cdd9ffec3e57d80ce95a49293,c07e6c127653b7d9604b3f53274d562d3084e19a,5639c845d56dedecd2cfdb082b734593b5d618a87f1bd8ec612a8b3f4245566a,N/A,N/A,,https://github.com/notepad-plus-plus/notepad-plus-plus/releases/download/v8/npp.8.0.portable.arm64.7z
8,github,arm64,npp.8.0.portable.arm64.7z,autoCompletion/cobol.xml,cobol.xml,,47435,2021-02-06T02:57:44.511181+00:00,14a6c0b65978315cd52c54c3fcf1e96a,a7a2e4a2e3a3671ae2d663f833ffe0f835391745,5b59b5e1a453df08761332ed75ba5abb027716911cf88fca0fe25985ceec2e17,N/A,N/A,,https://github.com/notepad-plus-plus/notepad-plus-plus/releases/download/v8/npp.8.0.portable.arm64.7z
8,github,arm64,npp.8.0.portable.arm64.7z,functionList/cobol.xml,cobol.xml,,1368,2020-10-27T03:29:08.989017+00:00,42e52d6bcc674ecaca09feabf0c46dc2,fab3e864a8f51497e9febfe1c47c9058ddd7b137,057784451e3442f381f6a8af931a7050f88d19bda6bc939d37607532a353da1c,N/A,N/A,,https://github.com/notepad-plus-plus/notepad-plus-plus/releases/download/v8/npp.8.0.portable.arm64.7z
8,github,arm64,npp.8.0.portable.arm64.7z,autoCompletion/coffee.xml,coffee.xml,,1503,2021-02-06T02:57:44.513585+00:00,28e3f4b13cf33fbfe47e71611ee8d45e,820858ce39f6eacc44a141c23b457520294d1806,2fc2a95486f8f06adf471429cff3b55d0ec5d3797235692e1da558b558141c2a,N/A,N/A,,https://github.com/notepad-plus-plus/notepad-plus-plus/releases/download/v8/npp.8.0.portable.arm64.7z
8,github,arm64,npp.8.0.portable.arm64.7z,config.xml,config.xml,,5107,2021-02-06T02:57:45.188626+00:00,464f9d5abaf898ea16459eb5a31a35c8,4c9e2f8849f5cc14b1f833ef9aa667fe6a027784,abdaddc1d7ba9f3ff443ba93088ff47af79534a5c33c235f47f94e1f01cfb331,N/A,N/A,,https://github.com/notepad-plus-plus/notepad-plus-plus/releases/download/v8/npp.8.0.portable.arm64.7z
8,github,arm64,npp.8.0.portable.arm64.7z,contextMenu.xml,contextMenu.xml,,3919,2021-04-17T16:47:53.824728+00:00,50ee50c8d2f16c8121ce788f5047b9d7,6443c68a786d0f4a8e0e318b2c76016878aee57c,e30c0bd332a1186c694fb84e0fdadbebb6aebf899ed40aa976b9f598273cc48d,N/A,N/A,,https://github.com/notepad-plus-plus/notepad-plus-plus/releases/download/v8/npp.8.0.portable.arm64.7z
8,github,arm64,npp.8.0.portable.arm64.7z,localization/corsican.xml,corsican.xml,,105603,2021-06-03T12:28:23.790192+00:00,17003eaadbc190c4e760db221485e103,016ebc2c1a56af6cf1fc6606b35dddc622f91573,83666868d025f0732242a1aeecc74d1e1c364748f64d0dad97579d4c8cf3073d,N/A,N/A,,https://github.com/notepad-plus-plus/notepad-plus-plus/releases/download/v8/npp.8.0.portable.arm64.7z
8,github,arm64,npp.8.0.portable.arm64.7z,autoCompletion/cpp.xml,cpp.xml,,61526,2021-02-06T02:57:44.516168+00:00,96b467677841b3067cc07c63c687ba4e,1971ddd33d802ef77e45d7a858d1d5b32060f7a3,28add87d67b1b542bdeeeeb45ad1528c3f28e4e56c40367e869b717c5f44be49,N/A,N/A,,https://github.com/notepad-plus-plus/notepad-plus-plus/releases/download/v8/npp.8.0.portable.arm64.7z
8,github,arm64,npp.8.0.portable.arm64.7z,functionList/cpp.xml,cpp.xml,,18515,2020-10-27T03:29:08.990016+00:00,c794bb828625f83122e89b24bbc5f0c8,5b7d579ce72746284dcd1c71e7751cc32ae06c01,40cf1af5650b699a947899d2b43a00dcb64cdeaf080651c82a7930910c1c03f4,N/A,N/A,,https://github.com/notepad-plus-plus/notepad-plus-plus/releases/download/v8/npp.8.0.portable.arm64.7z
8,github,arm64,npp.8.0.portable.arm64.7z,localization/croatian.xml,croatian.xml,,100941,2021-05-15T20:55:04.796996+00:00,0170effc3d2bf62c66e4bece1bd9529e,2cc56763bcfc2b4838bd5518973e01db8599fe8a,74896b61dc983f88eaf73c8cd05ecf903c94e8bdfc96dd23ed385cb9a1f6901b,N/A,N/A,,https://github.com/notepad-plus-plus/notepad-plus-plus/releases/download/v8/npp.8.0.portable.arm64.7z
8,github,arm64,npp.8.0.portable.arm64.7z,autoCompletion/cs.xml,cs.xml,,33861,2021-02-06T02:57:44.518721+00:00,ec8c58e0d38c66fb1a2bc3a3c6c296d8,ad050cfc75e9712109b72d1f23d67bd9a8959f8c,95251b18e87d571e4bfc11b130772447e09461d4f0788e820939da776176e0a4,N/A,N/A,,https://github.com/notepad-plus-plus/notepad-plus-plus/releases/download/v8/npp.8.0.portable.arm64.7z
8,github,arm64,npp.8.0.portable.arm64.7z,functionList/cs.xml,cs.xml,,1834,2020-10-27T03:29:08.991012+00:00,0f35ee0cb20a383942b7ea9a0dc91b61,2770947a577f53c16f25b36ba30e6f94fb0e8209,59345c006cd9bde5ef532aae1f119758d45030993181c272bb0dd6fc0c5d01e5,N/A,N/A,,https://github.com/notepad-plus-plus/notepad-plus-plus/releases/download/v8/npp.8.0.portable.arm64.7z
8,github,arm64,npp.8.0.portable.arm64.7z,autoCompletion/css.xml,css.xml,,11515,2021-02-06T02:57:44.521309+00:00,64dabdc0a5648e812e85753a9525644b,50876b7deb96c121fbde72ea94774c053ef5e457,1ce87ddfd55e689461791ce1f2373a38d73e57035725e9cc43d69d5a8ef43adf,N/A,N/A,,https://github.com/notepad-plus-plus/notepad-plus-plus/releases/download/v8/npp.8.0.portable.arm64.7z
8,github,arm64,npp.8.0.portable.arm64.7z,localization/czech.xml,czech.xml,,88185,2021-05-14T11:01:03.845736+00:00,1b7e6c896ad37fd208157567d681ab37,f194f495caf291ba41232097cec25f7ff7ae8dbf,2f0ba49d44703d557bdcc468c4fa1293ea97a0db0034a914ca096f6c432cb8a5,N/A,N/A,,https://github.com/notepad-plus-plus/notepad-plus-plus/releases/download/v8/npp.8.0.portable.arm64.7z
8,github,arm64,npp.8.0.portable.arm64.7z,localization/danish.xml,danish.xml,,86584,2021-05-15T20:55:04.799612+00:00,84c4f6e832fc062a6bbb768bf19e0ee5,44b0cf84e265851767172435267a73f7e05006e8,f2ba6833ad372ed0a7095da552a1ee4bb37b5c53362aa81e25905d3145a215a1,N/A,N/A,,https://github.com/notepad-plus-plus/notepad-plus-plus/releases/download/v8/npp.8.0.portable.arm64.7z
8,github,arm64,npp.8.0.portable.arm64.7z,themes/DansLeRuSH-Dark.xml,DansLeRuSH-Dark.xml,,109871,2021-02-06T02:57:44.786444+00:00,52659d432fef1f94f29454165d4b251f,3ee91a1be14a545bc645ad945aaca4cac3043edb,9e4e8b753b943304d3885efc68c6cb4603c813c1aecbb8db967a7504b814a9d1,N/A,N/A,,https://github.com/notepad-plus-plus/notepad-plus-plus/releases/download/v8/npp.8.0.portable.arm64.7z
8,github,arm64,npp.8.0.portable.arm64.7z,themes/DarkModeDefault.xml,DarkModeDefault.xml,,166735,2021-05-14T11:01:03.884035+00:00,6d0f68f607198d62173a10c50b77fc10,101744ea97b7964b3be7a6f6ba8bdce904bde364,6138ed0e4ca7b83f905baf574dfb9b0b59261e1146e21f55ac3c6e9d5cd90bf5,N/A,N/A,,https://github.com/notepad-plus-plus/notepad-plus-plus/releases/download/v8/npp.8.0.portable.arm64.7z
8,github,arm64,npp.8.0.portable.arm64.7z,themes/Deep Black.xml,Deep Black.xml,,90076,2021-02-06T02:57:44.788439+00:00,02a33d4d0cb9c61f93dd4ea849ecb14f,5905769498ae32a32f5fdb1dcbf0fca97d7d3eca,4faac9346f9e190be23bc3a41c61178c34a8ab57b69099e8de79ca235b15323a,N/A,N/A,,https://github.com/notepad-plus-plus/notepad-plus-plus/releases/download/v8/npp.8.0.portable.arm64.7z
8,github,arm64,npp.8.0.portable.arm64.7z,doLocalConf.xml,doLocalConf.xml,,0,2017-08-16T07:23:53.663879+00:00,d41d8cd98f00b204e9800998ecf8427e,da39a3ee5e6b4b0d3255bfef95601890afd80709,e3b0c44298fc1c149afbf4c8996fb92427ae41e4649b934ca495991b7852b855,N/A,N/A,,https://github.com/notepad-plus-plus/notepad-plus-plus/releases/download/v8/npp.8.0.portable.arm64.7z
8,github,arm64,npp.8.0.portable.arm64.7z,localization/dutch.xml,dutch.xml,,98600,2021-06-03T12:28:23.793185+00:00,22314aedafb3f2e55fe5c807ac368a2e,f595b435da9adad5413e09f0fe2abe9dac41c013,c43bdd5fb163a068a675613ee1615dc672f4d99f6ad8d04dd73948b72ea34a56,N/A,N/A,,https://github.com/notepad-plus-plus/notepad-plus-plus/releases/download/v8/npp.8.0.portable.arm64.7z
8,github,arm64,npp.8.0.portable.arm64.7z,localization/english.xml,english.xml,,93692,2021-06-03T12:28:23.795178+00:00,4721340135291457a8ee76eff22f1d4a,aec76bb4b2d5e89b225d798445567c4c384c7a18,db1620e8014233f6b90861f13574b739a7da9d3788d22df9d346279c64f23e26,N/A,N/A,,https://github.com/notepad-plus-plus/notepad-plus-plus/releases/download/v8/npp.8.0.portable.arm64.7z
8,github,arm64,npp.8.0.portable.arm64.7z,localization/english_customizable.xml,english_customizable.xml,,93568,2021-05-18T20:13:43.938670+00:00,215b806e3b76d22d585cc3ac3edd524c,5ceabe197fc6da5755e3766a154aae4334b309c4,9fa9b5fa34a74d4475dc039f975ae0d879d32409f8be677bcf6f4b9d5866489d,N/A,N/A,,https://github.com/notepad-plus-plus/notepad-plus-plus/releases/download/v8/npp.8.0.portable.arm64.7z
8,github,arm64,npp.8.0.portable.arm64.7z,localization/esperanto.xml,esperanto.xml,,48286,2020-01-12T13:43:01.405147+00:00,49f94b0b12fd87e9aae7e0a17509c5ad,c8356fc2299e08c7597b815fef66772e66cfe5cf,7a84d2e2472b2ad7786e1963af3616d2330a857a85af16615612042ec410547e,N/A,N/A,,https://github.com/notepad-plus-plus/notepad-plus-plus/releases/download/v8/npp.8.0.portable.arm64.7z
8,github,arm64,npp.8.0.portable.arm64.7z,localization/estonian.xml,estonian.xml,,60643,2021-05-15T20:55:04.809574+00:00,b8d207d2af974a53df2757cd4977f01b,9025924fb7094192d254b0183269134dca7a5d11,d18a620ea786420f0e69c10df2d3981254a5edd29abcab674cf915e98a860801,N/A,N/A,,https://github.com/notepad-plus-plus/notepad-plus-plus/releases/download/v8/npp.8.0.portable.arm64.7z
8,github,arm64,npp.8.0.portable.arm64.7z,localization/extremaduran.xml,extremaduran.xml,,25399,2016-12-26T22:10:43.910594+00:00,896b0f1f0854f3bcc23a80c99dcebd47,ee5d3a7de7503e18b2929d96dc164dd0671a841d,87e0372bfd2b84316adf2c7d3130fcf2415a96ec2c8bcd5da6f1a8a3a807c8d2,N/A,N/A,,https://github.com/notepad-plus-plus/notepad-plus-plus/releases/download/v8/npp.8.0.portable.arm64.7z
8,github,arm64,npp.8.0.portable.arm64.7z,localization/farsi.xml,farsi.xml,,65703,2021-05-15T20:55:04.812649+00:00,44e17fd524df05d8720598b2879e386a,bae71fc18928a4815743c95ddff178be1219ebc5,e7111bd3f7700dca9828d4deb6a7f93d64845b43f4e754cd79ef8d47225f3037,N/A,N/A,,https://github.com/notepad-plus-plus/notepad-plus-plus/releases/download/v8/npp.8.0.portable.arm64.7z
8,github,arm64,npp.8.0.portable.arm64.7z,localization/finnish.xml,finnish.xml,,69344,2021-05-15T20:55:04.816555+00:00,fa44a74f56351a8bd18b5e7a70c7ebf7,7b3d90ef7ef098c37840e7d59e9a94c619d2535a,085abe6341b90ceb7690d79032a1e0f3bd909c78227b9e197be2716fc9316e17,N/A,N/A,,https://github.com/notepad-plus-plus/notepad-plus-plus/releases/download/v8/npp.8.0.portable.arm64.7z
8,github,arm64,npp.8.0.portable.arm64.7z,functionList/fortran.xml,fortran.xml,,1998,2021-04-17T16:47:53.731974+00:00,24efe929c0a64d0728082696eae24e47,8bb52b350a31b26750b5576196de4e1901580ec7,5b324fb16c96737c266d4fec05476017c8547e3f59a16bebcbac0086ed4ae14b,N/A,N/A,,https://github.com/notepad-plus-plus/notepad-plus-plus/releases/download/v8/npp.8.0.portable.arm64.7z
8,github,arm64,npp.8.0.portable.arm64.7z,functionList/fortran77.xml,fortran77.xml,,1618,2021-04-17T16:47:53.732974+00:00,1ced186652b31449fa28912b79449e55,efa4be5ca2d47d70fc839b5cbbd6e313d5f31884,355a07e657b68f84494b95119c4bec782d27af25c6b396eb1bdf61b387c55bda,N/A,N/A,,https://github.com/notepad-plus-plus/notepad-plus-plus/releases/download/v8/npp.8.0.portable.arm64.7z
8,github,arm64,npp.8.0.portable.arm64.7z,localization/french.xml,french.xml,,95436,2021-05-15T20:55:04.819547+00:00,70c7d3148ca91634d804be8c42a268ce,d016592f63be6590f303043d399f46c75ff644be,1794eba6af42ce807b6feda2099fca572fa48e23e8952f288d6975c3ef9f84a2,N/A,N/A,,https://github.com/notepad-plus-plus/notepad-plus-plus/releases/download/v8/npp.8.0.portable.arm64.7z
8,github,arm64,npp.8.0.portable.arm64.7z,localization/friulian.xml,friulian.xml,,34362,2017-08-20T17:40:40.917620+00:00,6d4c069b4c4517f68657be1641bec299,cc5384f29594b19822a805f8d5888ff328e169a1,d4ffe0a2b5e35fede7e6244be9823e1e946c60db1635e6d3f753e6df938e4b3d,N/A,N/A,,https://github.com/notepad-plus-plus/notepad-plus-plus/releases/download/v8/npp.8.0.portable.arm64.7z
8,github,arm64,npp.8.0.portable.arm64.7z,localization/galician.xml,galician.xml,,25339,2016-12-26T22:10:43.936632+00:00,191cc6b7ed37fad274f985d7329bd048,a8b7750901614323318923833a2fb7ac021e8c34,89a20e547d17b1006698cd35fbad772403033420808c8299206a8e299961d83e,N/A,N/A,,https://github.com/notepad-plus-plus/notepad-plus-plus/releases/download/v8/npp.8.0.portable.arm64.7z
8,github,arm64,npp.8.0.portable.arm64.7z,localization/georgian.xml,georgian.xml,,60005,2017-08-20T17:40:40.935670+00:00,cada78594c9838103c479dbda55c9e05,7cdc3fd1b8a7ede96101badacf68281e3432bfbb,b319b96cb4eece88c0cf88b557ce56ce5abe85bdf0a6a1007b64310a708a6572,N/A,N/A,,https://github.com/notepad-plus-plus/notepad-plus-plus/releases/download/v8/npp.8.0.portable.arm64.7z
8,github,arm64,npp.8.0.portable.arm64.7z,localization/german.xml,german.xml,,80514,2021-05-15T20:55:04.823862+00:00,1bb39c97049c23b0a69ec75e4c893f91,73e6f73490f08ec4abf60cc7918a71e86966dfab,8a526ffadf34c34cb6825d928505fc1c292df6110411c97599c0d391c5f679a1,N/A,N/A,,https://github.com/notepad-plus-plus/notepad-plus-plus/releases/download/v8/npp.8.0.portable.arm64.7z
8,github,arm64,npp.8.0.portable.arm64.7z,localization/greek.xml,greek.xml,,104474,2021-06-03T12:28:23.797174+00:00,cf7abbe63252ec741479dee35774807b,80ea01bcf9f0e5bd69244b513ccb8f57f96e316c,9dbc07059f0037c5b114487b9a259d631589a37c70bf1bc6115405649429861c,N/A,N/A,,https://github.com/notepad-plus-plus/notepad-plus-plus/releases/download/v8/npp.8.0.portable.arm64.7z
8,github,arm64,npp.8.0.portable.arm64.7z,localization/gujarati.xml,gujarati.xml,,69663,2020-05-31T09:57:18.882532+00:00,7fc20c4adbdc66c21775a870387769b2,34ee8fc4001645bdeab1427ed8f33a01d2d081ca,efcce0e0c6fe01a7d40cae0a239d85ec3c06e9a7c5dd9adc23825eae2dbf30b3,N/A,N/A,,https://github.com/notepad-plus-plus/notepad-plus-plus/releases/download/v8/npp.8.0.portable.arm64.7z
8,github,arm64,npp.8.0.portable.arm64.7z,updater/GUP.exe,GUP.exe,,970152,2021-06-06T16:49:01.158868+00:00,1c588fc9fb74254132352a3963c24070,f1d9ebb13a17e97d14622620c6e1a1dbdc88e3d0,509476b9230ce0727bd407759c882e713049bd0b168c44d8db521dcfeacd2d14,N/A,N/A,,https://github.com/notepad-plus-plus/notepad-plus-plus/releases/download/v8/npp.8.0.portable.arm64.7z
8,github,arm64,npp.8.0.portable.arm64.7z,updater/gup.xml,gup.xml,,4267,2018-07-17T14:08:20.763110+00:00,b023cc4d768b34a5401f317479740a53,4ca45db707b120bca9cb6cd8404b9e6ecabdb2d2,d3e6404c7286961cbab82d4c49f82bcb166db9b5a13eacaa0eeb59a0709a0c14,N/A,N/A,,https://github.com/notepad-plus-plus/notepad-plus-plus/releases/download/v8/npp.8.0.portable.arm64.7z
8,github,arm64,npp.8.0.portable.arm64.7z,functionList/haskell.xml,haskell.xml,,2475,2021-04-17T16:47:53.733969+00:00,39f92a5a4c65c9ebf93e23f517ec0ac9,0a87cae9a01c68f1c6b955d221e8bb975ff13fcd,e163c2dc738f1df1d4029ca9f2af7309da19e4ad4eefac1212bbba6fa0167ad4,N/A,N/A,,https://github.com/notepad-plus-plus/notepad-plus-plus/releases/download/v8/npp.8.0.portable.arm64.7z
8,github,arm64,npp.8.0.portable.arm64.7z,localization/hebrew.xml,hebrew.xml,,22740,2018-12-09T18:22:22.918496+00:00,07c8ebe76b6352401c0e9c84956d727f,fb14d93db71d0d4b3f25c275fc57d615ce7446c4,58585868a8164b247c53ad3646076e3404a4fd854ee3632ca9841c1ba3d210d6,N/A,N/A,,https://github.com/notepad-plus-plus/notepad-plus-plus/releases/download/v8/npp.8.0.portable.arm64.7z
8,github,arm64,npp.8.0.portable.arm64.7z,themes/Hello Kitty.xml,Hello Kitty.xml,,90003,2021-02-06T02:57:44.790562+00:00,440f1754c493214c970457fd8bb90601,fb6e530fa6180e0fb2be35574ce7f6666ee7b6cf,9e82a82618fe052bf5ce97752001b966da68d5599e6fba3031f2807de420f896,N/A,N/A,,https://github.com/notepad-plus-plus/notepad-plus-plus/releases/download/v8/npp.8.0.portable.arm64.7z
8,github,arm64,npp.8.0.portable.arm64.7z,localization/hindi.xml,hindi.xml,,101926,2021-05-15T20:55:04.827692+00:00,b5857e80af0743018276e7a89b16f3c0,766f407f0f5cf20b8c1ec2fe225d6abaa7af323d,d25ed21d8a40215b31e762bc08e3133e11afd4df68d2f88894ba6f4805a1fe79,N/A,N/A,,https://github.com/notepad-plus-plus/notepad-plus-plus/releases/download/v8/npp.8.0.portable.arm64.7z
8,github,arm64,npp.8.0.portable.arm64.7z,localization/hongKongCantonese.xml,hongKongCantonese.xml,,95770,2021-06-03T12:28:23.799167+00:00,e2fcc2bb0386d15273a4e9b944235f5f,80ffbf58fe441e88597a3d39fc5efdcbb453b255,a7e1f78de9519fddcac6fc4c38abf99f27ce17018353450bfe4b2dcd4c0fc8f2,N/A,N/A,,https://github.com/notepad-plus-plus/notepad-plus-plus/releases/download/v8/npp.8.0.portable.arm64.7z
8,github,arm64,npp.8.0.portable.arm64.7z,themes/HotFudgeSundae.xml,HotFudgeSundae.xml,,110487,2021-02-06T02:57:44.792649+00:00,8af4695773d5de3e50564cc60afd5027,5db749e5d008fa8331186743c0d47ba907e6abe0,375d6c3818f17edbe41e0a14061f8f07941a617222f7bf6e44a5a0cdb58c9afe,N/A,N/A,,https://github.com/notepad-plus-plus/notepad-plus-plus/releases/download/v8/npp.8.0.portable.arm64.7z
8,github,arm64,npp.8.0.portable.arm64.7z,autoCompletion/html.xml,html.xml,,19490,2021-02-06T02:57:44.523148+00:00,83f7d0f14d6cd73474f0f409950b354a,9e86874a1f691f71d977e2f3aeb77170439465f5,faceb73d447eb8354e84a6ae96b4e354375f2db795756f3003a430b3e2ea66e8,N/A,N/A,,https://github.com/notepad-plus-plus/notepad-plus-plus/releases/download/v8/npp.8.0.portable.arm64.7z
8,github,arm64,npp.8.0.portable.arm64.7z,localization/hungarian.xml,hungarian.xml,,84326,2021-05-15T20:55:04.838498+00:00,ec20dc510d4eaf0b761dbcb6d23d1393,7766f85f04d4e73bd0a7c3ab93f5c9ce39a7988a,9bc7df9113a979b1161a48e85958ef677ad303f2868b602cf7eb5f90c3a349da,N/A,N/A,,https://github.com/notepad-plus-plus/notepad-plus-plus/releases/download/v8/npp.8.0.portable.arm64.7z
8,github,arm64,npp.8.0.portable.arm64.7z,localization/indonesian.xml,indonesian.xml,,63989,2021-05-15T20:55:04.843483+00:00,53f2a422f3264a8c2538eb62954a59b6,f8dc1dae3612b6b10ce8709c61051413554eeb6b,ea9c8a7b44f8e3691799ae440ef4e1e7f19e770354a163b1236fb11e803015fa,N/A,N/A,,https://github.com/notepad-plus-plus/notepad-plus-plus/releases/download/v8/npp.8.0.portable.arm64.7z
8,github,arm64,npp.8.0.portable.arm64.7z,functionList/ini.xml,ini.xml,,952,2020-10-27T03:29:08.992010+00:00,005c5fe001e12b5b0a7f8dee285d71fb,02a29fbbbfdf2166496021920e568b610395cd6e,11acf49eb9f3cb68fa7a3bb8568cef2eb0f125700c8edcbcd108b5810761770f,N/A,N/A,,https://github.com/notepad-plus-plus/notepad-plus-plus/releases/download/v8/npp.8.0.portable.arm64.7z
8,github,arm64,npp.8.0.portable.arm64.7z,functionList/inno.xml,inno.xml,,4404,2020-10-27T03:29:08.992010+00:00,ab1e90d098b886e9f098d7c4c82efb9a,d74449a5b6b2a87d7e5564770edfb609df6806fd,0162159b64eb092f94964faf937f263fb9947b25d40e0d82bd3224d136a140de,N/A,N/A,,https://github.com/notepad-plus-plus/notepad-plus-plus/releases/download/v8/npp.8.0.portable.arm64.7z
8,github,arm64,npp.8.0.portable.arm64.7z,localization/irish.xml,irish.xml,,85008,2021-05-15T20:55:04.850466+00:00,5a3eb4f9cab6ec3bec40d5a683d0fd6b,242d9a7f66c7ae8956d1697f2b34fdd1817488b2,55cb1860023e4182da505e1cffc4eb7d9efdf4062e0e1b2d6320b73abc366dc0,N/A,N/A,,https://github.com/notepad-plus-plus/notepad-plus-plus/releases/download/v8/npp.8.0.portable.arm64.7z
8,github,arm64,npp.8.0.portable.arm64.7z,localization/italian.xml,italian.xml,,93636,2021-05-15T20:55:04.854454+00:00,2dee006fe24c72fa343b88c19b0fd384,d661da649c003d04c449537ac1c55892080d0c64,1dbd12b6ce20bef97864188ceee5f07f414f9c9a0b1d38c8a568825d30671176,N/A,N/A,,https://github.com/notepad-plus-plus/notepad-plus-plus/releases/download/v8/npp.8.0.portable.arm64.7z
8,github,arm64,npp.8.0.portable.arm64.7z,localization/japanese.xml,japanese.xml,,102810,2021-06-03T12:28:23.800165+00:00,50910b5785eefb406d17fcbdd6e3f479,05dee50294a47062b937184fcb1cd94dbf434138,28d556f4bddb80c83bfc7fa7092590144158f27adba65fde99f261c214cf97ce,N/A,N/A,,https://github.com/notepad-plus-plus/notepad-plus-plus/releases/download/v8/npp.8.0.portable.arm64.7z
8,github,arm64,npp.8.0.portable.arm64.7z,autoCompletion/java.xml,java.xml,,205359,2021-02-06T02:57:44.528478+00:00,1ce78a369cff97a0aa6ada78bf65a6d3,d04ba700b097732f152899c998d53d9a9a857b70,18d4506cbd6c04e33b948b1824662efc432a89e83e18abffb78043a2121f5580,N/A,N/A,,https://github.com/notepad-plus-plus/notepad-plus-plus/releases/download/v8/npp.8.0.portable.arm64.7z
8,github,arm64,npp.8.0.portable.arm64.7z,functionList/java.xml,java.xml,,9331,2020-10-27T03:29:08.993007+00:00,e5a76a3287909497f328b0f12cf5ce89,a432976d922c00717386fafc3290cf251c8e7182,2487221a75a52b4f8aa6d2e62f1c0a55a5cd5240b1cb7aafa66fbb2042590b06,N/A,N/A,,https://github.com/notepad-plus-plus/notepad-plus-plus/releases/download/v8/npp.8.0.portable.arm64.7z
8,github,arm64,npp.8.0.portable.arm64.7z,functionList/javascript.js.xml,javascript.js.xml,,1146,2020-10-27T03:29:08.994004+00:00,76bfe910efe1727e4afc3680cca62773,9e05e76ab53ee66aa26cfe6726db6e81c9a3bd62,7c68f28c6995f47dd77596bab28c6b4388ff93840c3becfd37733ddb640cd0cd,N/A,N/A,,https://github.com/notepad-plus-plus/notepad-plus-plus/releases/download/v8/npp.8.0.portable.arm64.7z
8,github,arm64,npp.8.0.portable.arm64.7z,autoCompletion/javascript.xml,javascript.xml,,23348,2021-02-06T02:57:44.531126+00:00,c7cae93b5f9356400d166911bcd0717b,e5d3dc09f45d7ec6a88f9af28c7c9faf055ea804,6ee58a91cba2473554c9d20fb18ddb69b465f1e7bf2e9e1efe8e7b726bac327c,N/A,N/A,,https://github.com/notepad-plus-plus/notepad-plus-plus/releases/download/v8/npp.8.0.portable.arm64.7z
8,github,arm64,npp.8.0.portable.arm64.7z,localization/kabyle.xml,kabyle.xml,,50323,2020-05-31T09:57:18.887519+00:00,1d46146ccf999ede311f951828181eac,f27e955e2f1b819b06bbe1e7e9ecc6b83c49bd23,56d9177dc22aa9945085510cb540000200896a46654f60ff27daa4f4e9bcf378,N/A,N/A,,https://github.com/notepad-plus-plus/notepad-plus-plus/releases/download/v8/npp.8.0.portable.arm64.7z
8,github,arm64,npp.8.0.portable.arm64.7z,localization/kannada.xml,kannada.xml,,74455,2020-05-31T09:57:18.888516+00:00,9f704e219f869165d3779ad6a221e804,40277c057304e603bd74a6ab4c2deb62b5721c7c,d1bbee48ebe8378c0cd3b2dd96134134d7fbc6020fb68ff5689be62ac41d6464,N/A,N/A,,https://github.com/notepad-plus-plus/notepad-plus-plus/releases/download/v8/npp.8.0.portable.arm64.7z
8,github,arm64,npp.8.0.portable.arm64.7z,localization/kazakh.xml,kazakh.xml,,33030,2021-03-18T18:28:21.391259+00:00,cef567a83b071655a30fe3d6841399fa,ac71543e6c69653a9ebdf0edacd32825b868842a,6db85b99cbf208c9ff4cba47ac175305f21f96ff101f5f0676d950d2cc9081c6,N/A,N/A,,https://github.com/notepad-plus-plus/notepad-plus-plus/releases/download/v8/npp.8.0.portable.arm64.7z
8,github,arm64,npp.8.0.portable.arm64.7z,themes/khaki.xml,khaki.xml,,108169,2021-02-06T02:57:44.821349+00:00,ad1d0954bf9068c093d427c011f198de,a91148c968f34646046286af45ad86eb39cd78ab,9af962a4aa2271418881b9117ee61ba341984210c02c3a01e9ad4cc3089f6637,N/A,N/A,,https://github.com/notepad-plus-plus/notepad-plus-plus/releases/download/v8/npp.8.0.portable.arm64.7z
8,github,arm64,npp.8.0.portable.arm64.7z,localization/korean.xml,korean.xml,,76912,2021-05-15T20:55:04.861434+00:00,9211b3e0720327ac0a6fe83fd98f38b5,00f66f51c56e370afcedb9522f5e971a5f066430,cf71d19990acd4985fe76ff45755eba060017e177aca63b5ff6c04957763b9fd,N/A,N/A,,https://github.com/notepad-plus-plus/notepad-plus-plus/releases/download/v8/npp.8.0.portable.arm64.7z
8,github,arm64,npp.8.0.portable.arm64.7z,functionList/krl.xml,krl.xml,,3037,2020-10-27T03:29:08.994004+00:00,2b3193bd7b701acaab61a9b18a349ea5,56f8de4bd5ea8798f06ebd9ba6c8159cc66b287d,c158322bd963d2a68ffc878d72213a7394d8c16de72279771ffc924365eec0df,N/A,N/A,,https://github.com/notepad-plus-plus/notepad-plus-plus/releases/download/v8/npp.8.0.portable.arm64.7z
8,github,arm64,npp.8.0.portable.arm64.7z,localization/kurdish.xml,kurdish.xml,,62678,2021-05-15T20:55:04.863663+00:00,b3fc582020bd8c75d7f982f4798bdbbd,29f3b1ca99deb40ad6def82608926321e87abbcb,43455f6b7e659e4c94ee144fc55e53036c844037cad82a074b5728a359203b89,N/A,N/A,,https://github.com/notepad-plus-plus/notepad-plus-plus/releases/download/v8/npp.8.0.portable.arm64.7z
8,github,arm64,npp.8.0.portable.arm64.7z,localization/kyrgyz.xml,kyrgyz.xml,,38731,2017-08-20T17:40:41.099834+00:00,ad3a31d477ad1e09dc3f6911c1f50d1e,cefc20836cbc0e78eb0291948eadbdf09b21a838,4964c0b9f36b7fec44ec0805ba153d88293311cd703680719187cdaa68fbd090,N/A,N/A,,https://github.com/notepad-plus-plus/notepad-plus-plus/releases/download/v8/npp.8.0.portable.arm64.7z
8,github,arm64,npp.8.0.portable.arm64.7z,langs.model.xml,langs.model.xml,,344225,2021-05-14T11:01:04.218175+00:00,72f3f593344d5d253f98fbf01a85036c,f75313d2c4368c0ff69fe5c0a9adc8ba1cd12c7d,aea280f48f7882eb547817ea04e015d01d22ed32edccf146b7dc526c03f506a1,N/A,N/A,,https://github.com/notepad-plus-plus/notepad-plus-plus/releases/download/v8/npp.8.0.portable.arm64.7z
8,github,arm64,npp.8.0.portable.arm64.7z,localization/latvian.xml,latvian.xml,,46317,2020-01-12T13:43:01.442049+00:00,5bdd886ac6fcbe6d922b9616f86a729f,97b5ba6af3683e41457c89534909a20eee997809,fc76ab3cbfe4a96f02531236b7c0b16cf4749fbb2ac0f378149347ae625a3708,N/A,N/A,,https://github.com/notepad-plus-plus/notepad-plus-plus/releases/download/v8/npp.8.0.portable.arm64.7z
8,github,arm64,npp.8.0.portable.arm64.7z,updater/libcurl.dll,libcurl.dll,,541608,2021-06-06T16:49:08.822487+00:00,a70604f0bed23763e665105d998bac9f,5332bfe6554fc085a43d9826bd28c597d51a329d,7321756bbd5e932129688900d32a2ad512f39cdb569780f4c8ee80cf8f2e2ea6,N/A,N/A,,https://github.com/notepad-plus-plus/notepad-plus-plus/releases/download/v8/npp.8.0.portable.arm64.7z
8,github,arm64,npp.8.0.portable.arm64.7z,updater/LICENSE,LICENSE,,7804,2017-12-13T21:44:48.576709+00:00,8e3494bf8cf1967afd3b1016fbbe5bb0,b1608abb6e19ef60f4b9c52f6e05bf81cc97d0c2,319917f5ccd09878db6f67c9a77dee846055644ca49eb535628b9e020a87261e,N/A,N/A,,https://github.com/notepad-plus-plus/notepad-plus-plus/releases/download/v8/npp.8.0.portable.arm64.7z
8,github,arm64,npp.8.0.portable.arm64.7z,license.txt,license.txt,,35663,2021-02-06T02:57:44.460317+00:00,16871739f1c1b2e562f522a60e6c218f,151386821ad471892bf099ebf8197adeee1c4d29,afe980345a1e845fb7e372639205cc57e6902a2505c114dc1bcbcd56119f3413,N/A,N/A,,https://github.com/notepad-plus-plus/notepad-plus-plus/releases/download/v8/npp.8.0.portable.arm64.7z
8,github,arm64,npp.8.0.portable.arm64.7z,localization/ligurian.xml,ligurian.xml,,34480,2017-08-20T17:40:41.121866+00:00,58a86031153e6bd8ae1ad5bf80fcc894,656cedf73e8d40797a43980fd1801f6501b036c4,5fad85ea1c785dca218106e2b409c20b3cb103e8cdc87c542aae5d630599c33b,N/A,N/A,,https://github.com/notepad-plus-plus/notepad-plus-plus/releases/download/v8/npp.8.0.portable.arm64.7z
8,github,arm64,npp.8.0.portable.arm64.7z,autoCompletion/lisp.xml,lisp.xml,,17231,2021-02-06T02:57:44.533724+00:00,2342b76218146563f7cb762ff1a4c03d,9bd08e072b9f401edffb482ff22bcedb444f8165,7dee0ce72cf218da91221c2be184bd22ba16b120396aa1f209583fc9f62fd8bf,N/A,N/A,,https://github.com/notepad-plus-plus/notepad-plus-plus/releases/download/v8/npp.8.0.portable.arm64.7z
8,github,arm64,npp.8.0.portable.arm64.7z,localization/lithuanian.xml,lithuanian.xml,,76720,2021-05-15T20:55:04.866791+00:00,f82686ed79384fec00f33ff98f993720,a841107e5066f87c5b78148b4d2caf8a255be8ab,55b4956b4764f734bcb7b8c62f7fb3ba601a0bf087dba66698fa1e174483bb79,N/A,N/A,,https://github.com/notepad-plus-plus/notepad-plus-plus/releases/download/v8/npp.8.0.portable.arm64.7z
8,github,arm64,npp.8.0.portable.arm64.7z,autoCompletion/lua.xml,lua.xml,,90483,2021-02-06T02:57:44.537110+00:00,810918f09e228f768a037223b5dbc505,ee00f44a913591959cbbde9e8ae0b6871f81cd8a,370a055b1c3044a5ff045d8e6cfeca24e82bd0033a41b3d463e63b4d36b1e76a,N/A,N/A,,https://github.com/notepad-plus-plus/notepad-plus-plus/releases/download/v8/npp.8.0.portable.arm64.7z
8,github,arm64,npp.8.0.portable.arm64.7z,localization/luxembourgish.xml,luxembourgish.xml,,25260,2017-08-20T17:40:41.142960+00:00,cc2d7d26c9d221def534845ec7453ddb,b40b675c5a5c10c8a393714f483aa515be4a5f8d,b73cb0703537af9d58c2e1f040f2e7f741199eef954d5e109eb301fc4498ffe0,N/A,N/A,,https://github.com/notepad-plus-plus/notepad-plus-plus/releases/download/v8/npp.8.0.portable.arm64.7z
8,github,arm64,npp.8.0.portable.arm64.7z,localization/macedonian.xml,macedonian.xml,,36460,2016-12-26T22:10:44.046439+00:00,59f590ee75294f37ccb5ed1c7a441a11,7432c800018216193273b59666f26c4a81540ee6,59dbcc4618fa64eebd71808b16b4736b7af8855bef760aec3eb31c6f8f5f470e,N/A,N/A,,https://github.com/notepad-plus-plus/notepad-plus-plus/releases/download/v8/npp.8.0.portable.arm64.7z
8,github,arm64,npp.8.0.portable.arm64.7z,localization/malay.xml,malay.xml,,19084,2016-12-26T22:10:44.052465+00:00,3158e10e8a9b3c0e84a770f5f11aaa1f,418a6c52704b6c832b80b36adbba45682725c76f,690416e418c9821bfe71805f76d9e18ee39fd092742d173cc9fe595268b131fa,N/A,N/A,,https://github.com/notepad-plus-plus/notepad-plus-plus/releases/download/v8/npp.8.0.portable.arm64.7z
8,github,arm64,npp.8.0.portable.arm64.7z,localization/marathi.xml,marathi.xml,,48181,2019-06-01T16:07:32.531979+00:00,ce4757e3935343d472515cf9b936d7e4,c9ba81eb7b9f1ec2c0ac70e948846ba434d2ac7c,8b7545558bc73329f6caa27b5aa6203220d7a58ea3b37e9c346e636aaf70146c,N/A,N/A,,https://github.com/notepad-plus-plus/notepad-plus-plus/releases/download/v8/npp.8.0.portable.arm64.7z
8,github,arm64,npp.8.0.portable.arm64.7z,userDefineLangs/markdown._preinstalled.udl.xml,markdown._preinstalled.udl.xml,,6046,2020-10-27T03:29:08.979044+00:00,c37d302c1b6884616d59477ba8e438ec,22cd67b23836777a1861d2c1d0663eee7eab1933,c5011367a4453096122fe72bb89f2940293cb61e973522ff140cdfe05227b1f3,N/A,N/A,,https://github.com/notepad-plus-plus/notepad-plus-plus/releases/download/v8/npp.8.0.portable.arm64.7z
8,github,arm64,npp.8.0.portable.arm64.7z,plugins/mimeTools/mimeTools.dll,mimeTools.dll,,117160,2021-06-06T16:49:24.060524+00:00,af0c25597b48e1a7ccb5ef27cbb287ae,9ad51f5a9fdfaa40f9dd1e8f02f052f116e44114,6b730ac24430870da5edf481db267333844baa7ef22bf922755654cf7d7df9b8,N/A,N/A,,https://github.com/notepad-plus-plus/notepad-plus-plus/releases/download/v8/npp.8.0.portable.arm64.7z
8,github,arm64,npp.8.0.portable.arm64.7z,localization/mongolian.xml,mongolian.xml,,64376,2020-01-12T13:43:01.448031+00:00,edb56af0fd2e0c8390c7d8d62b080e0f,1a296725f590905e19544424d7fcd14a27f37305,0924a7c8f36e54675cab1c2fdde30fee8ef8c7b56159e1114b1611e994ccaa24,N/A,N/A,,https://github.com/notepad-plus-plus/notepad-plus-plus/releases/download/v8/npp.8.0.portable.arm64.7z
8,github,arm64,npp.8.0.portable.arm64.7z,themes/Mono Industrial.xml,Mono Industrial.xml,,91448,2021-02-06T02:57:44.794422+00:00,1dd2f54e6454323863d70b6b5dcb1620,37f8ac2b7453d356171737d312e16db0e7494d12,4794862c291de42c75e594ce19e5df267b42ff06d2ef4b7bb2ebb61e949f93c8,N/A,N/A,,https://github.com/notepad-plus-plus/notepad-plus-plus/releases/download/v8/npp.8.0.portable.arm64.7z
8,github,arm64,npp.8.0.portable.arm64.7z,themes/Monokai.xml,Monokai.xml,,92206,2021-02-06T02:57:44.796416+00:00,961a7b6c6d0f0cbfd47a56c6a17591a3,01d0c6b8cfa6211cfa6d9b572967da79b43654f8,4b09bf80ceeea1b311c428002ea881e991574ce28fe887f9f488c989c5b64912,N/A,N/A,,https://github.com/notepad-plus-plus/notepad-plus-plus/releases/download/v8/npp.8.0.portable.arm64.7z
8,github,arm64,npp.8.0.portable.arm64.7z,themes/MossyLawn.xml,MossyLawn.xml,,108374,2021-02-06T02:57:44.798907+00:00,449a1374aabd1e800ac1fec9deba583e,a983c8c69487066a51f52d610be2b17fb9629001,73506506d2c79a30a63d5e11e77b7eeeb757220ea52ee99a7b79fa2803c0d684,N/A,N/A,,https://github.com/notepad-plus-plus/notepad-plus-plus/releases/download/v8/npp.8.0.portable.arm64.7z
8,github,arm64,npp.8.0.portable.arm64.7z,themes/Navajo.xml,Navajo.xml,,108183,2021-02-06T02:57:44.801414+00:00,8846302b3208ea814a7c010fdf764604,e03e5ba9f5516fef84ec7b4f3f1b03108a80cdfc,92ee1ef1d8a353cda26017f576e5a966dd91790f0d2098a83572561909532813,N/A,N/A,,https://github.com/notepad-plus-plus/notepad-plus-plus/releases/download/v8/npp.8.0.portable.arm64.7z
8,github,arm64,npp.8.0.portable.arm64.7z,localization/nepali.xml,nepali.xml,,123523,2021-05-15T20:55:04.869959+00:00,6dce93f6c2806a93aa09a6fd372e9257,bbf75dafcb98a1d0d78c4006ca288d8a0e48fa56,161097b077ac354b4bfa23397dcf3ed29790648b68dc660559c8e75e1be9b24a,N/A,N/A,,https://github.com/notepad-plus-plus/notepad-plus-plus/releases/download/v8/npp.8.0.portable.arm64.7z
8,github,arm64,npp.8.0.portable.arm64.7z,localization/norwegian.xml,norwegian.xml,,27778,2016-12-26T22:10:44.066320+00:00,f5519b853316445aab668c1dfd480f87,0f7aab54733b22d514b36ea68e39b0fe215afcbc,bb9a79755d37d449acff570c20e78a9e0c58482414435cf0f493e15e6216fce3,N/A,N/A,,https://github.com/notepad-plus-plus/notepad-plus-plus/releases/download/v8/npp.8.0.portable.arm64.7z
8,github,arm64,npp.8.0.portable.arm64.7z,notepad++.exe,notepad++.exe,,5855656,2021-06-06T16:48:38.352306+00:00,f2b04391d2e5c31f1b1521f3a82d2e07,bf345e2936beb08077bacb8e8c93955b691a7dc0,c5af9172f5d8a280c62fb04369595b6fcc78534182719c2fc772d1d80a7e77e5,N/A,N/A,,https://github.com/notepad-plus-plus/notepad-plus-plus/releases/download/v8/npp.8.0.portable.arm64.7z
8,github,arm64,npp.8.0.portable.arm64.7z,plugins/NppConverter/NppConverter.dll,NppConverter.dll,,170408,2021-06-06T16:49:31.691483+00:00,de1830737c1a5a3e233c03ea235f17b2,b21016bc2536e68d955384e8c9926427055fd875,97fd4e8a83c081b72bc29929498851acd36af4e39f861c68d6a73610ced92336,N/A,N/A,,https://github.com/notepad-plus-plus/notepad-plus-plus/releases/download/v8/npp.8.0.portable.arm64.7z
8,github,arm64,npp.8.0.portable.arm64.7z,plugins/NppExport/NppExport.dll,NppExport.dll,,129960,2021-06-06T16:49:16.379607+00:00,342e58d8e38d9ebef1475c3d06eb2581,ca6073530ce5a618753a8ec91b6eb1080905a666,876c966c1e7c5ed9dfd4f94ed7e78389ae8f38dd795d0deb161b587b455290cf,N/A,N/A,,https://github.com/notepad-plus-plus/notepad-plus-plus/releases/download/v8/npp.8.0.portable.arm64.7z
8,github,arm64,npp.8.0.portable.arm64.7z,plugins/Config/nppPluginList.dll,nppPluginList.dll,,91560,2021-06-06T16:48:53.270976+00:00,feae25d9f29c3df1ad683fb025c566cc,5cb5302727e090e338f3357271487b884c154cc1,b637a6a0d186e23bbeb7bb5d93faacab9e00f7a8f910f466b951f79420670f68,N/A,N/A,,https://github.com/notepad-plus-plus/notepad-plus-plus/releases/download/v8/npp.8.0.portable.arm64.7z
8,github,arm64,npp.8.0.portable.arm64.7z,autoCompletion/nsis.xml,nsis.xml,,8176,2021-02-06T02:57:44.539397+00:00,c02485cf76125ce06988d536328ebe81,0bcd80a606c16c48e4ac0e21c489a8e1d46b1f58,98a294b1e45611821fac0bf98b15536efcbde57fb58c9effe46105aa68da24ec,N/A,N/A,,https://github.com/notepad-plus-plus/notepad-plus-plus/releases/download/v8/npp.8.0.portable.arm64.7z
8,github,arm64,npp.8.0.portable.arm64.7z,functionList/nsis.xml,nsis.xml,,7125,2020-10-27T03:29:08.995001+00:00,792c0b92f7949c0ec61b8b06a86c5a67,565e8cc8005eb923db47eb1685748c8934c77089,c13743567fcfc4fa77b66e79447edab2d1ecc97d4da32b655d92ae90968f2b0b,N/A,N/A,,https://github.com/notepad-plus-plus/notepad-plus-plus/releases/download/v8/npp.8.0.portable.arm64.7z
8,github,arm64,npp.8.0.portable.arm64.7z,localization/nynorsk.xml,nynorsk.xml,,41202,2017-08-20T17:40:41.189943+00:00,694867a6ade700da42a55da24da74200,d6115de129aa535bc83cce55e1c1ad5a001a5fac,319a9e846a610811fdf12b96bf352e4e07f2d7de5a6bec3000cebc1b1e21a1fe,N/A,N/A,,https://github.com/notepad-plus-plus/notepad-plus-plus/releases/download/v8/npp.8.0.portable.arm64.7z
8,github,arm64,npp.8.0.portable.arm64.7z,themes/Obsidian.xml,Obsidian.xml,,95745,2021-03-08T18:04:41.299199+00:00,4a484addc53e83c94679cb83f75ffc10,7239dcca023f6d91bd409f1b0a56d4a5437c10ad,7f88d74ffa6eb2ad3bfb44a6f6c8ff1fa6809685e16778ed1746e4123b862564,N/A,N/A,,https://github.com/notepad-plus-plus/notepad-plus-plus/releases/download/v8/npp.8.0.portable.arm64.7z
8,github,arm64,npp.8.0.portable.arm64.7z,localization/occitan.xml,occitan.xml,,60960,2021-05-15T20:55:04.872405+00:00,878f0c0a2d0e905cb830f3e31eecced7,9c9b4955076d093f9dab456c2b27e82cdba69f7c,d7d80445e9cfde2d5d2d9d9e435b43fc5cf30acf8850b453f826db41856af30a,N/A,N/A,,https://github.com/notepad-plus-plus/notepad-plus-plus/releases/download/v8/npp.8.0.portable.arm64.7z
8,github,arm64,npp.8.0.portable.arm64.7z,functionList/overrideMap.xml,overrideMap.xml,,6371,2020-10-27T03:29:08.996000+00:00,28fccc2a6a7145574c006f7dcd8eb251,dd11264640842a112021e9228332219fb979e2dc,e7f8eae310e8ace3b3b0be3bb145ec8c2bbcaa66c9337218dc4cbef633374f95,N/A,N/A,,https://github.com/notepad-plus-plus/notepad-plus-plus/releases/download/v8/npp.8.0.portable.arm64.7z
8,github,arm64,npp.8.0.portable.arm64.7z,autoCompletion/perl.xml,perl.xml,,58670,2021-02-06T02:57:44.542343+00:00,68a335d8c7f6bd14b91cfe3bb7e4fbe5,91bb6cc6593d51913e6e8eb1af9579a717769ea1,c75aee84bbdc39cfd3e5b9e8d400a34dea82a1e176ff094de1284824afa5c44a,N/A,N/A,,https://github.com/notepad-plus-plus/notepad-plus-plus/releases/download/v8/npp.8.0.portable.arm64.7z
8,github,arm64,npp.8.0.portable.arm64.7z,functionList/perl.xml,perl.xml,,1505,2020-10-27T03:29:08.996000+00:00,c7ad8abe956fbcc3cab1bdb82f457729,8644c5344a3ce147add01d61a943fcd0bad099fb,6558013f984e594bb57534910ce0b17bfa15da3cc9bb4b6e0b5c6e4ddf9eb14e,N/A,N/A,,https://github.com/notepad-plus-plus/notepad-plus-plus/releases/download/v8/npp.8.0.portable.arm64.7z
8,github,arm64,npp.8.0.portable.arm64.7z,autoCompletion/php.xml,php.xml,,427922,2021-02-06T02:57:44.549078+00:00,8bb0f6ddbf214fc5247efd6b809e43fa,5f44d91697d849162a5ddc00504fd9a2bbbe8a24,0bf118ba1b96f626eb4217bfc3f192bde2626d1616786daf484e2f3c35d7d706,N/A,N/A,,https://github.com/notepad-plus-plus/notepad-plus-plus/releases/download/v8/npp.8.0.portable.arm64.7z
8,github,arm64,npp.8.0.portable.arm64.7z,functionList/php.xml,php.xml,,10000,2020-11-06T18:23:59.717391+00:00,09dd56ad26088b1fa609b8d201064450,1efc7cf7ddcf5c06e9291518fa0e073469075231,b5d149184a4e4a3ed8425e5ace844d784a4ed5a4e0004e959cf17f6267e80b40,N/A,N/A,,https://github.com/notepad-plus-plus/notepad-plus-plus/releases/download/v8/npp.8.0.portable.arm64.7z
8,github,arm64,npp.8.0.portable.arm64.7z,localization/piglatin.xml,piglatin.xml,,79086,2021-05-15T20:55:04.874400+00:00,a81a96ae92a44fefd915ec642c0439d7,5af4d51746b51bc2a836e03850a183eabe9a7b28,ddd62f48fcf3b767b77b7bdd128158a038b521192e5eb34585eda41949bdeb1c,N/A,N/A,,https://github.com/notepad-plus-plus/notepad-plus-plus/releases/download/v8/npp.8.0.portable.arm64.7z
8,github,arm64,npp.8.0.portable.arm64.7z,themes/Plastic Code Wrap.xml,Plastic Code Wrap.xml,,92942,2021-02-06T02:57:44.805393+00:00,29d48938e622822cd21e4b018801aa4e,ae8204dad93f5b32e263fafeb885b1ea971236f0,7c062a06399b1421bb24a710698098979958920dc14baaca2513d2523f2b8183,N/A,N/A,,https://github.com/notepad-plus-plus/notepad-plus-plus/releases/download/v8/npp.8.0.portable.arm64.7z
8,github,arm64,npp.8.0.portable.arm64.7z,localization/polish.xml,polish.xml,,99405,2021-05-15T20:55:04.877827+00:00,ebbde5dfebb6e9e4e0c53ce0276fc196,aa191b402246fa9e9334a5057bf58cf6e1117fc3,ab9362cdb589a66b38d6ced225f3487aeff497a5837325aa43f7484e5bd670f6,N/A,N/A,,https://github.com/notepad-plus-plus/notepad-plus-plus/releases/download/v8/npp.8.0.portable.arm64.7z
8,github,arm64,npp.8.0.portable.arm64.7z,localization/portuguese.xml,portuguese.xml,,100365,2021-05-15T20:55:04.880776+00:00,2d2c36472c5955a538d16e06b4699019,dfcb8464f050ca69fabc20f51f5c58e2632ff80d,f60a2e5601b1b64623dd10e96b588629e699a3bada4186c6bc2f6758ce7631c5,N/A,N/A,,https://github.com/notepad-plus-plus/notepad-plus-plus/releases/download/v8/npp.8.0.portable.arm64.7z
8,github,arm64,npp.8.0.portable.arm64.7z,functionList/powershell.xml,powershell.xml,,1381,2020-10-27T03:29:08.997994+00:00,9fe2a57fb28e8e3ccf4d3a2a090a7b4d,741f540c8176cb891750c9ef0b6c66bca7ca78f0,9d6ee11f048b734a4edf01acda39d1390b0e1e88756919991c242073723b9c21,N/A,N/A,,https://github.com/notepad-plus-plus/notepad-plus-plus/releases/download/v8/npp.8.0.portable.arm64.7z
8,github,arm64,npp.8.0.portable.arm64.7z,localization/punjabi.xml,punjabi.xml,,70605,2021-05-15T20:55:04.883456+00:00,1905fd189d8c02f33034d9dd90704d9a,c33d3d09572ff573581fb4a1f0bb93bb9bb00669,01717885246eefec6c975cfa267451d5afcf9ae859497c52dff18387e002cea0,N/A,N/A,,https://github.com/notepad-plus-plus/notepad-plus-plus/releases/download/v8/npp.8.0.portable.arm64.7z
8,github,arm64,npp.8.0.portable.arm64.7z,autoCompletion/python.xml,python.xml,,61578,2021-02-06T02:57:44.552352+00:00,fa2cfe74e8d1f0ce494ff3f01d55ea68,6891483f0a2da2fb0bf80f457a8f620b08c43498,23add5af4a1c87485d4886419021f8842b2da6b44962b024c0bd83b3b782b380,N/A,N/A,,https://github.com/notepad-plus-plus/notepad-plus-plus/releases/download/v8/npp.8.0.portable.arm64.7z
8,github,arm64,npp.8.0.portable.arm64.7z,functionList/python.xml,python.xml,,1093,2021-05-14T11:01:03.829779+00:00,ca9b2edacad7a768f1c3b6f318d7a5cc,41db40877fa4e4216cb5335a6a3f721793aafcbe,1810b378b0fd5ac2d876f3ebe0025b2843a5832ad4d283ca9a7c1986fe8c01ef,N/A,N/A,,https://github.com/notepad-plus-plus/notepad-plus-plus/releases/download/v8/npp.8.0.portable.arm64.7z
8,github,arm64,npp.8.0.portable.arm64.7z,autoCompletion/rc.xml,rc.xml,,1635,2021-02-06T02:57:44.554066+00:00,893bb156418e493613201fb414699010,bddeee9258a1ba943d52199f552f2e2cba6a8f0b,cd8750aaaa3b70d9e9ce22232b8ac5f5c4e1e13c4261894a1d8e32c22ae8657e,N/A,N/A,,https://github.com/notepad-plus-plus/notepad-plus-plus/releases/download/v8/npp.8.0.portable.arm64.7z
8,github,arm64,npp.8.0.portable.arm64.7z,updater/README.md,README.md,,3668,2021-04-20T19:01:06.441307+00:00,39c8b4d040d72ab1e58a28fcef5e34f1,e1189c98c00d9a78fac3a2e3b643af966beb9108,af0df024d337916cee508a1b6771e3708fcd0eabf6972666e55f39d1d4f76e87,N/A,N/A,,https://github.com/notepad-plus-plus/notepad-plus-plus/releases/download/v8/npp.8.0.portable.arm64.7z
8,github,arm64,npp.8.0.portable.arm64.7z,readme.txt,readme.txt,,1526,2020-01-03T09:54:59.893544+00:00,11b0a85dcd7045352f71e46d83de6d7e,77b65e52e20a64441c01c57510dc3d60b33afa16,bc661498305746c6deacbee301522f7c283566a804184e290481d3b57af675b1,N/A,N/A,,https://github.com/notepad-plus-plus/notepad-plus-plus/releases/download/v8/npp.8.0.portable.arm64.7z
8,github,arm64,npp.8.0.portable.arm64.7z,localization/romanian.xml,romanian.xml,,78817,2021-05-15T20:55:04.886368+00:00,21213d3ce5057288c1b1d2822925c2f9,bb1f49d1adcf2512d05dfa7bd8dee9351e93141c,bab905124f754bf2ae111c4c0f04170c80343ed0219aa226b8274ae3b741f39c,N/A,N/A,,https://github.com/notepad-plus-plus/notepad-plus-plus/releases/download/v8/npp.8.0.portable.arm64.7z
8,github,arm64,npp.8.0.portable.arm64.7z,themes/Ruby Blue.xml,Ruby Blue.xml,,72674,2021-02-06T02:57:44.807669+00:00,2021c519ced04f915b871d0e23123098,9fa7269623f5d68aae153147df996023cc9f0b44,278a81d492add8d20373ad2690637c6572819d9f4f43a4a5f46e43b3bf21d3fc,N/A,N/A,,https://github.com/notepad-plus-plus/notepad-plus-plus/releases/download/v8/npp.8.0.portable.arm64.7z
8,github,arm64,npp.8.0.portable.arm64.7z,functionList/ruby.xml,ruby.xml,,1088,2020-10-27T03:29:08.998990+00:00,9b89093254088d0cce1e013f0df2ae97,67843fd332da121f5448f6158affa486bdd2e883,bffbebedccb4bfd8e849bb3b577eaf0bc821bd45be29905017e667034e5b25be,N/A,N/A,,https://github.com/notepad-plus-plus/notepad-plus-plus/releases/download/v8/npp.8.0.portable.arm64.7z
8,github,arm64,npp.8.0.portable.arm64.7z,localization/russian.xml,russian.xml,,103213,2021-06-03T12:28:23.804155+00:00,5e0c15a8a5b3a5b57d9a74163484aec6,321fa425ceb2f880ba3f7fb30f759ba154002bfb,3db4028c5233de69af2fa227ec11e7385daf4e5a6f3e6ab03bee17bb66e0c92c,N/A,N/A,,https://github.com/notepad-plus-plus/notepad-plus-plus/releases/download/v8/npp.8.0.portable.arm64.7z
8,github,arm64,npp.8.0.portable.arm64.7z,functionList/rust.xml,rust.xml,,1848,2021-04-17T16:47:53.733969+00:00,accc6038de578929af94649cadd88a14,bbfe66bf9d36ea92ac437d466db1f36ae4f67a28,1571595dee56cf2b6b2e39f2108db82cd2e8faf15c1d15bba2fdf34770bcda7f,N/A,N/A,,https://github.com/notepad-plus-plus/notepad-plus-plus/releases/download/v8/npp.8.0.portable.arm64.7z
8,github,arm64,npp.8.0.portable.arm64.7z,localization/samogitian.xml,samogitian.xml,,10160,2016-12-26T22:10:44.114584+00:00,ebba131558f344afe63e1c5718d0f7ad,65ba510db37a5d8ef74d1c77ede30fa9cccad299,75eca9974de1fca41651975a92f374660e1a7c273a3d1dab0ef6dd573230878b,N/A,N/A,,https://github.com/notepad-plus-plus/notepad-plus-plus/releases/download/v8/npp.8.0.portable.arm64.7z
8,github,arm64,npp.8.0.portable.arm64.7z,localization/sardinian.xml,sardinian.xml,,40982,2017-08-20T17:40:41.271018+00:00,064889342004d04b1de62578aa733216,30b21b176b1c031ec472d45ccad41eba239efc52,0169ebd43b3cec4a4f3b0143a2af6f07ec9bf73cb04882a3d4507f01931c08de,N/A,N/A,,https://github.com/notepad-plus-plus/notepad-plus-plus/releases/download/v8/npp.8.0.portable.arm64.7z
8,github,arm64,npp.8.0.portable.arm64.7z,localization/serbian.xml,serbian.xml,,24098,2016-12-26T22:10:44.125648+00:00,174e7dc367ff1c213432b891f11d25bb,e199d3a723bcbb176e9f79969f502658efab0ac7,1a07c6a9c2639fa12bb000f599498ddf84827449afbb7952f4bdc4cf526c2117,N/A,N/A,,https://github.com/notepad-plus-plus/notepad-plus-plus/releases/download/v8/npp.8.0.portable.arm64.7z
8,github,arm64,npp.8.0.portable.arm64.7z,localization/serbianCyrillic.xml,serbianCyrillic.xml,,47833,2017-08-20T17:40:41.289358+00:00,e6c94316e6d065533305b94e7d5af2bc,3b6f4b424d7321bae1d643bef50ee952d7990ddd,289d7cdd9d9af5b2992e3b0ac38022f91e3d9dc0051e40733983e26e2ddcf594,N/A,N/A,,https://github.com/notepad-plus-plus/notepad-plus-plus/releases/download/v8/npp.8.0.portable.arm64.7z
8,github,arm64,npp.8.0.portable.arm64.7z,shortcuts.xml,shortcuts.xml,,965,2021-04-17T16:47:53.837693+00:00,96c510e0fa8b730ce0fe3dfb1a52aa51,0654a46879eccb4062480c98ff3e00b0f8565ba0,9b0e941dc478fc68d046727f5f8e426cd7e8af91b4fa45882ee9e36b4bb11ee1,N/A,N/A,,https://github.com/notepad-plus-plus/notepad-plus-plus/releases/download/v8/npp.8.0.portable.arm64.7z
8,github,arm64,npp.8.0.portable.arm64.7z,localization/sinhala.xml,sinhala.xml,,56893,2017-08-20T17:40:41.304229+00:00,9986ce0334af5335ae8c7e5a3cbc818b,384de56d2af7c4941c266bfba7d69518b2b1879d,a8b55a8115a50bd3b7b07c359c49fe7da48a5acf1dacc2c0e3708f6f48636fd6,N/A,N/A,,https://github.com/notepad-plus-plus/notepad-plus-plus/releases/download/v8/npp.8.0.portable.arm64.7z
8,github,arm64,npp.8.0.portable.arm64.7z,functionList/sinumerik.xml,sinumerik.xml,,1003,2020-10-27T03:29:08.999988+00:00,16e39474342d0cc1d3a189fad83d5721,726e75d326099b405da6d6b266f4b9c55f7c51f9,db3ac1fd3d65df45d805adb8dfe0c5209db07ef93406db17dfb783dd8048720a,N/A,N/A,,https://github.com/notepad-plus-plus/notepad-plus-plus/releases/download/v8/npp.8.0.portable.arm64.7z
8,github,arm64,npp.8.0.portable.arm64.7z,localization/slovak.xml,slovak.xml,,97546,2021-06-03T12:28:23.808144+00:00,71700345a1ed0e45faa9a8dc2c48fc18,9c55db9704eed914d06bd81f3fd573f9947b804b,3b1d95c064dcb365950e2a0fa4f4365754d33b47c56a610fede2623e59e3114d,N/A,N/A,,https://github.com/notepad-plus-plus/notepad-plus-plus/releases/download/v8/npp.8.0.portable.arm64.7z
8,github,arm64,npp.8.0.portable.arm64.7z,localization/slovenian.xml,slovenian.xml,,86657,2021-05-15T20:55:04.898336+00:00,5c7e591e50ef318e985ff4e784ab8804,86f7ab0bd71b9ef382c7085a4f560fabc9742e04,fcb93cc76e40be9bba30113878f57efe57c0cf47e5f45eaf3357bd9d8551be77,N/A,N/A,,https://github.com/notepad-plus-plus/notepad-plus-plus/releases/download/v8/npp.8.0.portable.arm64.7z
8,github,arm64,npp.8.0.portable.arm64.7z,themes/Solarized-light.xml,Solarized-light.xml,,108819,2021-02-06T02:57:44.809440+00:00,5d4a5b2caa72c57c4268dc7d5e4b8a1d,5f2b74ad78bbaf995b3173b309b0a04b5cdedfc1,3510be48e8f004629d98e4085af77e815e9ce228020ece432c0423a077b91639,N/A,N/A,,https://github.com/notepad-plus-plus/notepad-plus-plus/releases/download/v8/npp.8.0.portable.arm64.7z
8,github,arm64,npp.8.0.portable.arm64.7z,themes/Solarized.xml,Solarized.xml,,108807,2021-02-06T02:57:44.812374+00:00,2aad408551c64e1be6fd92f38596d039,cbac96b4f4662dac77fb796730de3ca715b7725f,b3f903b8b9ad0dd5a09a6340eabf070b1ed79bc782c6a53f1ac4546e71989aef,N/A,N/A,,https://github.com/notepad-plus-plus/notepad-plus-plus/releases/download/v8/npp.8.0.portable.arm64.7z
8,github,arm64,npp.8.0.portable.arm64.7z,localization/spanish.xml,spanish.xml,,75676,2021-06-03T12:28:23.810138+00:00,113190ae34b8ba2e21426f9fb866f955,13c0dd9639159fa2e09a6cd4c4ede04999efcd02,2ed36886d720851d26e6bad10b1a053e1f4e32527992b1897eb4a9916574686c,N/A,N/A,,https://github.com/notepad-plus-plus/notepad-plus-plus/releases/download/v8/npp.8.0.portable.arm64.7z
8,github,arm64,npp.8.0.portable.arm64.7z,localization/spanish_ar.xml,spanish_ar.xml,,45331,2020-01-12T13:43:01.472965+00:00,fc5b8b4d481eb2edf7f26f5ea25bdc90,7092229294413ea7caa01f77236a24190e5b63b1,e44e9075288f297faf80b80284f428c67431ab6840ca8685858a7f3dcb6e5867,N/A,N/A,,https://github.com/notepad-plus-plus/notepad-plus-plus/releases/download/v8/npp.8.0.portable.arm64.7z
8,github,arm64,npp.8.0.portable.arm64.7z,autoCompletion/sql.xml,sql.xml,,67945,2021-02-06T02:57:44.557060+00:00,fcfd333f5394896ba748f4628b4a1243,19df381ea7689270865352037e04eef344e9d9a4,1b18ca570694e7128d2751a5c7f46464d8ac167be58627a1fd61324284c15ea5,N/A,N/A,,https://github.com/notepad-plus-plus/notepad-plus-plus/releases/download/v8/npp.8.0.portable.arm64.7z
8,github,arm64,npp.8.0.portable.arm64.7z,functionList/sql.xml,sql.xml,,1271,2020-10-27T03:29:09.000985+00:00,97cd588eb633538f3d3db2204009ba5f,552fdc1e6626afdcb7d8159babad81fb7fe902dd,a7109b8374dffa7a0cd69558990f7e96fea9ef61736d89043dad5a6694cdfa4a,N/A,N/A,,https://github.com/notepad-plus-plus/notepad-plus-plus/releases/download/v8/npp.8.0.portable.arm64.7z
8,github,arm64,npp.8.0.portable.arm64.7z,stylers.model.xml,stylers.model.xml,,170495,2021-05-14T11:01:04.225339+00:00,eee84dd3565b5ba857d67a935ce4d689,3b37be60f25c27e03bd90e7decc7cde09977fd81,1180377902b86c7819807c91cfb32184a8d5dffef4285124555489ab020fe374,N/A,N/A,,https://github.com/notepad-plus-plus/notepad-plus-plus/releases/download/v8/npp.8.0.portable.arm64.7z
8,github,arm64,npp.8.0.portable.arm64.7z,localization/swedish.xml,swedish.xml,,63753,2021-05-15T20:55:04.904319+00:00,6f434872b133168c94769c1211721594,be4c9a42139ba7aba784b857a223efbae4ee1fcf,4a6ba1d443095cedab8100f6c317e6f64ce070a4825b9532d48520b205bdd911,N/A,N/A,,https://github.com/notepad-plus-plus/notepad-plus-plus/releases/download/v8/npp.8.0.portable.arm64.7z
8,github,arm64,npp.8.0.portable.arm64.7z,localization/tagalog.xml,tagalog.xml,,30395,2016-12-26T22:10:44.167583+00:00,04e3e27d9d635c6b23c8e40dcbbdd442,c66e2dc153c22a445dae0df2bdf3c1693b4ad03e,047c63c449c5e2a9a4f97637c741eb07e6ec034bc829d85c6565bb0292c1cd72,N/A,N/A,,https://github.com/notepad-plus-plus/notepad-plus-plus/releases/download/v8/npp.8.0.portable.arm64.7z
8,github,arm64,npp.8.0.portable.arm64.7z,localization/taiwaneseMandarin.xml,taiwaneseMandarin.xml,,89856,2021-05-15T20:55:04.907329+00:00,a7a23470da586c7fdaa456ac66c3de28,0e4ead85a9369d1613f375b98b360493ef6206ed,1b125d3476483f85ef2c77105d99e30be42b91612f02a417e7995a5043a8242a,N/A,N/A,,https://github.com/notepad-plus-plus/notepad-plus-plus/releases/download/v8/npp.8.0.portable.arm64.7z
8,github,arm64,npp.8.0.portable.arm64.7z,localization/tajikCyrillic.xml,tajikCyrillic.xml,,66798,2020-01-12T13:43:01.477953+00:00,dabc1ee04ad838b934e1c5ea8d58afa1,abefa1fb5f7fa046cc44aa3fb2c6e4a0fd138b00,b27be56e97ae352359d61c2ed039f7764e905bf48be9b78605a345d849236f02,N/A,N/A,,https://github.com/notepad-plus-plus/notepad-plus-plus/releases/download/v8/npp.8.0.portable.arm64.7z
8,github,arm64,npp.8.0.portable.arm64.7z,localization/tamil.xml,tamil.xml,,54196,2017-08-20T17:40:41.427488+00:00,abc0ae5ed0002512221d682263e41204,7a7533274855ceff9a604d6cd36192cc68f2c416,e23759fd6d60ef9728b620a1a8316fc049ccbf93445a91a1a85d27c4e25f3f15,N/A,N/A,,https://github.com/notepad-plus-plus/notepad-plus-plus/releases/download/v8/npp.8.0.portable.arm64.7z
8,github,arm64,npp.8.0.portable.arm64.7z,localization/tatar.xml,tatar.xml,,71436,2021-05-15T20:55:04.909307+00:00,b429b2a78e574f3cf91a8d81222755c6,b27619de11cca103a90255d8ed8efe9eb6ebdbe6,2947bbe32db521a19acf3bd201b40a084f5dc4950ff197e2c2e6b1df93779d6d,N/A,N/A,,https://github.com/notepad-plus-plus/notepad-plus-plus/releases/download/v8/npp.8.0.portable.arm64.7z
8,github,arm64,npp.8.0.portable.arm64.7z,localization/telugu.xml,telugu.xml,,53577,2017-08-20T17:40:41.456494+00:00,a8b6a302f3bda0eeae95e5214df33ec4,975e8e7ac8258c4f8c4050743debe980a9864e4f,82b4b16ee06e668e4ff30e71fcbf42623cf30dc14177c570a7ad1f47c0284e0c,N/A,N/A,,https://github.com/notepad-plus-plus/notepad-plus-plus/releases/download/v8/npp.8.0.portable.arm64.7z
8,github,arm64,npp.8.0.portable.arm64.7z,autoCompletion/tex.xml,tex.xml,,67864,2021-02-06T02:57:44.559058+00:00,40e183975f5e362d33ba5ffe3b5af3df,35a763370180060a8cf7e33f735c464212d7b6cc,c916f03b9dea3d64019907120d7d4efc925e86189327bcbb89969c57934e2c23,N/A,N/A,,https://github.com/notepad-plus-plus/notepad-plus-plus/releases/download/v8/npp.8.0.portable.arm64.7z
8,github,arm64,npp.8.0.portable.arm64.7z,localization/thai.xml,thai.xml,,41406,2017-08-20T17:40:41.469535+00:00,8d02b72cdcce6c5a4db56eebba394824,259babbea022717b773d10704f61fb285e800730,8ce450bcfd9b9617f4e0969ad4e201480b255d473cb1383c90761cc28cbd7ecc,N/A,N/A,,https://github.com/notepad-plus-plus/notepad-plus-plus/releases/download/v8/npp.8.0.portable.arm64.7z
8,github,arm64,npp.8.0.portable.arm64.7z,localization/turkish.xml,turkish.xml,,81253,2021-05-15T20:55:04.912534+00:00,30ab56b6dc752db71cf72184736f3931,75c3f535f745ce89c07234355ab006a6ab2782bc,fa1fb8280ee543fd32572b8cfe13079640b96162f9295f73edc1f57a865117e0,N/A,N/A,,https://github.com/notepad-plus-plus/notepad-plus-plus/releases/download/v8/npp.8.0.portable.arm64.7z
8,github,arm64,npp.8.0.portable.arm64.7z,themes/Twilight.xml,Twilight.xml,,91253,2021-02-06T02:57:44.814368+00:00,fb9d4ba33a19bea1ffd63fed5375b259,547986c56a06a95dc14e07e492584259e1ea90d0,6aa8ebc9ac8458ccc5239b173ce1f6a62537183cb7ca593b0caf9efd1a0efe64,N/A,N/A,,https://github.com/notepad-plus-plus/notepad-plus-plus/releases/download/v8/npp.8.0.portable.arm64.7z
8,github,arm64,npp.8.0.portable.arm64.7z,localization/ukrainian.xml,ukrainian.xml,,114224,2021-05-15T20:55:04.915810+00:00,99390ec66a753bad0725ea775bbbdfee,e562b723d1979e27b00ba832bded03930af11dc2,1c649fb8e8138157fb7cb7af1036db835c733955b875d0967e79d9e0edbf307d,N/A,N/A,,https://github.com/notepad-plus-plus/notepad-plus-plus/releases/download/v8/npp.8.0.portable.arm64.7z
8,github,arm64,npp.8.0.portable.arm64.7z,functionList/universe_basic.xml,universe_basic.xml,,2021,2020-10-27T03:29:09.000985+00:00,3d51afd290e62685d11376237ceac3c2,cddd77e442aba5ca65289a744d89826cde95e663,7c0719b9b312a531cf41cd08affacceef6de084619808238fec0f0247955f26e,N/A,N/A,,https://github.com/notepad-plus-plus/notepad-plus-plus/releases/download/v8/npp.8.0.portable.arm64.7z
8,github,arm64,npp.8.0.portable.arm64.7z,localization/urdu.xml,urdu.xml,,15657,2016-12-26T22:10:44.210970+00:00,cf965dfcf2257d8046c453ac36fcf65e,ac650afe9e15fec6e0e3e87bc999c2d9350ab461,0b685abaea6232f3e99d563f01613161251e51aba6a62d83cb306aa5f2d396d5,N/A,N/A,,https://github.com/notepad-plus-plus/notepad-plus-plus/releases/download/v8/npp.8.0.portable.arm64.7z
8,github,arm64,npp.8.0.portable.arm64.7z,localization/uyghur.xml,uyghur.xml,,47848,2018-01-28T21:48:40.466342+00:00,a5d2661cab9fae284200b5cd84496b41,fa6cfe413495f354ad0d72e9660f04ce05a6556d,f5d24a6c678b1b54539adeafd2bc2697738f44cea6c184fa442980f1440e5afd,N/A,N/A,,https://github.com/notepad-plus-plus/notepad-plus-plus/releases/download/v8/npp.8.0.portable.arm64.7z
8,github,arm64,npp.8.0.portable.arm64.7z,localization/uzbek.xml,uzbek.xml,,71000,2021-06-03T12:28:23.812133+00:00,e6f9d1634676bbf208eb05ee2072f90e,4cacf82980300547af7f037abc1034f91ab48dca,aaad527fed599a4b8a98abd7a8981ce30d4b4d066636d4b35b075a8b5df78c92,N/A,N/A,,https://github.com/notepad-plus-plus/notepad-plus-plus/releases/download/v8/npp.8.0.portable.arm64.7z
8,github,arm64,npp.8.0.portable.arm64.7z,localization/uzbekCyrillic.xml,uzbekCyrillic.xml,,35714,2017-08-20T17:40:41.544199+00:00,71b7ce4804f337f3d5c4fea4a0733691,f4446df6fbeb19c93869205750991261d3a1ac7b,380e17fd360658921ea937043e540b2af642a7307be691f5c58b825623b61a99,N/A,N/A,,https://github.com/notepad-plus-plus/notepad-plus-plus/releases/download/v8/npp.8.0.portable.arm64.7z
8,github,arm64,npp.8.0.portable.arm64.7z,autoCompletion/vb.xml,vb.xml,,17190,2021-02-06T02:57:44.562048+00:00,4849ca62e16d934b8bee6a140d1ec24c,ffc5e961341dd925439b89d66ab23d3b0e14eabf,53104b87f91458aac8c6709b74a7cd5f0367fc6f2280b98aaa495a59e1788551,N/A,N/A,,https://github.com/notepad-plus-plus/notepad-plus-plus/releases/download/v8/npp.8.0.portable.arm64.7z
8,github,arm64,npp.8.0.portable.arm64.7z,localization/venetian.xml,venetian.xml,,97026,2021-05-15T20:55:04.921275+00:00,f6b8ffdccd46df5c159162a78ae13bed,8a599c87a994827fe8d0ca694bec910653f5c13e,2b791d8393f76a96247eb188c9c8efd19bf99951bbcc568668eda5b10772c076,N/A,N/A,,https://github.com/notepad-plus-plus/notepad-plus-plus/releases/download/v8/npp.8.0.portable.arm64.7z
8,github,arm64,npp.8.0.portable.arm64.7z,autoCompletion/vhdl.xml,vhdl.xml,,2625,2021-02-06T02:57:44.564038+00:00,dbe0170171f2f58def4fd929dc9b4717,4fb8388a73d2106d115984938168f551bcc4a475,dffaf09efd41b7eb9b74128585de649c627627b404fa1925acaa6c56709a3542,N/A,N/A,,https://github.com/notepad-plus-plus/notepad-plus-plus/releases/download/v8/npp.8.0.portable.arm64.7z
8,github,arm64,npp.8.0.portable.arm64.7z,functionList/vhdl.xml,vhdl.xml,,1623,2020-10-27T03:29:09.001983+00:00,7abb134780aaf79c527c734ddb51e245,a52feaff1dc159629691f4bed846cf79c8f8d945,558bbe6193a202dcb00cc441421f5d838764e495b8e4d2e10877db7f661b8cd5,N/A,N/A,,https://github.com/notepad-plus-plus/notepad-plus-plus/releases/download/v8/npp.8.0.portable.arm64.7z
8,github,arm64,npp.8.0.portable.arm64.7z,themes/Vibrant Ink.xml,Vibrant Ink.xml,,89222,2021-02-06T02:57:44.816938+00:00,5363aacbf559cb2a1243f38452161bb2,66428feb8d928abdec91638ce90d710ce3f522d2,8a932268e27c3ec4bbb6a0a58b30f041509c0bca6b9358c33ebf3b68c9b12e0c,N/A,N/A,,https://github.com/notepad-plus-plus/notepad-plus-plus/releases/download/v8/npp.8.0.portable.arm64.7z
8,github,arm64,npp.8.0.portable.arm64.7z,localization/vietnamese.xml,vietnamese.xml,,52733,2020-05-31T09:57:18.913450+00:00,5d893adca521dc6cce0d116ea2f3b279,ecedee4cb5e0d7334562823fc383991bfd447555,623229da8948d4c17cf8f547b87f3164e2d6357a7f02272bb3ebec9955b8fb58,N/A,N/A,,https://github.com/notepad-plus-plus/notepad-plus-plus/releases/download/v8/npp.8.0.portable.arm64.7z
8,github,arm64,npp.8.0.portable.arm64.7z,themes/vim Dark Blue.xml,vim Dark Blue.xml,,89258,2021-02-06T02:57:44.823046+00:00,895f347aa9caa0f8c436726ec5cc3b55,e4e7a0cee02595bace00df198ad2ac59a9c5c899,6d15f700937d44c2c1270f825a951e1d4048886451dd3e824c67e7d0b187b7e5,N/A,N/A,,https://github.com/notepad-plus-plus/notepad-plus-plus/releases/download/v8/npp.8.0.portable.arm64.7z
8,github,arm64,npp.8.0.portable.arm64.7z,localization/welsh.xml,welsh.xml,,53261,2020-01-12T13:43:01.491914+00:00,d5583a9dc8b6e03efd573fa67faf6fba,f3fcca7a6bd12eaa24ac4e7d0af75ba2c1067a67,4ccc47461b2445831fd67efe003c934c340ee50c8341f5298d936f3772ef381a,N/A,N/A,,https://github.com/notepad-plus-plus/notepad-plus-plus/releases/download/v8/npp.8.0.portable.arm64.7z
8,github,arm64,npp.8.0.portable.arm64.7z,autoCompletion/xml.xml,xml.xml,,12017,2021-02-06T02:57:44.566036+00:00,6972b2c64653b9fb254ef65871140b29,f2d4825ab333405a241ef41d8b71fa23432675b3,1730bc85e1cd2652ea44d6da42114937fe9fed4527b5e0cb6e2a09f47e0da92e,N/A,N/A,,https://github.com/notepad-plus-plus/notepad-plus-plus/releases/download/v8/npp.8.0.portable.arm64.7z
8,github,arm64,npp.8.0.portable.arm64.7z,functionList/xml.xml,xml.xml,,2229,2020-10-27T03:29:09.002980+00:00,f898e5e36168ff0c5ff532c9bb068563,287f8fbd7a3b66a4cae7c29cc9a775fa3f2d52b5,5ac3e308c8bef5ed42463929a1be5f519f56a0785fd8c2aed6f85073cc5f98fc,N/A,N/A,,https://github.com/notepad-plus-plus/notepad-plus-plus/releases/download/v8/npp.8.0.portable.arm64.7z
8,github,arm64,npp.8.0.portable.arm64.7z,themes/Zenburn.xml,Zenburn.xml,,166735,2021-02-06T02:57:44.819434+00:00,6d0f68f607198d62173a10c50b77fc10,101744ea97b7964b3be7a6f6ba8bdce904bde364,6138ed0e4ca7b83f905baf574dfb9b0b59261e1146e21f55ac3c6e9d5cd90bf5,N/A,N/A,,https://github.com/notepad-plus-plus/notepad-plus-plus/releases/download/v8/npp.8.0.portable.arm64.7z
8,github,arm64,npp.8.0.portable.arm64.7z,localization/zulu.xml,zulu.xml,,72694,2021-05-15T20:55:04.924303+00:00,4a7511f801ade6a0c2736d2f5795314d,b4a20db2b3a0bbf001b9b81a14b7bb095516ee96,8cb15c28a7238178ed845c82b674702146217eea20f0f8af65e8134ee9ef0caf,N/A,N/A,,https://github.com/notepad-plus-plus/notepad-plus-plus/releases/download/v8/npp.8.0.portable.arm64.7z
8,github,arm64,npp.8.0.portable.arm64.zip,,npp.8.0.portable.arm64.zip,,4707819,2021-12-07T19:40:08+00:00,7dce3b7ba8e1ebdb7e57a24397fae608,6e8e57b0cb3e58f5f1f6e8a889596561773304ab,1b13d07a97100763c0dfc1d985c51a632b64c5f4eb23ed29c5698de460bc52da,MATCH,MATCH,,https://github.com/notepad-plus-plus/notepad-plus-plus/releases/download/v8/npp.8.0.portable.arm64.zip
8,github,arm64,npp.8.0.portable.arm64.zip,localization/abkhazian.xml,abkhazian.xml,,116298,2021-05-15T20:55:04.739889+00:00,d7284a21afc6b3aadeb8e3b8cfdfaa71,72e827d37f5fd4ed6e716cc52fe812b80c34480c,7276d593845db38db25907f62b119a1881fd0f2373d6a1982a3238e214e03eeb,N/A,N/A,,https://github.com/notepad-plus-plus/notepad-plus-plus/releases/download/v8/npp.8.0.portable.arm64.zip
8,github,arm64,npp.8.0.portable.arm64.zip,autoCompletion/actionscript.xml,actionscript.xml,,20745,2021-02-06T02:57:44.489510+00:00,280f64b01191bf89b52c5bbbea1cc290,e01503c8ef4155bde9c89e3e2a21f8437872c4eb,f1fb320fd456938afc0bc852765e393837bcea53bd514838419801bef8436b9e,N/A,N/A,,https://github.com/notepad-plus-plus/notepad-plus-plus/releases/download/v8/npp.8.0.portable.arm64.zip
8,github,arm64,npp.8.0.portable.arm64.zip,functionList/ada.xml,ada.xml,,3584,2021-04-17T16:47:53.731974+00:00,c7f9fc66e6b1fef3e9f8a37552314bae,82d91e37882d509eee2abcb45d825bbd95829b47,dab30f330f8c5a2db0dfe27e5d8f2d1666b067be35612984b344575a49f50668,N/A,N/A,,https://github.com/notepad-plus-plus/notepad-plus-plus/releases/download/v8/npp.8.0.portable.arm64.zip
8,github,arm64,npp.8.0.portable.arm64.zip,localization/afrikaans.xml,afrikaans.xml,,29077,2016-12-26T22:10:43.769673+00:00,c2f475cc2b49d3aee490c9059529744a,621e81e87c6c8d45a6be6bc69108d8ab13e2d5a6,5d285d98f8891bcf73a770fde00c3215062842224b81c4e70537569712f84570,N/A,N/A,,https://github.com/notepad-plus-plus/notepad-plus-plus/releases/download/v8/npp.8.0.portable.arm64.zip
8,github,arm64,npp.8.0.portable.arm64.zip,localization/albanian.xml,albanian.xml,,57197,2020-01-12T13:43:01.358273+00:00,a648520876f8b3c30a627352c7c52f8a,7fa1240eff3f8ea60d114542fda008a72b845b19,e81fdc20f6a768db14474338d56be5efb863ab53c3013efb325a61e08bc5f452,N/A,N/A,,https://github.com/notepad-plus-plus/notepad-plus-plus/releases/download/v8/npp.8.0.portable.arm64.zip
8,github,arm64,npp.8.0.portable.arm64.zip,localization/arabic.xml,arabic.xml,,91820,2021-05-15T20:55:04.767686+00:00,6e2a96709f8c5893b20f03e98a21ef61,9dd8f5536a706b4c1816f61ae70bc357597b8fc7,ace7ec47795186bca4cbd83873d7c6957bf01cd98dac5325837b2fd05d3b08e9,N/A,N/A,,https://github.com/notepad-plus-plus/notepad-plus-plus/releases/download/v8/npp.8.0.portable.arm64.zip
8,github,arm64,npp.8.0.portable.arm64.zip,localization/aragonese.xml,aragonese.xml,,49810,2020-01-12T13:43:01.363258+00:00,00312582b79ab1f5a35f8a42f9ed211d,55b8efdfbb1c6d735b8adbeb4a727464c4954ab7,5d6a821703377bb9b49594713d6d3c33f1d78263aa055fcd34c8fa3705041d1e,N/A,N/A,,https://github.com/notepad-plus-plus/notepad-plus-plus/releases/download/v8/npp.8.0.portable.arm64.zip
8,github,arm64,npp.8.0.portable.arm64.zip,localization/aranese.xml,aranese.xml,,20821,2016-12-26T22:10:43.795718+00:00,333a18acb93ba083e86679c065b69d15,cb874355fb8e495a2b0b0dcf8868df287ec6a342,de5da809aa6e44c4e6a01c3b5fb7da5a66d9683cb905416f3fcff2ed413ea7c6,N/A,N/A,,https://github.com/notepad-plus-plus/notepad-plus-plus/releases/download/v8/npp.8.0.portable.arm64.zip
8,github,arm64,npp.8.0.portable.arm64.zip,functionList/asm.xml,asm.xml,,1349,2020-10-27T03:29:08.983033+00:00,2c5f4897d7f169e06aea28310c8ab9ec,edfd3f6faf838194de9821efd0fe185ffb6be0f0,73526ddb1d23d595680badd6bd87f5dd82869606a7cf7e8707758d48d848257e,N/A,N/A,,https://github.com/notepad-plus-plus/notepad-plus-plus/releases/download/v8/npp.8.0.portable.arm64.zip
8,github,arm64,npp.8.0.portable.arm64.zip,functionList/autoit.xml,autoit.xml,,1848,2020-10-27T03:29:08.984032+00:00,99a0630a10ab4ee883554dc6bd9e2d91,63c842ce0df36d51082b61c2c682abcfc9d98e67,32ae9531405ef3c59448fe6dbd3be435e726eb17f3ca0d16530a4c6317dea286,N/A,N/A,,https://github.com/notepad-plus-plus/notepad-plus-plus/releases/download/v8/npp.8.0.portable.arm64.zip
8,github,arm64,npp.8.0.portable.arm64.zip,autoCompletion/autoit.xml,autoit.xml,,738716,2021-02-06T02:57:44.501208+00:00,986e806d09b5c0fff08c5d9eac33a237,22a0d9893cb6cf82598a698401de38df11389043,b15afd5149673e3d72fc8e99945197c86ad43113230dcd8bbc952a82e965e146,N/A,N/A,,https://github.com/notepad-plus-plus/notepad-plus-plus/releases/download/v8/npp.8.0.portable.arm64.zip
8,github,arm64,npp.8.0.portable.arm64.zip,localization/azerbaijani.xml,azerbaijani.xml,,35482,2017-08-20T17:40:40.621097+00:00,8cd5c70b03ef9c48585c06fa149f9fcd,4fb0a331d184579444326c6910742ad4b0cbb5a1,d2e185e9c8b1e7d994dcb3b44748f1b499f18ca22a573f452a9b0d791344c448,N/A,N/A,,https://github.com/notepad-plus-plus/notepad-plus-plus/releases/download/v8/npp.8.0.portable.arm64.zip
8,github,arm64,npp.8.0.portable.arm64.zip,functionList/baanc.xml,baanc.xml,,8513,2020-10-27T03:29:08.985028+00:00,0fce87843f5245bd9a4d5ddce156c7c4,cead1bad691b0d4722e05312ce752c4fefbdad1b,ec249b0dab6fda20cc24f0f25a504c55a05b23fb6cbb4938aa7a41df0c8744b6,N/A,N/A,,https://github.com/notepad-plus-plus/notepad-plus-plus/releases/download/v8/npp.8.0.portable.arm64.zip
8,github,arm64,npp.8.0.portable.arm64.zip,autoCompletion/BaanC.xml,BaanC.xml,,18483,2021-02-06T02:57:44.487247+00:00,85c891742fcf58ae535b26ad948370a2,385e2c813c8d157627220f2bc92a5324c120859b,d408ed3caef21ebb64fb29d633e9ce5069454c1a792a09e2e24f83595d2743be,N/A,N/A,,https://github.com/notepad-plus-plus/notepad-plus-plus/releases/download/v8/npp.8.0.portable.arm64.zip
8,github,arm64,npp.8.0.portable.arm64.zip,functionList/bash.xml,bash.xml,,2999,2020-10-27T03:29:08.986026+00:00,162ded022d600dcf4ba4b7e9ac6917a2,762291f4f4e66573811c8ef757a64bda8a4bba09,2ae1142b08d296c25000e451237ea919f981da28f6a723d39540f43f18bac762,N/A,N/A,,https://github.com/notepad-plus-plus/notepad-plus-plus/releases/download/v8/npp.8.0.portable.arm64.zip
8,github,arm64,npp.8.0.portable.arm64.zip,localization/basque.xml,basque.xml,,98792,2021-05-15T20:55:04.770677+00:00,ac5ff123b4039a60744a74c33e1865cc,a0e5c9b572c5356bb5f0bb6a1d5e14378a54b299,5bb8bc10e2c89a62c850afbcdd7c0773d40f76f8069f466a27db2feff7e7d5e9,N/A,N/A,,https://github.com/notepad-plus-plus/notepad-plus-plus/releases/download/v8/npp.8.0.portable.arm64.zip
8,github,arm64,npp.8.0.portable.arm64.zip,functionList/batch.xml,batch.xml,,1930,2020-10-27T03:29:08.986026+00:00,0ba94312e694ba6ddb313095678b7159,0faa0cf4df8a9569252e37de821a3e45a65f5c97,77eed9211cd8464482f0da3fac4c0f003c2b8a6d76f15445927e66400f102d60,N/A,N/A,,https://github.com/notepad-plus-plus/notepad-plus-plus/releases/download/v8/npp.8.0.portable.arm64.zip
8,github,arm64,npp.8.0.portable.arm64.zip,autoCompletion/batch.xml,batch.xml,,3777,2021-02-06T02:57:44.503201+00:00,01e31d41e5cfb5d2b85c6aa0aabb0fff,6ffcbf31a35c8674536cc2a8a9de7d3f2d48ca38,c4025268b36bb02b2d25e5144d360f69cfc7dddcb3ac98cd2d588393b5cbd30d,N/A,N/A,,https://github.com/notepad-plus-plus/notepad-plus-plus/releases/download/v8/npp.8.0.portable.arm64.zip
8,github,arm64,npp.8.0.portable.arm64.zip,localization/belarusian.xml,belarusian.xml,,101944,2021-05-15T20:55:04.773036+00:00,b1232e004b5d50a50187c013cf236917,77fe3395f3084184d574ad41dfd1cf139ca18c95,8858041d46786ef80ec3158a0c8c9f77f737e78460c7fb5b4fd869e4d88b31bc,N/A,N/A,,https://github.com/notepad-plus-plus/notepad-plus-plus/releases/download/v8/npp.8.0.portable.arm64.zip
8,github,arm64,npp.8.0.portable.arm64.zip,localization/bengali.xml,bengali.xml,,69894,2020-05-31T09:57:18.863583+00:00,7fc3c507b1f1dfbd964eff8c990a7605,557b17f144cc2b4816bb2f65c8f27a999ec1f6a8,7906d96b6eee56ce202ac8f703205abf0a0407b32a148817c3b9fef52d44c4cd,N/A,N/A,,https://github.com/notepad-plus-plus/notepad-plus-plus/releases/download/v8/npp.8.0.portable.arm64.zip
8,github,arm64,npp.8.0.portable.arm64.zip,themes/Bespin.xml,Bespin.xml,,92774,2021-02-06T02:57:44.779535+00:00,a8bbc446b637b4efd8040b075e187431,0fd14f515768cf7df5fd85f57edb316321c2ec2f,c477b0436a41c825e80ff8c44c285e3fecac985dbc36f048b8c62725d45e5d49,N/A,N/A,,https://github.com/notepad-plus-plus/notepad-plus-plus/releases/download/v8/npp.8.0.portable.arm64.zip
8,github,arm64,npp.8.0.portable.arm64.zip,themes/Black board.xml,Black board.xml,,91140,2021-02-06T02:57:44.781552+00:00,478979176ab8517ae7e8fbeef68b4f2e,bda21a44ccfb998f6c4c87a619494bfa3a48e5e6,93319cfe003fac2ec858b2e8678016f6b88954692dc747348c3c248e9ab894ea,N/A,N/A,,https://github.com/notepad-plus-plus/notepad-plus-plus/releases/download/v8/npp.8.0.portable.arm64.zip
8,github,arm64,npp.8.0.portable.arm64.zip,localization/bosnian.xml,bosnian.xml,,32084,2016-12-26T22:10:43.820980+00:00,6b036835ed9d1ee92cd9bd4c76f41bbd,faeb76f93f4228832c7cc952833c717f3614a38d,06ce39e85fc9acd72888da5871fae4d18aa2c5bb6a9fa0c9eca459cf0e949a63,N/A,N/A,,https://github.com/notepad-plus-plus/notepad-plus-plus/releases/download/v8/npp.8.0.portable.arm64.zip
8,github,arm64,npp.8.0.portable.arm64.zip,localization/brazilian_portuguese.xml,brazilian_portuguese.xml,,81802,2021-05-15T20:55:04.775665+00:00,659037882ab4cf4f708da6d095aba6c3,cd4398e78f9d903ebada6ab463fdfe6500d05f83,9be5b81e42becb07994a8bc8696b15fb0736eaa8338a5864354ee6106d26cd13,N/A,N/A,,https://github.com/notepad-plus-plus/notepad-plus-plus/releases/download/v8/npp.8.0.portable.arm64.zip
8,github,arm64,npp.8.0.portable.arm64.zip,localization/breton.xml,breton.xml,,82739,2021-05-15T20:55:04.779653+00:00,c732b3d6279c2539bfe78d664b250a1c,13f0318b3be76d56aa321bd9b14f5fe977dcbc3a,0cc61c777ab6e68149978f7e1c08fc33a780985676da705b0d5bcd57b335b369,N/A,N/A,,https://github.com/notepad-plus-plus/notepad-plus-plus/releases/download/v8/npp.8.0.portable.arm64.zip
8,github,arm64,npp.8.0.portable.arm64.zip,localization/bulgarian.xml,bulgarian.xml,,110087,2021-06-03T12:28:23.788197+00:00,5c1d4d6eccb1b85815a38b7e8e8aa683,92f7fe794183e3819c59e0be6157946fd2ae69ae,5454a8d4604dd9394eb3c129958e926d4245ad70d7e764316fcce187123c1a0d,N/A,N/A,,https://github.com/notepad-plus-plus/notepad-plus-plus/releases/download/v8/npp.8.0.portable.arm64.zip
8,github,arm64,npp.8.0.portable.arm64.zip,functionList/c.xml,c.xml,,4133,2020-10-27T03:29:08.987022+00:00,9aeb2c0dc00adaede0e06f24080f233e,b2fe11701a83da1b608b63b051b9073f4a194e4f,f3a7e5e59e883a3ef6c99967766a546d55dd7a767fadb9f4d433cedf0555e992,N/A,N/A,,https://github.com/notepad-plus-plus/notepad-plus-plus/releases/download/v8/npp.8.0.portable.arm64.zip
8,github,arm64,npp.8.0.portable.arm64.zip,autoCompletion/c.xml,c.xml,,44386,2021-02-06T02:57:44.506196+00:00,2eaa4b8af356b86455f8aae63eb43340,e8224d0873a79c4e27ce96b739f0e154c9432287,35aadc7531e2332679c54306899a21fe3586b7203132cb5673b64915feb91bad,N/A,N/A,,https://github.com/notepad-plus-plus/notepad-plus-plus/releases/download/v8/npp.8.0.portable.arm64.zip
8,github,arm64,npp.8.0.portable.arm64.zip,localization/catalan.xml,catalan.xml,,68727,2021-05-15T20:55:04.788629+00:00,fba5784c2fd64e9486a907e2e07fb5f8,48a5686529c7bd412b424627308fad87426f3d59,0aa431857ffa1d38cb6cc950a5f24d9cf4601b624fdb2181bddf8eb727e9fc38,N/A,N/A,,https://github.com/notepad-plus-plus/notepad-plus-plus/releases/download/v8/npp.8.0.portable.arm64.zip
8,github,arm64,npp.8.0.portable.arm64.zip,change.log,change.log,,2768,2021-06-06T16:35:50.293046+00:00,814064aa064d6af8dfa48710b537ee10,6f8dc91e9c7694ff5d22f1104cfa64b37587d3ad,5effb6e7d0dbee030da9cf7d9bf9ce00a18c02589eea7b51a6f6e744b2bbec2c,N/A,N/A,,https://github.com/notepad-plus-plus/notepad-plus-plus/releases/download/v8/npp.8.0.portable.arm64.zip
8,github,arm64,npp.8.0.portable.arm64.zip,localization/chineseSimplified.xml,chineseSimplified.xml,,90450,2021-05-15T20:55:04.791621+00:00,84c307638d72c60f077c852ff6fe7d16,b8c2b2ffa8fb6b29d42db5ad7968e1e0f8732c52,4043c5a87fb7f63c3282641974087b776680bdd47f92919898c0b88285e2114a,N/A,N/A,,https://github.com/notepad-plus-plus/notepad-plus-plus/releases/download/v8/npp.8.0.portable.arm64.zip
8,github,arm64,npp.8.0.portable.arm64.zip,themes/Choco.xml,Choco.xml,,91451,2021-02-06T02:57:44.784149+00:00,1d779b0104ee9e33ea8c103d62296be4,7bf8e56a29bf58267bc3e6e196f9897392f75a27,9ad51dae67a78c04c5adc8fd4a94a0a4f54902e2448333ac3a79b2448c53d483,N/A,N/A,,https://github.com/notepad-plus-plus/notepad-plus-plus/releases/download/v8/npp.8.0.portable.arm64.zip
8,github,arm64,npp.8.0.portable.arm64.zip,autoCompletion/cmake.xml,cmake.xml,,7884,2021-02-06T02:57:44.508188+00:00,4f983f57c1815f6b74ae78da2ea3c3ea,ccd8399d9f50bbe22e9b1f5e1b7b8fadc200f4f9,f902adc5faf041306b54d48914a5bc9c8d45057a4da431786aef451e2c39d1f7,N/A,N/A,,https://github.com/notepad-plus-plus/notepad-plus-plus/releases/download/v8/npp.8.0.portable.arm64.zip
8,github,arm64,npp.8.0.portable.arm64.zip,functionList/cobol-free.xml,cobol-free.xml,,1772,2020-10-27T03:29:08.988020+00:00,0b82534cdd9ffec3e57d80ce95a49293,c07e6c127653b7d9604b3f53274d562d3084e19a,5639c845d56dedecd2cfdb082b734593b5d618a87f1bd8ec612a8b3f4245566a,N/A,N/A,,https://github.com/notepad-plus-plus/notepad-plus-plus/releases/download/v8/npp.8.0.portable.arm64.zip
8,github,arm64,npp.8.0.portable.arm64.zip,functionList/cobol.xml,cobol.xml,,1368,2020-10-27T03:29:08.989017+00:00,42e52d6bcc674ecaca09feabf0c46dc2,fab3e864a8f51497e9febfe1c47c9058ddd7b137,057784451e3442f381f6a8af931a7050f88d19bda6bc939d37607532a353da1c,N/A,N/A,,https://github.com/notepad-plus-plus/notepad-plus-plus/releases/download/v8/npp.8.0.portable.arm64.zip
8,github,arm64,npp.8.0.portable.arm64.zip,autoCompletion/cobol.xml,cobol.xml,,47435,2021-02-06T02:57:44.511181+00:00,14a6c0b65978315cd52c54c3fcf1e96a,a7a2e4a2e3a3671ae2d663f833ffe0f835391745,5b59b5e1a453df08761332ed75ba5abb027716911cf88fca0fe25985ceec2e17,N/A,N/A,,https://github.com/notepad-plus-plus/notepad-plus-plus/releases/download/v8/npp.8.0.portable.arm64.zip
8,github,arm64,npp.8.0.portable.arm64.zip,autoCompletion/coffee.xml,coffee.xml,,1503,2021-02-06T02:57:44.513585+00:00,28e3f4b13cf33fbfe47e71611ee8d45e,820858ce39f6eacc44a141c23b457520294d1806,2fc2a95486f8f06adf471429cff3b55d0ec5d3797235692e1da558b558141c2a,N/A,N/A,,https://github.com/notepad-plus-plus/notepad-plus-plus/releases/download/v8/npp.8.0.portable.arm64.zip
8,github,arm64,npp.8.0.portable.arm64.zip,config.xml,config.xml,,5107,2021-02-06T02:57:45.188626+00:00,464f9d5abaf898ea16459eb5a31a35c8,4c9e2f8849f5cc14b1f833ef9aa667fe6a027784,abdaddc1d7ba9f3ff443ba93088ff47af79534a5c33c235f47f94e1f01cfb331,N/A,N/A,,https://github.com/notepad-plus-plus/notepad-plus-plus/releases/download/v8/npp.8.0.portable.arm64.zip
8,github,arm64,npp.8.0.portable.arm64.zip,contextMenu.xml,contextMenu.xml,,3919,2021-04-17T16:47:53.824728+00:00,50ee50c8d2f16c8121ce788f5047b9d7,6443c68a786d0f4a8e0e318b2c76016878aee57c,e30c0bd332a1186c694fb84e0fdadbebb6aebf899ed40aa976b9f598273cc48d,N/A,N/A,,https://github.com/notepad-plus-plus/notepad-plus-plus/releases/download/v8/npp.8.0.portable.arm64.zip
8,github,arm64,npp.8.0.portable.arm64.zip,localization/corsican.xml,corsican.xml,,105603,2021-06-03T12:28:23.790192+00:00,17003eaadbc190c4e760db221485e103,016ebc2c1a56af6cf1fc6606b35dddc622f91573,83666868d025f0732242a1aeecc74d1e1c364748f64d0dad97579d4c8cf3073d,N/A,N/A,,https://github.com/notepad-plus-plus/notepad-plus-plus/releases/download/v8/npp.8.0.portable.arm64.zip
8,github,arm64,npp.8.0.portable.arm64.zip,functionList/cpp.xml,cpp.xml,,18515,2020-10-27T03:29:08.990016+00:00,c794bb828625f83122e89b24bbc5f0c8,5b7d579ce72746284dcd1c71e7751cc32ae06c01,40cf1af5650b699a947899d2b43a00dcb64cdeaf080651c82a7930910c1c03f4,N/A,N/A,,https://github.com/notepad-plus-plus/notepad-plus-plus/releases/download/v8/npp.8.0.portable.arm64.zip
8,github,arm64,npp.8.0.portable.arm64.zip,autoCompletion/cpp.xml,cpp.xml,,61526,2021-02-06T02:57:44.516168+00:00,96b467677841b3067cc07c63c687ba4e,1971ddd33d802ef77e45d7a858d1d5b32060f7a3,28add87d67b1b542bdeeeeb45ad1528c3f28e4e56c40367e869b717c5f44be49,N/A,N/A,,https://github.com/notepad-plus-plus/notepad-plus-plus/releases/download/v8/npp.8.0.portable.arm64.zip
8,github,arm64,npp.8.0.portable.arm64.zip,localization/croatian.xml,croatian.xml,,100941,2021-05-15T20:55:04.796996+00:00,0170effc3d2bf62c66e4bece1bd9529e,2cc56763bcfc2b4838bd5518973e01db8599fe8a,74896b61dc983f88eaf73c8cd05ecf903c94e8bdfc96dd23ed385cb9a1f6901b,N/A,N/A,,https://github.com/notepad-plus-plus/notepad-plus-plus/releases/download/v8/npp.8.0.portable.arm64.zip
8,github,arm64,npp.8.0.portable.arm64.zip,functionList/cs.xml,cs.xml,,1834,2020-10-27T03:29:08.991012+00:00,0f35ee0cb20a383942b7ea9a0dc91b61,2770947a577f53c16f25b36ba30e6f94fb0e8209,59345c006cd9bde5ef532aae1f119758d45030993181c272bb0dd6fc0c5d01e5,N/A,N/A,,https://github.com/notepad-plus-plus/notepad-plus-plus/releases/download/v8/npp.8.0.portable.arm64.zip
8,github,arm64,npp.8.0.portable.arm64.zip,autoCompletion/cs.xml,cs.xml,,33861,2021-02-06T02:57:44.518721+00:00,ec8c58e0d38c66fb1a2bc3a3c6c296d8,ad050cfc75e9712109b72d1f23d67bd9a8959f8c,95251b18e87d571e4bfc11b130772447e09461d4f0788e820939da776176e0a4,N/A,N/A,,https://github.com/notepad-plus-plus/notepad-plus-plus/releases/download/v8/npp.8.0.portable.arm64.zip
8,github,arm64,npp.8.0.portable.arm64.zip,autoCompletion/css.xml,css.xml,,11515,2021-02-06T02:57:44.521309+00:00,64dabdc0a5648e812e85753a9525644b,50876b7deb96c121fbde72ea94774c053ef5e457,1ce87ddfd55e689461791ce1f2373a38d73e57035725e9cc43d69d5a8ef43adf,N/A,N/A,,https://github.com/notepad-plus-plus/notepad-plus-plus/releases/download/v8/npp.8.0.portable.arm64.zip
8,github,arm64,npp.8.0.portable.arm64.zip,localization/czech.xml,czech.xml,,88185,2021-05-14T11:01:03.845736+00:00,1b7e6c896ad37fd208157567d681ab37,f194f495caf291ba41232097cec25f7ff7ae8dbf,2f0ba49d44703d557bdcc468c4fa1293ea97a0db0034a914ca096f6c432cb8a5,N/A,N/A,,https://github.com/notepad-plus-plus/notepad-plus-plus/releases/download/v8/npp.8.0.portable.arm64.zip
8,github,arm64,npp.8.0.portable.arm64.zip,localization/danish.xml,danish.xml,,86584,2021-05-15T20:55:04.799612+00:00,84c4f6e832fc062a6bbb768bf19e0ee5,44b0cf84e265851767172435267a73f7e05006e8,f2ba6833ad372ed0a7095da552a1ee4bb37b5c53362aa81e25905d3145a215a1,N/A,N/A,,https://github.com/notepad-plus-plus/notepad-plus-plus/releases/download/v8/npp.8.0.portable.arm64.zip
8,github,arm64,npp.8.0.portable.arm64.zip,themes/DansLeRuSH-Dark.xml,DansLeRuSH-Dark.xml,,109871,2021-02-06T02:57:44.786444+00:00,52659d432fef1f94f29454165d4b251f,3ee91a1be14a545bc645ad945aaca4cac3043edb,9e4e8b753b943304d3885efc68c6cb4603c813c1aecbb8db967a7504b814a9d1,N/A,N/A,,https://github.com/notepad-plus-plus/notepad-plus-plus/releases/download/v8/npp.8.0.portable.arm64.zip
8,github,arm64,npp.8.0.portable.arm64.zip,themes/DarkModeDefault.xml,DarkModeDefault.xml,,166735,2021-05-14T11:01:03.884035+00:00,6d0f68f607198d62173a10c50b77fc10,101744ea97b7964b3be7a6f6ba8bdce904bde364,6138ed0e4ca7b83f905baf574dfb9b0b59261e1146e21f55ac3c6e9d5cd90bf5,N/A,N/A,,https://github.com/notepad-plus-plus/notepad-plus-plus/releases/download/v8/npp.8.0.portable.arm64.zip
8,github,arm64,npp.8.0.portable.arm64.zip,themes/Deep Black.xml,Deep Black.xml,,90076,2021-02-06T02:57:44.788439+00:00,02a33d4d0cb9c61f93dd4ea849ecb14f,5905769498ae32a32f5fdb1dcbf0fca97d7d3eca,4faac9346f9e190be23bc3a41c61178c34a8ab57b69099e8de79ca235b15323a,N/A,N/A,,https://github.com/notepad-plus-plus/notepad-plus-plus/releases/download/v8/npp.8.0.portable.arm64.zip
8,github,arm64,npp.8.0.portable.arm64.zip,doLocalConf.xml,doLocalConf.xml,,0,2017-08-16T07:23:53.663879+00:00,d41d8cd98f00b204e9800998ecf8427e,da39a3ee5e6b4b0d3255bfef95601890afd80709,e3b0c44298fc1c149afbf4c8996fb92427ae41e4649b934ca495991b7852b855,N/A,N/A,,https://github.com/notepad-plus-plus/notepad-plus-plus/releases/download/v8/npp.8.0.portable.arm64.zip
8,github,arm64,npp.8.0.portable.arm64.zip,localization/dutch.xml,dutch.xml,,98600,2021-06-03T12:28:23.793185+00:00,22314aedafb3f2e55fe5c807ac368a2e,f595b435da9adad5413e09f0fe2abe9dac41c013,c43bdd5fb163a068a675613ee1615dc672f4d99f6ad8d04dd73948b72ea34a56,N/A,N/A,,https://github.com/notepad-plus-plus/notepad-plus-plus/releases/download/v8/npp.8.0.portable.arm64.zip
8,github,arm64,npp.8.0.portable.arm64.zip,localization/english.xml,english.xml,,93692,2021-06-03T12:28:23.795178+00:00,4721340135291457a8ee76eff22f1d4a,aec76bb4b2d5e89b225d798445567c4c384c7a18,db1620e8014233f6b90861f13574b739a7da9d3788d22df9d346279c64f23e26,N/A,N/A,,https://github.com/notepad-plus-plus/notepad-plus-plus/releases/download/v8/npp.8.0.portable.arm64.zip
8,github,arm64,npp.8.0.portable.arm64.zip,localization/english_customizable.xml,english_customizable.xml,,93568,2021-05-18T20:13:43.938670+00:00,215b806e3b76d22d585cc3ac3edd524c,5ceabe197fc6da5755e3766a154aae4334b309c4,9fa9b5fa34a74d4475dc039f975ae0d879d32409f8be677bcf6f4b9d5866489d,N/A,N/A,,https://github.com/notepad-plus-plus/notepad-plus-plus/releases/download/v8/npp.8.0.portable.arm64.zip
8,github,arm64,npp.8.0.portable.arm64.zip,localization/esperanto.xml,esperanto.xml,,48286,2020-01-12T13:43:01.405147+00:00,49f94b0b12fd87e9aae7e0a17509c5ad,c8356fc2299e08c7597b815fef66772e66cfe5cf,7a84d2e2472b2ad7786e1963af3616d2330a857a85af16615612042ec410547e,N/A,N/A,,https://github.com/notepad-plus-plus/notepad-plus-plus/releases/download/v8/npp.8.0.portable.arm64.zip
8,github,arm64,npp.8.0.portable.arm64.zip,localization/estonian.xml,estonian.xml,,60643,2021-05-15T20:55:04.809574+00:00,b8d207d2af974a53df2757cd4977f01b,9025924fb7094192d254b0183269134dca7a5d11,d18a620ea786420f0e69c10df2d3981254a5edd29abcab674cf915e98a860801,N/A,N/A,,https://github.com/notepad-plus-plus/notepad-plus-plus/releases/download/v8/npp.8.0.portable.arm64.zip
8,github,arm64,npp.8.0.portable.arm64.zip,localization/extremaduran.xml,extremaduran.xml,,25399,2016-12-26T22:10:43.910594+00:00,896b0f1f0854f3bcc23a80c99dcebd47,ee5d3a7de7503e18b2929d96dc164dd0671a841d,87e0372bfd2b84316adf2c7d3130fcf2415a96ec2c8bcd5da6f1a8a3a807c8d2,N/A,N/A,,https://github.com/notepad-plus-plus/notepad-plus-plus/releases/download/v8/npp.8.0.portable.arm64.zip
8,github,arm64,npp.8.0.portable.arm64.zip,localization/farsi.xml,farsi.xml,,65703,2021-05-15T20:55:04.812649+00:00,44e17fd524df05d8720598b2879e386a,bae71fc18928a4815743c95ddff178be1219ebc5,e7111bd3f7700dca9828d4deb6a7f93d64845b43f4e754cd79ef8d47225f3037,N/A,N/A,,https://github.com/notepad-plus-plus/notepad-plus-plus/releases/download/v8/npp.8.0.portable.arm64.zip
8,github,arm64,npp.8.0.portable.arm64.zip,localization/finnish.xml,finnish.xml,,69344,2021-05-15T20:55:04.816555+00:00,fa44a74f56351a8bd18b5e7a70c7ebf7,7b3d90ef7ef098c37840e7d59e9a94c619d2535a,085abe6341b90ceb7690d79032a1e0f3bd909c78227b9e197be2716fc9316e17,N/A,N/A,,https://github.com/notepad-plus-plus/notepad-plus-plus/releases/download/v8/npp.8.0.portable.arm64.zip
8,github,arm64,npp.8.0.portable.arm64.zip,functionList/fortran.xml,fortran.xml,,1998,2021-04-17T16:47:53.731974+00:00,24efe929c0a64d0728082696eae24e47,8bb52b350a31b26750b5576196de4e1901580ec7,5b324fb16c96737c266d4fec05476017c8547e3f59a16bebcbac0086ed4ae14b,N/A,N/A,,https://github.com/notepad-plus-plus/notepad-plus-plus/releases/download/v8/npp.8.0.portable.arm64.zip
8,github,arm64,npp.8.0.portable.arm64.zip,functionList/fortran77.xml,fortran77.xml,,1618,2021-04-17T16:47:53.732974+00:00,1ced186652b31449fa28912b79449e55,efa4be5ca2d47d70fc839b5cbbd6e313d5f31884,355a07e657b68f84494b95119c4bec782d27af25c6b396eb1bdf61b387c55bda,N/A,N/A,,https://github.com/notepad-plus-plus/notepad-plus-plus/releases/download/v8/npp.8.0.portable.arm64.zip
8,github,arm64,npp.8.0.portable.arm64.zip,localization/french.xml,french.xml,,95436,2021-05-15T20:55:04.819547+00:00,70c7d3148ca91634d804be8c42a268ce,d016592f63be6590f303043d399f46c75ff644be,1794eba6af42ce807b6feda2099fca572fa48e23e8952f288d6975c3ef9f84a2,N/A,N/A,,https://github.com/notepad-plus-plus/notepad-plus-plus/releases/download/v8/npp.8.0.portable.arm64.zip
8,github,arm64,npp.8.0.portable.arm64.zip,localization/friulian.xml,friulian.xml,,34362,2017-08-20T17:40:40.917620+00:00,6d4c069b4c4517f68657be1641bec299,cc5384f29594b19822a805f8d5888ff328e169a1,d4ffe0a2b5e35fede7e6244be9823e1e946c60db1635e6d3f753e6df938e4b3d,N/A,N/A,,https://github.com/notepad-plus-plus/notepad-plus-plus/releases/download/v8/npp.8.0.portable.arm64.zip
8,github,arm64,npp.8.0.portable.arm64.zip,localization/galician.xml,galician.xml,,25339,2016-12-26T22:10:43.936632+00:00,191cc6b7ed37fad274f985d7329bd048,a8b7750901614323318923833a2fb7ac021e8c34,89a20e547d17b1006698cd35fbad772403033420808c8299206a8e299961d83e,N/A,N/A,,https://github.com/notepad-plus-plus/notepad-plus-plus/releases/download/v8/npp.8.0.portable.arm64.zip
8,github,arm64,npp.8.0.portable.arm64.zip,localization/georgian.xml,georgian.xml,,60005,2017-08-20T17:40:40.935670+00:00,cada78594c9838103c479dbda55c9e05,7cdc3fd1b8a7ede96101badacf68281e3432bfbb,b319b96cb4eece88c0cf88b557ce56ce5abe85bdf0a6a1007b64310a708a6572,N/A,N/A,,https://github.com/notepad-plus-plus/notepad-plus-plus/releases/download/v8/npp.8.0.portable.arm64.zip
8,github,arm64,npp.8.0.portable.arm64.zip,localization/german.xml,german.xml,,80514,2021-05-15T20:55:04.823862+00:00,1bb39c97049c23b0a69ec75e4c893f91,73e6f73490f08ec4abf60cc7918a71e86966dfab,8a526ffadf34c34cb6825d928505fc1c292df6110411c97599c0d391c5f679a1,N/A,N/A,,https://github.com/notepad-plus-plus/notepad-plus-plus/releases/download/v8/npp.8.0.portable.arm64.zip
8,github,arm64,npp.8.0.portable.arm64.zip,localization/greek.xml,greek.xml,,104474,2021-06-03T12:28:23.797174+00:00,cf7abbe63252ec741479dee35774807b,80ea01bcf9f0e5bd69244b513ccb8f57f96e316c,9dbc07059f0037c5b114487b9a259d631589a37c70bf1bc6115405649429861c,N/A,N/A,,https://github.com/notepad-plus-plus/notepad-plus-plus/releases/download/v8/npp.8.0.portable.arm64.zip
8,github,arm64,npp.8.0.portable.arm64.zip,localization/gujarati.xml,gujarati.xml,,69663,2020-05-31T09:57:18.882532+00:00,7fc20c4adbdc66c21775a870387769b2,34ee8fc4001645bdeab1427ed8f33a01d2d081ca,efcce0e0c6fe01a7d40cae0a239d85ec3c06e9a7c5dd9adc23825eae2dbf30b3,N/A,N/A,,https://github.com/notepad-plus-plus/notepad-plus-plus/releases/download/v8/npp.8.0.portable.arm64.zip
8,github,arm64,npp.8.0.portable.arm64.zip,updater/GUP.exe,GUP.exe,,970152,2021-06-06T16:49:01.158868+00:00,1c588fc9fb74254132352a3963c24070,f1d9ebb13a17e97d14622620c6e1a1dbdc88e3d0,509476b9230ce0727bd407759c882e713049bd0b168c44d8db521dcfeacd2d14,N/A,N/A,,https://github.com/notepad-plus-plus/notepad-plus-plus/releases/download/v8/npp.8.0.portable.arm64.zip
8,github,arm64,npp.8.0.portable.arm64.zip,updater/gup.xml,gup.xml,,4267,2018-07-17T14:08:20.763110+00:00,b023cc4d768b34a5401f317479740a53,4ca45db707b120bca9cb6cd8404b9e6ecabdb2d2,d3e6404c7286961cbab82d4c49f82bcb166db9b5a13eacaa0eeb59a0709a0c14,N/A,N/A,,https://github.com/notepad-plus-plus/notepad-plus-plus/releases/download/v8/npp.8.0.portable.arm64.zip
8,github,arm64,npp.8.0.portable.arm64.zip,functionList/haskell.xml,haskell.xml,,2475,2021-04-17T16:47:53.733969+00:00,39f92a5a4c65c9ebf93e23f517ec0ac9,0a87cae9a01c68f1c6b955d221e8bb975ff13fcd,e163c2dc738f1df1d4029ca9f2af7309da19e4ad4eefac1212bbba6fa0167ad4,N/A,N/A,,https://github.com/notepad-plus-plus/notepad-plus-plus/releases/download/v8/npp.8.0.portable.arm64.zip
8,github,arm64,npp.8.0.portable.arm64.zip,localization/hebrew.xml,hebrew.xml,,22740,2018-12-09T18:22:22.918496+00:00,07c8ebe76b6352401c0e9c84956d727f,fb14d93db71d0d4b3f25c275fc57d615ce7446c4,58585868a8164b247c53ad3646076e3404a4fd854ee3632ca9841c1ba3d210d6,N/A,N/A,,https://github.com/notepad-plus-plus/notepad-plus-plus/releases/download/v8/npp.8.0.portable.arm64.zip
8,github,arm64,npp.8.0.portable.arm64.zip,themes/Hello Kitty.xml,Hello Kitty.xml,,90003,2021-02-06T02:57:44.790562+00:00,440f1754c493214c970457fd8bb90601,fb6e530fa6180e0fb2be35574ce7f6666ee7b6cf,9e82a82618fe052bf5ce97752001b966da68d5599e6fba3031f2807de420f896,N/A,N/A,,https://github.com/notepad-plus-plus/notepad-plus-plus/releases/download/v8/npp.8.0.portable.arm64.zip
8,github,arm64,npp.8.0.portable.arm64.zip,localization/hindi.xml,hindi.xml,,101926,2021-05-15T20:55:04.827692+00:00,b5857e80af0743018276e7a89b16f3c0,766f407f0f5cf20b8c1ec2fe225d6abaa7af323d,d25ed21d8a40215b31e762bc08e3133e11afd4df68d2f88894ba6f4805a1fe79,N/A,N/A,,https://github.com/notepad-plus-plus/notepad-plus-plus/releases/download/v8/npp.8.0.portable.arm64.zip
8,github,arm64,npp.8.0.portable.arm64.zip,localization/hongKongCantonese.xml,hongKongCantonese.xml,,95770,2021-06-03T12:28:23.799167+00:00,e2fcc2bb0386d15273a4e9b944235f5f,80ffbf58fe441e88597a3d39fc5efdcbb453b255,a7e1f78de9519fddcac6fc4c38abf99f27ce17018353450bfe4b2dcd4c0fc8f2,N/A,N/A,,https://github.com/notepad-plus-plus/notepad-plus-plus/releases/download/v8/npp.8.0.portable.arm64.zip
8,github,arm64,npp.8.0.portable.arm64.zip,themes/HotFudgeSundae.xml,HotFudgeSundae.xml,,110487,2021-02-06T02:57:44.792649+00:00,8af4695773d5de3e50564cc60afd5027,5db749e5d008fa8331186743c0d47ba907e6abe0,375d6c3818f17edbe41e0a14061f8f07941a617222f7bf6e44a5a0cdb58c9afe,N/A,N/A,,https://github.com/notepad-plus-plus/notepad-plus-plus/releases/download/v8/npp.8.0.portable.arm64.zip
8,github,arm64,npp.8.0.portable.arm64.zip,autoCompletion/html.xml,html.xml,,19490,2021-02-06T02:57:44.523148+00:00,83f7d0f14d6cd73474f0f409950b354a,9e86874a1f691f71d977e2f3aeb77170439465f5,faceb73d447eb8354e84a6ae96b4e354375f2db795756f3003a430b3e2ea66e8,N/A,N/A,,https://github.com/notepad-plus-plus/notepad-plus-plus/releases/download/v8/npp.8.0.portable.arm64.zip
8,github,arm64,npp.8.0.portable.arm64.zip,localization/hungarian.xml,hungarian.xml,,84326,2021-05-15T20:55:04.838498+00:00,ec20dc510d4eaf0b761dbcb6d23d1393,7766f85f04d4e73bd0a7c3ab93f5c9ce39a7988a,9bc7df9113a979b1161a48e85958ef677ad303f2868b602cf7eb5f90c3a349da,N/A,N/A,,https://github.com/notepad-plus-plus/notepad-plus-plus/releases/download/v8/npp.8.0.portable.arm64.zip
8,github,arm64,npp.8.0.portable.arm64.zip,localization/indonesian.xml,indonesian.xml,,63989,2021-05-15T20:55:04.843483+00:00,53f2a422f3264a8c2538eb62954a59b6,f8dc1dae3612b6b10ce8709c61051413554eeb6b,ea9c8a7b44f8e3691799ae440ef4e1e7f19e770354a163b1236fb11e803015fa,N/A,N/A,,https://github.com/notepad-plus-plus/notepad-plus-plus/releases/download/v8/npp.8.0.portable.arm64.zip
8,github,arm64,npp.8.0.portable.arm64.zip,functionList/ini.xml,ini.xml,,952,2020-10-27T03:29:08.992010+00:00,005c5fe001e12b5b0a7f8dee285d71fb,02a29fbbbfdf2166496021920e568b610395cd6e,11acf49eb9f3cb68fa7a3bb8568cef2eb0f125700c8edcbcd108b5810761770f,N/A,N/A,,https://github.com/notepad-plus-plus/notepad-plus-plus/releases/download/v8/npp.8.0.portable.arm64.zip
8,github,arm64,npp.8.0.portable.arm64.zip,functionList/inno.xml,inno.xml,,4404,2020-10-27T03:29:08.992010+00:00,ab1e90d098b886e9f098d7c4c82efb9a,d74449a5b6b2a87d7e5564770edfb609df6806fd,0162159b64eb092f94964faf937f263fb9947b25d40e0d82bd3224d136a140de,N/A,N/A,,https://github.com/notepad-plus-plus/notepad-plus-plus/releases/download/v8/npp.8.0.portable.arm64.zip
8,github,arm64,npp.8.0.portable.arm64.zip,localization/irish.xml,irish.xml,,85008,2021-05-15T20:55:04.850466+00:00,5a3eb4f9cab6ec3bec40d5a683d0fd6b,242d9a7f66c7ae8956d1697f2b34fdd1817488b2,55cb1860023e4182da505e1cffc4eb7d9efdf4062e0e1b2d6320b73abc366dc0,N/A,N/A,,https://github.com/notepad-plus-plus/notepad-plus-plus/releases/download/v8/npp.8.0.portable.arm64.zip
8,github,arm64,npp.8.0.portable.arm64.zip,localization/italian.xml,italian.xml,,93636,2021-05-15T20:55:04.854454+00:00,2dee006fe24c72fa343b88c19b0fd384,d661da649c003d04c449537ac1c55892080d0c64,1dbd12b6ce20bef97864188ceee5f07f414f9c9a0b1d38c8a568825d30671176,N/A,N/A,,https://github.com/notepad-plus-plus/notepad-plus-plus/releases/download/v8/npp.8.0.portable.arm64.zip
8,github,arm64,npp.8.0.portable.arm64.zip,localization/japanese.xml,japanese.xml,,102810,2021-06-03T12:28:23.800165+00:00,50910b5785eefb406d17fcbdd6e3f479,05dee50294a47062b937184fcb1cd94dbf434138,28d556f4bddb80c83bfc7fa7092590144158f27adba65fde99f261c214cf97ce,N/A,N/A,,https://github.com/notepad-plus-plus/notepad-plus-plus/releases/download/v8/npp.8.0.portable.arm64.zip
8,github,arm64,npp.8.0.portable.arm64.zip,functionList/java.xml,java.xml,,9331,2020-10-27T03:29:08.993007+00:00,e5a76a3287909497f328b0f12cf5ce89,a432976d922c00717386fafc3290cf251c8e7182,2487221a75a52b4f8aa6d2e62f1c0a55a5cd5240b1cb7aafa66fbb2042590b06,N/A,N/A,,https://github.com/notepad-plus-plus/notepad-plus-plus/releases/download/v8/npp.8.0.portable.arm64.zip
8,github,arm64,npp.8.0.portable.arm64.zip,autoCompletion/java.xml,java.xml,,205359,2021-02-06T02:57:44.528478+00:00,1ce78a369cff97a0aa6ada78bf65a6d3,d04ba700b097732f152899c998d53d9a9a857b70,18d4506cbd6c04e33b948b1824662efc432a89e83e18abffb78043a2121f5580,N/A,N/A,,https://github.com/notepad-plus-plus/notepad-plus-plus/releases/download/v8/npp.8.0.portable.arm64.zip
8,github,arm64,npp.8.0.portable.arm64.zip,functionList/javascript.js.xml,javascript.js.xml,,1146,2020-10-27T03:29:08.994004+00:00,76bfe910efe1727e4afc3680cca62773,9e05e76ab53ee66aa26cfe6726db6e81c9a3bd62,7c68f28c6995f47dd77596bab28c6b4388ff93840c3becfd37733ddb640cd0cd,N/A,N/A,,https://github.com/notepad-plus-plus/notepad-plus-plus/releases/download/v8/npp.8.0.portable.arm64.zip
8,github,arm64,npp.8.0.portable.arm64.zip,autoCompletion/javascript.xml,javascript.xml,,23348,2021-02-06T02:57:44.531126+00:00,c7cae93b5f9356400d166911bcd0717b,e5d3dc09f45d7ec6a88f9af28c7c9faf055ea804,6ee58a91cba2473554c9d20fb18ddb69b465f1e7bf2e9e1efe8e7b726bac327c,N/A,N/A,,https://github.com/notepad-plus-plus/notepad-plus-plus/releases/download/v8/npp.8.0.portable.arm64.zip
8,github,arm64,npp.8.0.portable.arm64.zip,localization/kabyle.xml,kabyle.xml,,50323,2020-05-31T09:57:18.887519+00:00,1d46146ccf999ede311f951828181eac,f27e955e2f1b819b06bbe1e7e9ecc6b83c49bd23,56d9177dc22aa9945085510cb540000200896a46654f60ff27daa4f4e9bcf378,N/A,N/A,,https://github.com/notepad-plus-plus/notepad-plus-plus/releases/download/v8/npp.8.0.portable.arm64.zip
8,github,arm64,npp.8.0.portable.arm64.zip,localization/kannada.xml,kannada.xml,,74455,2020-05-31T09:57:18.888516+00:00,9f704e219f869165d3779ad6a221e804,40277c057304e603bd74a6ab4c2deb62b5721c7c,d1bbee48ebe8378c0cd3b2dd96134134d7fbc6020fb68ff5689be62ac41d6464,N/A,N/A,,https://github.com/notepad-plus-plus/notepad-plus-plus/releases/download/v8/npp.8.0.portable.arm64.zip
8,github,arm64,npp.8.0.portable.arm64.zip,localization/kazakh.xml,kazakh.xml,,33030,2021-03-18T18:28:21.391259+00:00,cef567a83b071655a30fe3d6841399fa,ac71543e6c69653a9ebdf0edacd32825b868842a,6db85b99cbf208c9ff4cba47ac175305f21f96ff101f5f0676d950d2cc9081c6,N/A,N/A,,https://github.com/notepad-plus-plus/notepad-plus-plus/releases/download/v8/npp.8.0.portable.arm64.zip
8,github,arm64,npp.8.0.portable.arm64.zip,themes/khaki.xml,khaki.xml,,108169,2021-02-06T02:57:44.821349+00:00,ad1d0954bf9068c093d427c011f198de,a91148c968f34646046286af45ad86eb39cd78ab,9af962a4aa2271418881b9117ee61ba341984210c02c3a01e9ad4cc3089f6637,N/A,N/A,,https://github.com/notepad-plus-plus/notepad-plus-plus/releases/download/v8/npp.8.0.portable.arm64.zip
8,github,arm64,npp.8.0.portable.arm64.zip,localization/korean.xml,korean.xml,,76912,2021-05-15T20:55:04.861434+00:00,9211b3e0720327ac0a6fe83fd98f38b5,00f66f51c56e370afcedb9522f5e971a5f066430,cf71d19990acd4985fe76ff45755eba060017e177aca63b5ff6c04957763b9fd,N/A,N/A,,https://github.com/notepad-plus-plus/notepad-plus-plus/releases/download/v8/npp.8.0.portable.arm64.zip
8,github,arm64,npp.8.0.portable.arm64.zip,functionList/krl.xml,krl.xml,,3037,2020-10-27T03:29:08.994004+00:00,2b3193bd7b701acaab61a9b18a349ea5,56f8de4bd5ea8798f06ebd9ba6c8159cc66b287d,c158322bd963d2a68ffc878d72213a7394d8c16de72279771ffc924365eec0df,N/A,N/A,,https://github.com/notepad-plus-plus/notepad-plus-plus/releases/download/v8/npp.8.0.portable.arm64.zip
8,github,arm64,npp.8.0.portable.arm64.zip,localization/kurdish.xml,kurdish.xml,,62678,2021-05-15T20:55:04.863663+00:00,b3fc582020bd8c75d7f982f4798bdbbd,29f3b1ca99deb40ad6def82608926321e87abbcb,43455f6b7e659e4c94ee144fc55e53036c844037cad82a074b5728a359203b89,N/A,N/A,,https://github.com/notepad-plus-plus/notepad-plus-plus/releases/download/v8/npp.8.0.portable.arm64.zip
8,github,arm64,npp.8.0.portable.arm64.zip,localization/kyrgyz.xml,kyrgyz.xml,,38731,2017-08-20T17:40:41.099834+00:00,ad3a31d477ad1e09dc3f6911c1f50d1e,cefc20836cbc0e78eb0291948eadbdf09b21a838,4964c0b9f36b7fec44ec0805ba153d88293311cd703680719187cdaa68fbd090,N/A,N/A,,https://github.com/notepad-plus-plus/notepad-plus-plus/releases/download/v8/npp.8.0.portable.arm64.zip
8,github,arm64,npp.8.0.portable.arm64.zip,langs.model.xml,langs.model.xml,,344225,2021-05-14T11:01:04.218175+00:00,72f3f593344d5d253f98fbf01a85036c,f75313d2c4368c0ff69fe5c0a9adc8ba1cd12c7d,aea280f48f7882eb547817ea04e015d01d22ed32edccf146b7dc526c03f506a1,N/A,N/A,,https://github.com/notepad-plus-plus/notepad-plus-plus/releases/download/v8/npp.8.0.portable.arm64.zip
8,github,arm64,npp.8.0.portable.arm64.zip,localization/latvian.xml,latvian.xml,,46317,2020-01-12T13:43:01.442049+00:00,5bdd886ac6fcbe6d922b9616f86a729f,97b5ba6af3683e41457c89534909a20eee997809,fc76ab3cbfe4a96f02531236b7c0b16cf4749fbb2ac0f378149347ae625a3708,N/A,N/A,,https://github.com/notepad-plus-plus/notepad-plus-plus/releases/download/v8/npp.8.0.portable.arm64.zip
8,github,arm64,npp.8.0.portable.arm64.zip,updater/libcurl.dll,libcurl.dll,,541608,2021-06-06T16:49:08.822487+00:00,a70604f0bed23763e665105d998bac9f,5332bfe6554fc085a43d9826bd28c597d51a329d,7321756bbd5e932129688900d32a2ad512f39cdb569780f4c8ee80cf8f2e2ea6,N/A,N/A,,https://github.com/notepad-plus-plus/notepad-plus-plus/releases/download/v8/npp.8.0.portable.arm64.zip
8,github,arm64,npp.8.0.portable.arm64.zip,updater/LICENSE,LICENSE,,7804,2017-12-13T21:44:48.576709+00:00,8e3494bf8cf1967afd3b1016fbbe5bb0,b1608abb6e19ef60f4b9c52f6e05bf81cc97d0c2,319917f5ccd09878db6f67c9a77dee846055644ca49eb535628b9e020a87261e,N/A,N/A,,https://github.com/notepad-plus-plus/notepad-plus-plus/releases/download/v8/npp.8.0.portable.arm64.zip
8,github,arm64,npp.8.0.portable.arm64.zip,license.txt,license.txt,,35663,2021-02-06T02:57:44.460317+00:00,16871739f1c1b2e562f522a60e6c218f,151386821ad471892bf099ebf8197adeee1c4d29,afe980345a1e845fb7e372639205cc57e6902a2505c114dc1bcbcd56119f3413,N/A,N/A,,https://github.com/notepad-plus-plus/notepad-plus-plus/releases/download/v8/npp.8.0.portable.arm64.zip
8,github,arm64,npp.8.0.portable.arm64.zip,localization/ligurian.xml,ligurian.xml,,34480,2017-08-20T17:40:41.121866+00:00,58a86031153e6bd8ae1ad5bf80fcc894,656cedf73e8d40797a43980fd1801f6501b036c4,5fad85ea1c785dca218106e2b409c20b3cb103e8cdc87c542aae5d630599c33b,N/A,N/A,,https://github.com/notepad-plus-plus/notepad-plus-plus/releases/download/v8/npp.8.0.portable.arm64.zip
8,github,arm64,npp.8.0.portable.arm64.zip,autoCompletion/lisp.xml,lisp.xml,,17231,2021-02-06T02:57:44.533724+00:00,2342b76218146563f7cb762ff1a4c03d,9bd08e072b9f401edffb482ff22bcedb444f8165,7dee0ce72cf218da91221c2be184bd22ba16b120396aa1f209583fc9f62fd8bf,N/A,N/A,,https://github.com/notepad-plus-plus/notepad-plus-plus/releases/download/v8/npp.8.0.portable.arm64.zip
8,github,arm64,npp.8.0.portable.arm64.zip,localization/lithuanian.xml,lithuanian.xml,,76720,2021-05-15T20:55:04.866791+00:00,f82686ed79384fec00f33ff98f993720,a841107e5066f87c5b78148b4d2caf8a255be8ab,55b4956b4764f734bcb7b8c62f7fb3ba601a0bf087dba66698fa1e174483bb79,N/A,N/A,,https://github.com/notepad-plus-plus/notepad-plus-plus/releases/download/v8/npp.8.0.portable.arm64.zip
8,github,arm64,npp.8.0.portable.arm64.zip,autoCompletion/lua.xml,lua.xml,,90483,2021-02-06T02:57:44.537110+00:00,810918f09e228f768a037223b5dbc505,ee00f44a913591959cbbde9e8ae0b6871f81cd8a,370a055b1c3044a5ff045d8e6cfeca24e82bd0033a41b3d463e63b4d36b1e76a,N/A,N/A,,https://github.com/notepad-plus-plus/notepad-plus-plus/releases/download/v8/npp.8.0.portable.arm64.zip
8,github,arm64,npp.8.0.portable.arm64.zip,localization/luxembourgish.xml,luxembourgish.xml,,25260,2017-08-20T17:40:41.142960+00:00,cc2d7d26c9d221def534845ec7453ddb,b40b675c5a5c10c8a393714f483aa515be4a5f8d,b73cb0703537af9d58c2e1f040f2e7f741199eef954d5e109eb301fc4498ffe0,N/A,N/A,,https://github.com/notepad-plus-plus/notepad-plus-plus/releases/download/v8/npp.8.0.portable.arm64.zip
8,github,arm64,npp.8.0.portable.arm64.zip,localization/macedonian.xml,macedonian.xml,,36460,2016-12-26T22:10:44.046439+00:00,59f590ee75294f37ccb5ed1c7a441a11,7432c800018216193273b59666f26c4a81540ee6,59dbcc4618fa64eebd71808b16b4736b7af8855bef760aec3eb31c6f8f5f470e,N/A,N/A,,https://github.com/notepad-plus-plus/notepad-plus-plus/releases/download/v8/npp.8.0.portable.arm64.zip
8,github,arm64,npp.8.0.portable.arm64.zip,localization/malay.xml,malay.xml,,19084,2016-12-26T22:10:44.052465+00:00,3158e10e8a9b3c0e84a770f5f11aaa1f,418a6c52704b6c832b80b36adbba45682725c76f,690416e418c9821bfe71805f76d9e18ee39fd092742d173cc9fe595268b131fa,N/A,N/A,,https://github.com/notepad-plus-plus/notepad-plus-plus/releases/download/v8/npp.8.0.portable.arm64.zip
8,github,arm64,npp.8.0.portable.arm64.zip,localization/marathi.xml,marathi.xml,,48181,2019-06-01T16:07:32.531979+00:00,ce4757e3935343d472515cf9b936d7e4,c9ba81eb7b9f1ec2c0ac70e948846ba434d2ac7c,8b7545558bc73329f6caa27b5aa6203220d7a58ea3b37e9c346e636aaf70146c,N/A,N/A,,https://github.com/notepad-plus-plus/notepad-plus-plus/releases/download/v8/npp.8.0.portable.arm64.zip
8,github,arm64,npp.8.0.portable.arm64.zip,userDefineLangs/markdown._preinstalled.udl.xml,markdown._preinstalled.udl.xml,,6046,2020-10-27T03:29:08.979044+00:00,c37d302c1b6884616d59477ba8e438ec,22cd67b23836777a1861d2c1d0663eee7eab1933,c5011367a4453096122fe72bb89f2940293cb61e973522ff140cdfe05227b1f3,N/A,N/A,,https://github.com/notepad-plus-plus/notepad-plus-plus/releases/download/v8/npp.8.0.portable.arm64.zip
8,github,arm64,npp.8.0.portable.arm64.zip,plugins/mimeTools/mimeTools.dll,mimeTools.dll,,117160,2021-06-06T16:49:24.060524+00:00,af0c25597b48e1a7ccb5ef27cbb287ae,9ad51f5a9fdfaa40f9dd1e8f02f052f116e44114,6b730ac24430870da5edf481db267333844baa7ef22bf922755654cf7d7df9b8,N/A,N/A,,https://github.com/notepad-plus-plus/notepad-plus-plus/releases/download/v8/npp.8.0.portable.arm64.zip
8,github,arm64,npp.8.0.portable.arm64.zip,localization/mongolian.xml,mongolian.xml,,64376,2020-01-12T13:43:01.448031+00:00,edb56af0fd2e0c8390c7d8d62b080e0f,1a296725f590905e19544424d7fcd14a27f37305,0924a7c8f36e54675cab1c2fdde30fee8ef8c7b56159e1114b1611e994ccaa24,N/A,N/A,,https://github.com/notepad-plus-plus/notepad-plus-plus/releases/download/v8/npp.8.0.portable.arm64.zip
8,github,arm64,npp.8.0.portable.arm64.zip,themes/Mono Industrial.xml,Mono Industrial.xml,,91448,2021-02-06T02:57:44.794422+00:00,1dd2f54e6454323863d70b6b5dcb1620,37f8ac2b7453d356171737d312e16db0e7494d12,4794862c291de42c75e594ce19e5df267b42ff06d2ef4b7bb2ebb61e949f93c8,N/A,N/A,,https://github.com/notepad-plus-plus/notepad-plus-plus/releases/download/v8/npp.8.0.portable.arm64.zip
8,github,arm64,npp.8.0.portable.arm64.zip,themes/Monokai.xml,Monokai.xml,,92206,2021-02-06T02:57:44.796416+00:00,961a7b6c6d0f0cbfd47a56c6a17591a3,01d0c6b8cfa6211cfa6d9b572967da79b43654f8,4b09bf80ceeea1b311c428002ea881e991574ce28fe887f9f488c989c5b64912,N/A,N/A,,https://github.com/notepad-plus-plus/notepad-plus-plus/releases/download/v8/npp.8.0.portable.arm64.zip
8,github,arm64,npp.8.0.portable.arm64.zip,themes/MossyLawn.xml,MossyLawn.xml,,108374,2021-02-06T02:57:44.798907+00:00,449a1374aabd1e800ac1fec9deba583e,a983c8c69487066a51f52d610be2b17fb9629001,73506506d2c79a30a63d5e11e77b7eeeb757220ea52ee99a7b79fa2803c0d684,N/A,N/A,,https://github.com/notepad-plus-plus/notepad-plus-plus/releases/download/v8/npp.8.0.portable.arm64.zip
8,github,arm64,npp.8.0.portable.arm64.zip,themes/Navajo.xml,Navajo.xml,,108183,2021-02-06T02:57:44.801414+00:00,8846302b3208ea814a7c010fdf764604,e03e5ba9f5516fef84ec7b4f3f1b03108a80cdfc,92ee1ef1d8a353cda26017f576e5a966dd91790f0d2098a83572561909532813,N/A,N/A,,https://github.com/notepad-plus-plus/notepad-plus-plus/releases/download/v8/npp.8.0.portable.arm64.zip
8,github,arm64,npp.8.0.portable.arm64.zip,localization/nepali.xml,nepali.xml,,123523,2021-05-15T20:55:04.869959+00:00,6dce93f6c2806a93aa09a6fd372e9257,bbf75dafcb98a1d0d78c4006ca288d8a0e48fa56,161097b077ac354b4bfa23397dcf3ed29790648b68dc660559c8e75e1be9b24a,N/A,N/A,,https://github.com/notepad-plus-plus/notepad-plus-plus/releases/download/v8/npp.8.0.portable.arm64.zip
8,github,arm64,npp.8.0.portable.arm64.zip,localization/norwegian.xml,norwegian.xml,,27778,2016-12-26T22:10:44.066320+00:00,f5519b853316445aab668c1dfd480f87,0f7aab54733b22d514b36ea68e39b0fe215afcbc,bb9a79755d37d449acff570c20e78a9e0c58482414435cf0f493e15e6216fce3,N/A,N/A,,https://github.com/notepad-plus-plus/notepad-plus-plus/releases/download/v8/npp.8.0.portable.arm64.zip
8,github,arm64,npp.8.0.portable.arm64.zip,notepad++.exe,notepad++.exe,,5855656,2021-06-06T16:48:38.352306+00:00,f2b04391d2e5c31f1b1521f3a82d2e07,bf345e2936beb08077bacb8e8c93955b691a7dc0,c5af9172f5d8a280c62fb04369595b6fcc78534182719c2fc772d1d80a7e77e5,N/A,N/A,,https://github.com/notepad-plus-plus/notepad-plus-plus/releases/download/v8/npp.8.0.portable.arm64.zip
8,github,arm64,npp.8.0.portable.arm64.zip,plugins/NppConverter/NppConverter.dll,NppConverter.dll,,170408,2021-06-06T16:49:31.691483+00:00,de1830737c1a5a3e233c03ea235f17b2,b21016bc2536e68d955384e8c9926427055fd875,97fd4e8a83c081b72bc29929498851acd36af4e39f861c68d6a73610ced92336,N/A,N/A,,https://github.com/notepad-plus-plus/notepad-plus-plus/releases/download/v8/npp.8.0.portable.arm64.zip
8,github,arm64,npp.8.0.portable.arm64.zip,plugins/NppExport/NppExport.dll,NppExport.dll,,129960,2021-06-06T16:49:16.379607+00:00,342e58d8e38d9ebef1475c3d06eb2581,ca6073530ce5a618753a8ec91b6eb1080905a666,876c966c1e7c5ed9dfd4f94ed7e78389ae8f38dd795d0deb161b587b455290cf,N/A,N/A,,https://github.com/notepad-plus-plus/notepad-plus-plus/releases/download/v8/npp.8.0.portable.arm64.zip
8,github,arm64,npp.8.0.portable.arm64.zip,plugins/Config/nppPluginList.dll,nppPluginList.dll,,91560,2021-06-06T16:48:53.270976+00:00,feae25d9f29c3df1ad683fb025c566cc,5cb5302727e090e338f3357271487b884c154cc1,b637a6a0d186e23bbeb7bb5d93faacab9e00f7a8f910f466b951f79420670f68,N/A,N/A,,https://github.com/notepad-plus-plus/notepad-plus-plus/releases/download/v8/npp.8.0.portable.arm64.zip
8,github,arm64,npp.8.0.portable.arm64.zip,functionList/nsis.xml,nsis.xml,,7125,2020-10-27T03:29:08.995001+00:00,792c0b92f7949c0ec61b8b06a86c5a67,565e8cc8005eb923db47eb1685748c8934c77089,c13743567fcfc4fa77b66e79447edab2d1ecc97d4da32b655d92ae90968f2b0b,N/A,N/A,,https://github.com/notepad-plus-plus/notepad-plus-plus/releases/download/v8/npp.8.0.portable.arm64.zip
8,github,arm64,npp.8.0.portable.arm64.zip,autoCompletion/nsis.xml,nsis.xml,,8176,2021-02-06T02:57:44.539397+00:00,c02485cf76125ce06988d536328ebe81,0bcd80a606c16c48e4ac0e21c489a8e1d46b1f58,98a294b1e45611821fac0bf98b15536efcbde57fb58c9effe46105aa68da24ec,N/A,N/A,,https://github.com/notepad-plus-plus/notepad-plus-plus/releases/download/v8/npp.8.0.portable.arm64.zip
8,github,arm64,npp.8.0.portable.arm64.zip,localization/nynorsk.xml,nynorsk.xml,,41202,2017-08-20T17:40:41.189943+00:00,694867a6ade700da42a55da24da74200,d6115de129aa535bc83cce55e1c1ad5a001a5fac,319a9e846a610811fdf12b96bf352e4e07f2d7de5a6bec3000cebc1b1e21a1fe,N/A,N/A,,https://github.com/notepad-plus-plus/notepad-plus-plus/releases/download/v8/npp.8.0.portable.arm64.zip
8,github,arm64,npp.8.0.portable.arm64.zip,themes/Obsidian.xml,Obsidian.xml,,95745,2021-03-08T18:04:41.299199+00:00,4a484addc53e83c94679cb83f75ffc10,7239dcca023f6d91bd409f1b0a56d4a5437c10ad,7f88d74ffa6eb2ad3bfb44a6f6c8ff1fa6809685e16778ed1746e4123b862564,N/A,N/A,,https://github.com/notepad-plus-plus/notepad-plus-plus/releases/download/v8/npp.8.0.portable.arm64.zip
8,github,arm64,npp.8.0.portable.arm64.zip,localization/occitan.xml,occitan.xml,,60960,2021-05-15T20:55:04.872405+00:00,878f0c0a2d0e905cb830f3e31eecced7,9c9b4955076d093f9dab456c2b27e82cdba69f7c,d7d80445e9cfde2d5d2d9d9e435b43fc5cf30acf8850b453f826db41856af30a,N/A,N/A,,https://github.com/notepad-plus-plus/notepad-plus-plus/releases/download/v8/npp.8.0.portable.arm64.zip
8,github,arm64,npp.8.0.portable.arm64.zip,functionList/overrideMap.xml,overrideMap.xml,,6371,2020-10-27T03:29:08.996000+00:00,28fccc2a6a7145574c006f7dcd8eb251,dd11264640842a112021e9228332219fb979e2dc,e7f8eae310e8ace3b3b0be3bb145ec8c2bbcaa66c9337218dc4cbef633374f95,N/A,N/A,,https://github.com/notepad-plus-plus/notepad-plus-plus/releases/download/v8/npp.8.0.portable.arm64.zip
8,github,arm64,npp.8.0.portable.arm64.zip,functionList/perl.xml,perl.xml,,1505,2020-10-27T03:29:08.996000+00:00,c7ad8abe956fbcc3cab1bdb82f457729,8644c5344a3ce147add01d61a943fcd0bad099fb,6558013f984e594bb57534910ce0b17bfa15da3cc9bb4b6e0b5c6e4ddf9eb14e,N/A,N/A,,https://github.com/notepad-plus-plus/notepad-plus-plus/releases/download/v8/npp.8.0.portable.arm64.zip
8,github,arm64,npp.8.0.portable.arm64.zip,autoCompletion/perl.xml,perl.xml,,58670,2021-02-06T02:57:44.542343+00:00,68a335d8c7f6bd14b91cfe3bb7e4fbe5,91bb6cc6593d51913e6e8eb1af9579a717769ea1,c75aee84bbdc39cfd3e5b9e8d400a34dea82a1e176ff094de1284824afa5c44a,N/A,N/A,,https://github.com/notepad-plus-plus/notepad-plus-plus/releases/download/v8/npp.8.0.portable.arm64.zip
8,github,arm64,npp.8.0.portable.arm64.zip,functionList/php.xml,php.xml,,10000,2020-11-06T18:23:59.717391+00:00,09dd56ad26088b1fa609b8d201064450,1efc7cf7ddcf5c06e9291518fa0e073469075231,b5d149184a4e4a3ed8425e5ace844d784a4ed5a4e0004e959cf17f6267e80b40,N/A,N/A,,https://github.com/notepad-plus-plus/notepad-plus-plus/releases/download/v8/npp.8.0.portable.arm64.zip
8,github,arm64,npp.8.0.portable.arm64.zip,autoCompletion/php.xml,php.xml,,427922,2021-02-06T02:57:44.549078+00:00,8bb0f6ddbf214fc5247efd6b809e43fa,5f44d91697d849162a5ddc00504fd9a2bbbe8a24,0bf118ba1b96f626eb4217bfc3f192bde2626d1616786daf484e2f3c35d7d706,N/A,N/A,,https://github.com/notepad-plus-plus/notepad-plus-plus/releases/download/v8/npp.8.0.portable.arm64.zip
8,github,arm64,npp.8.0.portable.arm64.zip,localization/piglatin.xml,piglatin.xml,,79086,2021-05-15T20:55:04.874400+00:00,a81a96ae92a44fefd915ec642c0439d7,5af4d51746b51bc2a836e03850a183eabe9a7b28,ddd62f48fcf3b767b77b7bdd128158a038b521192e5eb34585eda41949bdeb1c,N/A,N/A,,https://github.com/notepad-plus-plus/notepad-plus-plus/releases/download/v8/npp.8.0.portable.arm64.zip
8,github,arm64,npp.8.0.portable.arm64.zip,themes/Plastic Code Wrap.xml,Plastic Code Wrap.xml,,92942,2021-02-06T02:57:44.805393+00:00,29d48938e622822cd21e4b018801aa4e,ae8204dad93f5b32e263fafeb885b1ea971236f0,7c062a06399b1421bb24a710698098979958920dc14baaca2513d2523f2b8183,N/A,N/A,,https://github.com/notepad-plus-plus/notepad-plus-plus/releases/download/v8/npp.8.0.portable.arm64.zip
8,github,arm64,npp.8.0.portable.arm64.zip,localization/polish.xml,polish.xml,,99405,2021-05-15T20:55:04.877827+00:00,ebbde5dfebb6e9e4e0c53ce0276fc196,aa191b402246fa9e9334a5057bf58cf6e1117fc3,ab9362cdb589a66b38d6ced225f3487aeff497a5837325aa43f7484e5bd670f6,N/A,N/A,,https://github.com/notepad-plus-plus/notepad-plus-plus/releases/download/v8/npp.8.0.portable.arm64.zip
8,github,arm64,npp.8.0.portable.arm64.zip,localization/portuguese.xml,portuguese.xml,,100365,2021-05-15T20:55:04.880776+00:00,2d2c36472c5955a538d16e06b4699019,dfcb8464f050ca69fabc20f51f5c58e2632ff80d,f60a2e5601b1b64623dd10e96b588629e699a3bada4186c6bc2f6758ce7631c5,N/A,N/A,,https://github.com/notepad-plus-plus/notepad-plus-plus/releases/download/v8/npp.8.0.portable.arm64.zip
8,github,arm64,npp.8.0.portable.arm64.zip,functionList/powershell.xml,powershell.xml,,1381,2020-10-27T03:29:08.997994+00:00,9fe2a57fb28e8e3ccf4d3a2a090a7b4d,741f540c8176cb891750c9ef0b6c66bca7ca78f0,9d6ee11f048b734a4edf01acda39d1390b0e1e88756919991c242073723b9c21,N/A,N/A,,https://github.com/notepad-plus-plus/notepad-plus-plus/releases/download/v8/npp.8.0.portable.arm64.zip
8,github,arm64,npp.8.0.portable.arm64.zip,localization/punjabi.xml,punjabi.xml,,70605,2021-05-15T20:55:04.883456+00:00,1905fd189d8c02f33034d9dd90704d9a,c33d3d09572ff573581fb4a1f0bb93bb9bb00669,01717885246eefec6c975cfa267451d5afcf9ae859497c52dff18387e002cea0,N/A,N/A,,https://github.com/notepad-plus-plus/notepad-plus-plus/releases/download/v8/npp.8.0.portable.arm64.zip
8,github,arm64,npp.8.0.portable.arm64.zip,functionList/python.xml,python.xml,,1093,2021-05-14T11:01:03.829779+00:00,ca9b2edacad7a768f1c3b6f318d7a5cc,41db40877fa4e4216cb5335a6a3f721793aafcbe,1810b378b0fd5ac2d876f3ebe0025b2843a5832ad4d283ca9a7c1986fe8c01ef,N/A,N/A,,https://github.com/notepad-plus-plus/notepad-plus-plus/releases/download/v8/npp.8.0.portable.arm64.zip
8,github,arm64,npp.8.0.portable.arm64.zip,autoCompletion/python.xml,python.xml,,61578,2021-02-06T02:57:44.552352+00:00,fa2cfe74e8d1f0ce494ff3f01d55ea68,6891483f0a2da2fb0bf80f457a8f620b08c43498,23add5af4a1c87485d4886419021f8842b2da6b44962b024c0bd83b3b782b380,N/A,N/A,,https://github.com/notepad-plus-plus/notepad-plus-plus/releases/download/v8/npp.8.0.portable.arm64.zip
8,github,arm64,npp.8.0.portable.arm64.zip,autoCompletion/rc.xml,rc.xml,,1635,2021-02-06T02:57:44.554066+00:00,893bb156418e493613201fb414699010,bddeee9258a1ba943d52199f552f2e2cba6a8f0b,cd8750aaaa3b70d9e9ce22232b8ac5f5c4e1e13c4261894a1d8e32c22ae8657e,N/A,N/A,,https://github.com/notepad-plus-plus/notepad-plus-plus/releases/download/v8/npp.8.0.portable.arm64.zip
8,github,arm64,npp.8.0.portable.arm64.zip,updater/README.md,README.md,,3668,2021-04-20T19:01:06.441307+00:00,39c8b4d040d72ab1e58a28fcef5e34f1,e1189c98c00d9a78fac3a2e3b643af966beb9108,af0df024d337916cee508a1b6771e3708fcd0eabf6972666e55f39d1d4f76e87,N/A,N/A,,https://github.com/notepad-plus-plus/notepad-plus-plus/releases/download/v8/npp.8.0.portable.arm64.zip
8,github,arm64,npp.8.0.portable.arm64.zip,readme.txt,readme.txt,,1526,2020-01-03T09:54:59.893544+00:00,11b0a85dcd7045352f71e46d83de6d7e,77b65e52e20a64441c01c57510dc3d60b33afa16,bc661498305746c6deacbee301522f7c283566a804184e290481d3b57af675b1,N/A,N/A,,https://github.com/notepad-plus-plus/notepad-plus-plus/releases/download/v8/npp.8.0.portable.arm64.zip
8,github,arm64,npp.8.0.portable.arm64.zip,localization/romanian.xml,romanian.xml,,78817,2021-05-15T20:55:04.886368+00:00,21213d3ce5057288c1b1d2822925c2f9,bb1f49d1adcf2512d05dfa7bd8dee9351e93141c,bab905124f754bf2ae111c4c0f04170c80343ed0219aa226b8274ae3b741f39c,N/A,N/A,,https://github.com/notepad-plus-plus/notepad-plus-plus/releases/download/v8/npp.8.0.portable.arm64.zip
8,github,arm64,npp.8.0.portable.arm64.zip,themes/Ruby Blue.xml,Ruby Blue.xml,,72674,2021-02-06T02:57:44.807669+00:00,2021c519ced04f915b871d0e23123098,9fa7269623f5d68aae153147df996023cc9f0b44,278a81d492add8d20373ad2690637c6572819d9f4f43a4a5f46e43b3bf21d3fc,N/A,N/A,,https://github.com/notepad-plus-plus/notepad-plus-plus/releases/download/v8/npp.8.0.portable.arm64.zip
8,github,arm64,npp.8.0.portable.arm64.zip,functionList/ruby.xml,ruby.xml,,1088,2020-10-27T03:29:08.998990+00:00,9b89093254088d0cce1e013f0df2ae97,67843fd332da121f5448f6158affa486bdd2e883,bffbebedccb4bfd8e849bb3b577eaf0bc821bd45be29905017e667034e5b25be,N/A,N/A,,https://github.com/notepad-plus-plus/notepad-plus-plus/releases/download/v8/npp.8.0.portable.arm64.zip
8,github,arm64,npp.8.0.portable.arm64.zip,localization/russian.xml,russian.xml,,103213,2021-06-03T12:28:23.804155+00:00,5e0c15a8a5b3a5b57d9a74163484aec6,321fa425ceb2f880ba3f7fb30f759ba154002bfb,3db4028c5233de69af2fa227ec11e7385daf4e5a6f3e6ab03bee17bb66e0c92c,N/A,N/A,,https://github.com/notepad-plus-plus/notepad-plus-plus/releases/download/v8/npp.8.0.portable.arm64.zip
8,github,arm64,npp.8.0.portable.arm64.zip,functionList/rust.xml,rust.xml,,1848,2021-04-17T16:47:53.733969+00:00,accc6038de578929af94649cadd88a14,bbfe66bf9d36ea92ac437d466db1f36ae4f67a28,1571595dee56cf2b6b2e39f2108db82cd2e8faf15c1d15bba2fdf34770bcda7f,N/A,N/A,,https://github.com/notepad-plus-plus/notepad-plus-plus/releases/download/v8/npp.8.0.portable.arm64.zip
8,github,arm64,npp.8.0.portable.arm64.zip,localization/samogitian.xml,samogitian.xml,,10160,2016-12-26T22:10:44.114584+00:00,ebba131558f344afe63e1c5718d0f7ad,65ba510db37a5d8ef74d1c77ede30fa9cccad299,75eca9974de1fca41651975a92f374660e1a7c273a3d1dab0ef6dd573230878b,N/A,N/A,,https://github.com/notepad-plus-plus/notepad-plus-plus/releases/download/v8/npp.8.0.portable.arm64.zip
8,github,arm64,npp.8.0.portable.arm64.zip,localization/sardinian.xml,sardinian.xml,,40982,2017-08-20T17:40:41.271018+00:00,064889342004d04b1de62578aa733216,30b21b176b1c031ec472d45ccad41eba239efc52,0169ebd43b3cec4a4f3b0143a2af6f07ec9bf73cb04882a3d4507f01931c08de,N/A,N/A,,https://github.com/notepad-plus-plus/notepad-plus-plus/releases/download/v8/npp.8.0.portable.arm64.zip
8,github,arm64,npp.8.0.portable.arm64.zip,localization/serbian.xml,serbian.xml,,24098,2016-12-26T22:10:44.125648+00:00,174e7dc367ff1c213432b891f11d25bb,e199d3a723bcbb176e9f79969f502658efab0ac7,1a07c6a9c2639fa12bb000f599498ddf84827449afbb7952f4bdc4cf526c2117,N/A,N/A,,https://github.com/notepad-plus-plus/notepad-plus-plus/releases/download/v8/npp.8.0.portable.arm64.zip
8,github,arm64,npp.8.0.portable.arm64.zip,localization/serbianCyrillic.xml,serbianCyrillic.xml,,47833,2017-08-20T17:40:41.289358+00:00,e6c94316e6d065533305b94e7d5af2bc,3b6f4b424d7321bae1d643bef50ee952d7990ddd,289d7cdd9d9af5b2992e3b0ac38022f91e3d9dc0051e40733983e26e2ddcf594,N/A,N/A,,https://github.com/notepad-plus-plus/notepad-plus-plus/releases/download/v8/npp.8.0.portable.arm64.zip
8,github,arm64,npp.8.0.portable.arm64.zip,shortcuts.xml,shortcuts.xml,,965,2021-04-17T16:47:53.837693+00:00,96c510e0fa8b730ce0fe3dfb1a52aa51,0654a46879eccb4062480c98ff3e00b0f8565ba0,9b0e941dc478fc68d046727f5f8e426cd7e8af91b4fa45882ee9e36b4bb11ee1,N/A,N/A,,https://github.com/notepad-plus-plus/notepad-plus-plus/releases/download/v8/npp.8.0.portable.arm64.zip
8,github,arm64,npp.8.0.portable.arm64.zip,localization/sinhala.xml,sinhala.xml,,56893,2017-08-20T17:40:41.304229+00:00,9986ce0334af5335ae8c7e5a3cbc818b,384de56d2af7c4941c266bfba7d69518b2b1879d,a8b55a8115a50bd3b7b07c359c49fe7da48a5acf1dacc2c0e3708f6f48636fd6,N/A,N/A,,https://github.com/notepad-plus-plus/notepad-plus-plus/releases/download/v8/npp.8.0.portable.arm64.zip
8,github,arm64,npp.8.0.portable.arm64.zip,functionList/sinumerik.xml,sinumerik.xml,,1003,2020-10-27T03:29:08.999988+00:00,16e39474342d0cc1d3a189fad83d5721,726e75d326099b405da6d6b266f4b9c55f7c51f9,db3ac1fd3d65df45d805adb8dfe0c5209db07ef93406db17dfb783dd8048720a,N/A,N/A,,https://github.com/notepad-plus-plus/notepad-plus-plus/releases/download/v8/npp.8.0.portable.arm64.zip
8,github,arm64,npp.8.0.portable.arm64.zip,localization/slovak.xml,slovak.xml,,97546,2021-06-03T12:28:23.808144+00:00,71700345a1ed0e45faa9a8dc2c48fc18,9c55db9704eed914d06bd81f3fd573f9947b804b,3b1d95c064dcb365950e2a0fa4f4365754d33b47c56a610fede2623e59e3114d,N/A,N/A,,https://github.com/notepad-plus-plus/notepad-plus-plus/releases/download/v8/npp.8.0.portable.arm64.zip
8,github,arm64,npp.8.0.portable.arm64.zip,localization/slovenian.xml,slovenian.xml,,86657,2021-05-15T20:55:04.898336+00:00,5c7e591e50ef318e985ff4e784ab8804,86f7ab0bd71b9ef382c7085a4f560fabc9742e04,fcb93cc76e40be9bba30113878f57efe57c0cf47e5f45eaf3357bd9d8551be77,N/A,N/A,,https://github.com/notepad-plus-plus/notepad-plus-plus/releases/download/v8/npp.8.0.portable.arm64.zip
8,github,arm64,npp.8.0.portable.arm64.zip,themes/Solarized-light.xml,Solarized-light.xml,,108819,2021-02-06T02:57:44.809440+00:00,5d4a5b2caa72c57c4268dc7d5e4b8a1d,5f2b74ad78bbaf995b3173b309b0a04b5cdedfc1,3510be48e8f004629d98e4085af77e815e9ce228020ece432c0423a077b91639,N/A,N/A,,https://github.com/notepad-plus-plus/notepad-plus-plus/releases/download/v8/npp.8.0.portable.arm64.zip
8,github,arm64,npp.8.0.portable.arm64.zip,themes/Solarized.xml,Solarized.xml,,108807,2021-02-06T02:57:44.812374+00:00,2aad408551c64e1be6fd92f38596d039,cbac96b4f4662dac77fb796730de3ca715b7725f,b3f903b8b9ad0dd5a09a6340eabf070b1ed79bc782c6a53f1ac4546e71989aef,N/A,N/A,,https://github.com/notepad-plus-plus/notepad-plus-plus/releases/download/v8/npp.8.0.portable.arm64.zip
8,github,arm64,npp.8.0.portable.arm64.zip,localization/spanish.xml,spanish.xml,,75676,2021-06-03T12:28:23.810138+00:00,113190ae34b8ba2e21426f9fb866f955,13c0dd9639159fa2e09a6cd4c4ede04999efcd02,2ed36886d720851d26e6bad10b1a053e1f4e32527992b1897eb4a9916574686c,N/A,N/A,,https://github.com/notepad-plus-plus/notepad-plus-plus/releases/download/v8/npp.8.0.portable.arm64.zip
8,github,arm64,npp.8.0.portable.arm64.zip,localization/spanish_ar.xml,spanish_ar.xml,,45331,2020-01-12T13:43:01.472965+00:00,fc5b8b4d481eb2edf7f26f5ea25bdc90,7092229294413ea7caa01f77236a24190e5b63b1,e44e9075288f297faf80b80284f428c67431ab6840ca8685858a7f3dcb6e5867,N/A,N/A,,https://github.com/notepad-plus-plus/notepad-plus-plus/releases/download/v8/npp.8.0.portable.arm64.zip
8,github,arm64,npp.8.0.portable.arm64.zip,functionList/sql.xml,sql.xml,,1271,2020-10-27T03:29:09.000985+00:00,97cd588eb633538f3d3db2204009ba5f,552fdc1e6626afdcb7d8159babad81fb7fe902dd,a7109b8374dffa7a0cd69558990f7e96fea9ef61736d89043dad5a6694cdfa4a,N/A,N/A,,https://github.com/notepad-plus-plus/notepad-plus-plus/releases/download/v8/npp.8.0.portable.arm64.zip
8,github,arm64,npp.8.0.portable.arm64.zip,autoCompletion/sql.xml,sql.xml,,67945,2021-02-06T02:57:44.557060+00:00,fcfd333f5394896ba748f4628b4a1243,19df381ea7689270865352037e04eef344e9d9a4,1b18ca570694e7128d2751a5c7f46464d8ac167be58627a1fd61324284c15ea5,N/A,N/A,,https://github.com/notepad-plus-plus/notepad-plus-plus/releases/download/v8/npp.8.0.portable.arm64.zip
8,github,arm64,npp.8.0.portable.arm64.zip,stylers.model.xml,stylers.model.xml,,170495,2021-05-14T11:01:04.225339+00:00,eee84dd3565b5ba857d67a935ce4d689,3b37be60f25c27e03bd90e7decc7cde09977fd81,1180377902b86c7819807c91cfb32184a8d5dffef4285124555489ab020fe374,N/A,N/A,,https://github.com/notepad-plus-plus/notepad-plus-plus/releases/download/v8/npp.8.0.portable.arm64.zip
8,github,arm64,npp.8.0.portable.arm64.zip,localization/swedish.xml,swedish.xml,,63753,2021-05-15T20:55:04.904319+00:00,6f434872b133168c94769c1211721594,be4c9a42139ba7aba784b857a223efbae4ee1fcf,4a6ba1d443095cedab8100f6c317e6f64ce070a4825b9532d48520b205bdd911,N/A,N/A,,https://github.com/notepad-plus-plus/notepad-plus-plus/releases/download/v8/npp.8.0.portable.arm64.zip
8,github,arm64,npp.8.0.portable.arm64.zip,localization/tagalog.xml,tagalog.xml,,30395,2016-12-26T22:10:44.167583+00:00,04e3e27d9d635c6b23c8e40dcbbdd442,c66e2dc153c22a445dae0df2bdf3c1693b4ad03e,047c63c449c5e2a9a4f97637c741eb07e6ec034bc829d85c6565bb0292c1cd72,N/A,N/A,,https://github.com/notepad-plus-plus/notepad-plus-plus/releases/download/v8/npp.8.0.portable.arm64.zip
8,github,arm64,npp.8.0.portable.arm64.zip,localization/taiwaneseMandarin.xml,taiwaneseMandarin.xml,,89856,2021-05-15T20:55:04.907329+00:00,a7a23470da586c7fdaa456ac66c3de28,0e4ead85a9369d1613f375b98b360493ef6206ed,1b125d3476483f85ef2c77105d99e30be42b91612f02a417e7995a5043a8242a,N/A,N/A,,https://github.com/notepad-plus-plus/notepad-plus-plus/releases/download/v8/npp.8.0.portable.arm64.zip
8,github,arm64,npp.8.0.portable.arm64.zip,localization/tajikCyrillic.xml,tajikCyrillic.xml,,66798,2020-01-12T13:43:01.477953+00:00,dabc1ee04ad838b934e1c5ea8d58afa1,abefa1fb5f7fa046cc44aa3fb2c6e4a0fd138b00,b27be56e97ae352359d61c2ed039f7764e905bf48be9b78605a345d849236f02,N/A,N/A,,https://github.com/notepad-plus-plus/notepad-plus-plus/releases/download/v8/npp.8.0.portable.arm64.zip
8,github,arm64,npp.8.0.portable.arm64.zip,localization/tamil.xml,tamil.xml,,54196,2017-08-20T17:40:41.427488+00:00,abc0ae5ed0002512221d682263e41204,7a7533274855ceff9a604d6cd36192cc68f2c416,e23759fd6d60ef9728b620a1a8316fc049ccbf93445a91a1a85d27c4e25f3f15,N/A,N/A,,https://github.com/notepad-plus-plus/notepad-plus-plus/releases/download/v8/npp.8.0.portable.arm64.zip
8,github,arm64,npp.8.0.portable.arm64.zip,localization/tatar.xml,tatar.xml,,71436,2021-05-15T20:55:04.909307+00:00,b429b2a78e574f3cf91a8d81222755c6,b27619de11cca103a90255d8ed8efe9eb6ebdbe6,2947bbe32db521a19acf3bd201b40a084f5dc4950ff197e2c2e6b1df93779d6d,N/A,N/A,,https://github.com/notepad-plus-plus/notepad-plus-plus/releases/download/v8/npp.8.0.portable.arm64.zip
8,github,arm64,npp.8.0.portable.arm64.zip,localization/telugu.xml,telugu.xml,,53577,2017-08-20T17:40:41.456494+00:00,a8b6a302f3bda0eeae95e5214df33ec4,975e8e7ac8258c4f8c4050743debe980a9864e4f,82b4b16ee06e668e4ff30e71fcbf42623cf30dc14177c570a7ad1f47c0284e0c,N/A,N/A,,https://github.com/notepad-plus-plus/notepad-plus-plus/releases/download/v8/npp.8.0.portable.arm64.zip
8,github,arm64,npp.8.0.portable.arm64.zip,autoCompletion/tex.xml,tex.xml,,67864,2021-02-06T02:57:44.559058+00:00,40e183975f5e362d33ba5ffe3b5af3df,35a763370180060a8cf7e33f735c464212d7b6cc,c916f03b9dea3d64019907120d7d4efc925e86189327bcbb89969c57934e2c23,N/A,N/A,,https://github.com/notepad-plus-plus/notepad-plus-plus/releases/download/v8/npp.8.0.portable.arm64.zip
8,github,arm64,npp.8.0.portable.arm64.zip,localization/thai.xml,thai.xml,,41406,2017-08-20T17:40:41.469535+00:00,8d02b72cdcce6c5a4db56eebba394824,259babbea022717b773d10704f61fb285e800730,8ce450bcfd9b9617f4e0969ad4e201480b255d473cb1383c90761cc28cbd7ecc,N/A,N/A,,https://github.com/notepad-plus-plus/notepad-plus-plus/releases/download/v8/npp.8.0.portable.arm64.zip
8,github,arm64,npp.8.0.portable.arm64.zip,localization/turkish.xml,turkish.xml,,81253,2021-05-15T20:55:04.912534+00:00,30ab56b6dc752db71cf72184736f3931,75c3f535f745ce89c07234355ab006a6ab2782bc,fa1fb8280ee543fd32572b8cfe13079640b96162f9295f73edc1f57a865117e0,N/A,N/A,,https://github.com/notepad-plus-plus/notepad-plus-plus/releases/download/v8/npp.8.0.portable.arm64.zip
8,github,arm64,npp.8.0.portable.arm64.zip,themes/Twilight.xml,Twilight.xml,,91253,2021-02-06T02:57:44.814368+00:00,fb9d4ba33a19bea1ffd63fed5375b259,547986c56a06a95dc14e07e492584259e1ea90d0,6aa8ebc9ac8458ccc5239b173ce1f6a62537183cb7ca593b0caf9efd1a0efe64,N/A,N/A,,https://github.com/notepad-plus-plus/notepad-plus-plus/releases/download/v8/npp.8.0.portable.arm64.zip
8,github,arm64,npp.8.0.portable.arm64.zip,localization/ukrainian.xml,ukrainian.xml,,114224,2021-05-15T20:55:04.915810+00:00,99390ec66a753bad0725ea775bbbdfee,e562b723d1979e27b00ba832bded03930af11dc2,1c649fb8e8138157fb7cb7af1036db835c733955b875d0967e79d9e0edbf307d,N/A,N/A,,https://github.com/notepad-plus-plus/notepad-plus-plus/releases/download/v8/npp.8.0.portable.arm64.zip
8,github,arm64,npp.8.0.portable.arm64.zip,functionList/universe_basic.xml,universe_basic.xml,,2021,2020-10-27T03:29:09.000985+00:00,3d51afd290e62685d11376237ceac3c2,cddd77e442aba5ca65289a744d89826cde95e663,7c0719b9b312a531cf41cd08affacceef6de084619808238fec0f0247955f26e,N/A,N/A,,https://github.com/notepad-plus-plus/notepad-plus-plus/releases/download/v8/npp.8.0.portable.arm64.zip
8,github,arm64,npp.8.0.portable.arm64.zip,localization/urdu.xml,urdu.xml,,15657,2016-12-26T22:10:44.210970+00:00,cf965dfcf2257d8046c453ac36fcf65e,ac650afe9e15fec6e0e3e87bc999c2d9350ab461,0b685abaea6232f3e99d563f01613161251e51aba6a62d83cb306aa5f2d396d5,N/A,N/A,,https://github.com/notepad-plus-plus/notepad-plus-plus/releases/download/v8/npp.8.0.portable.arm64.zip
8,github,arm64,npp.8.0.portable.arm64.zip,localization/uyghur.xml,uyghur.xml,,47848,2018-01-28T21:48:40.466342+00:00,a5d2661cab9fae284200b5cd84496b41,fa6cfe413495f354ad0d72e9660f04ce05a6556d,f5d24a6c678b1b54539adeafd2bc2697738f44cea6c184fa442980f1440e5afd,N/A,N/A,,https://github.com/notepad-plus-plus/notepad-plus-plus/releases/download/v8/npp.8.0.portable.arm64.zip
8,github,arm64,npp.8.0.portable.arm64.zip,localization/uzbek.xml,uzbek.xml,,71000,2021-06-03T12:28:23.812133+00:00,e6f9d1634676bbf208eb05ee2072f90e,4cacf82980300547af7f037abc1034f91ab48dca,aaad527fed599a4b8a98abd7a8981ce30d4b4d066636d4b35b075a8b5df78c92,N/A,N/A,,https://github.com/notepad-plus-plus/notepad-plus-plus/releases/download/v8/npp.8.0.portable.arm64.zip
8,github,arm64,npp.8.0.portable.arm64.zip,localization/uzbekCyrillic.xml,uzbekCyrillic.xml,,35714,2017-08-20T17:40:41.544199+00:00,71b7ce4804f337f3d5c4fea4a0733691,f4446df6fbeb19c93869205750991261d3a1ac7b,380e17fd360658921ea937043e540b2af642a7307be691f5c58b825623b61a99,N/A,N/A,,https://github.com/notepad-plus-plus/notepad-plus-plus/releases/download/v8/npp.8.0.portable.arm64.zip
8,github,arm64,npp.8.0.portable.arm64.zip,autoCompletion/vb.xml,vb.xml,,17190,2021-02-06T02:57:44.562048+00:00,4849ca62e16d934b8bee6a140d1ec24c,ffc5e961341dd925439b89d66ab23d3b0e14eabf,53104b87f91458aac8c6709b74a7cd5f0367fc6f2280b98aaa495a59e1788551,N/A,N/A,,https://github.com/notepad-plus-plus/notepad-plus-plus/releases/download/v8/npp.8.0.portable.arm64.zip
8,github,arm64,npp.8.0.portable.arm64.zip,localization/venetian.xml,venetian.xml,,97026,2021-05-15T20:55:04.921275+00:00,f6b8ffdccd46df5c159162a78ae13bed,8a599c87a994827fe8d0ca694bec910653f5c13e,2b791d8393f76a96247eb188c9c8efd19bf99951bbcc568668eda5b10772c076,N/A,N/A,,https://github.com/notepad-plus-plus/notepad-plus-plus/releases/download/v8/npp.8.0.portable.arm64.zip
8,github,arm64,npp.8.0.portable.arm64.zip,functionList/vhdl.xml,vhdl.xml,,1623,2020-10-27T03:29:09.001983+00:00,7abb134780aaf79c527c734ddb51e245,a52feaff1dc159629691f4bed846cf79c8f8d945,558bbe6193a202dcb00cc441421f5d838764e495b8e4d2e10877db7f661b8cd5,N/A,N/A,,https://github.com/notepad-plus-plus/notepad-plus-plus/releases/download/v8/npp.8.0.portable.arm64.zip
8,github,arm64,npp.8.0.portable.arm64.zip,autoCompletion/vhdl.xml,vhdl.xml,,2625,2021-02-06T02:57:44.564038+00:00,dbe0170171f2f58def4fd929dc9b4717,4fb8388a73d2106d115984938168f551bcc4a475,dffaf09efd41b7eb9b74128585de649c627627b404fa1925acaa6c56709a3542,N/A,N/A,,https://github.com/notepad-plus-plus/notepad-plus-plus/releases/download/v8/npp.8.0.portable.arm64.zip
8,github,arm64,npp.8.0.portable.arm64.zip,themes/Vibrant Ink.xml,Vibrant Ink.xml,,89222,2021-02-06T02:57:44.816938+00:00,5363aacbf559cb2a1243f38452161bb2,66428feb8d928abdec91638ce90d710ce3f522d2,8a932268e27c3ec4bbb6a0a58b30f041509c0bca6b9358c33ebf3b68c9b12e0c,N/A,N/A,,https://github.com/notepad-plus-plus/notepad-plus-plus/releases/download/v8/npp.8.0.portable.arm64.zip
8,github,arm64,npp.8.0.portable.arm64.zip,localization/vietnamese.xml,vietnamese.xml,,52733,2020-05-31T09:57:18.913450+00:00,5d893adca521dc6cce0d116ea2f3b279,ecedee4cb5e0d7334562823fc383991bfd447555,623229da8948d4c17cf8f547b87f3164e2d6357a7f02272bb3ebec9955b8fb58,N/A,N/A,,https://github.com/notepad-plus-plus/notepad-plus-plus/releases/download/v8/npp.8.0.portable.arm64.zip
8,github,arm64,npp.8.0.portable.arm64.zip,themes/vim Dark Blue.xml,vim Dark Blue.xml,,89258,2021-02-06T02:57:44.823046+00:00,895f347aa9caa0f8c436726ec5cc3b55,e4e7a0cee02595bace00df198ad2ac59a9c5c899,6d15f700937d44c2c1270f825a951e1d4048886451dd3e824c67e7d0b187b7e5,N/A,N/A,,https://github.com/notepad-plus-plus/notepad-plus-plus/releases/download/v8/npp.8.0.portable.arm64.zip
8,github,arm64,npp.8.0.portable.arm64.zip,localization/welsh.xml,welsh.xml,,53261,2020-01-12T13:43:01.491914+00:00,d5583a9dc8b6e03efd573fa67faf6fba,f3fcca7a6bd12eaa24ac4e7d0af75ba2c1067a67,4ccc47461b2445831fd67efe003c934c340ee50c8341f5298d936f3772ef381a,N/A,N/A,,https://github.com/notepad-plus-plus/notepad-plus-plus/releases/download/v8/npp.8.0.portable.arm64.zip
8,github,arm64,npp.8.0.portable.arm64.zip,functionList/xml.xml,xml.xml,,2229,2020-10-27T03:29:09.002980+00:00,f898e5e36168ff0c5ff532c9bb068563,287f8fbd7a3b66a4cae7c29cc9a775fa3f2d52b5,5ac3e308c8bef5ed42463929a1be5f519f56a0785fd8c2aed6f85073cc5f98fc,N/A,N/A,,https://github.com/notepad-plus-plus/notepad-plus-plus/releases/download/v8/npp.8.0.portable.arm64.zip
8,github,arm64,npp.8.0.portable.arm64.zip,autoCompletion/xml.xml,xml.xml,,12017,2021-02-06T02:57:44.566036+00:00,6972b2c64653b9fb254ef65871140b29,f2d4825ab333405a241ef41d8b71fa23432675b3,1730bc85e1cd2652ea44d6da42114937fe9fed4527b5e0cb6e2a09f47e0da92e,N/A,N/A,,https://github.com/notepad-plus-plus/notepad-plus-plus/releases/download/v8/npp.8.0.portable.arm64.zip
8,github,arm64,npp.8.0.portable.arm64.zip,themes/Zenburn.xml,Zenburn.xml,,166735,2021-02-06T02:57:44.819434+00:00,6d0f68f607198d62173a10c50b77fc10,101744ea97b7964b3be7a6f6ba8bdce904bde364,6138ed0e4ca7b83f905baf574dfb9b0b59261e1146e21f55ac3c6e9d5cd90bf5,N/A,N/A,,https://github.com/notepad-plus-plus/notepad-plus-plus/releases/download/v8/npp.8.0.portable.arm64.zip
8,github,arm64,npp.8.0.portable.arm64.zip,localization/zulu.xml,zulu.xml,,72694,2021-05-15T20:55:04.924303+00:00,4a7511f801ade6a0c2736d2f5795314d,b4a20db2b3a0bbf001b9b81a14b7bb095516ee96,8cb15c28a7238178ed845c82b674702146217eea20f0f8af65e8134ee9ef0caf,N/A,N/A,,https://github.com/notepad-plus-plus/notepad-plus-plus/releases/download/v8/npp.8.0.portable.arm64.zip
8,github,x86,npp.8.0.portable.minimalist.7z,,npp.8.0.portable.minimalist.7z,,1526308,2021-12-07T19:40:05+00:00,57ba40636b6d4c08b231fe4b93628c0e,3708c93ebcd96ac0a3c14d9909612c2f17fa48a8,d8b9353af09149576d97cddc835764efe24006ffcb643d81adf4b7e28b2f5502,MATCH,MATCH,,https://github.com/notepad-plus-plus/notepad-plus-plus/releases/download/v8/npp.8.0.portable.minimalist.7z
8,github,x86,npp.8.0.portable.minimalist.7z,change.log,change.log,,2768,2021-06-06T16:35:50.293046+00:00,814064aa064d6af8dfa48710b537ee10,6f8dc91e9c7694ff5d22f1104cfa64b37587d3ad,5effb6e7d0dbee030da9cf7d9bf9ce00a18c02589eea7b51a6f6e744b2bbec2c,N/A,N/A,,https://github.com/notepad-plus-plus/notepad-plus-plus/releases/download/v8/npp.8.0.portable.minimalist.7z
8,github,x86,npp.8.0.portable.minimalist.7z,contextMenu.xml,contextMenu.xml,,3919,2021-04-17T16:47:53.824728+00:00,50ee50c8d2f16c8121ce788f5047b9d7,6443c68a786d0f4a8e0e318b2c76016878aee57c,e30c0bd332a1186c694fb84e0fdadbebb6aebf899ed40aa976b9f598273cc48d,N/A,N/A,,https://github.com/notepad-plus-plus/notepad-plus-plus/releases/download/v8/npp.8.0.portable.minimalist.7z
8,github,x86,npp.8.0.portable.minimalist.7z,themes/DarkModeDefault.xml,DarkModeDefault.xml,,166735,2021-05-14T11:01:03.884035+00:00,6d0f68f607198d62173a10c50b77fc10,101744ea97b7964b3be7a6f6ba8bdce904bde364,6138ed0e4ca7b83f905baf574dfb9b0b59261e1146e21f55ac3c6e9d5cd90bf5,N/A,N/A,,https://github.com/notepad-plus-plus/notepad-plus-plus/releases/download/v8/npp.8.0.portable.minimalist.7z
8,github,x86,npp.8.0.portable.minimalist.7z,doLocalConf.xml,doLocalConf.xml,,0,2017-08-16T07:23:53.663879+00:00,d41d8cd98f00b204e9800998ecf8427e,da39a3ee5e6b4b0d3255bfef95601890afd80709,e3b0c44298fc1c149afbf4c8996fb92427ae41e4649b934ca495991b7852b855,N/A,N/A,,https://github.com/notepad-plus-plus/notepad-plus-plus/releases/download/v8/npp.8.0.portable.minimalist.7z
8,github,x86,npp.8.0.portable.minimalist.7z,langs.model.xml,langs.model.xml,,344225,2021-05-14T11:01:04.218175+00:00,72f3f593344d5d253f98fbf01a85036c,f75313d2c4368c0ff69fe5c0a9adc8ba1cd12c7d,aea280f48f7882eb547817ea04e015d01d22ed32edccf146b7dc526c03f506a1,N/A,N/A,,https://github.com/notepad-plus-plus/notepad-plus-plus/releases/download/v8/npp.8.0.portable.minimalist.7z
8,github,x86,npp.8.0.portable.minimalist.7z,license.txt,license.txt,,35663,2021-02-06T02:57:44.460317+00:00,16871739f1c1b2e562f522a60e6c218f,151386821ad471892bf099ebf8197adeee1c4d29,afe980345a1e845fb7e372639205cc57e6902a2505c114dc1bcbcd56119f3413,N/A,N/A,,https://github.com/notepad-plus-plus/notepad-plus-plus/releases/download/v8/npp.8.0.portable.minimalist.7z
8,github,x86,npp.8.0.portable.minimalist.7z,userDefineLangs/markdown._preinstalled.udl.xml,markdown._preinstalled.udl.xml,,6046,2020-10-27T03:29:08.979044+00:00,c37d302c1b6884616d59477ba8e438ec,22cd67b23836777a1861d2c1d0663eee7eab1933,c5011367a4453096122fe72bb89f2940293cb61e973522ff140cdfe05227b1f3,N/A,N/A,,https://github.com/notepad-plus-plus/notepad-plus-plus/releases/download/v8/npp.8.0.portable.minimalist.7z
8,github,x86,npp.8.0.portable.minimalist.7z,notepad++.exe,notepad++.exe,,4840872,2021-06-06T16:48:33.036250+00:00,320ce832212a2f01138f88c729e8900e,f55d84fcf547ba95a0a27945c04f0af1b9b482d8,ca5b40aab27fec65573abe0853bdc47ac43efe05c78f7be51c2f8d3e8f9f1647,N/A,N/A,,https://github.com/notepad-plus-plus/notepad-plus-plus/releases/download/v8/npp.8.0.portable.minimalist.7z
8,github,x86,npp.8.0.portable.minimalist.7z,readme.txt,readme.txt,,1526,2020-01-03T09:54:59.893544+00:00,11b0a85dcd7045352f71e46d83de6d7e,77b65e52e20a64441c01c57510dc3d60b33afa16,bc661498305746c6deacbee301522f7c283566a804184e290481d3b57af675b1,N/A,N/A,,https://github.com/notepad-plus-plus/notepad-plus-plus/releases/download/v8/npp.8.0.portable.minimalist.7z
8,github,x86,npp.8.0.portable.minimalist.7z,shortcuts.xml,shortcuts.xml,,965,2021-04-17T16:47:53.837693+00:00,96c510e0fa8b730ce0fe3dfb1a52aa51,0654a46879eccb4062480c98ff3e00b0f8565ba0,9b0e941dc478fc68d046727f5f8e426cd7e8af91b4fa45882ee9e36b4bb11ee1,N/A,N/A,,https://github.com/notepad-plus-plus/notepad-plus-plus/releases/download/v8/npp.8.0.portable.minimalist.7z
8,github,x86,npp.8.0.portable.minimalist.7z,stylers.model.xml,stylers.model.xml,,170495,2021-05-14T11:01:04.225339+00:00,eee84dd3565b5ba857d67a935ce4d689,3b37be60f25c27e03bd90e7decc7cde09977fd81,1180377902b86c7819807c91cfb32184a8d5dffef4285124555489ab020fe374,N/A,N/A,,https://github.com/notepad-plus-plus/notepad-plus-plus/releases/download/v8/npp.8.0.portable.minimalist.7z
8,github,arm64,npp.8.0.portable.minimalist.arm64.7z,,npp.8.0.portable.minimalist.arm64.7z,,1649790,2021-12-07T19:40:06+00:00,b100bdb6eba483b2c77f64809705ad34,17078fbad48000a7c41c7497c240bb2f3c9a5b81,c402b79832d29c57f005788774b12434a952a805ee2c47cc9fb630d25abe57d5,MATCH,MATCH,,https://github.com/notepad-plus-plus/notepad-plus-plus/releases/download/v8/npp.8.0.portable.minimalist.arm64.7z
8,github,arm64,npp.8.0.portable.minimalist.arm64.7z,change.log,change.log,,2768,2021-06-06T16:35:50.293046+00:00,814064aa064d6af8dfa48710b537ee10,6f8dc91e9c7694ff5d22f1104cfa64b37587d3ad,5effb6e7d0dbee030da9cf7d9bf9ce00a18c02589eea7b51a6f6e744b2bbec2c,N/A,N/A,,https://github.com/notepad-plus-plus/notepad-plus-plus/releases/download/v8/npp.8.0.portable.minimalist.arm64.7z
8,github,arm64,npp.8.0.portable.minimalist.arm64.7z,contextMenu.xml,contextMenu.xml,,3919,2021-04-17T16:47:53.824728+00:00,50ee50c8d2f16c8121ce788f5047b9d7,6443c68a786d0f4a8e0e318b2c76016878aee57c,e30c0bd332a1186c694fb84e0fdadbebb6aebf899ed40aa976b9f598273cc48d,N/A,N/A,,https://github.com/notepad-plus-plus/notepad-plus-plus/releases/download/v8/npp.8.0.portable.minimalist.arm64.7z
8,github,arm64,npp.8.0.portable.minimalist.arm64.7z,themes/DarkModeDefault.xml,DarkModeDefault.xml,,166735,2021-05-14T11:01:03.884035+00:00,6d0f68f607198d62173a10c50b77fc10,101744ea97b7964b3be7a6f6ba8bdce904bde364,6138ed0e4ca7b83f905baf574dfb9b0b59261e1146e21f55ac3c6e9d5cd90bf5,N/A,N/A,,https://github.com/notepad-plus-plus/notepad-plus-plus/releases/download/v8/npp.8.0.portable.minimalist.arm64.7z
8,github,arm64,npp.8.0.portable.minimalist.arm64.7z,doLocalConf.xml,doLocalConf.xml,,0,2017-08-16T07:23:53.663879+00:00,d41d8cd98f00b204e9800998ecf8427e,da39a3ee5e6b4b0d3255bfef95601890afd80709,e3b0c44298fc1c149afbf4c8996fb92427ae41e4649b934ca495991b7852b855,N/A,N/A,,https://github.com/notepad-plus-plus/notepad-plus-plus/releases/download/v8/npp.8.0.portable.minimalist.arm64.7z
8,github,arm64,npp.8.0.portable.minimalist.arm64.7z,langs.model.xml,langs.model.xml,,344225,2021-05-14T11:01:04.218175+00:00,72f3f593344d5d253f98fbf01a85036c,f75313d2c4368c0ff69fe5c0a9adc8ba1cd12c7d,aea280f48f7882eb547817ea04e015d01d22ed32edccf146b7dc526c03f506a1,N/A,N/A,,https://github.com/notepad-plus-plus/notepad-plus-plus/releases/download/v8/npp.8.0.portable.minimalist.arm64.7z
8,github,arm64,npp.8.0.portable.minimalist.arm64.7z,license.txt,license.txt,,35663,2021-02-06T02:57:44.460317+00:00,16871739f1c1b2e562f522a60e6c218f,151386821ad471892bf099ebf8197adeee1c4d29,afe980345a1e845fb7e372639205cc57e6902a2505c114dc1bcbcd56119f3413,N/A,N/A,,https://github.com/notepad-plus-plus/notepad-plus-plus/releases/download/v8/npp.8.0.portable.minimalist.arm64.7z
8,github,arm64,npp.8.0.portable.minimalist.arm64.7z,userDefineLangs/markdown._preinstalled.udl.xml,markdown._preinstalled.udl.xml,,6046,2020-10-27T03:29:08.979044+00:00,c37d302c1b6884616d59477ba8e438ec,22cd67b23836777a1861d2c1d0663eee7eab1933,c5011367a4453096122fe72bb89f2940293cb61e973522ff140cdfe05227b1f3,N/A,N/A,,https://github.com/notepad-plus-plus/notepad-plus-plus/releases/download/v8/npp.8.0.portable.minimalist.arm64.7z
8,github,arm64,npp.8.0.portable.minimalist.arm64.7z,notepad++.exe,notepad++.exe,,5855656,2021-06-06T16:48:38.352306+00:00,f2b04391d2e5c31f1b1521f3a82d2e07,bf345e2936beb08077bacb8e8c93955b691a7dc0,c5af9172f5d8a280c62fb04369595b6fcc78534182719c2fc772d1d80a7e77e5,N/A,N/A,,https://github.com/notepad-plus-plus/notepad-plus-plus/releases/download/v8/npp.8.0.portable.minimalist.arm64.7z
8,github,arm64,npp.8.0.portable.minimalist.arm64.7z,readme.txt,readme.txt,,1526,2020-01-03T09:54:59.893544+00:00,11b0a85dcd7045352f71e46d83de6d7e,77b65e52e20a64441c01c57510dc3d60b33afa16,bc661498305746c6deacbee301522f7c283566a804184e290481d3b57af675b1,N/A,N/A,,https://github.com/notepad-plus-plus/notepad-plus-plus/releases/download/v8/npp.8.0.portable.minimalist.arm64.7z
8,github,arm64,npp.8.0.portable.minimalist.arm64.7z,shortcuts.xml,shortcuts.xml,,965,2021-04-17T16:47:53.837693+00:00,96c510e0fa8b730ce0fe3dfb1a52aa51,0654a46879eccb4062480c98ff3e00b0f8565ba0,9b0e941dc478fc68d046727f5f8e426cd7e8af91b4fa45882ee9e36b4bb11ee1,N/A,N/A,,https://github.com/notepad-plus-plus/notepad-plus-plus/releases/download/v8/npp.8.0.portable.minimalist.arm64.7z
8,github,arm64,npp.8.0.portable.minimalist.arm64.7z,stylers.model.xml,stylers.model.xml,,170495,2021-05-14T11:01:04.225339+00:00,eee84dd3565b5ba857d67a935ce4d689,3b37be60f25c27e03bd90e7decc7cde09977fd81,1180377902b86c7819807c91cfb32184a8d5dffef4285124555489ab020fe374,N/A,N/A,,https://github.com/notepad-plus-plus/notepad-plus-plus/releases/download/v8/npp.8.0.portable.minimalist.arm64.7z
8,github,x64,npp.8.0.portable.minimalist.x64.7z,,npp.8.0.portable.minimalist.x64.7z,,1769318,2021-12-07T19:40:05+00:00,03940e3674c0376657da507fee030ff9,6820e0e400bd825ab7b06f47e09ce5a3a2cc6619,88402b477fb91e8d78a5d17bd18471d87b19e8b768c8553ea223aa6839e9de51,MATCH,MATCH,,https://github.com/notepad-plus-plus/notepad-plus-plus/releases/download/v8/npp.8.0.portable.minimalist.x64.7z
8,github,x64,npp.8.0.portable.minimalist.x64.7z,change.log,change.log,,2768,2021-06-06T16:35:50.293046+00:00,814064aa064d6af8dfa48710b537ee10,6f8dc91e9c7694ff5d22f1104cfa64b37587d3ad,5effb6e7d0dbee030da9cf7d9bf9ce00a18c02589eea7b51a6f6e744b2bbec2c,N/A,N/A,,https://github.com/notepad-plus-plus/notepad-plus-plus/releases/download/v8/npp.8.0.portable.minimalist.x64.7z
8,github,x64,npp.8.0.portable.minimalist.x64.7z,contextMenu.xml,contextMenu.xml,,3919,2021-04-17T16:47:53.824728+00:00,50ee50c8d2f16c8121ce788f5047b9d7,6443c68a786d0f4a8e0e318b2c76016878aee57c,e30c0bd332a1186c694fb84e0fdadbebb6aebf899ed40aa976b9f598273cc48d,N/A,N/A,,https://github.com/notepad-plus-plus/notepad-plus-plus/releases/download/v8/npp.8.0.portable.minimalist.x64.7z
8,github,x64,npp.8.0.portable.minimalist.x64.7z,themes/DarkModeDefault.xml,DarkModeDefault.xml,,166735,2021-05-14T11:01:03.884035+00:00,6d0f68f607198d62173a10c50b77fc10,101744ea97b7964b3be7a6f6ba8bdce904bde364,6138ed0e4ca7b83f905baf574dfb9b0b59261e1146e21f55ac3c6e9d5cd90bf5,N/A,N/A,,https://github.com/notepad-plus-plus/notepad-plus-plus/releases/download/v8/npp.8.0.portable.minimalist.x64.7z
8,github,x64,npp.8.0.portable.minimalist.x64.7z,doLocalConf.xml,doLocalConf.xml,,0,2017-08-16T07:23:53.663879+00:00,d41d8cd98f00b204e9800998ecf8427e,da39a3ee5e6b4b0d3255bfef95601890afd80709,e3b0c44298fc1c149afbf4c8996fb92427ae41e4649b934ca495991b7852b855,N/A,N/A,,https://github.com/notepad-plus-plus/notepad-plus-plus/releases/download/v8/npp.8.0.portable.minimalist.x64.7z
8,github,x64,npp.8.0.portable.minimalist.x64.7z,langs.model.xml,langs.model.xml,,344225,2021-05-14T11:01:04.218175+00:00,72f3f593344d5d253f98fbf01a85036c,f75313d2c4368c0ff69fe5c0a9adc8ba1cd12c7d,aea280f48f7882eb547817ea04e015d01d22ed32edccf146b7dc526c03f506a1,N/A,N/A,,https://github.com/notepad-plus-plus/notepad-plus-plus/releases/download/v8/npp.8.0.portable.minimalist.x64.7z
8,github,x64,npp.8.0.portable.minimalist.x64.7z,license.txt,license.txt,,35663,2021-02-06T02:57:44.460317+00:00,16871739f1c1b2e562f522a60e6c218f,151386821ad471892bf099ebf8197adeee1c4d29,afe980345a1e845fb7e372639205cc57e6902a2505c114dc1bcbcd56119f3413,N/A,N/A,,https://github.com/notepad-plus-plus/notepad-plus-plus/releases/download/v8/npp.8.0.portable.minimalist.x64.7z
8,github,x64,npp.8.0.portable.minimalist.x64.7z,userDefineLangs/markdown._preinstalled.udl.xml,markdown._preinstalled.udl.xml,,6046,2020-10-27T03:29:08.979044+00:00,c37d302c1b6884616d59477ba8e438ec,22cd67b23836777a1861d2c1d0663eee7eab1933,c5011367a4453096122fe72bb89f2940293cb61e973522ff140cdfe05227b1f3,N/A,N/A,,https://github.com/notepad-plus-plus/notepad-plus-plus/releases/download/v8/npp.8.0.portable.minimalist.x64.7z
8,github,x64,npp.8.0.portable.minimalist.x64.7z,notepad++.exe,notepad++.exe,,5862824,2021-06-06T16:48:35.799543+00:00,ea366b780399d1d749290e8cff5fdef8,6fdf40a8302f6c50ed24db93508827af954ebb08,34151895989004218f36f3e97d85c7f52ac39db6f41f29819ca155e9107a8ba1,N/A,N/A,,https://github.com/notepad-plus-plus/notepad-plus-plus/releases/download/v8/npp.8.0.portable.minimalist.x64.7z
8,github,x64,npp.8.0.portable.minimalist.x64.7z,readme.txt,readme.txt,,1526,2020-01-03T09:54:59.893544+00:00,11b0a85dcd7045352f71e46d83de6d7e,77b65e52e20a64441c01c57510dc3d60b33afa16,bc661498305746c6deacbee301522f7c283566a804184e290481d3b57af675b1,N/A,N/A,,https://github.com/notepad-plus-plus/notepad-plus-plus/releases/download/v8/npp.8.0.portable.minimalist.x64.7z
8,github,x64,npp.8.0.portable.minimalist.x64.7z,shortcuts.xml,shortcuts.xml,,965,2021-04-17T16:47:53.837693+00:00,96c510e0fa8b730ce0fe3dfb1a52aa51,0654a46879eccb4062480c98ff3e00b0f8565ba0,9b0e941dc478fc68d046727f5f8e426cd7e8af91b4fa45882ee9e36b4bb11ee1,N/A,N/A,,https://github.com/notepad-plus-plus/notepad-plus-plus/releases/download/v8/npp.8.0.portable.minimalist.x64.7z
8,github,x64,npp.8.0.portable.minimalist.x64.7z,stylers.model.xml,stylers.model.xml,,170495,2021-05-14T11:01:04.225339+00:00,eee84dd3565b5ba857d67a935ce4d689,3b37be60f25c27e03bd90e7decc7cde09977fd81,1180377902b86c7819807c91cfb32184a8d5dffef4285124555489ab020fe374,N/A,N/A,,https://github.com/notepad-plus-plus/notepad-plus-plus/releases/download/v8/npp.8.0.portable.minimalist.x64.7z
8,github,x64,npp.8.0.portable.x64.7z,,npp.8.0.portable.x64.7z,,3313951,2021-12-07T19:40:11+00:00,446a9f18e3efcd7ac881b30ea9fda016,ab0a9c9c9fc59af3e352933f7eabe96e178a2ee3,94ba0868cd984b6c3d564684b1f13246244aad64201e534319160794ce5b583d,MATCH,MATCH,,https://github.com/notepad-plus-plus/notepad-plus-plus/releases/download/v8/npp.8.0.portable.x64.7z
8,github,x64,npp.8.0.portable.x64.7z,localization/abkhazian.xml,abkhazian.xml,,116298,2021-05-15T20:55:04.739889+00:00,d7284a21afc6b3aadeb8e3b8cfdfaa71,72e827d37f5fd4ed6e716cc52fe812b80c34480c,7276d593845db38db25907f62b119a1881fd0f2373d6a1982a3238e214e03eeb,N/A,N/A,,https://github.com/notepad-plus-plus/notepad-plus-plus/releases/download/v8/npp.8.0.portable.x64.7z
8,github,x64,npp.8.0.portable.x64.7z,autoCompletion/actionscript.xml,actionscript.xml,,20745,2021-02-06T02:57:44.489510+00:00,280f64b01191bf89b52c5bbbea1cc290,e01503c8ef4155bde9c89e3e2a21f8437872c4eb,f1fb320fd456938afc0bc852765e393837bcea53bd514838419801bef8436b9e,N/A,N/A,,https://github.com/notepad-plus-plus/notepad-plus-plus/releases/download/v8/npp.8.0.portable.x64.7z
8,github,x64,npp.8.0.portable.x64.7z,functionList/ada.xml,ada.xml,,3584,2021-04-17T16:47:53.731974+00:00,c7f9fc66e6b1fef3e9f8a37552314bae,82d91e37882d509eee2abcb45d825bbd95829b47,dab30f330f8c5a2db0dfe27e5d8f2d1666b067be35612984b344575a49f50668,N/A,N/A,,https://github.com/notepad-plus-plus/notepad-plus-plus/releases/download/v8/npp.8.0.portable.x64.7z
8,github,x64,npp.8.0.portable.x64.7z,localization/afrikaans.xml,afrikaans.xml,,29077,2016-12-26T22:10:43.769673+00:00,c2f475cc2b49d3aee490c9059529744a,621e81e87c6c8d45a6be6bc69108d8ab13e2d5a6,5d285d98f8891bcf73a770fde00c3215062842224b81c4e70537569712f84570,N/A,N/A,,https://github.com/notepad-plus-plus/notepad-plus-plus/releases/download/v8/npp.8.0.portable.x64.7z
8,github,x64,npp.8.0.portable.x64.7z,localization/albanian.xml,albanian.xml,,57197,2020-01-12T13:43:01.358273+00:00,a648520876f8b3c30a627352c7c52f8a,7fa1240eff3f8ea60d114542fda008a72b845b19,e81fdc20f6a768db14474338d56be5efb863ab53c3013efb325a61e08bc5f452,N/A,N/A,,https://github.com/notepad-plus-plus/notepad-plus-plus/releases/download/v8/npp.8.0.portable.x64.7z
8,github,x64,npp.8.0.portable.x64.7z,localization/arabic.xml,arabic.xml,,91820,2021-05-15T20:55:04.767686+00:00,6e2a96709f8c5893b20f03e98a21ef61,9dd8f5536a706b4c1816f61ae70bc357597b8fc7,ace7ec47795186bca4cbd83873d7c6957bf01cd98dac5325837b2fd05d3b08e9,N/A,N/A,,https://github.com/notepad-plus-plus/notepad-plus-plus/releases/download/v8/npp.8.0.portable.x64.7z
8,github,x64,npp.8.0.portable.x64.7z,localization/aragonese.xml,aragonese.xml,,49810,2020-01-12T13:43:01.363258+00:00,00312582b79ab1f5a35f8a42f9ed211d,55b8efdfbb1c6d735b8adbeb4a727464c4954ab7,5d6a821703377bb9b49594713d6d3c33f1d78263aa055fcd34c8fa3705041d1e,N/A,N/A,,https://github.com/notepad-plus-plus/notepad-plus-plus/releases/download/v8/npp.8.0.portable.x64.7z
8,github,x64,npp.8.0.portable.x64.7z,localization/aranese.xml,aranese.xml,,20821,2016-12-26T22:10:43.795718+00:00,333a18acb93ba083e86679c065b69d15,cb874355fb8e495a2b0b0dcf8868df287ec6a342,de5da809aa6e44c4e6a01c3b5fb7da5a66d9683cb905416f3fcff2ed413ea7c6,N/A,N/A,,https://github.com/notepad-plus-plus/notepad-plus-plus/releases/download/v8/npp.8.0.portable.x64.7z
8,github,x64,npp.8.0.portable.x64.7z,functionList/asm.xml,asm.xml,,1349,2020-10-27T03:29:08.983033+00:00,2c5f4897d7f169e06aea28310c8ab9ec,edfd3f6faf838194de9821efd0fe185ffb6be0f0,73526ddb1d23d595680badd6bd87f5dd82869606a7cf7e8707758d48d848257e,N/A,N/A,,https://github.com/notepad-plus-plus/notepad-plus-plus/releases/download/v8/npp.8.0.portable.x64.7z
8,github,x64,npp.8.0.portable.x64.7z,functionList/autoit.xml,autoit.xml,,1848,2020-10-27T03:29:08.984032+00:00,99a0630a10ab4ee883554dc6bd9e2d91,63c842ce0df36d51082b61c2c682abcfc9d98e67,32ae9531405ef3c59448fe6dbd3be435e726eb17f3ca0d16530a4c6317dea286,N/A,N/A,,https://github.com/notepad-plus-plus/notepad-plus-plus/releases/download/v8/npp.8.0.portable.x64.7z
8,github,x64,npp.8.0.portable.x64.7z,autoCompletion/autoit.xml,autoit.xml,,738716,2021-02-06T02:57:44.501208+00:00,986e806d09b5c0fff08c5d9eac33a237,22a0d9893cb6cf82598a698401de38df11389043,b15afd5149673e3d72fc8e99945197c86ad43113230dcd8bbc952a82e965e146,N/A,N/A,,https://github.com/notepad-plus-plus/notepad-plus-plus/releases/download/v8/npp.8.0.portable.x64.7z
8,github,x64,npp.8.0.portable.x64.7z,localization/azerbaijani.xml,azerbaijani.xml,,35482,2017-08-20T17:40:40.621097+00:00,8cd5c70b03ef9c48585c06fa149f9fcd,4fb0a331d184579444326c6910742ad4b0cbb5a1,d2e185e9c8b1e7d994dcb3b44748f1b499f18ca22a573f452a9b0d791344c448,N/A,N/A,,https://github.com/notepad-plus-plus/notepad-plus-plus/releases/download/v8/npp.8.0.portable.x64.7z
8,github,x64,npp.8.0.portable.x64.7z,functionList/baanc.xml,baanc.xml,,8513,2020-10-27T03:29:08.985028+00:00,0fce87843f5245bd9a4d5ddce156c7c4,cead1bad691b0d4722e05312ce752c4fefbdad1b,ec249b0dab6fda20cc24f0f25a504c55a05b23fb6cbb4938aa7a41df0c8744b6,N/A,N/A,,https://github.com/notepad-plus-plus/notepad-plus-plus/releases/download/v8/npp.8.0.portable.x64.7z
8,github,x64,npp.8.0.portable.x64.7z,autoCompletion/BaanC.xml,BaanC.xml,,18483,2021-02-06T02:57:44.487247+00:00,85c891742fcf58ae535b26ad948370a2,385e2c813c8d157627220f2bc92a5324c120859b,d408ed3caef21ebb64fb29d633e9ce5069454c1a792a09e2e24f83595d2743be,N/A,N/A,,https://github.com/notepad-plus-plus/notepad-plus-plus/releases/download/v8/npp.8.0.portable.x64.7z
8,github,x64,npp.8.0.portable.x64.7z,functionList/bash.xml,bash.xml,,2999,2020-10-27T03:29:08.986026+00:00,162ded022d600dcf4ba4b7e9ac6917a2,762291f4f4e66573811c8ef757a64bda8a4bba09,2ae1142b08d296c25000e451237ea919f981da28f6a723d39540f43f18bac762,N/A,N/A,,https://github.com/notepad-plus-plus/notepad-plus-plus/releases/download/v8/npp.8.0.portable.x64.7z
8,github,x64,npp.8.0.portable.x64.7z,localization/basque.xml,basque.xml,,98792,2021-05-15T20:55:04.770677+00:00,ac5ff123b4039a60744a74c33e1865cc,a0e5c9b572c5356bb5f0bb6a1d5e14378a54b299,5bb8bc10e2c89a62c850afbcdd7c0773d40f76f8069f466a27db2feff7e7d5e9,N/A,N/A,,https://github.com/notepad-plus-plus/notepad-plus-plus/releases/download/v8/npp.8.0.portable.x64.7z
8,github,x64,npp.8.0.portable.x64.7z,functionList/batch.xml,batch.xml,,1930,2020-10-27T03:29:08.986026+00:00,0ba94312e694ba6ddb313095678b7159,0faa0cf4df8a9569252e37de821a3e45a65f5c97,77eed9211cd8464482f0da3fac4c0f003c2b8a6d76f15445927e66400f102d60,N/A,N/A,,https://github.com/notepad-plus-plus/notepad-plus-plus/releases/download/v8/npp.8.0.portable.x64.7z
8,github,x64,npp.8.0.portable.x64.7z,autoCompletion/batch.xml,batch.xml,,3777,2021-02-06T02:57:44.503201+00:00,01e31d41e5cfb5d2b85c6aa0aabb0fff,6ffcbf31a35c8674536cc2a8a9de7d3f2d48ca38,c4025268b36bb02b2d25e5144d360f69cfc7dddcb3ac98cd2d588393b5cbd30d,N/A,N/A,,https://github.com/notepad-plus-plus/notepad-plus-plus/releases/download/v8/npp.8.0.portable.x64.7z
8,github,x64,npp.8.0.portable.x64.7z,localization/belarusian.xml,belarusian.xml,,101944,2021-05-15T20:55:04.773036+00:00,b1232e004b5d50a50187c013cf236917,77fe3395f3084184d574ad41dfd1cf139ca18c95,8858041d46786ef80ec3158a0c8c9f77f737e78460c7fb5b4fd869e4d88b31bc,N/A,N/A,,https://github.com/notepad-plus-plus/notepad-plus-plus/releases/download/v8/npp.8.0.portable.x64.7z
8,github,x64,npp.8.0.portable.x64.7z,localization/bengali.xml,bengali.xml,,69894,2020-05-31T09:57:18.863583+00:00,7fc3c507b1f1dfbd964eff8c990a7605,557b17f144cc2b4816bb2f65c8f27a999ec1f6a8,7906d96b6eee56ce202ac8f703205abf0a0407b32a148817c3b9fef52d44c4cd,N/A,N/A,,https://github.com/notepad-plus-plus/notepad-plus-plus/releases/download/v8/npp.8.0.portable.x64.7z
8,github,x64,npp.8.0.portable.x64.7z,themes/Bespin.xml,Bespin.xml,,92774,2021-02-06T02:57:44.779535+00:00,a8bbc446b637b4efd8040b075e187431,0fd14f515768cf7df5fd85f57edb316321c2ec2f,c477b0436a41c825e80ff8c44c285e3fecac985dbc36f048b8c62725d45e5d49,N/A,N/A,,https://github.com/notepad-plus-plus/notepad-plus-plus/releases/download/v8/npp.8.0.portable.x64.7z
8,github,x64,npp.8.0.portable.x64.7z,themes/Black board.xml,Black board.xml,,91140,2021-02-06T02:57:44.781552+00:00,478979176ab8517ae7e8fbeef68b4f2e,bda21a44ccfb998f6c4c87a619494bfa3a48e5e6,93319cfe003fac2ec858b2e8678016f6b88954692dc747348c3c248e9ab894ea,N/A,N/A,,https://github.com/notepad-plus-plus/notepad-plus-plus/releases/download/v8/npp.8.0.portable.x64.7z
8,github,x64,npp.8.0.portable.x64.7z,localization/bosnian.xml,bosnian.xml,,32084,2016-12-26T22:10:43.820980+00:00,6b036835ed9d1ee92cd9bd4c76f41bbd,faeb76f93f4228832c7cc952833c717f3614a38d,06ce39e85fc9acd72888da5871fae4d18aa2c5bb6a9fa0c9eca459cf0e949a63,N/A,N/A,,https://github.com/notepad-plus-plus/notepad-plus-plus/releases/download/v8/npp.8.0.portable.x64.7z
8,github,x64,npp.8.0.portable.x64.7z,localization/brazilian_portuguese.xml,brazilian_portuguese.xml,,81802,2021-05-15T20:55:04.775665+00:00,659037882ab4cf4f708da6d095aba6c3,cd4398e78f9d903ebada6ab463fdfe6500d05f83,9be5b81e42becb07994a8bc8696b15fb0736eaa8338a5864354ee6106d26cd13,N/A,N/A,,https://github.com/notepad-plus-plus/notepad-plus-plus/releases/download/v8/npp.8.0.portable.x64.7z
8,github,x64,npp.8.0.portable.x64.7z,localization/breton.xml,breton.xml,,82739,2021-05-15T20:55:04.779653+00:00,c732b3d6279c2539bfe78d664b250a1c,13f0318b3be76d56aa321bd9b14f5fe977dcbc3a,0cc61c777ab6e68149978f7e1c08fc33a780985676da705b0d5bcd57b335b369,N/A,N/A,,https://github.com/notepad-plus-plus/notepad-plus-plus/releases/download/v8/npp.8.0.portable.x64.7z
8,github,x64,npp.8.0.portable.x64.7z,localization/bulgarian.xml,bulgarian.xml,,110087,2021-06-03T12:28:23.788197+00:00,5c1d4d6eccb1b85815a38b7e8e8aa683,92f7fe794183e3819c59e0be6157946fd2ae69ae,5454a8d4604dd9394eb3c129958e926d4245ad70d7e764316fcce187123c1a0d,N/A,N/A,,https://github.com/notepad-plus-plus/notepad-plus-plus/releases/download/v8/npp.8.0.portable.x64.7z
8,github,x64,npp.8.0.portable.x64.7z,functionList/c.xml,c.xml,,4133,2020-10-27T03:29:08.987022+00:00,9aeb2c0dc00adaede0e06f24080f233e,b2fe11701a83da1b608b63b051b9073f4a194e4f,f3a7e5e59e883a3ef6c99967766a546d55dd7a767fadb9f4d433cedf0555e992,N/A,N/A,,https://github.com/notepad-plus-plus/notepad-plus-plus/releases/download/v8/npp.8.0.portable.x64.7z
8,github,x64,npp.8.0.portable.x64.7z,autoCompletion/c.xml,c.xml,,44386,2021-02-06T02:57:44.506196+00:00,2eaa4b8af356b86455f8aae63eb43340,e8224d0873a79c4e27ce96b739f0e154c9432287,35aadc7531e2332679c54306899a21fe3586b7203132cb5673b64915feb91bad,N/A,N/A,,https://github.com/notepad-plus-plus/notepad-plus-plus/releases/download/v8/npp.8.0.portable.x64.7z
8,github,x64,npp.8.0.portable.x64.7z,localization/catalan.xml,catalan.xml,,68727,2021-05-15T20:55:04.788629+00:00,fba5784c2fd64e9486a907e2e07fb5f8,48a5686529c7bd412b424627308fad87426f3d59,0aa431857ffa1d38cb6cc950a5f24d9cf4601b624fdb2181bddf8eb727e9fc38,N/A,N/A,,https://github.com/notepad-plus-plus/notepad-plus-plus/releases/download/v8/npp.8.0.portable.x64.7z
8,github,x64,npp.8.0.portable.x64.7z,change.log,change.log,,2768,2021-06-06T16:35:50.293046+00:00,814064aa064d6af8dfa48710b537ee10,6f8dc91e9c7694ff5d22f1104cfa64b37587d3ad,5effb6e7d0dbee030da9cf7d9bf9ce00a18c02589eea7b51a6f6e744b2bbec2c,N/A,N/A,,https://github.com/notepad-plus-plus/notepad-plus-plus/releases/download/v8/npp.8.0.portable.x64.7z
8,github,x64,npp.8.0.portable.x64.7z,localization/chineseSimplified.xml,chineseSimplified.xml,,90450,2021-05-15T20:55:04.791621+00:00,84c307638d72c60f077c852ff6fe7d16,b8c2b2ffa8fb6b29d42db5ad7968e1e0f8732c52,4043c5a87fb7f63c3282641974087b776680bdd47f92919898c0b88285e2114a,N/A,N/A,,https://github.com/notepad-plus-plus/notepad-plus-plus/releases/download/v8/npp.8.0.portable.x64.7z
8,github,x64,npp.8.0.portable.x64.7z,themes/Choco.xml,Choco.xml,,91451,2021-02-06T02:57:44.784149+00:00,1d779b0104ee9e33ea8c103d62296be4,7bf8e56a29bf58267bc3e6e196f9897392f75a27,9ad51dae67a78c04c5adc8fd4a94a0a4f54902e2448333ac3a79b2448c53d483,N/A,N/A,,https://github.com/notepad-plus-plus/notepad-plus-plus/releases/download/v8/npp.8.0.portable.x64.7z
8,github,x64,npp.8.0.portable.x64.7z,autoCompletion/cmake.xml,cmake.xml,,7884,2021-02-06T02:57:44.508188+00:00,4f983f57c1815f6b74ae78da2ea3c3ea,ccd8399d9f50bbe22e9b1f5e1b7b8fadc200f4f9,f902adc5faf041306b54d48914a5bc9c8d45057a4da431786aef451e2c39d1f7,N/A,N/A,,https://github.com/notepad-plus-plus/notepad-plus-plus/releases/download/v8/npp.8.0.portable.x64.7z
8,github,x64,npp.8.0.portable.x64.7z,functionList/cobol-free.xml,cobol-free.xml,,1772,2020-10-27T03:29:08.988020+00:00,0b82534cdd9ffec3e57d80ce95a49293,c07e6c127653b7d9604b3f53274d562d3084e19a,5639c845d56dedecd2cfdb082b734593b5d618a87f1bd8ec612a8b3f4245566a,N/A,N/A,,https://github.com/notepad-plus-plus/notepad-plus-plus/releases/download/v8/npp.8.0.portable.x64.7z
8,github,x64,npp.8.0.portable.x64.7z,functionList/cobol.xml,cobol.xml,,1368,2020-10-27T03:29:08.989017+00:00,42e52d6bcc674ecaca09feabf0c46dc2,fab3e864a8f51497e9febfe1c47c9058ddd7b137,057784451e3442f381f6a8af931a7050f88d19bda6bc939d37607532a353da1c,N/A,N/A,,https://github.com/notepad-plus-plus/notepad-plus-plus/releases/download/v8/npp.8.0.portable.x64.7z
8,github,x64,npp.8.0.portable.x64.7z,autoCompletion/cobol.xml,cobol.xml,,47435,2021-02-06T02:57:44.511181+00:00,14a6c0b65978315cd52c54c3fcf1e96a,a7a2e4a2e3a3671ae2d663f833ffe0f835391745,5b59b5e1a453df08761332ed75ba5abb027716911cf88fca0fe25985ceec2e17,N/A,N/A,,https://github.com/notepad-plus-plus/notepad-plus-plus/releases/download/v8/npp.8.0.portable.x64.7z
8,github,x64,npp.8.0.portable.x64.7z,autoCompletion/coffee.xml,coffee.xml,,1503,2021-02-06T02:57:44.513585+00:00,28e3f4b13cf33fbfe47e71611ee8d45e,820858ce39f6eacc44a141c23b457520294d1806,2fc2a95486f8f06adf471429cff3b55d0ec5d3797235692e1da558b558141c2a,N/A,N/A,,https://github.com/notepad-plus-plus/notepad-plus-plus/releases/download/v8/npp.8.0.portable.x64.7z
8,github,x64,npp.8.0.portable.x64.7z,config.xml,config.xml,,5107,2021-02-06T02:57:45.188626+00:00,464f9d5abaf898ea16459eb5a31a35c8,4c9e2f8849f5cc14b1f833ef9aa667fe6a027784,abdaddc1d7ba9f3ff443ba93088ff47af79534a5c33c235f47f94e1f01cfb331,N/A,N/A,,https://github.com/notepad-plus-plus/notepad-plus-plus/releases/download/v8/npp.8.0.portable.x64.7z
8,github,x64,npp.8.0.portable.x64.7z,contextMenu.xml,contextMenu.xml,,3919,2021-04-17T16:47:53.824728+00:00,50ee50c8d2f16c8121ce788f5047b9d7,6443c68a786d0f4a8e0e318b2c76016878aee57c,e30c0bd332a1186c694fb84e0fdadbebb6aebf899ed40aa976b9f598273cc48d,N/A,N/A,,https://github.com/notepad-plus-plus/notepad-plus-plus/releases/download/v8/npp.8.0.portable.x64.7z
8,github,x64,npp.8.0.portable.x64.7z,localization/corsican.xml,corsican.xml,,105603,2021-06-03T12:28:23.790192+00:00,17003eaadbc190c4e760db221485e103,016ebc2c1a56af6cf1fc6606b35dddc622f91573,83666868d025f0732242a1aeecc74d1e1c364748f64d0dad97579d4c8cf3073d,N/A,N/A,,https://github.com/notepad-plus-plus/notepad-plus-plus/releases/download/v8/npp.8.0.portable.x64.7z
8,github,x64,npp.8.0.portable.x64.7z,functionList/cpp.xml,cpp.xml,,18515,2020-10-27T03:29:08.990016+00:00,c794bb828625f83122e89b24bbc5f0c8,5b7d579ce72746284dcd1c71e7751cc32ae06c01,40cf1af5650b699a947899d2b43a00dcb64cdeaf080651c82a7930910c1c03f4,N/A,N/A,,https://github.com/notepad-plus-plus/notepad-plus-plus/releases/download/v8/npp.8.0.portable.x64.7z
8,github,x64,npp.8.0.portable.x64.7z,autoCompletion/cpp.xml,cpp.xml,,61526,2021-02-06T02:57:44.516168+00:00,96b467677841b3067cc07c63c687ba4e,1971ddd33d802ef77e45d7a858d1d5b32060f7a3,28add87d67b1b542bdeeeeb45ad1528c3f28e4e56c40367e869b717c5f44be49,N/A,N/A,,https://github.com/notepad-plus-plus/notepad-plus-plus/releases/download/v8/npp.8.0.portable.x64.7z
8,github,x64,npp.8.0.portable.x64.7z,localization/croatian.xml,croatian.xml,,100941,2021-05-15T20:55:04.796996+00:00,0170effc3d2bf62c66e4bece1bd9529e,2cc56763bcfc2b4838bd5518973e01db8599fe8a,74896b61dc983f88eaf73c8cd05ecf903c94e8bdfc96dd23ed385cb9a1f6901b,N/A,N/A,,https://github.com/notepad-plus-plus/notepad-plus-plus/releases/download/v8/npp.8.0.portable.x64.7z
8,github,x64,npp.8.0.portable.x64.7z,functionList/cs.xml,cs.xml,,1834,2020-10-27T03:29:08.991012+00:00,0f35ee0cb20a383942b7ea9a0dc91b61,2770947a577f53c16f25b36ba30e6f94fb0e8209,59345c006cd9bde5ef532aae1f119758d45030993181c272bb0dd6fc0c5d01e5,N/A,N/A,,https://github.com/notepad-plus-plus/notepad-plus-plus/releases/download/v8/npp.8.0.portable.x64.7z
8,github,x64,npp.8.0.portable.x64.7z,autoCompletion/cs.xml,cs.xml,,33861,2021-02-06T02:57:44.518721+00:00,ec8c58e0d38c66fb1a2bc3a3c6c296d8,ad050cfc75e9712109b72d1f23d67bd9a8959f8c,95251b18e87d571e4bfc11b130772447e09461d4f0788e820939da776176e0a4,N/A,N/A,,https://github.com/notepad-plus-plus/notepad-plus-plus/releases/download/v8/npp.8.0.portable.x64.7z
8,github,x64,npp.8.0.portable.x64.7z,autoCompletion/css.xml,css.xml,,11515,2021-02-06T02:57:44.521309+00:00,64dabdc0a5648e812e85753a9525644b,50876b7deb96c121fbde72ea94774c053ef5e457,1ce87ddfd55e689461791ce1f2373a38d73e57035725e9cc43d69d5a8ef43adf,N/A,N/A,,https://github.com/notepad-plus-plus/notepad-plus-plus/releases/download/v8/npp.8.0.portable.x64.7z
8,github,x64,npp.8.0.portable.x64.7z,localization/czech.xml,czech.xml,,88185,2021-05-14T11:01:03.845736+00:00,1b7e6c896ad37fd208157567d681ab37,f194f495caf291ba41232097cec25f7ff7ae8dbf,2f0ba49d44703d557bdcc468c4fa1293ea97a0db0034a914ca096f6c432cb8a5,N/A,N/A,,https://github.com/notepad-plus-plus/notepad-plus-plus/releases/download/v8/npp.8.0.portable.x64.7z
8,github,x64,npp.8.0.portable.x64.7z,localization/danish.xml,danish.xml,,86584,2021-05-15T20:55:04.799612+00:00,84c4f6e832fc062a6bbb768bf19e0ee5,44b0cf84e265851767172435267a73f7e05006e8,f2ba6833ad372ed0a7095da552a1ee4bb37b5c53362aa81e25905d3145a215a1,N/A,N/A,,https://github.com/notepad-plus-plus/notepad-plus-plus/releases/download/v8/npp.8.0.portable.x64.7z
8,github,x64,npp.8.0.portable.x64.7z,themes/DansLeRuSH-Dark.xml,DansLeRuSH-Dark.xml,,109871,2021-02-06T02:57:44.786444+00:00,52659d432fef1f94f29454165d4b251f,3ee91a1be14a545bc645ad945aaca4cac3043edb,9e4e8b753b943304d3885efc68c6cb4603c813c1aecbb8db967a7504b814a9d1,N/A,N/A,,https://github.com/notepad-plus-plus/notepad-plus-plus/releases/download/v8/npp.8.0.portable.x64.7z
8,github,x64,npp.8.0.portable.x64.7z,themes/DarkModeDefault.xml,DarkModeDefault.xml,,166735,2021-05-14T11:01:03.884035+00:00,6d0f68f607198d62173a10c50b77fc10,101744ea97b7964b3be7a6f6ba8bdce904bde364,6138ed0e4ca7b83f905baf574dfb9b0b59261e1146e21f55ac3c6e9d5cd90bf5,N/A,N/A,,https://github.com/notepad-plus-plus/notepad-plus-plus/releases/download/v8/npp.8.0.portable.x64.7z
8,github,x64,npp.8.0.portable.x64.7z,themes/Deep Black.xml,Deep Black.xml,,90076,2021-02-06T02:57:44.788439+00:00,02a33d4d0cb9c61f93dd4ea849ecb14f,5905769498ae32a32f5fdb1dcbf0fca97d7d3eca,4faac9346f9e190be23bc3a41c61178c34a8ab57b69099e8de79ca235b15323a,N/A,N/A,,https://github.com/notepad-plus-plus/notepad-plus-plus/releases/download/v8/npp.8.0.portable.x64.7z
8,github,x64,npp.8.0.portable.x64.7z,doLocalConf.xml,doLocalConf.xml,,0,2017-08-16T07:23:53.663879+00:00,d41d8cd98f00b204e9800998ecf8427e,da39a3ee5e6b4b0d3255bfef95601890afd80709,e3b0c44298fc1c149afbf4c8996fb92427ae41e4649b934ca495991b7852b855,N/A,N/A,,https://github.com/notepad-plus-plus/notepad-plus-plus/releases/download/v8/npp.8.0.portable.x64.7z
8,github,x64,npp.8.0.portable.x64.7z,localization/dutch.xml,dutch.xml,,98600,2021-06-03T12:28:23.793185+00:00,22314aedafb3f2e55fe5c807ac368a2e,f595b435da9adad5413e09f0fe2abe9dac41c013,c43bdd5fb163a068a675613ee1615dc672f4d99f6ad8d04dd73948b72ea34a56,N/A,N/A,,https://github.com/notepad-plus-plus/notepad-plus-plus/releases/download/v8/npp.8.0.portable.x64.7z
8,github,x64,npp.8.0.portable.x64.7z,localization/english.xml,english.xml,,93692,2021-06-03T12:28:23.795178+00:00,4721340135291457a8ee76eff22f1d4a,aec76bb4b2d5e89b225d798445567c4c384c7a18,db1620e8014233f6b90861f13574b739a7da9d3788d22df9d346279c64f23e26,N/A,N/A,,https://github.com/notepad-plus-plus/notepad-plus-plus/releases/download/v8/npp.8.0.portable.x64.7z
8,github,x64,npp.8.0.portable.x64.7z,localization/english_customizable.xml,english_customizable.xml,,93568,2021-05-18T20:13:43.938670+00:00,215b806e3b76d22d585cc3ac3edd524c,5ceabe197fc6da5755e3766a154aae4334b309c4,9fa9b5fa34a74d4475dc039f975ae0d879d32409f8be677bcf6f4b9d5866489d,N/A,N/A,,https://github.com/notepad-plus-plus/notepad-plus-plus/releases/download/v8/npp.8.0.portable.x64.7z
8,github,x64,npp.8.0.portable.x64.7z,localization/esperanto.xml,esperanto.xml,,48286,2020-01-12T13:43:01.405147+00:00,49f94b0b12fd87e9aae7e0a17509c5ad,c8356fc2299e08c7597b815fef66772e66cfe5cf,7a84d2e2472b2ad7786e1963af3616d2330a857a85af16615612042ec410547e,N/A,N/A,,https://github.com/notepad-plus-plus/notepad-plus-plus/releases/download/v8/npp.8.0.portable.x64.7z
8,github,x64,npp.8.0.portable.x64.7z,localization/estonian.xml,estonian.xml,,60643,2021-05-15T20:55:04.809574+00:00,b8d207d2af974a53df2757cd4977f01b,9025924fb7094192d254b0183269134dca7a5d11,d18a620ea786420f0e69c10df2d3981254a5edd29abcab674cf915e98a860801,N/A,N/A,,https://github.com/notepad-plus-plus/notepad-plus-plus/releases/download/v8/npp.8.0.portable.x64.7z
8,github,x64,npp.8.0.portable.x64.7z,localization/extremaduran.xml,extremaduran.xml,,25399,2016-12-26T22:10:43.910594+00:00,896b0f1f0854f3bcc23a80c99dcebd47,ee5d3a7de7503e18b2929d96dc164dd0671a841d,87e0372bfd2b84316adf2c7d3130fcf2415a96ec2c8bcd5da6f1a8a3a807c8d2,N/A,N/A,,https://github.com/notepad-plus-plus/notepad-plus-plus/releases/download/v8/npp.8.0.portable.x64.7z
8,github,x64,npp.8.0.portable.x64.7z,localization/farsi.xml,farsi.xml,,65703,2021-05-15T20:55:04.812649+00:00,44e17fd524df05d8720598b2879e386a,bae71fc18928a4815743c95ddff178be1219ebc5,e7111bd3f7700dca9828d4deb6a7f93d64845b43f4e754cd79ef8d47225f3037,N/A,N/A,,https://github.com/notepad-plus-plus/notepad-plus-plus/releases/download/v8/npp.8.0.portable.x64.7z
8,github,x64,npp.8.0.portable.x64.7z,localization/finnish.xml,finnish.xml,,69344,2021-05-15T20:55:04.816555+00:00,fa44a74f56351a8bd18b5e7a70c7ebf7,7b3d90ef7ef098c37840e7d59e9a94c619d2535a,085abe6341b90ceb7690d79032a1e0f3bd909c78227b9e197be2716fc9316e17,N/A,N/A,,https://github.com/notepad-plus-plus/notepad-plus-plus/releases/download/v8/npp.8.0.portable.x64.7z
8,github,x64,npp.8.0.portable.x64.7z,functionList/fortran.xml,fortran.xml,,1998,2021-04-17T16:47:53.731974+00:00,24efe929c0a64d0728082696eae24e47,8bb52b350a31b26750b5576196de4e1901580ec7,5b324fb16c96737c266d4fec05476017c8547e3f59a16bebcbac0086ed4ae14b,N/A,N/A,,https://github.com/notepad-plus-plus/notepad-plus-plus/releases/download/v8/npp.8.0.portable.x64.7z
8,github,x64,npp.8.0.portable.x64.7z,functionList/fortran77.xml,fortran77.xml,,1618,2021-04-17T16:47:53.732974+00:00,1ced186652b31449fa28912b79449e55,efa4be5ca2d47d70fc839b5cbbd6e313d5f31884,355a07e657b68f84494b95119c4bec782d27af25c6b396eb1bdf61b387c55bda,N/A,N/A,,https://github.com/notepad-plus-plus/notepad-plus-plus/releases/download/v8/npp.8.0.portable.x64.7z
8,github,x64,npp.8.0.portable.x64.7z,localization/french.xml,french.xml,,95436,2021-05-15T20:55:04.819547+00:00,70c7d3148ca91634d804be8c42a268ce,d016592f63be6590f303043d399f46c75ff644be,1794eba6af42ce807b6feda2099fca572fa48e23e8952f288d6975c3ef9f84a2,N/A,N/A,,https://github.com/notepad-plus-plus/notepad-plus-plus/releases/download/v8/npp.8.0.portable.x64.7z
8,github,x64,npp.8.0.portable.x64.7z,localization/friulian.xml,friulian.xml,,34362,2017-08-20T17:40:40.917620+00:00,6d4c069b4c4517f68657be1641bec299,cc5384f29594b19822a805f8d5888ff328e169a1,d4ffe0a2b5e35fede7e6244be9823e1e946c60db1635e6d3f753e6df938e4b3d,N/A,N/A,,https://github.com/notepad-plus-plus/notepad-plus-plus/releases/download/v8/npp.8.0.portable.x64.7z
8,github,x64,npp.8.0.portable.x64.7z,localization/galician.xml,galician.xml,,25339,2016-12-26T22:10:43.936632+00:00,191cc6b7ed37fad274f985d7329bd048,a8b7750901614323318923833a2fb7ac021e8c34,89a20e547d17b1006698cd35fbad772403033420808c8299206a8e299961d83e,N/A,N/A,,https://github.com/notepad-plus-plus/notepad-plus-plus/releases/download/v8/npp.8.0.portable.x64.7z
8,github,x64,npp.8.0.portable.x64.7z,localization/georgian.xml,georgian.xml,,60005,2017-08-20T17:40:40.935670+00:00,cada78594c9838103c479dbda55c9e05,7cdc3fd1b8a7ede96101badacf68281e3432bfbb,b319b96cb4eece88c0cf88b557ce56ce5abe85bdf0a6a1007b64310a708a6572,N/A,N/A,,https://github.com/notepad-plus-plus/notepad-plus-plus/releases/download/v8/npp.8.0.portable.x64.7z
8,github,x64,npp.8.0.portable.x64.7z,localization/german.xml,german.xml,,80514,2021-05-15T20:55:04.823862+00:00,1bb39c97049c23b0a69ec75e4c893f91,73e6f73490f08ec4abf60cc7918a71e86966dfab,8a526ffadf34c34cb6825d928505fc1c292df6110411c97599c0d391c5f679a1,N/A,N/A,,https://github.com/notepad-plus-plus/notepad-plus-plus/releases/download/v8/npp.8.0.portable.x64.7z
8,github,x64,npp.8.0.portable.x64.7z,localization/greek.xml,greek.xml,,104474,2021-06-03T12:28:23.797174+00:00,cf7abbe63252ec741479dee35774807b,80ea01bcf9f0e5bd69244b513ccb8f57f96e316c,9dbc07059f0037c5b114487b9a259d631589a37c70bf1bc6115405649429861c,N/A,N/A,,https://github.com/notepad-plus-plus/notepad-plus-plus/releases/download/v8/npp.8.0.portable.x64.7z
8,github,x64,npp.8.0.portable.x64.7z,localization/gujarati.xml,gujarati.xml,,69663,2020-05-31T09:57:18.882532+00:00,7fc20c4adbdc66c21775a870387769b2,34ee8fc4001645bdeab1427ed8f33a01d2d081ca,efcce0e0c6fe01a7d40cae0a239d85ec3c06e9a7c5dd9adc23825eae2dbf30b3,N/A,N/A,,https://github.com/notepad-plus-plus/notepad-plus-plus/releases/download/v8/npp.8.0.portable.x64.7z
8,github,x64,npp.8.0.portable.x64.7z,updater/GUP.exe,GUP.exe,,965032,2021-06-06T16:48:58.624627+00:00,e21024bb2fc6eef5414938e35d21bc36,80d1b8537c5ec714d855008e2dbbffec8c52a8bf,ff707a7580b52552b44102908e9e15e48cd7e129a03801cf710b4d5400b694d8,N/A,N/A,,https://github.com/notepad-plus-plus/notepad-plus-plus/releases/download/v8/npp.8.0.portable.x64.7z
8,github,x64,npp.8.0.portable.x64.7z,updater/gup.xml,gup.xml,,4267,2018-12-27T00:44:15.868335+00:00,b023cc4d768b34a5401f317479740a53,4ca45db707b120bca9cb6cd8404b9e6ecabdb2d2,d3e6404c7286961cbab82d4c49f82bcb166db9b5a13eacaa0eeb59a0709a0c14,N/A,N/A,,https://github.com/notepad-plus-plus/notepad-plus-plus/releases/download/v8/npp.8.0.portable.x64.7z
8,github,x64,npp.8.0.portable.x64.7z,functionList/haskell.xml,haskell.xml,,2475,2021-04-17T16:47:53.733969+00:00,39f92a5a4c65c9ebf93e23f517ec0ac9,0a87cae9a01c68f1c6b955d221e8bb975ff13fcd,e163c2dc738f1df1d4029ca9f2af7309da19e4ad4eefac1212bbba6fa0167ad4,N/A,N/A,,https://github.com/notepad-plus-plus/notepad-plus-plus/releases/download/v8/npp.8.0.portable.x64.7z
8,github,x64,npp.8.0.portable.x64.7z,localization/hebrew.xml,hebrew.xml,,22740,2018-12-09T18:22:22.918496+00:00,07c8ebe76b6352401c0e9c84956d727f,fb14d93db71d0d4b3f25c275fc57d615ce7446c4,58585868a8164b247c53ad3646076e3404a4fd854ee3632ca9841c1ba3d210d6,N/A,N/A,,https://github.com/notepad-plus-plus/notepad-plus-plus/releases/download/v8/npp.8.0.portable.x64.7z
8,github,x64,npp.8.0.portable.x64.7z,themes/Hello Kitty.xml,Hello Kitty.xml,,90003,2021-02-06T02:57:44.790562+00:00,440f1754c493214c970457fd8bb90601,fb6e530fa6180e0fb2be35574ce7f6666ee7b6cf,9e82a82618fe052bf5ce97752001b966da68d5599e6fba3031f2807de420f896,N/A,N/A,,https://github.com/notepad-plus-plus/notepad-plus-plus/releases/download/v8/npp.8.0.portable.x64.7z
8,github,x64,npp.8.0.portable.x64.7z,localization/hindi.xml,hindi.xml,,101926,2021-05-15T20:55:04.827692+00:00,b5857e80af0743018276e7a89b16f3c0,766f407f0f5cf20b8c1ec2fe225d6abaa7af323d,d25ed21d8a40215b31e762bc08e3133e11afd4df68d2f88894ba6f4805a1fe79,N/A,N/A,,https://github.com/notepad-plus-plus/notepad-plus-plus/releases/download/v8/npp.8.0.portable.x64.7z
8,github,x64,npp.8.0.portable.x64.7z,localization/hongKongCantonese.xml,hongKongCantonese.xml,,95770,2021-06-03T12:28:23.799167+00:00,e2fcc2bb0386d15273a4e9b944235f5f,80ffbf58fe441e88597a3d39fc5efdcbb453b255,a7e1f78de9519fddcac6fc4c38abf99f27ce17018353450bfe4b2dcd4c0fc8f2,N/A,N/A,,https://github.com/notepad-plus-plus/notepad-plus-plus/releases/download/v8/npp.8.0.portable.x64.7z
8,github,x64,npp.8.0.portable.x64.7z,themes/HotFudgeSundae.xml,HotFudgeSundae.xml,,110487,2021-02-06T02:57:44.792649+00:00,8af4695773d5de3e50564cc60afd5027,5db749e5d008fa8331186743c0d47ba907e6abe0,375d6c3818f17edbe41e0a14061f8f07941a617222f7bf6e44a5a0cdb58c9afe,N/A,N/A,,https://github.com/notepad-plus-plus/notepad-plus-plus/releases/download/v8/npp.8.0.portable.x64.7z
8,github,x64,npp.8.0.portable.x64.7z,autoCompletion/html.xml,html.xml,,19490,2021-02-06T02:57:44.523148+00:00,83f7d0f14d6cd73474f0f409950b354a,9e86874a1f691f71d977e2f3aeb77170439465f5,faceb73d447eb8354e84a6ae96b4e354375f2db795756f3003a430b3e2ea66e8,N/A,N/A,,https://github.com/notepad-plus-plus/notepad-plus-plus/releases/download/v8/npp.8.0.portable.x64.7z
8,github,x64,npp.8.0.portable.x64.7z,localization/hungarian.xml,hungarian.xml,,84326,2021-05-15T20:55:04.838498+00:00,ec20dc510d4eaf0b761dbcb6d23d1393,7766f85f04d4e73bd0a7c3ab93f5c9ce39a7988a,9bc7df9113a979b1161a48e85958ef677ad303f2868b602cf7eb5f90c3a349da,N/A,N/A,,https://github.com/notepad-plus-plus/notepad-plus-plus/releases/download/v8/npp.8.0.portable.x64.7z
8,github,x64,npp.8.0.portable.x64.7z,localization/indonesian.xml,indonesian.xml,,63989,2021-05-15T20:55:04.843483+00:00,53f2a422f3264a8c2538eb62954a59b6,f8dc1dae3612b6b10ce8709c61051413554eeb6b,ea9c8a7b44f8e3691799ae440ef4e1e7f19e770354a163b1236fb11e803015fa,N/A,N/A,,https://github.com/notepad-plus-plus/notepad-plus-plus/releases/download/v8/npp.8.0.portable.x64.7z
8,github,x64,npp.8.0.portable.x64.7z,functionList/ini.xml,ini.xml,,952,2020-10-27T03:29:08.992010+00:00,005c5fe001e12b5b0a7f8dee285d71fb,02a29fbbbfdf2166496021920e568b610395cd6e,11acf49eb9f3cb68fa7a3bb8568cef2eb0f125700c8edcbcd108b5810761770f,N/A,N/A,,https://github.com/notepad-plus-plus/notepad-plus-plus/releases/download/v8/npp.8.0.portable.x64.7z
8,github,x64,npp.8.0.portable.x64.7z,functionList/inno.xml,inno.xml,,4404,2020-10-27T03:29:08.992010+00:00,ab1e90d098b886e9f098d7c4c82efb9a,d74449a5b6b2a87d7e5564770edfb609df6806fd,0162159b64eb092f94964faf937f263fb9947b25d40e0d82bd3224d136a140de,N/A,N/A,,https://github.com/notepad-plus-plus/notepad-plus-plus/releases/download/v8/npp.8.0.portable.x64.7z
8,github,x64,npp.8.0.portable.x64.7z,localization/irish.xml,irish.xml,,85008,2021-05-15T20:55:04.850466+00:00,5a3eb4f9cab6ec3bec40d5a683d0fd6b,242d9a7f66c7ae8956d1697f2b34fdd1817488b2,55cb1860023e4182da505e1cffc4eb7d9efdf4062e0e1b2d6320b73abc366dc0,N/A,N/A,,https://github.com/notepad-plus-plus/notepad-plus-plus/releases/download/v8/npp.8.0.portable.x64.7z
8,github,x64,npp.8.0.portable.x64.7z,localization/italian.xml,italian.xml,,93636,2021-05-15T20:55:04.854454+00:00,2dee006fe24c72fa343b88c19b0fd384,d661da649c003d04c449537ac1c55892080d0c64,1dbd12b6ce20bef97864188ceee5f07f414f9c9a0b1d38c8a568825d30671176,N/A,N/A,,https://github.com/notepad-plus-plus/notepad-plus-plus/releases/download/v8/npp.8.0.portable.x64.7z
8,github,x64,npp.8.0.portable.x64.7z,localization/japanese.xml,japanese.xml,,102810,2021-06-03T12:28:23.800165+00:00,50910b5785eefb406d17fcbdd6e3f479,05dee50294a47062b937184fcb1cd94dbf434138,28d556f4bddb80c83bfc7fa7092590144158f27adba65fde99f261c214cf97ce,N/A,N/A,,https://github.com/notepad-plus-plus/notepad-plus-plus/releases/download/v8/npp.8.0.portable.x64.7z
8,github,x64,npp.8.0.portable.x64.7z,functionList/java.xml,java.xml,,9331,2020-10-27T03:29:08.993007+00:00,e5a76a3287909497f328b0f12cf5ce89,a432976d922c00717386fafc3290cf251c8e7182,2487221a75a52b4f8aa6d2e62f1c0a55a5cd5240b1cb7aafa66fbb2042590b06,N/A,N/A,,https://github.com/notepad-plus-plus/notepad-plus-plus/releases/download/v8/npp.8.0.portable.x64.7z
8,github,x64,npp.8.0.portable.x64.7z,autoCompletion/java.xml,java.xml,,205359,2021-02-06T02:57:44.528478+00:00,1ce78a369cff97a0aa6ada78bf65a6d3,d04ba700b097732f152899c998d53d9a9a857b70,18d4506cbd6c04e33b948b1824662efc432a89e83e18abffb78043a2121f5580,N/A,N/A,,https://github.com/notepad-plus-plus/notepad-plus-plus/releases/download/v8/npp.8.0.portable.x64.7z
8,github,x64,npp.8.0.portable.x64.7z,functionList/javascript.js.xml,javascript.js.xml,,1146,2020-10-27T03:29:08.994004+00:00,76bfe910efe1727e4afc3680cca62773,9e05e76ab53ee66aa26cfe6726db6e81c9a3bd62,7c68f28c6995f47dd77596bab28c6b4388ff93840c3becfd37733ddb640cd0cd,N/A,N/A,,https://github.com/notepad-plus-plus/notepad-plus-plus/releases/download/v8/npp.8.0.portable.x64.7z
8,github,x64,npp.8.0.portable.x64.7z,autoCompletion/javascript.xml,javascript.xml,,23348,2021-02-06T02:57:44.531126+00:00,c7cae93b5f9356400d166911bcd0717b,e5d3dc09f45d7ec6a88f9af28c7c9faf055ea804,6ee58a91cba2473554c9d20fb18ddb69b465f1e7bf2e9e1efe8e7b726bac327c,N/A,N/A,,https://github.com/notepad-plus-plus/notepad-plus-plus/releases/download/v8/npp.8.0.portable.x64.7z
8,github,x64,npp.8.0.portable.x64.7z,localization/kabyle.xml,kabyle.xml,,50323,2020-05-31T09:57:18.887519+00:00,1d46146ccf999ede311f951828181eac,f27e955e2f1b819b06bbe1e7e9ecc6b83c49bd23,56d9177dc22aa9945085510cb540000200896a46654f60ff27daa4f4e9bcf378,N/A,N/A,,https://github.com/notepad-plus-plus/notepad-plus-plus/releases/download/v8/npp.8.0.portable.x64.7z
8,github,x64,npp.8.0.portable.x64.7z,localization/kannada.xml,kannada.xml,,74455,2020-05-31T09:57:18.888516+00:00,9f704e219f869165d3779ad6a221e804,40277c057304e603bd74a6ab4c2deb62b5721c7c,d1bbee48ebe8378c0cd3b2dd96134134d7fbc6020fb68ff5689be62ac41d6464,N/A,N/A,,https://github.com/notepad-plus-plus/notepad-plus-plus/releases/download/v8/npp.8.0.portable.x64.7z
8,github,x64,npp.8.0.portable.x64.7z,localization/kazakh.xml,kazakh.xml,,33030,2021-03-18T18:28:21.391259+00:00,cef567a83b071655a30fe3d6841399fa,ac71543e6c69653a9ebdf0edacd32825b868842a,6db85b99cbf208c9ff4cba47ac175305f21f96ff101f5f0676d950d2cc9081c6,N/A,N/A,,https://github.com/notepad-plus-plus/notepad-plus-plus/releases/download/v8/npp.8.0.portable.x64.7z
8,github,x64,npp.8.0.portable.x64.7z,themes/khaki.xml,khaki.xml,,108169,2021-02-06T02:57:44.821349+00:00,ad1d0954bf9068c093d427c011f198de,a91148c968f34646046286af45ad86eb39cd78ab,9af962a4aa2271418881b9117ee61ba341984210c02c3a01e9ad4cc3089f6637,N/A,N/A,,https://github.com/notepad-plus-plus/notepad-plus-plus/releases/download/v8/npp.8.0.portable.x64.7z
8,github,x64,npp.8.0.portable.x64.7z,localization/korean.xml,korean.xml,,76912,2021-05-15T20:55:04.861434+00:00,9211b3e0720327ac0a6fe83fd98f38b5,00f66f51c56e370afcedb9522f5e971a5f066430,cf71d19990acd4985fe76ff45755eba060017e177aca63b5ff6c04957763b9fd,N/A,N/A,,https://github.com/notepad-plus-plus/notepad-plus-plus/releases/download/v8/npp.8.0.portable.x64.7z
8,github,x64,npp.8.0.portable.x64.7z,functionList/krl.xml,krl.xml,,3037,2020-10-27T03:29:08.994004+00:00,2b3193bd7b701acaab61a9b18a349ea5,56f8de4bd5ea8798f06ebd9ba6c8159cc66b287d,c158322bd963d2a68ffc878d72213a7394d8c16de72279771ffc924365eec0df,N/A,N/A,,https://github.com/notepad-plus-plus/notepad-plus-plus/releases/download/v8/npp.8.0.portable.x64.7z
8,github,x64,npp.8.0.portable.x64.7z,localization/kurdish.xml,kurdish.xml,,62678,2021-05-15T20:55:04.863663+00:00,b3fc582020bd8c75d7f982f4798bdbbd,29f3b1ca99deb40ad6def82608926321e87abbcb,43455f6b7e659e4c94ee144fc55e53036c844037cad82a074b5728a359203b89,N/A,N/A,,https://github.com/notepad-plus-plus/notepad-plus-plus/releases/download/v8/npp.8.0.portable.x64.7z
8,github,x64,npp.8.0.portable.x64.7z,localization/kyrgyz.xml,kyrgyz.xml,,38731,2017-08-20T17:40:41.099834+00:00,ad3a31d477ad1e09dc3f6911c1f50d1e,cefc20836cbc0e78eb0291948eadbdf09b21a838,4964c0b9f36b7fec44ec0805ba153d88293311cd703680719187cdaa68fbd090,N/A,N/A,,https://github.com/notepad-plus-plus/notepad-plus-plus/releases/download/v8/npp.8.0.portable.x64.7z
8,github,x64,npp.8.0.portable.x64.7z,langs.model.xml,langs.model.xml,,344225,2021-05-14T11:01:04.218175+00:00,72f3f593344d5d253f98fbf01a85036c,f75313d2c4368c0ff69fe5c0a9adc8ba1cd12c7d,aea280f48f7882eb547817ea04e015d01d22ed32edccf146b7dc526c03f506a1,N/A,N/A,,https://github.com/notepad-plus-plus/notepad-plus-plus/releases/download/v8/npp.8.0.portable.x64.7z
8,github,x64,npp.8.0.portable.x64.7z,localization/latvian.xml,latvian.xml,,46317,2020-01-12T13:43:01.442049+00:00,5bdd886ac6fcbe6d922b9616f86a729f,97b5ba6af3683e41457c89534909a20eee997809,fc76ab3cbfe4a96f02531236b7c0b16cf4749fbb2ac0f378149347ae625a3708,N/A,N/A,,https://github.com/notepad-plus-plus/notepad-plus-plus/releases/download/v8/npp.8.0.portable.x64.7z
8,github,x64,npp.8.0.portable.x64.7z,updater/libcurl.dll,libcurl.dll,,557992,2021-06-06T16:49:06.352365+00:00,559c143999457546b91e6de9cb6b91ee,41b8fdaf492e7ff37c94be6ccc96860cd5134d7d,7c6b6c08723b68ee8ae50812c988d3ed3579a8c3dcbe74e16a9213771be34d0d,N/A,N/A,,https://github.com/notepad-plus-plus/notepad-plus-plus/releases/download/v8/npp.8.0.portable.x64.7z
8,github,x64,npp.8.0.portable.x64.7z,updater/LICENSE,LICENSE,,7804,2018-12-27T00:44:16.015949+00:00,8e3494bf8cf1967afd3b1016fbbe5bb0,b1608abb6e19ef60f4b9c52f6e05bf81cc97d0c2,319917f5ccd09878db6f67c9a77dee846055644ca49eb535628b9e020a87261e,N/A,N/A,,https://github.com/notepad-plus-plus/notepad-plus-plus/releases/download/v8/npp.8.0.portable.x64.7z
8,github,x64,npp.8.0.portable.x64.7z,license.txt,license.txt,,35663,2021-02-06T02:57:44.460317+00:00,16871739f1c1b2e562f522a60e6c218f,151386821ad471892bf099ebf8197adeee1c4d29,afe980345a1e845fb7e372639205cc57e6902a2505c114dc1bcbcd56119f3413,N/A,N/A,,https://github.com/notepad-plus-plus/notepad-plus-plus/releases/download/v8/npp.8.0.portable.x64.7z
8,github,x64,npp.8.0.portable.x64.7z,localization/ligurian.xml,ligurian.xml,,34480,2017-08-20T17:40:41.121866+00:00,58a86031153e6bd8ae1ad5bf80fcc894,656cedf73e8d40797a43980fd1801f6501b036c4,5fad85ea1c785dca218106e2b409c20b3cb103e8cdc87c542aae5d630599c33b,N/A,N/A,,https://github.com/notepad-plus-plus/notepad-plus-plus/releases/download/v8/npp.8.0.portable.x64.7z
8,github,x64,npp.8.0.portable.x64.7z,autoCompletion/lisp.xml,lisp.xml,,17231,2021-02-06T02:57:44.533724+00:00,2342b76218146563f7cb762ff1a4c03d,9bd08e072b9f401edffb482ff22bcedb444f8165,7dee0ce72cf218da91221c2be184bd22ba16b120396aa1f209583fc9f62fd8bf,N/A,N/A,,https://github.com/notepad-plus-plus/notepad-plus-plus/releases/download/v8/npp.8.0.portable.x64.7z
8,github,x64,npp.8.0.portable.x64.7z,localization/lithuanian.xml,lithuanian.xml,,76720,2021-05-15T20:55:04.866791+00:00,f82686ed79384fec00f33ff98f993720,a841107e5066f87c5b78148b4d2caf8a255be8ab,55b4956b4764f734bcb7b8c62f7fb3ba601a0bf087dba66698fa1e174483bb79,N/A,N/A,,https://github.com/notepad-plus-plus/notepad-plus-plus/releases/download/v8/npp.8.0.portable.x64.7z
8,github,x64,npp.8.0.portable.x64.7z,autoCompletion/lua.xml,lua.xml,,90483,2021-02-06T02:57:44.537110+00:00,810918f09e228f768a037223b5dbc505,ee00f44a913591959cbbde9e8ae0b6871f81cd8a,370a055b1c3044a5ff045d8e6cfeca24e82bd0033a41b3d463e63b4d36b1e76a,N/A,N/A,,https://github.com/notepad-plus-plus/notepad-plus-plus/releases/download/v8/npp.8.0.portable.x64.7z
8,github,x64,npp.8.0.portable.x64.7z,localization/luxembourgish.xml,luxembourgish.xml,,25260,2017-08-20T17:40:41.142960+00:00,cc2d7d26c9d221def534845ec7453ddb,b40b675c5a5c10c8a393714f483aa515be4a5f8d,b73cb0703537af9d58c2e1f040f2e7f741199eef954d5e109eb301fc4498ffe0,N/A,N/A,,https://github.com/notepad-plus-plus/notepad-plus-plus/releases/download/v8/npp.8.0.portable.x64.7z
8,github,x64,npp.8.0.portable.x64.7z,localization/macedonian.xml,macedonian.xml,,36460,2016-12-26T22:10:44.046439+00:00,59f590ee75294f37ccb5ed1c7a441a11,7432c800018216193273b59666f26c4a81540ee6,59dbcc4618fa64eebd71808b16b4736b7af8855bef760aec3eb31c6f8f5f470e,N/A,N/A,,https://github.com/notepad-plus-plus/notepad-plus-plus/releases/download/v8/npp.8.0.portable.x64.7z
8,github,x64,npp.8.0.portable.x64.7z,localization/malay.xml,malay.xml,,19084,2016-12-26T22:10:44.052465+00:00,3158e10e8a9b3c0e84a770f5f11aaa1f,418a6c52704b6c832b80b36adbba45682725c76f,690416e418c9821bfe71805f76d9e18ee39fd092742d173cc9fe595268b131fa,N/A,N/A,,https://github.com/notepad-plus-plus/notepad-plus-plus/releases/download/v8/npp.8.0.portable.x64.7z
8,github,x64,npp.8.0.portable.x64.7z,localization/marathi.xml,marathi.xml,,48181,2019-06-01T16:07:32.531979+00:00,ce4757e3935343d472515cf9b936d7e4,c9ba81eb7b9f1ec2c0ac70e948846ba434d2ac7c,8b7545558bc73329f6caa27b5aa6203220d7a58ea3b37e9c346e636aaf70146c,N/A,N/A,,https://github.com/notepad-plus-plus/notepad-plus-plus/releases/download/v8/npp.8.0.portable.x64.7z
8,github,x64,npp.8.0.portable.x64.7z,userDefineLangs/markdown._preinstalled.udl.xml,markdown._preinstalled.udl.xml,,6046,2020-10-27T03:29:08.979044+00:00,c37d302c1b6884616d59477ba8e438ec,22cd67b23836777a1861d2c1d0663eee7eab1933,c5011367a4453096122fe72bb89f2940293cb61e973522ff140cdfe05227b1f3,N/A,N/A,,https://github.com/notepad-plus-plus/notepad-plus-plus/releases/download/v8/npp.8.0.portable.x64.7z
8,github,x64,npp.8.0.portable.x64.7z,plugins/mimeTools/mimeTools.dll,mimeTools.dll,,125352,2021-06-06T16:49:21.480330+00:00,d617fd64e1e56e831e27d379a6fc46df,6ce0b8ab207bc070748ba836bd0b7312f082f85b,fc0e61ad6b03b81f3126d3752da9bea57ea783974f35d9bda27f20144c4195c2,N/A,N/A,,https://github.com/notepad-plus-plus/notepad-plus-plus/releases/download/v8/npp.8.0.portable.x64.7z
8,github,x64,npp.8.0.portable.x64.7z,localization/mongolian.xml,mongolian.xml,,64376,2020-01-12T13:43:01.448031+00:00,edb56af0fd2e0c8390c7d8d62b080e0f,1a296725f590905e19544424d7fcd14a27f37305,0924a7c8f36e54675cab1c2fdde30fee8ef8c7b56159e1114b1611e994ccaa24,N/A,N/A,,https://github.com/notepad-plus-plus/notepad-plus-plus/releases/download/v8/npp.8.0.portable.x64.7z
8,github,x64,npp.8.0.portable.x64.7z,themes/Mono Industrial.xml,Mono Industrial.xml,,91448,2021-02-06T02:57:44.794422+00:00,1dd2f54e6454323863d70b6b5dcb1620,37f8ac2b7453d356171737d312e16db0e7494d12,4794862c291de42c75e594ce19e5df267b42ff06d2ef4b7bb2ebb61e949f93c8,N/A,N/A,,https://github.com/notepad-plus-plus/notepad-plus-plus/releases/download/v8/npp.8.0.portable.x64.7z
8,github,x64,npp.8.0.portable.x64.7z,themes/Monokai.xml,Monokai.xml,,92206,2021-02-06T02:57:44.796416+00:00,961a7b6c6d0f0cbfd47a56c6a17591a3,01d0c6b8cfa6211cfa6d9b572967da79b43654f8,4b09bf80ceeea1b311c428002ea881e991574ce28fe887f9f488c989c5b64912,N/A,N/A,,https://github.com/notepad-plus-plus/notepad-plus-plus/releases/download/v8/npp.8.0.portable.x64.7z
8,github,x64,npp.8.0.portable.x64.7z,themes/MossyLawn.xml,MossyLawn.xml,,108374,2021-02-06T02:57:44.798907+00:00,449a1374aabd1e800ac1fec9deba583e,a983c8c69487066a51f52d610be2b17fb9629001,73506506d2c79a30a63d5e11e77b7eeeb757220ea52ee99a7b79fa2803c0d684,N/A,N/A,,https://github.com/notepad-plus-plus/notepad-plus-plus/releases/download/v8/npp.8.0.portable.x64.7z
8,github,x64,npp.8.0.portable.x64.7z,themes/Navajo.xml,Navajo.xml,,108183,2021-02-06T02:57:44.801414+00:00,8846302b3208ea814a7c010fdf764604,e03e5ba9f5516fef84ec7b4f3f1b03108a80cdfc,92ee1ef1d8a353cda26017f576e5a966dd91790f0d2098a83572561909532813,N/A,N/A,,https://github.com/notepad-plus-plus/notepad-plus-plus/releases/download/v8/npp.8.0.portable.x64.7z
8,github,x64,npp.8.0.portable.x64.7z,localization/nepali.xml,nepali.xml,,123523,2021-05-15T20:55:04.869959+00:00,6dce93f6c2806a93aa09a6fd372e9257,bbf75dafcb98a1d0d78c4006ca288d8a0e48fa56,161097b077ac354b4bfa23397dcf3ed29790648b68dc660559c8e75e1be9b24a,N/A,N/A,,https://github.com/notepad-plus-plus/notepad-plus-plus/releases/download/v8/npp.8.0.portable.x64.7z
8,github,x64,npp.8.0.portable.x64.7z,localization/norwegian.xml,norwegian.xml,,27778,2016-12-26T22:10:44.066320+00:00,f5519b853316445aab668c1dfd480f87,0f7aab54733b22d514b36ea68e39b0fe215afcbc,bb9a79755d37d449acff570c20e78a9e0c58482414435cf0f493e15e6216fce3,N/A,N/A,,https://github.com/notepad-plus-plus/notepad-plus-plus/releases/download/v8/npp.8.0.portable.x64.7z
8,github,x64,npp.8.0.portable.x64.7z,notepad++.exe,notepad++.exe,,5862824,2021-06-06T16:48:35.799543+00:00,ea366b780399d1d749290e8cff5fdef8,6fdf40a8302f6c50ed24db93508827af954ebb08,34151895989004218f36f3e97d85c7f52ac39db6f41f29819ca155e9107a8ba1,N/A,N/A,,https://github.com/notepad-plus-plus/notepad-plus-plus/releases/download/v8/npp.8.0.portable.x64.7z
8,github,x64,npp.8.0.portable.x64.7z,plugins/NppConverter/NppConverter.dll,NppConverter.dll,,174504,2021-06-06T16:49:29.153949+00:00,6979b58d1c8bebe1b4f60c8b3a0c6025,14dd1083c8e6cff553c0ed4f3d1ff2ac4f5d3fe3,6c8d80124abc8d75a2dee78ad7e127091f8699034f95d8c9aed63560a65b5538,N/A,N/A,,https://github.com/notepad-plus-plus/notepad-plus-plus/releases/download/v8/npp.8.0.portable.x64.7z
8,github,x64,npp.8.0.portable.x64.7z,plugins/NppExport/NppExport.dll,NppExport.dll,,136104,2021-06-06T16:49:13.856948+00:00,dc59d641151063dfff9d393c9d1d7e2b,77edcb431123900584071ce3625cfbc058483bea,4e82e8add7b3f5bf55ec7163ca0ffc7ecc7fe5935f9e1eb250744705f595a00c,N/A,N/A,,https://github.com/notepad-plus-plus/notepad-plus-plus/releases/download/v8/npp.8.0.portable.x64.7z
8,github,x64,npp.8.0.portable.x64.7z,plugins/Config/nppPluginList.dll,nppPluginList.dll,,168872,2021-06-06T16:48:50.752632+00:00,f748ee7654119f34912866c0523db7c8,996e82ad888a365c7dd08001a898aa2ba635b6e3,a2c2a07b55d7ff31b7397ca87a4952fcd53069756caf3fad854c2b70d3ea2684,N/A,N/A,,https://github.com/notepad-plus-plus/notepad-plus-plus/releases/download/v8/npp.8.0.portable.x64.7z
8,github,x64,npp.8.0.portable.x64.7z,functionList/nsis.xml,nsis.xml,,7125,2020-10-27T03:29:08.995001+00:00,792c0b92f7949c0ec61b8b06a86c5a67,565e8cc8005eb923db47eb1685748c8934c77089,c13743567fcfc4fa77b66e79447edab2d1ecc97d4da32b655d92ae90968f2b0b,N/A,N/A,,https://github.com/notepad-plus-plus/notepad-plus-plus/releases/download/v8/npp.8.0.portable.x64.7z
8,github,x64,npp.8.0.portable.x64.7z,autoCompletion/nsis.xml,nsis.xml,,8176,2021-02-06T02:57:44.539397+00:00,c02485cf76125ce06988d536328ebe81,0bcd80a606c16c48e4ac0e21c489a8e1d46b1f58,98a294b1e45611821fac0bf98b15536efcbde57fb58c9effe46105aa68da24ec,N/A,N/A,,https://github.com/notepad-plus-plus/notepad-plus-plus/releases/download/v8/npp.8.0.portable.x64.7z
8,github,x64,npp.8.0.portable.x64.7z,localization/nynorsk.xml,nynorsk.xml,,41202,2017-08-20T17:40:41.189943+00:00,694867a6ade700da42a55da24da74200,d6115de129aa535bc83cce55e1c1ad5a001a5fac,319a9e846a610811fdf12b96bf352e4e07f2d7de5a6bec3000cebc1b1e21a1fe,N/A,N/A,,https://github.com/notepad-plus-plus/notepad-plus-plus/releases/download/v8/npp.8.0.portable.x64.7z
8,github,x64,npp.8.0.portable.x64.7z,themes/Obsidian.xml,Obsidian.xml,,95745,2021-03-08T18:04:41.299199+00:00,4a484addc53e83c94679cb83f75ffc10,7239dcca023f6d91bd409f1b0a56d4a5437c10ad,7f88d74ffa6eb2ad3bfb44a6f6c8ff1fa6809685e16778ed1746e4123b862564,N/A,N/A,,https://github.com/notepad-plus-plus/notepad-plus-plus/releases/download/v8/npp.8.0.portable.x64.7z
8,github,x64,npp.8.0.portable.x64.7z,localization/occitan.xml,occitan.xml,,60960,2021-05-15T20:55:04.872405+00:00,878f0c0a2d0e905cb830f3e31eecced7,9c9b4955076d093f9dab456c2b27e82cdba69f7c,d7d80445e9cfde2d5d2d9d9e435b43fc5cf30acf8850b453f826db41856af30a,N/A,N/A,,https://github.com/notepad-plus-plus/notepad-plus-plus/releases/download/v8/npp.8.0.portable.x64.7z
8,github,x64,npp.8.0.portable.x64.7z,functionList/overrideMap.xml,overrideMap.xml,,6371,2020-10-27T03:29:08.996000+00:00,28fccc2a6a7145574c006f7dcd8eb251,dd11264640842a112021e9228332219fb979e2dc,e7f8eae310e8ace3b3b0be3bb145ec8c2bbcaa66c9337218dc4cbef633374f95,N/A,N/A,,https://github.com/notepad-plus-plus/notepad-plus-plus/releases/download/v8/npp.8.0.portable.x64.7z
8,github,x64,npp.8.0.portable.x64.7z,functionList/perl.xml,perl.xml,,1505,2020-10-27T03:29:08.996000+00:00,c7ad8abe956fbcc3cab1bdb82f457729,8644c5344a3ce147add01d61a943fcd0bad099fb,6558013f984e594bb57534910ce0b17bfa15da3cc9bb4b6e0b5c6e4ddf9eb14e,N/A,N/A,,https://github.com/notepad-plus-plus/notepad-plus-plus/releases/download/v8/npp.8.0.portable.x64.7z
8,github,x64,npp.8.0.portable.x64.7z,autoCompletion/perl.xml,perl.xml,,58670,2021-02-06T02:57:44.542343+00:00,68a335d8c7f6bd14b91cfe3bb7e4fbe5,91bb6cc6593d51913e6e8eb1af9579a717769ea1,c75aee84bbdc39cfd3e5b9e8d400a34dea82a1e176ff094de1284824afa5c44a,N/A,N/A,,https://github.com/notepad-plus-plus/notepad-plus-plus/releases/download/v8/npp.8.0.portable.x64.7z
8,github,x64,npp.8.0.portable.x64.7z,functionList/php.xml,php.xml,,10000,2020-11-06T18:23:59.717391+00:00,09dd56ad26088b1fa609b8d201064450,1efc7cf7ddcf5c06e9291518fa0e073469075231,b5d149184a4e4a3ed8425e5ace844d784a4ed5a4e0004e959cf17f6267e80b40,N/A,N/A,,https://github.com/notepad-plus-plus/notepad-plus-plus/releases/download/v8/npp.8.0.portable.x64.7z
8,github,x64,npp.8.0.portable.x64.7z,autoCompletion/php.xml,php.xml,,427922,2021-02-06T02:57:44.549078+00:00,8bb0f6ddbf214fc5247efd6b809e43fa,5f44d91697d849162a5ddc00504fd9a2bbbe8a24,0bf118ba1b96f626eb4217bfc3f192bde2626d1616786daf484e2f3c35d7d706,N/A,N/A,,https://github.com/notepad-plus-plus/notepad-plus-plus/releases/download/v8/npp.8.0.portable.x64.7z
8,github,x64,npp.8.0.portable.x64.7z,localization/piglatin.xml,piglatin.xml,,79086,2021-05-15T20:55:04.874400+00:00,a81a96ae92a44fefd915ec642c0439d7,5af4d51746b51bc2a836e03850a183eabe9a7b28,ddd62f48fcf3b767b77b7bdd128158a038b521192e5eb34585eda41949bdeb1c,N/A,N/A,,https://github.com/notepad-plus-plus/notepad-plus-plus/releases/download/v8/npp.8.0.portable.x64.7z
8,github,x64,npp.8.0.portable.x64.7z,themes/Plastic Code Wrap.xml,Plastic Code Wrap.xml,,92942,2021-02-06T02:57:44.805393+00:00,29d48938e622822cd21e4b018801aa4e,ae8204dad93f5b32e263fafeb885b1ea971236f0,7c062a06399b1421bb24a710698098979958920dc14baaca2513d2523f2b8183,N/A,N/A,,https://github.com/notepad-plus-plus/notepad-plus-plus/releases/download/v8/npp.8.0.portable.x64.7z
8,github,x64,npp.8.0.portable.x64.7z,localization/polish.xml,polish.xml,,99405,2021-05-15T20:55:04.877827+00:00,ebbde5dfebb6e9e4e0c53ce0276fc196,aa191b402246fa9e9334a5057bf58cf6e1117fc3,ab9362cdb589a66b38d6ced225f3487aeff497a5837325aa43f7484e5bd670f6,N/A,N/A,,https://github.com/notepad-plus-plus/notepad-plus-plus/releases/download/v8/npp.8.0.portable.x64.7z
8,github,x64,npp.8.0.portable.x64.7z,localization/portuguese.xml,portuguese.xml,,100365,2021-05-15T20:55:04.880776+00:00,2d2c36472c5955a538d16e06b4699019,dfcb8464f050ca69fabc20f51f5c58e2632ff80d,f60a2e5601b1b64623dd10e96b588629e699a3bada4186c6bc2f6758ce7631c5,N/A,N/A,,https://github.com/notepad-plus-plus/notepad-plus-plus/releases/download/v8/npp.8.0.portable.x64.7z
8,github,x64,npp.8.0.portable.x64.7z,functionList/powershell.xml,powershell.xml,,1381,2020-10-27T03:29:08.997994+00:00,9fe2a57fb28e8e3ccf4d3a2a090a7b4d,741f540c8176cb891750c9ef0b6c66bca7ca78f0,9d6ee11f048b734a4edf01acda39d1390b0e1e88756919991c242073723b9c21,N/A,N/A,,https://github.com/notepad-plus-plus/notepad-plus-plus/releases/download/v8/npp.8.0.portable.x64.7z
8,github,x64,npp.8.0.portable.x64.7z,localization/punjabi.xml,punjabi.xml,,70605,2021-05-15T20:55:04.883456+00:00,1905fd189d8c02f33034d9dd90704d9a,c33d3d09572ff573581fb4a1f0bb93bb9bb00669,01717885246eefec6c975cfa267451d5afcf9ae859497c52dff18387e002cea0,N/A,N/A,,https://github.com/notepad-plus-plus/notepad-plus-plus/releases/download/v8/npp.8.0.portable.x64.7z
8,github,x64,npp.8.0.portable.x64.7z,functionList/python.xml,python.xml,,1093,2021-05-14T11:01:03.829779+00:00,ca9b2edacad7a768f1c3b6f318d7a5cc,41db40877fa4e4216cb5335a6a3f721793aafcbe,1810b378b0fd5ac2d876f3ebe0025b2843a5832ad4d283ca9a7c1986fe8c01ef,N/A,N/A,,https://github.com/notepad-plus-plus/notepad-plus-plus/releases/download/v8/npp.8.0.portable.x64.7z
8,github,x64,npp.8.0.portable.x64.7z,autoCompletion/python.xml,python.xml,,61578,2021-02-06T02:57:44.552352+00:00,fa2cfe74e8d1f0ce494ff3f01d55ea68,6891483f0a2da2fb0bf80f457a8f620b08c43498,23add5af4a1c87485d4886419021f8842b2da6b44962b024c0bd83b3b782b380,N/A,N/A,,https://github.com/notepad-plus-plus/notepad-plus-plus/releases/download/v8/npp.8.0.portable.x64.7z
8,github,x64,npp.8.0.portable.x64.7z,autoCompletion/rc.xml,rc.xml,,1635,2021-02-06T02:57:44.554066+00:00,893bb156418e493613201fb414699010,bddeee9258a1ba943d52199f552f2e2cba6a8f0b,cd8750aaaa3b70d9e9ce22232b8ac5f5c4e1e13c4261894a1d8e32c22ae8657e,N/A,N/A,,https://github.com/notepad-plus-plus/notepad-plus-plus/releases/download/v8/npp.8.0.portable.x64.7z
8,github,x64,npp.8.0.portable.x64.7z,updater/README.md,README.md,,2991,2018-12-27T00:44:16.110687+00:00,9f56b12cbffcfad543fb1f91e3955f1b,406e1423549a8f5e97d8d8e37d5e7f6f4da8194b,aef40520cf12a0842097e8cfbeb9d9128f52573e5f90ca12d4a0a9045978547e,N/A,N/A,,https://github.com/notepad-plus-plus/notepad-plus-plus/releases/download/v8/npp.8.0.portable.x64.7z
8,github,x64,npp.8.0.portable.x64.7z,readme.txt,readme.txt,,1526,2020-01-03T09:54:59.893544+00:00,11b0a85dcd7045352f71e46d83de6d7e,77b65e52e20a64441c01c57510dc3d60b33afa16,bc661498305746c6deacbee301522f7c283566a804184e290481d3b57af675b1,N/A,N/A,,https://github.com/notepad-plus-plus/notepad-plus-plus/releases/download/v8/npp.8.0.portable.x64.7z
8,github,x64,npp.8.0.portable.x64.7z,localization/romanian.xml,romanian.xml,,78817,2021-05-15T20:55:04.886368+00:00,21213d3ce5057288c1b1d2822925c2f9,bb1f49d1adcf2512d05dfa7bd8dee9351e93141c,bab905124f754bf2ae111c4c0f04170c80343ed0219aa226b8274ae3b741f39c,N/A,N/A,,https://github.com/notepad-plus-plus/notepad-plus-plus/releases/download/v8/npp.8.0.portable.x64.7z
8,github,x64,npp.8.0.portable.x64.7z,themes/Ruby Blue.xml,Ruby Blue.xml,,72674,2021-02-06T02:57:44.807669+00:00,2021c519ced04f915b871d0e23123098,9fa7269623f5d68aae153147df996023cc9f0b44,278a81d492add8d20373ad2690637c6572819d9f4f43a4a5f46e43b3bf21d3fc,N/A,N/A,,https://github.com/notepad-plus-plus/notepad-plus-plus/releases/download/v8/npp.8.0.portable.x64.7z
8,github,x64,npp.8.0.portable.x64.7z,functionList/ruby.xml,ruby.xml,,1088,2020-10-27T03:29:08.998990+00:00,9b89093254088d0cce1e013f0df2ae97,67843fd332da121f5448f6158affa486bdd2e883,bffbebedccb4bfd8e849bb3b577eaf0bc821bd45be29905017e667034e5b25be,N/A,N/A,,https://github.com/notepad-plus-plus/notepad-plus-plus/releases/download/v8/npp.8.0.portable.x64.7z
8,github,x64,npp.8.0.portable.x64.7z,localization/russian.xml,russian.xml,,103213,2021-06-03T12:28:23.804155+00:00,5e0c15a8a5b3a5b57d9a74163484aec6,321fa425ceb2f880ba3f7fb30f759ba154002bfb,3db4028c5233de69af2fa227ec11e7385daf4e5a6f3e6ab03bee17bb66e0c92c,N/A,N/A,,https://github.com/notepad-plus-plus/notepad-plus-plus/releases/download/v8/npp.8.0.portable.x64.7z
8,github,x64,npp.8.0.portable.x64.7z,functionList/rust.xml,rust.xml,,1848,2021-04-17T16:47:53.733969+00:00,accc6038de578929af94649cadd88a14,bbfe66bf9d36ea92ac437d466db1f36ae4f67a28,1571595dee56cf2b6b2e39f2108db82cd2e8faf15c1d15bba2fdf34770bcda7f,N/A,N/A,,https://github.com/notepad-plus-plus/notepad-plus-plus/releases/download/v8/npp.8.0.portable.x64.7z
8,github,x64,npp.8.0.portable.x64.7z,localization/samogitian.xml,samogitian.xml,,10160,2016-12-26T22:10:44.114584+00:00,ebba131558f344afe63e1c5718d0f7ad,65ba510db37a5d8ef74d1c77ede30fa9cccad299,75eca9974de1fca41651975a92f374660e1a7c273a3d1dab0ef6dd573230878b,N/A,N/A,,https://github.com/notepad-plus-plus/notepad-plus-plus/releases/download/v8/npp.8.0.portable.x64.7z
8,github,x64,npp.8.0.portable.x64.7z,localization/sardinian.xml,sardinian.xml,,40982,2017-08-20T17:40:41.271018+00:00,064889342004d04b1de62578aa733216,30b21b176b1c031ec472d45ccad41eba239efc52,0169ebd43b3cec4a4f3b0143a2af6f07ec9bf73cb04882a3d4507f01931c08de,N/A,N/A,,https://github.com/notepad-plus-plus/notepad-plus-plus/releases/download/v8/npp.8.0.portable.x64.7z
8,github,x64,npp.8.0.portable.x64.7z,localization/serbian.xml,serbian.xml,,24098,2016-12-26T22:10:44.125648+00:00,174e7dc367ff1c213432b891f11d25bb,e199d3a723bcbb176e9f79969f502658efab0ac7,1a07c6a9c2639fa12bb000f599498ddf84827449afbb7952f4bdc4cf526c2117,N/A,N/A,,https://github.com/notepad-plus-plus/notepad-plus-plus/releases/download/v8/npp.8.0.portable.x64.7z
8,github,x64,npp.8.0.portable.x64.7z,localization/serbianCyrillic.xml,serbianCyrillic.xml,,47833,2017-08-20T17:40:41.289358+00:00,e6c94316e6d065533305b94e7d5af2bc,3b6f4b424d7321bae1d643bef50ee952d7990ddd,289d7cdd9d9af5b2992e3b0ac38022f91e3d9dc0051e40733983e26e2ddcf594,N/A,N/A,,https://github.com/notepad-plus-plus/notepad-plus-plus/releases/download/v8/npp.8.0.portable.x64.7z
8,github,x64,npp.8.0.portable.x64.7z,shortcuts.xml,shortcuts.xml,,965,2021-04-17T16:47:53.837693+00:00,96c510e0fa8b730ce0fe3dfb1a52aa51,0654a46879eccb4062480c98ff3e00b0f8565ba0,9b0e941dc478fc68d046727f5f8e426cd7e8af91b4fa45882ee9e36b4bb11ee1,N/A,N/A,,https://github.com/notepad-plus-plus/notepad-plus-plus/releases/download/v8/npp.8.0.portable.x64.7z
8,github,x64,npp.8.0.portable.x64.7z,localization/sinhala.xml,sinhala.xml,,56893,2017-08-20T17:40:41.304229+00:00,9986ce0334af5335ae8c7e5a3cbc818b,384de56d2af7c4941c266bfba7d69518b2b1879d,a8b55a8115a50bd3b7b07c359c49fe7da48a5acf1dacc2c0e3708f6f48636fd6,N/A,N/A,,https://github.com/notepad-plus-plus/notepad-plus-plus/releases/download/v8/npp.8.0.portable.x64.7z
8,github,x64,npp.8.0.portable.x64.7z,functionList/sinumerik.xml,sinumerik.xml,,1003,2020-10-27T03:29:08.999988+00:00,16e39474342d0cc1d3a189fad83d5721,726e75d326099b405da6d6b266f4b9c55f7c51f9,db3ac1fd3d65df45d805adb8dfe0c5209db07ef93406db17dfb783dd8048720a,N/A,N/A,,https://github.com/notepad-plus-plus/notepad-plus-plus/releases/download/v8/npp.8.0.portable.x64.7z
8,github,x64,npp.8.0.portable.x64.7z,localization/slovak.xml,slovak.xml,,97546,2021-06-03T12:28:23.808144+00:00,71700345a1ed0e45faa9a8dc2c48fc18,9c55db9704eed914d06bd81f3fd573f9947b804b,3b1d95c064dcb365950e2a0fa4f4365754d33b47c56a610fede2623e59e3114d,N/A,N/A,,https://github.com/notepad-plus-plus/notepad-plus-plus/releases/download/v8/npp.8.0.portable.x64.7z
8,github,x64,npp.8.0.portable.x64.7z,localization/slovenian.xml,slovenian.xml,,86657,2021-05-15T20:55:04.898336+00:00,5c7e591e50ef318e985ff4e784ab8804,86f7ab0bd71b9ef382c7085a4f560fabc9742e04,fcb93cc76e40be9bba30113878f57efe57c0cf47e5f45eaf3357bd9d8551be77,N/A,N/A,,https://github.com/notepad-plus-plus/notepad-plus-plus/releases/download/v8/npp.8.0.portable.x64.7z
8,github,x64,npp.8.0.portable.x64.7z,themes/Solarized-light.xml,Solarized-light.xml,,108819,2021-02-06T02:57:44.809440+00:00,5d4a5b2caa72c57c4268dc7d5e4b8a1d,5f2b74ad78bbaf995b3173b309b0a04b5cdedfc1,3510be48e8f004629d98e4085af77e815e9ce228020ece432c0423a077b91639,N/A,N/A,,https://github.com/notepad-plus-plus/notepad-plus-plus/releases/download/v8/npp.8.0.portable.x64.7z
8,github,x64,npp.8.0.portable.x64.7z,themes/Solarized.xml,Solarized.xml,,108807,2021-02-06T02:57:44.812374+00:00,2aad408551c64e1be6fd92f38596d039,cbac96b4f4662dac77fb796730de3ca715b7725f,b3f903b8b9ad0dd5a09a6340eabf070b1ed79bc782c6a53f1ac4546e71989aef,N/A,N/A,,https://github.com/notepad-plus-plus/notepad-plus-plus/releases/download/v8/npp.8.0.portable.x64.7z
8,github,x64,npp.8.0.portable.x64.7z,localization/spanish.xml,spanish.xml,,75676,2021-06-03T12:28:23.810138+00:00,113190ae34b8ba2e21426f9fb866f955,13c0dd9639159fa2e09a6cd4c4ede04999efcd02,2ed36886d720851d26e6bad10b1a053e1f4e32527992b1897eb4a9916574686c,N/A,N/A,,https://github.com/notepad-plus-plus/notepad-plus-plus/releases/download/v8/npp.8.0.portable.x64.7z
8,github,x64,npp.8.0.portable.x64.7z,localization/spanish_ar.xml,spanish_ar.xml,,45331,2020-01-12T13:43:01.472965+00:00,fc5b8b4d481eb2edf7f26f5ea25bdc90,7092229294413ea7caa01f77236a24190e5b63b1,e44e9075288f297faf80b80284f428c67431ab6840ca8685858a7f3dcb6e5867,N/A,N/A,,https://github.com/notepad-plus-plus/notepad-plus-plus/releases/download/v8/npp.8.0.portable.x64.7z
8,github,x64,npp.8.0.portable.x64.7z,functionList/sql.xml,sql.xml,,1271,2020-10-27T03:29:09.000985+00:00,97cd588eb633538f3d3db2204009ba5f,552fdc1e6626afdcb7d8159babad81fb7fe902dd,a7109b8374dffa7a0cd69558990f7e96fea9ef61736d89043dad5a6694cdfa4a,N/A,N/A,,https://github.com/notepad-plus-plus/notepad-plus-plus/releases/download/v8/npp.8.0.portable.x64.7z
8,github,x64,npp.8.0.portable.x64.7z,autoCompletion/sql.xml,sql.xml,,67945,2021-02-06T02:57:44.557060+00:00,fcfd333f5394896ba748f4628b4a1243,19df381ea7689270865352037e04eef344e9d9a4,1b18ca570694e7128d2751a5c7f46464d8ac167be58627a1fd61324284c15ea5,N/A,N/A,,https://github.com/notepad-plus-plus/notepad-plus-plus/releases/download/v8/npp.8.0.portable.x64.7z
8,github,x64,npp.8.0.portable.x64.7z,stylers.model.xml,stylers.model.xml,,170495,2021-05-14T11:01:04.225339+00:00,eee84dd3565b5ba857d67a935ce4d689,3b37be60f25c27e03bd90e7decc7cde09977fd81,1180377902b86c7819807c91cfb32184a8d5dffef4285124555489ab020fe374,N/A,N/A,,https://github.com/notepad-plus-plus/notepad-plus-plus/releases/download/v8/npp.8.0.portable.x64.7z
8,github,x64,npp.8.0.portable.x64.7z,localization/swedish.xml,swedish.xml,,63753,2021-05-15T20:55:04.904319+00:00,6f434872b133168c94769c1211721594,be4c9a42139ba7aba784b857a223efbae4ee1fcf,4a6ba1d443095cedab8100f6c317e6f64ce070a4825b9532d48520b205bdd911,N/A,N/A,,https://github.com/notepad-plus-plus/notepad-plus-plus/releases/download/v8/npp.8.0.portable.x64.7z
8,github,x64,npp.8.0.portable.x64.7z,localization/tagalog.xml,tagalog.xml,,30395,2016-12-26T22:10:44.167583+00:00,04e3e27d9d635c6b23c8e40dcbbdd442,c66e2dc153c22a445dae0df2bdf3c1693b4ad03e,047c63c449c5e2a9a4f97637c741eb07e6ec034bc829d85c6565bb0292c1cd72,N/A,N/A,,https://github.com/notepad-plus-plus/notepad-plus-plus/releases/download/v8/npp.8.0.portable.x64.7z
8,github,x64,npp.8.0.portable.x64.7z,localization/taiwaneseMandarin.xml,taiwaneseMandarin.xml,,89856,2021-05-15T20:55:04.907329+00:00,a7a23470da586c7fdaa456ac66c3de28,0e4ead85a9369d1613f375b98b360493ef6206ed,1b125d3476483f85ef2c77105d99e30be42b91612f02a417e7995a5043a8242a,N/A,N/A,,https://github.com/notepad-plus-plus/notepad-plus-plus/releases/download/v8/npp.8.0.portable.x64.7z
8,github,x64,npp.8.0.portable.x64.7z,localization/tajikCyrillic.xml,tajikCyrillic.xml,,66798,2020-01-12T13:43:01.477953+00:00,dabc1ee04ad838b934e1c5ea8d58afa1,abefa1fb5f7fa046cc44aa3fb2c6e4a0fd138b00,b27be56e97ae352359d61c2ed039f7764e905bf48be9b78605a345d849236f02,N/A,N/A,,https://github.com/notepad-plus-plus/notepad-plus-plus/releases/download/v8/npp.8.0.portable.x64.7z
8,github,x64,npp.8.0.portable.x64.7z,localization/tamil.xml,tamil.xml,,54196,2017-08-20T17:40:41.427488+00:00,abc0ae5ed0002512221d682263e41204,7a7533274855ceff9a604d6cd36192cc68f2c416,e23759fd6d60ef9728b620a1a8316fc049ccbf93445a91a1a85d27c4e25f3f15,N/A,N/A,,https://github.com/notepad-plus-plus/notepad-plus-plus/releases/download/v8/npp.8.0.portable.x64.7z
8,github,x64,npp.8.0.portable.x64.7z,localization/tatar.xml,tatar.xml,,71436,2021-05-15T20:55:04.909307+00:00,b429b2a78e574f3cf91a8d81222755c6,b27619de11cca103a90255d8ed8efe9eb6ebdbe6,2947bbe32db521a19acf3bd201b40a084f5dc4950ff197e2c2e6b1df93779d6d,N/A,N/A,,https://github.com/notepad-plus-plus/notepad-plus-plus/releases/download/v8/npp.8.0.portable.x64.7z
8,github,x64,npp.8.0.portable.x64.7z,localization/telugu.xml,telugu.xml,,53577,2017-08-20T17:40:41.456494+00:00,a8b6a302f3bda0eeae95e5214df33ec4,975e8e7ac8258c4f8c4050743debe980a9864e4f,82b4b16ee06e668e4ff30e71fcbf42623cf30dc14177c570a7ad1f47c0284e0c,N/A,N/A,,https://github.com/notepad-plus-plus/notepad-plus-plus/releases/download/v8/npp.8.0.portable.x64.7z
8,github,x64,npp.8.0.portable.x64.7z,autoCompletion/tex.xml,tex.xml,,67864,2021-02-06T02:57:44.559058+00:00,40e183975f5e362d33ba5ffe3b5af3df,35a763370180060a8cf7e33f735c464212d7b6cc,c916f03b9dea3d64019907120d7d4efc925e86189327bcbb89969c57934e2c23,N/A,N/A,,https://github.com/notepad-plus-plus/notepad-plus-plus/releases/download/v8/npp.8.0.portable.x64.7z
8,github,x64,npp.8.0.portable.x64.7z,localization/thai.xml,thai.xml,,41406,2017-08-20T17:40:41.469535+00:00,8d02b72cdcce6c5a4db56eebba394824,259babbea022717b773d10704f61fb285e800730,8ce450bcfd9b9617f4e0969ad4e201480b255d473cb1383c90761cc28cbd7ecc,N/A,N/A,,https://github.com/notepad-plus-plus/notepad-plus-plus/releases/download/v8/npp.8.0.portable.x64.7z
8,github,x64,npp.8.0.portable.x64.7z,localization/turkish.xml,turkish.xml,,81253,2021-05-15T20:55:04.912534+00:00,30ab56b6dc752db71cf72184736f3931,75c3f535f745ce89c07234355ab006a6ab2782bc,fa1fb8280ee543fd32572b8cfe13079640b96162f9295f73edc1f57a865117e0,N/A,N/A,,https://github.com/notepad-plus-plus/notepad-plus-plus/releases/download/v8/npp.8.0.portable.x64.7z
8,github,x64,npp.8.0.portable.x64.7z,themes/Twilight.xml,Twilight.xml,,91253,2021-02-06T02:57:44.814368+00:00,fb9d4ba33a19bea1ffd63fed5375b259,547986c56a06a95dc14e07e492584259e1ea90d0,6aa8ebc9ac8458ccc5239b173ce1f6a62537183cb7ca593b0caf9efd1a0efe64,N/A,N/A,,https://github.com/notepad-plus-plus/notepad-plus-plus/releases/download/v8/npp.8.0.portable.x64.7z
8,github,x64,npp.8.0.portable.x64.7z,localization/ukrainian.xml,ukrainian.xml,,114224,2021-05-15T20:55:04.915810+00:00,99390ec66a753bad0725ea775bbbdfee,e562b723d1979e27b00ba832bded03930af11dc2,1c649fb8e8138157fb7cb7af1036db835c733955b875d0967e79d9e0edbf307d,N/A,N/A,,https://github.com/notepad-plus-plus/notepad-plus-plus/releases/download/v8/npp.8.0.portable.x64.7z
8,github,x64,npp.8.0.portable.x64.7z,functionList/universe_basic.xml,universe_basic.xml,,2021,2020-10-27T03:29:09.000985+00:00,3d51afd290e62685d11376237ceac3c2,cddd77e442aba5ca65289a744d89826cde95e663,7c0719b9b312a531cf41cd08affacceef6de084619808238fec0f0247955f26e,N/A,N/A,,https://github.com/notepad-plus-plus/notepad-plus-plus/releases/download/v8/npp.8.0.portable.x64.7z
8,github,x64,npp.8.0.portable.x64.7z,localization/urdu.xml,urdu.xml,,15657,2016-12-26T22:10:44.210970+00:00,cf965dfcf2257d8046c453ac36fcf65e,ac650afe9e15fec6e0e3e87bc999c2d9350ab461,0b685abaea6232f3e99d563f01613161251e51aba6a62d83cb306aa5f2d396d5,N/A,N/A,,https://github.com/notepad-plus-plus/notepad-plus-plus/releases/download/v8/npp.8.0.portable.x64.7z
8,github,x64,npp.8.0.portable.x64.7z,localization/uyghur.xml,uyghur.xml,,47848,2018-01-28T21:48:40.466342+00:00,a5d2661cab9fae284200b5cd84496b41,fa6cfe413495f354ad0d72e9660f04ce05a6556d,f5d24a6c678b1b54539adeafd2bc2697738f44cea6c184fa442980f1440e5afd,N/A,N/A,,https://github.com/notepad-plus-plus/notepad-plus-plus/releases/download/v8/npp.8.0.portable.x64.7z
8,github,x64,npp.8.0.portable.x64.7z,localization/uzbek.xml,uzbek.xml,,71000,2021-06-03T12:28:23.812133+00:00,e6f9d1634676bbf208eb05ee2072f90e,4cacf82980300547af7f037abc1034f91ab48dca,aaad527fed599a4b8a98abd7a8981ce30d4b4d066636d4b35b075a8b5df78c92,N/A,N/A,,https://github.com/notepad-plus-plus/notepad-plus-plus/releases/download/v8/npp.8.0.portable.x64.7z
8,github,x64,npp.8.0.portable.x64.7z,localization/uzbekCyrillic.xml,uzbekCyrillic.xml,,35714,2017-08-20T17:40:41.544199+00:00,71b7ce4804f337f3d5c4fea4a0733691,f4446df6fbeb19c93869205750991261d3a1ac7b,380e17fd360658921ea937043e540b2af642a7307be691f5c58b825623b61a99,N/A,N/A,,https://github.com/notepad-plus-plus/notepad-plus-plus/releases/download/v8/npp.8.0.portable.x64.7z
8,github,x64,npp.8.0.portable.x64.7z,autoCompletion/vb.xml,vb.xml,,17190,2021-02-06T02:57:44.562048+00:00,4849ca62e16d934b8bee6a140d1ec24c,ffc5e961341dd925439b89d66ab23d3b0e14eabf,53104b87f91458aac8c6709b74a7cd5f0367fc6f2280b98aaa495a59e1788551,N/A,N/A,,https://github.com/notepad-plus-plus/notepad-plus-plus/releases/download/v8/npp.8.0.portable.x64.7z
8,github,x64,npp.8.0.portable.x64.7z,localization/venetian.xml,venetian.xml,,97026,2021-05-15T20:55:04.921275+00:00,f6b8ffdccd46df5c159162a78ae13bed,8a599c87a994827fe8d0ca694bec910653f5c13e,2b791d8393f76a96247eb188c9c8efd19bf99951bbcc568668eda5b10772c076,N/A,N/A,,https://github.com/notepad-plus-plus/notepad-plus-plus/releases/download/v8/npp.8.0.portable.x64.7z
8,github,x64,npp.8.0.portable.x64.7z,functionList/vhdl.xml,vhdl.xml,,1623,2020-10-27T03:29:09.001983+00:00,7abb134780aaf79c527c734ddb51e245,a52feaff1dc159629691f4bed846cf79c8f8d945,558bbe6193a202dcb00cc441421f5d838764e495b8e4d2e10877db7f661b8cd5,N/A,N/A,,https://github.com/notepad-plus-plus/notepad-plus-plus/releases/download/v8/npp.8.0.portable.x64.7z
8,github,x64,npp.8.0.portable.x64.7z,autoCompletion/vhdl.xml,vhdl.xml,,2625,2021-02-06T02:57:44.564038+00:00,dbe0170171f2f58def4fd929dc9b4717,4fb8388a73d2106d115984938168f551bcc4a475,dffaf09efd41b7eb9b74128585de649c627627b404fa1925acaa6c56709a3542,N/A,N/A,,https://github.com/notepad-plus-plus/notepad-plus-plus/releases/download/v8/npp.8.0.portable.x64.7z
8,github,x64,npp.8.0.portable.x64.7z,themes/Vibrant Ink.xml,Vibrant Ink.xml,,89222,2021-02-06T02:57:44.816938+00:00,5363aacbf559cb2a1243f38452161bb2,66428feb8d928abdec91638ce90d710ce3f522d2,8a932268e27c3ec4bbb6a0a58b30f041509c0bca6b9358c33ebf3b68c9b12e0c,N/A,N/A,,https://github.com/notepad-plus-plus/notepad-plus-plus/releases/download/v8/npp.8.0.portable.x64.7z
8,github,x64,npp.8.0.portable.x64.7z,localization/vietnamese.xml,vietnamese.xml,,52733,2020-05-31T09:57:18.913450+00:00,5d893adca521dc6cce0d116ea2f3b279,ecedee4cb5e0d7334562823fc383991bfd447555,623229da8948d4c17cf8f547b87f3164e2d6357a7f02272bb3ebec9955b8fb58,N/A,N/A,,https://github.com/notepad-plus-plus/notepad-plus-plus/releases/download/v8/npp.8.0.portable.x64.7z
8,github,x64,npp.8.0.portable.x64.7z,themes/vim Dark Blue.xml,vim Dark Blue.xml,,89258,2021-02-06T02:57:44.823046+00:00,895f347aa9caa0f8c436726ec5cc3b55,e4e7a0cee02595bace00df198ad2ac59a9c5c899,6d15f700937d44c2c1270f825a951e1d4048886451dd3e824c67e7d0b187b7e5,N/A,N/A,,https://github.com/notepad-plus-plus/notepad-plus-plus/releases/download/v8/npp.8.0.portable.x64.7z
8,github,x64,npp.8.0.portable.x64.7z,localization/welsh.xml,welsh.xml,,53261,2020-01-12T13:43:01.491914+00:00,d5583a9dc8b6e03efd573fa67faf6fba,f3fcca7a6bd12eaa24ac4e7d0af75ba2c1067a67,4ccc47461b2445831fd67efe003c934c340ee50c8341f5298d936f3772ef381a,N/A,N/A,,https://github.com/notepad-plus-plus/notepad-plus-plus/releases/download/v8/npp.8.0.portable.x64.7z
8,github,x64,npp.8.0.portable.x64.7z,functionList/xml.xml,xml.xml,,2229,2020-10-27T03:29:09.002980+00:00,f898e5e36168ff0c5ff532c9bb068563,287f8fbd7a3b66a4cae7c29cc9a775fa3f2d52b5,5ac3e308c8bef5ed42463929a1be5f519f56a0785fd8c2aed6f85073cc5f98fc,N/A,N/A,,https://github.com/notepad-plus-plus/notepad-plus-plus/releases/download/v8/npp.8.0.portable.x64.7z
8,github,x64,npp.8.0.portable.x64.7z,autoCompletion/xml.xml,xml.xml,,12017,2021-02-06T02:57:44.566036+00:00,6972b2c64653b9fb254ef65871140b29,f2d4825ab333405a241ef41d8b71fa23432675b3,1730bc85e1cd2652ea44d6da42114937fe9fed4527b5e0cb6e2a09f47e0da92e,N/A,N/A,,https://github.com/notepad-plus-plus/notepad-plus-plus/releases/download/v8/npp.8.0.portable.x64.7z
8,github,x64,npp.8.0.portable.x64.7z,themes/Zenburn.xml,Zenburn.xml,,166735,2021-02-06T02:57:44.819434+00:00,6d0f68f607198d62173a10c50b77fc10,101744ea97b7964b3be7a6f6ba8bdce904bde364,6138ed0e4ca7b83f905baf574dfb9b0b59261e1146e21f55ac3c6e9d5cd90bf5,N/A,N/A,,https://github.com/notepad-plus-plus/notepad-plus-plus/releases/download/v8/npp.8.0.portable.x64.7z
8,github,x64,npp.8.0.portable.x64.7z,localization/zulu.xml,zulu.xml,,72694,2021-05-15T20:55:04.924303+00:00,4a7511f801ade6a0c2736d2f5795314d,b4a20db2b3a0bbf001b9b81a14b7bb095516ee96,8cb15c28a7238178ed845c82b674702146217eea20f0f8af65e8134ee9ef0caf,N/A,N/A,,https://github.com/notepad-plus-plus/notepad-plus-plus/releases/download/v8/npp.8.0.portable.x64.7z
8,github,x64,npp.8.0.portable.x64.zip,,npp.8.0.portable.x64.zip,,5029296,2021-12-07T19:40:19+00:00,6ae88411263e8159df82978f4ceb3686,cc2c3b76518da39bc3e0321c389a8e8ca07ef717,8af45caeb90880a347eedbffa2b082ce57085e05facb2e82697a5335b525de54,MATCH,MATCH,,https://github.com/notepad-plus-plus/notepad-plus-plus/releases/download/v8/npp.8.0.portable.x64.zip
8,github,x64,npp.8.0.portable.x64.zip,localization/abkhazian.xml,abkhazian.xml,,116298,2021-05-15T20:55:04.739889+00:00,d7284a21afc6b3aadeb8e3b8cfdfaa71,72e827d37f5fd4ed6e716cc52fe812b80c34480c,7276d593845db38db25907f62b119a1881fd0f2373d6a1982a3238e214e03eeb,N/A,N/A,,https://github.com/notepad-plus-plus/notepad-plus-plus/releases/download/v8/npp.8.0.portable.x64.zip
8,github,x64,npp.8.0.portable.x64.zip,autoCompletion/actionscript.xml,actionscript.xml,,20745,2021-02-06T02:57:44.489510+00:00,280f64b01191bf89b52c5bbbea1cc290,e01503c8ef4155bde9c89e3e2a21f8437872c4eb,f1fb320fd456938afc0bc852765e393837bcea53bd514838419801bef8436b9e,N/A,N/A,,https://github.com/notepad-plus-plus/notepad-plus-plus/releases/download/v8/npp.8.0.portable.x64.zip
8,github,x64,npp.8.0.portable.x64.zip,functionList/ada.xml,ada.xml,,3584,2021-04-17T16:47:53.731974+00:00,c7f9fc66e6b1fef3e9f8a37552314bae,82d91e37882d509eee2abcb45d825bbd95829b47,dab30f330f8c5a2db0dfe27e5d8f2d1666b067be35612984b344575a49f50668,N/A,N/A,,https://github.com/notepad-plus-plus/notepad-plus-plus/releases/download/v8/npp.8.0.portable.x64.zip
8,github,x64,npp.8.0.portable.x64.zip,localization/afrikaans.xml,afrikaans.xml,,29077,2016-12-26T22:10:43.769673+00:00,c2f475cc2b49d3aee490c9059529744a,621e81e87c6c8d45a6be6bc69108d8ab13e2d5a6,5d285d98f8891bcf73a770fde00c3215062842224b81c4e70537569712f84570,N/A,N/A,,https://github.com/notepad-plus-plus/notepad-plus-plus/releases/download/v8/npp.8.0.portable.x64.zip
8,github,x64,npp.8.0.portable.x64.zip,localization/albanian.xml,albanian.xml,,57197,2020-01-12T13:43:01.358273+00:00,a648520876f8b3c30a627352c7c52f8a,7fa1240eff3f8ea60d114542fda008a72b845b19,e81fdc20f6a768db14474338d56be5efb863ab53c3013efb325a61e08bc5f452,N/A,N/A,,https://github.com/notepad-plus-plus/notepad-plus-plus/releases/download/v8/npp.8.0.portable.x64.zip
8,github,x64,npp.8.0.portable.x64.zip,localization/arabic.xml,arabic.xml,,91820,2021-05-15T20:55:04.767686+00:00,6e2a96709f8c5893b20f03e98a21ef61,9dd8f5536a706b4c1816f61ae70bc357597b8fc7,ace7ec47795186bca4cbd83873d7c6957bf01cd98dac5325837b2fd05d3b08e9,N/A,N/A,,https://github.com/notepad-plus-plus/notepad-plus-plus/releases/download/v8/npp.8.0.portable.x64.zip
8,github,x64,npp.8.0.portable.x64.zip,localization/aragonese.xml,aragonese.xml,,49810,2020-01-12T13:43:01.363258+00:00,00312582b79ab1f5a35f8a42f9ed211d,55b8efdfbb1c6d735b8adbeb4a727464c4954ab7,5d6a821703377bb9b49594713d6d3c33f1d78263aa055fcd34c8fa3705041d1e,N/A,N/A,,https://github.com/notepad-plus-plus/notepad-plus-plus/releases/download/v8/npp.8.0.portable.x64.zip
8,github,x64,npp.8.0.portable.x64.zip,localization/aranese.xml,aranese.xml,,20821,2016-12-26T22:10:43.795718+00:00,333a18acb93ba083e86679c065b69d15,cb874355fb8e495a2b0b0dcf8868df287ec6a342,de5da809aa6e44c4e6a01c3b5fb7da5a66d9683cb905416f3fcff2ed413ea7c6,N/A,N/A,,https://github.com/notepad-plus-plus/notepad-plus-plus/releases/download/v8/npp.8.0.portable.x64.zip
8,github,x64,npp.8.0.portable.x64.zip,functionList/asm.xml,asm.xml,,1349,2020-10-27T03:29:08.983033+00:00,2c5f4897d7f169e06aea28310c8ab9ec,edfd3f6faf838194de9821efd0fe185ffb6be0f0,73526ddb1d23d595680badd6bd87f5dd82869606a7cf7e8707758d48d848257e,N/A,N/A,,https://github.com/notepad-plus-plus/notepad-plus-plus/releases/download/v8/npp.8.0.portable.x64.zip
8,github,x64,npp.8.0.portable.x64.zip,functionList/autoit.xml,autoit.xml,,1848,2020-10-27T03:29:08.984032+00:00,99a0630a10ab4ee883554dc6bd9e2d91,63c842ce0df36d51082b61c2c682abcfc9d98e67,32ae9531405ef3c59448fe6dbd3be435e726eb17f3ca0d16530a4c6317dea286,N/A,N/A,,https://github.com/notepad-plus-plus/notepad-plus-plus/releases/download/v8/npp.8.0.portable.x64.zip
8,github,x64,npp.8.0.portable.x64.zip,autoCompletion/autoit.xml,autoit.xml,,738716,2021-02-06T02:57:44.501208+00:00,986e806d09b5c0fff08c5d9eac33a237,22a0d9893cb6cf82598a698401de38df11389043,b15afd5149673e3d72fc8e99945197c86ad43113230dcd8bbc952a82e965e146,N/A,N/A,,https://github.com/notepad-plus-plus/notepad-plus-plus/releases/download/v8/npp.8.0.portable.x64.zip
8,github,x64,npp.8.0.portable.x64.zip,localization/azerbaijani.xml,azerbaijani.xml,,35482,2017-08-20T17:40:40.621097+00:00,8cd5c70b03ef9c48585c06fa149f9fcd,4fb0a331d184579444326c6910742ad4b0cbb5a1,d2e185e9c8b1e7d994dcb3b44748f1b499f18ca22a573f452a9b0d791344c448,N/A,N/A,,https://github.com/notepad-plus-plus/notepad-plus-plus/releases/download/v8/npp.8.0.portable.x64.zip
8,github,x64,npp.8.0.portable.x64.zip,functionList/baanc.xml,baanc.xml,,8513,2020-10-27T03:29:08.985028+00:00,0fce87843f5245bd9a4d5ddce156c7c4,cead1bad691b0d4722e05312ce752c4fefbdad1b,ec249b0dab6fda20cc24f0f25a504c55a05b23fb6cbb4938aa7a41df0c8744b6,N/A,N/A,,https://github.com/notepad-plus-plus/notepad-plus-plus/releases/download/v8/npp.8.0.portable.x64.zip
8,github,x64,npp.8.0.portable.x64.zip,autoCompletion/BaanC.xml,BaanC.xml,,18483,2021-02-06T02:57:44.487247+00:00,85c891742fcf58ae535b26ad948370a2,385e2c813c8d157627220f2bc92a5324c120859b,d408ed3caef21ebb64fb29d633e9ce5069454c1a792a09e2e24f83595d2743be,N/A,N/A,,https://github.com/notepad-plus-plus/notepad-plus-plus/releases/download/v8/npp.8.0.portable.x64.zip
8,github,x64,npp.8.0.portable.x64.zip,functionList/bash.xml,bash.xml,,2999,2020-10-27T03:29:08.986026+00:00,162ded022d600dcf4ba4b7e9ac6917a2,762291f4f4e66573811c8ef757a64bda8a4bba09,2ae1142b08d296c25000e451237ea919f981da28f6a723d39540f43f18bac762,N/A,N/A,,https://github.com/notepad-plus-plus/notepad-plus-plus/releases/download/v8/npp.8.0.portable.x64.zip
8,github,x64,npp.8.0.portable.x64.zip,localization/basque.xml,basque.xml,,98792,2021-05-15T20:55:04.770677+00:00,ac5ff123b4039a60744a74c33e1865cc,a0e5c9b572c5356bb5f0bb6a1d5e14378a54b299,5bb8bc10e2c89a62c850afbcdd7c0773d40f76f8069f466a27db2feff7e7d5e9,N/A,N/A,,https://github.com/notepad-plus-plus/notepad-plus-plus/releases/download/v8/npp.8.0.portable.x64.zip
8,github,x64,npp.8.0.portable.x64.zip,functionList/batch.xml,batch.xml,,1930,2020-10-27T03:29:08.986026+00:00,0ba94312e694ba6ddb313095678b7159,0faa0cf4df8a9569252e37de821a3e45a65f5c97,77eed9211cd8464482f0da3fac4c0f003c2b8a6d76f15445927e66400f102d60,N/A,N/A,,https://github.com/notepad-plus-plus/notepad-plus-plus/releases/download/v8/npp.8.0.portable.x64.zip
8,github,x64,npp.8.0.portable.x64.zip,autoCompletion/batch.xml,batch.xml,,3777,2021-02-06T02:57:44.503201+00:00,01e31d41e5cfb5d2b85c6aa0aabb0fff,6ffcbf31a35c8674536cc2a8a9de7d3f2d48ca38,c4025268b36bb02b2d25e5144d360f69cfc7dddcb3ac98cd2d588393b5cbd30d,N/A,N/A,,https://github.com/notepad-plus-plus/notepad-plus-plus/releases/download/v8/npp.8.0.portable.x64.zip
8,github,x64,npp.8.0.portable.x64.zip,localization/belarusian.xml,belarusian.xml,,101944,2021-05-15T20:55:04.773036+00:00,b1232e004b5d50a50187c013cf236917,77fe3395f3084184d574ad41dfd1cf139ca18c95,8858041d46786ef80ec3158a0c8c9f77f737e78460c7fb5b4fd869e4d88b31bc,N/A,N/A,,https://github.com/notepad-plus-plus/notepad-plus-plus/releases/download/v8/npp.8.0.portable.x64.zip
8,github,x64,npp.8.0.portable.x64.zip,localization/bengali.xml,bengali.xml,,69894,2020-05-31T09:57:18.863583+00:00,7fc3c507b1f1dfbd964eff8c990a7605,557b17f144cc2b4816bb2f65c8f27a999ec1f6a8,7906d96b6eee56ce202ac8f703205abf0a0407b32a148817c3b9fef52d44c4cd,N/A,N/A,,https://github.com/notepad-plus-plus/notepad-plus-plus/releases/download/v8/npp.8.0.portable.x64.zip
8,github,x64,npp.8.0.portable.x64.zip,themes/Bespin.xml,Bespin.xml,,92774,2021-02-06T02:57:44.779535+00:00,a8bbc446b637b4efd8040b075e187431,0fd14f515768cf7df5fd85f57edb316321c2ec2f,c477b0436a41c825e80ff8c44c285e3fecac985dbc36f048b8c62725d45e5d49,N/A,N/A,,https://github.com/notepad-plus-plus/notepad-plus-plus/releases/download/v8/npp.8.0.portable.x64.zip
8,github,x64,npp.8.0.portable.x64.zip,themes/Black board.xml,Black board.xml,,91140,2021-02-06T02:57:44.781552+00:00,478979176ab8517ae7e8fbeef68b4f2e,bda21a44ccfb998f6c4c87a619494bfa3a48e5e6,93319cfe003fac2ec858b2e8678016f6b88954692dc747348c3c248e9ab894ea,N/A,N/A,,https://github.com/notepad-plus-plus/notepad-plus-plus/releases/download/v8/npp.8.0.portable.x64.zip
8,github,x64,npp.8.0.portable.x64.zip,localization/bosnian.xml,bosnian.xml,,32084,2016-12-26T22:10:43.820980+00:00,6b036835ed9d1ee92cd9bd4c76f41bbd,faeb76f93f4228832c7cc952833c717f3614a38d,06ce39e85fc9acd72888da5871fae4d18aa2c5bb6a9fa0c9eca459cf0e949a63,N/A,N/A,,https://github.com/notepad-plus-plus/notepad-plus-plus/releases/download/v8/npp.8.0.portable.x64.zip
8,github,x64,npp.8.0.portable.x64.zip,localization/brazilian_portuguese.xml,brazilian_portuguese.xml,,81802,2021-05-15T20:55:04.775665+00:00,659037882ab4cf4f708da6d095aba6c3,cd4398e78f9d903ebada6ab463fdfe6500d05f83,9be5b81e42becb07994a8bc8696b15fb0736eaa8338a5864354ee6106d26cd13,N/A,N/A,,https://github.com/notepad-plus-plus/notepad-plus-plus/releases/download/v8/npp.8.0.portable.x64.zip
8,github,x64,npp.8.0.portable.x64.zip,localization/breton.xml,breton.xml,,82739,2021-05-15T20:55:04.779653+00:00,c732b3d6279c2539bfe78d664b250a1c,13f0318b3be76d56aa321bd9b14f5fe977dcbc3a,0cc61c777ab6e68149978f7e1c08fc33a780985676da705b0d5bcd57b335b369,N/A,N/A,,https://github.com/notepad-plus-plus/notepad-plus-plus/releases/download/v8/npp.8.0.portable.x64.zip
8,github,x64,npp.8.0.portable.x64.zip,localization/bulgarian.xml,bulgarian.xml,,110087,2021-06-03T12:28:23.788197+00:00,5c1d4d6eccb1b85815a38b7e8e8aa683,92f7fe794183e3819c59e0be6157946fd2ae69ae,5454a8d4604dd9394eb3c129958e926d4245ad70d7e764316fcce187123c1a0d,N/A,N/A,,https://github.com/notepad-plus-plus/notepad-plus-plus/releases/download/v8/npp.8.0.portable.x64.zip
8,github,x64,npp.8.0.portable.x64.zip,functionList/c.xml,c.xml,,4133,2020-10-27T03:29:08.987022+00:00,9aeb2c0dc00adaede0e06f24080f233e,b2fe11701a83da1b608b63b051b9073f4a194e4f,f3a7e5e59e883a3ef6c99967766a546d55dd7a767fadb9f4d433cedf0555e992,N/A,N/A,,https://github.com/notepad-plus-plus/notepad-plus-plus/releases/download/v8/npp.8.0.portable.x64.zip
8,github,x64,npp.8.0.portable.x64.zip,autoCompletion/c.xml,c.xml,,44386,2021-02-06T02:57:44.506196+00:00,2eaa4b8af356b86455f8aae63eb43340,e8224d0873a79c4e27ce96b739f0e154c9432287,35aadc7531e2332679c54306899a21fe3586b7203132cb5673b64915feb91bad,N/A,N/A,,https://github.com/notepad-plus-plus/notepad-plus-plus/releases/download/v8/npp.8.0.portable.x64.zip
8,github,x64,npp.8.0.portable.x64.zip,localization/catalan.xml,catalan.xml,,68727,2021-05-15T20:55:04.788629+00:00,fba5784c2fd64e9486a907e2e07fb5f8,48a5686529c7bd412b424627308fad87426f3d59,0aa431857ffa1d38cb6cc950a5f24d9cf4601b624fdb2181bddf8eb727e9fc38,N/A,N/A,,https://github.com/notepad-plus-plus/notepad-plus-plus/releases/download/v8/npp.8.0.portable.x64.zip
8,github,x64,npp.8.0.portable.x64.zip,change.log,change.log,,2768,2021-06-06T16:35:50.293046+00:00,814064aa064d6af8dfa48710b537ee10,6f8dc91e9c7694ff5d22f1104cfa64b37587d3ad,5effb6e7d0dbee030da9cf7d9bf9ce00a18c02589eea7b51a6f6e744b2bbec2c,N/A,N/A,,https://github.com/notepad-plus-plus/notepad-plus-plus/releases/download/v8/npp.8.0.portable.x64.zip
8,github,x64,npp.8.0.portable.x64.zip,localization/chineseSimplified.xml,chineseSimplified.xml,,90450,2021-05-15T20:55:04.791621+00:00,84c307638d72c60f077c852ff6fe7d16,b8c2b2ffa8fb6b29d42db5ad7968e1e0f8732c52,4043c5a87fb7f63c3282641974087b776680bdd47f92919898c0b88285e2114a,N/A,N/A,,https://github.com/notepad-plus-plus/notepad-plus-plus/releases/download/v8/npp.8.0.portable.x64.zip
8,github,x64,npp.8.0.portable.x64.zip,themes/Choco.xml,Choco.xml,,91451,2021-02-06T02:57:44.784149+00:00,1d779b0104ee9e33ea8c103d62296be4,7bf8e56a29bf58267bc3e6e196f9897392f75a27,9ad51dae67a78c04c5adc8fd4a94a0a4f54902e2448333ac3a79b2448c53d483,N/A,N/A,,https://github.com/notepad-plus-plus/notepad-plus-plus/releases/download/v8/npp.8.0.portable.x64.zip
8,github,x64,npp.8.0.portable.x64.zip,autoCompletion/cmake.xml,cmake.xml,,7884,2021-02-06T02:57:44.508188+00:00,4f983f57c1815f6b74ae78da2ea3c3ea,ccd8399d9f50bbe22e9b1f5e1b7b8fadc200f4f9,f902adc5faf041306b54d48914a5bc9c8d45057a4da431786aef451e2c39d1f7,N/A,N/A,,https://github.com/notepad-plus-plus/notepad-plus-plus/releases/download/v8/npp.8.0.portable.x64.zip
8,github,x64,npp.8.0.portable.x64.zip,functionList/cobol-free.xml,cobol-free.xml,,1772,2020-10-27T03:29:08.988020+00:00,0b82534cdd9ffec3e57d80ce95a49293,c07e6c127653b7d9604b3f53274d562d3084e19a,5639c845d56dedecd2cfdb082b734593b5d618a87f1bd8ec612a8b3f4245566a,N/A,N/A,,https://github.com/notepad-plus-plus/notepad-plus-plus/releases/download/v8/npp.8.0.portable.x64.zip
8,github,x64,npp.8.0.portable.x64.zip,functionList/cobol.xml,cobol.xml,,1368,2020-10-27T03:29:08.989017+00:00,42e52d6bcc674ecaca09feabf0c46dc2,fab3e864a8f51497e9febfe1c47c9058ddd7b137,057784451e3442f381f6a8af931a7050f88d19bda6bc939d37607532a353da1c,N/A,N/A,,https://github.com/notepad-plus-plus/notepad-plus-plus/releases/download/v8/npp.8.0.portable.x64.zip
8,github,x64,npp.8.0.portable.x64.zip,autoCompletion/cobol.xml,cobol.xml,,47435,2021-02-06T02:57:44.511181+00:00,14a6c0b65978315cd52c54c3fcf1e96a,a7a2e4a2e3a3671ae2d663f833ffe0f835391745,5b59b5e1a453df08761332ed75ba5abb027716911cf88fca0fe25985ceec2e17,N/A,N/A,,https://github.com/notepad-plus-plus/notepad-plus-plus/releases/download/v8/npp.8.0.portable.x64.zip
8,github,x64,npp.8.0.portable.x64.zip,autoCompletion/coffee.xml,coffee.xml,,1503,2021-02-06T02:57:44.513585+00:00,28e3f4b13cf33fbfe47e71611ee8d45e,820858ce39f6eacc44a141c23b457520294d1806,2fc2a95486f8f06adf471429cff3b55d0ec5d3797235692e1da558b558141c2a,N/A,N/A,,https://github.com/notepad-plus-plus/notepad-plus-plus/releases/download/v8/npp.8.0.portable.x64.zip
8,github,x64,npp.8.0.portable.x64.zip,config.xml,config.xml,,5107,2021-02-06T02:57:45.188626+00:00,464f9d5abaf898ea16459eb5a31a35c8,4c9e2f8849f5cc14b1f833ef9aa667fe6a027784,abdaddc1d7ba9f3ff443ba93088ff47af79534a5c33c235f47f94e1f01cfb331,N/A,N/A,,https://github.com/notepad-plus-plus/notepad-plus-plus/releases/download/v8/npp.8.0.portable.x64.zip
8,github,x64,npp.8.0.portable.x64.zip,contextMenu.xml,contextMenu.xml,,3919,2021-04-17T16:47:53.824728+00:00,50ee50c8d2f16c8121ce788f5047b9d7,6443c68a786d0f4a8e0e318b2c76016878aee57c,e30c0bd332a1186c694fb84e0fdadbebb6aebf899ed40aa976b9f598273cc48d,N/A,N/A,,https://github.com/notepad-plus-plus/notepad-plus-plus/releases/download/v8/npp.8.0.portable.x64.zip
8,github,x64,npp.8.0.portable.x64.zip,localization/corsican.xml,corsican.xml,,105603,2021-06-03T12:28:23.790192+00:00,17003eaadbc190c4e760db221485e103,016ebc2c1a56af6cf1fc6606b35dddc622f91573,83666868d025f0732242a1aeecc74d1e1c364748f64d0dad97579d4c8cf3073d,N/A,N/A,,https://github.com/notepad-plus-plus/notepad-plus-plus/releases/download/v8/npp.8.0.portable.x64.zip
8,github,x64,npp.8.0.portable.x64.zip,functionList/cpp.xml,cpp.xml,,18515,2020-10-27T03:29:08.990016+00:00,c794bb828625f83122e89b24bbc5f0c8,5b7d579ce72746284dcd1c71e7751cc32ae06c01,40cf1af5650b699a947899d2b43a00dcb64cdeaf080651c82a7930910c1c03f4,N/A,N/A,,https://github.com/notepad-plus-plus/notepad-plus-plus/releases/download/v8/npp.8.0.portable.x64.zip
8,github,x64,npp.8.0.portable.x64.zip,autoCompletion/cpp.xml,cpp.xml,,61526,2021-02-06T02:57:44.516168+00:00,96b467677841b3067cc07c63c687ba4e,1971ddd33d802ef77e45d7a858d1d5b32060f7a3,28add87d67b1b542bdeeeeb45ad1528c3f28e4e56c40367e869b717c5f44be49,N/A,N/A,,https://github.com/notepad-plus-plus/notepad-plus-plus/releases/download/v8/npp.8.0.portable.x64.zip
8,github,x64,npp.8.0.portable.x64.zip,localization/croatian.xml,croatian.xml,,100941,2021-05-15T20:55:04.796996+00:00,0170effc3d2bf62c66e4bece1bd9529e,2cc56763bcfc2b4838bd5518973e01db8599fe8a,74896b61dc983f88eaf73c8cd05ecf903c94e8bdfc96dd23ed385cb9a1f6901b,N/A,N/A,,https://github.com/notepad-plus-plus/notepad-plus-plus/releases/download/v8/npp.8.0.portable.x64.zip
8,github,x64,npp.8.0.portable.x64.zip,functionList/cs.xml,cs.xml,,1834,2020-10-27T03:29:08.991012+00:00,0f35ee0cb20a383942b7ea9a0dc91b61,2770947a577f53c16f25b36ba30e6f94fb0e8209,59345c006cd9bde5ef532aae1f119758d45030993181c272bb0dd6fc0c5d01e5,N/A,N/A,,https://github.com/notepad-plus-plus/notepad-plus-plus/releases/download/v8/npp.8.0.portable.x64.zip
8,github,x64,npp.8.0.portable.x64.zip,autoCompletion/cs.xml,cs.xml,,33861,2021-02-06T02:57:44.518721+00:00,ec8c58e0d38c66fb1a2bc3a3c6c296d8,ad050cfc75e9712109b72d1f23d67bd9a8959f8c,95251b18e87d571e4bfc11b130772447e09461d4f0788e820939da776176e0a4,N/A,N/A,,https://github.com/notepad-plus-plus/notepad-plus-plus/releases/download/v8/npp.8.0.portable.x64.zip
8,github,x64,npp.8.0.portable.x64.zip,autoCompletion/css.xml,css.xml,,11515,2021-02-06T02:57:44.521309+00:00,64dabdc0a5648e812e85753a9525644b,50876b7deb96c121fbde72ea94774c053ef5e457,1ce87ddfd55e689461791ce1f2373a38d73e57035725e9cc43d69d5a8ef43adf,N/A,N/A,,https://github.com/notepad-plus-plus/notepad-plus-plus/releases/download/v8/npp.8.0.portable.x64.zip
8,github,x64,npp.8.0.portable.x64.zip,localization/czech.xml,czech.xml,,88185,2021-05-14T11:01:03.845736+00:00,1b7e6c896ad37fd208157567d681ab37,f194f495caf291ba41232097cec25f7ff7ae8dbf,2f0ba49d44703d557bdcc468c4fa1293ea97a0db0034a914ca096f6c432cb8a5,N/A,N/A,,https://github.com/notepad-plus-plus/notepad-plus-plus/releases/download/v8/npp.8.0.portable.x64.zip
8,github,x64,npp.8.0.portable.x64.zip,localization/danish.xml,danish.xml,,86584,2021-05-15T20:55:04.799612+00:00,84c4f6e832fc062a6bbb768bf19e0ee5,44b0cf84e265851767172435267a73f7e05006e8,f2ba6833ad372ed0a7095da552a1ee4bb37b5c53362aa81e25905d3145a215a1,N/A,N/A,,https://github.com/notepad-plus-plus/notepad-plus-plus/releases/download/v8/npp.8.0.portable.x64.zip
8,github,x64,npp.8.0.portable.x64.zip,themes/DansLeRuSH-Dark.xml,DansLeRuSH-Dark.xml,,109871,2021-02-06T02:57:44.786444+00:00,52659d432fef1f94f29454165d4b251f,3ee91a1be14a545bc645ad945aaca4cac3043edb,9e4e8b753b943304d3885efc68c6cb4603c813c1aecbb8db967a7504b814a9d1,N/A,N/A,,https://github.com/notepad-plus-plus/notepad-plus-plus/releases/download/v8/npp.8.0.portable.x64.zip
8,github,x64,npp.8.0.portable.x64.zip,themes/DarkModeDefault.xml,DarkModeDefault.xml,,166735,2021-05-14T11:01:03.884035+00:00,6d0f68f607198d62173a10c50b77fc10,101744ea97b7964b3be7a6f6ba8bdce904bde364,6138ed0e4ca7b83f905baf574dfb9b0b59261e1146e21f55ac3c6e9d5cd90bf5,N/A,N/A,,https://github.com/notepad-plus-plus/notepad-plus-plus/releases/download/v8/npp.8.0.portable.x64.zip
8,github,x64,npp.8.0.portable.x64.zip,themes/Deep Black.xml,Deep Black.xml,,90076,2021-02-06T02:57:44.788439+00:00,02a33d4d0cb9c61f93dd4ea849ecb14f,5905769498ae32a32f5fdb1dcbf0fca97d7d3eca,4faac9346f9e190be23bc3a41c61178c34a8ab57b69099e8de79ca235b15323a,N/A,N/A,,https://github.com/notepad-plus-plus/notepad-plus-plus/releases/download/v8/npp.8.0.portable.x64.zip
8,github,x64,npp.8.0.portable.x64.zip,doLocalConf.xml,doLocalConf.xml,,0,2017-08-16T07:23:53.663879+00:00,d41d8cd98f00b204e9800998ecf8427e,da39a3ee5e6b4b0d3255bfef95601890afd80709,e3b0c44298fc1c149afbf4c8996fb92427ae41e4649b934ca495991b7852b855,N/A,N/A,,https://github.com/notepad-plus-plus/notepad-plus-plus/releases/download/v8/npp.8.0.portable.x64.zip
8,github,x64,npp.8.0.portable.x64.zip,localization/dutch.xml,dutch.xml,,98600,2021-06-03T12:28:23.793185+00:00,22314aedafb3f2e55fe5c807ac368a2e,f595b435da9adad5413e09f0fe2abe9dac41c013,c43bdd5fb163a068a675613ee1615dc672f4d99f6ad8d04dd73948b72ea34a56,N/A,N/A,,https://github.com/notepad-plus-plus/notepad-plus-plus/releases/download/v8/npp.8.0.portable.x64.zip
8,github,x64,npp.8.0.portable.x64.zip,localization/english.xml,english.xml,,93692,2021-06-03T12:28:23.795178+00:00,4721340135291457a8ee76eff22f1d4a,aec76bb4b2d5e89b225d798445567c4c384c7a18,db1620e8014233f6b90861f13574b739a7da9d3788d22df9d346279c64f23e26,N/A,N/A,,https://github.com/notepad-plus-plus/notepad-plus-plus/releases/download/v8/npp.8.0.portable.x64.zip
8,github,x64,npp.8.0.portable.x64.zip,localization/english_customizable.xml,english_customizable.xml,,93568,2021-05-18T20:13:43.938670+00:00,215b806e3b76d22d585cc3ac3edd524c,5ceabe197fc6da5755e3766a154aae4334b309c4,9fa9b5fa34a74d4475dc039f975ae0d879d32409f8be677bcf6f4b9d5866489d,N/A,N/A,,https://github.com/notepad-plus-plus/notepad-plus-plus/releases/download/v8/npp.8.0.portable.x64.zip
8,github,x64,npp.8.0.portable.x64.zip,localization/esperanto.xml,esperanto.xml,,48286,2020-01-12T13:43:01.405147+00:00,49f94b0b12fd87e9aae7e0a17509c5ad,c8356fc2299e08c7597b815fef66772e66cfe5cf,7a84d2e2472b2ad7786e1963af3616d2330a857a85af16615612042ec410547e,N/A,N/A,,https://github.com/notepad-plus-plus/notepad-plus-plus/releases/download/v8/npp.8.0.portable.x64.zip
8,github,x64,npp.8.0.portable.x64.zip,localization/estonian.xml,estonian.xml,,60643,2021-05-15T20:55:04.809574+00:00,b8d207d2af974a53df2757cd4977f01b,9025924fb7094192d254b0183269134dca7a5d11,d18a620ea786420f0e69c10df2d3981254a5edd29abcab674cf915e98a860801,N/A,N/A,,https://github.com/notepad-plus-plus/notepad-plus-plus/releases/download/v8/npp.8.0.portable.x64.zip
8,github,x64,npp.8.0.portable.x64.zip,localization/extremaduran.xml,extremaduran.xml,,25399,2016-12-26T22:10:43.910594+00:00,896b0f1f0854f3bcc23a80c99dcebd47,ee5d3a7de7503e18b2929d96dc164dd0671a841d,87e0372bfd2b84316adf2c7d3130fcf2415a96ec2c8bcd5da6f1a8a3a807c8d2,N/A,N/A,,https://github.com/notepad-plus-plus/notepad-plus-plus/releases/download/v8/npp.8.0.portable.x64.zip
8,github,x64,npp.8.0.portable.x64.zip,localization/farsi.xml,farsi.xml,,65703,2021-05-15T20:55:04.812649+00:00,44e17fd524df05d8720598b2879e386a,bae71fc18928a4815743c95ddff178be1219ebc5,e7111bd3f7700dca9828d4deb6a7f93d64845b43f4e754cd79ef8d47225f3037,N/A,N/A,,https://github.com/notepad-plus-plus/notepad-plus-plus/releases/download/v8/npp.8.0.portable.x64.zip
8,github,x64,npp.8.0.portable.x64.zip,localization/finnish.xml,finnish.xml,,69344,2021-05-15T20:55:04.816555+00:00,fa44a74f56351a8bd18b5e7a70c7ebf7,7b3d90ef7ef098c37840e7d59e9a94c619d2535a,085abe6341b90ceb7690d79032a1e0f3bd909c78227b9e197be2716fc9316e17,N/A,N/A,,https://github.com/notepad-plus-plus/notepad-plus-plus/releases/download/v8/npp.8.0.portable.x64.zip
8,github,x64,npp.8.0.portable.x64.zip,functionList/fortran.xml,fortran.xml,,1998,2021-04-17T16:47:53.731974+00:00,24efe929c0a64d0728082696eae24e47,8bb52b350a31b26750b5576196de4e1901580ec7,5b324fb16c96737c266d4fec05476017c8547e3f59a16bebcbac0086ed4ae14b,N/A,N/A,,https://github.com/notepad-plus-plus/notepad-plus-plus/releases/download/v8/npp.8.0.portable.x64.zip
8,github,x64,npp.8.0.portable.x64.zip,functionList/fortran77.xml,fortran77.xml,,1618,2021-04-17T16:47:53.732974+00:00,1ced186652b31449fa28912b79449e55,efa4be5ca2d47d70fc839b5cbbd6e313d5f31884,355a07e657b68f84494b95119c4bec782d27af25c6b396eb1bdf61b387c55bda,N/A,N/A,,https://github.com/notepad-plus-plus/notepad-plus-plus/releases/download/v8/npp.8.0.portable.x64.zip
8,github,x64,npp.8.0.portable.x64.zip,localization/french.xml,french.xml,,95436,2021-05-15T20:55:04.819547+00:00,70c7d3148ca91634d804be8c42a268ce,d016592f63be6590f303043d399f46c75ff644be,1794eba6af42ce807b6feda2099fca572fa48e23e8952f288d6975c3ef9f84a2,N/A,N/A,,https://github.com/notepad-plus-plus/notepad-plus-plus/releases/download/v8/npp.8.0.portable.x64.zip
8,github,x64,npp.8.0.portable.x64.zip,localization/friulian.xml,friulian.xml,,34362,2017-08-20T17:40:40.917620+00:00,6d4c069b4c4517f68657be1641bec299,cc5384f29594b19822a805f8d5888ff328e169a1,d4ffe0a2b5e35fede7e6244be9823e1e946c60db1635e6d3f753e6df938e4b3d,N/A,N/A,,https://github.com/notepad-plus-plus/notepad-plus-plus/releases/download/v8/npp.8.0.portable.x64.zip
8,github,x64,npp.8.0.portable.x64.zip,localization/galician.xml,galician.xml,,25339,2016-12-26T22:10:43.936632+00:00,191cc6b7ed37fad274f985d7329bd048,a8b7750901614323318923833a2fb7ac021e8c34,89a20e547d17b1006698cd35fbad772403033420808c8299206a8e299961d83e,N/A,N/A,,https://github.com/notepad-plus-plus/notepad-plus-plus/releases/download/v8/npp.8.0.portable.x64.zip
8,github,x64,npp.8.0.portable.x64.zip,localization/georgian.xml,georgian.xml,,60005,2017-08-20T17:40:40.935670+00:00,cada78594c9838103c479dbda55c9e05,7cdc3fd1b8a7ede96101badacf68281e3432bfbb,b319b96cb4eece88c0cf88b557ce56ce5abe85bdf0a6a1007b64310a708a6572,N/A,N/A,,https://github.com/notepad-plus-plus/notepad-plus-plus/releases/download/v8/npp.8.0.portable.x64.zip
8,github,x64,npp.8.0.portable.x64.zip,localization/german.xml,german.xml,,80514,2021-05-15T20:55:04.823862+00:00,1bb39c97049c23b0a69ec75e4c893f91,73e6f73490f08ec4abf60cc7918a71e86966dfab,8a526ffadf34c34cb6825d928505fc1c292df6110411c97599c0d391c5f679a1,N/A,N/A,,https://github.com/notepad-plus-plus/notepad-plus-plus/releases/download/v8/npp.8.0.portable.x64.zip
8,github,x64,npp.8.0.portable.x64.zip,localization/greek.xml,greek.xml,,104474,2021-06-03T12:28:23.797174+00:00,cf7abbe63252ec741479dee35774807b,80ea01bcf9f0e5bd69244b513ccb8f57f96e316c,9dbc07059f0037c5b114487b9a259d631589a37c70bf1bc6115405649429861c,N/A,N/A,,https://github.com/notepad-plus-plus/notepad-plus-plus/releases/download/v8/npp.8.0.portable.x64.zip
8,github,x64,npp.8.0.portable.x64.zip,localization/gujarati.xml,gujarati.xml,,69663,2020-05-31T09:57:18.882532+00:00,7fc20c4adbdc66c21775a870387769b2,34ee8fc4001645bdeab1427ed8f33a01d2d081ca,efcce0e0c6fe01a7d40cae0a239d85ec3c06e9a7c5dd9adc23825eae2dbf30b3,N/A,N/A,,https://github.com/notepad-plus-plus/notepad-plus-plus/releases/download/v8/npp.8.0.portable.x64.zip
8,github,x64,npp.8.0.portable.x64.zip,updater/GUP.exe,GUP.exe,,965032,2021-06-06T16:48:58.624627+00:00,e21024bb2fc6eef5414938e35d21bc36,80d1b8537c5ec714d855008e2dbbffec8c52a8bf,ff707a7580b52552b44102908e9e15e48cd7e129a03801cf710b4d5400b694d8,N/A,N/A,,https://github.com/notepad-plus-plus/notepad-plus-plus/releases/download/v8/npp.8.0.portable.x64.zip
8,github,x64,npp.8.0.portable.x64.zip,updater/gup.xml,gup.xml,,4267,2018-12-27T00:44:15.868335+00:00,b023cc4d768b34a5401f317479740a53,4ca45db707b120bca9cb6cd8404b9e6ecabdb2d2,d3e6404c7286961cbab82d4c49f82bcb166db9b5a13eacaa0eeb59a0709a0c14,N/A,N/A,,https://github.com/notepad-plus-plus/notepad-plus-plus/releases/download/v8/npp.8.0.portable.x64.zip
8,github,x64,npp.8.0.portable.x64.zip,functionList/haskell.xml,haskell.xml,,2475,2021-04-17T16:47:53.733969+00:00,39f92a5a4c65c9ebf93e23f517ec0ac9,0a87cae9a01c68f1c6b955d221e8bb975ff13fcd,e163c2dc738f1df1d4029ca9f2af7309da19e4ad4eefac1212bbba6fa0167ad4,N/A,N/A,,https://github.com/notepad-plus-plus/notepad-plus-plus/releases/download/v8/npp.8.0.portable.x64.zip
8,github,x64,npp.8.0.portable.x64.zip,localization/hebrew.xml,hebrew.xml,,22740,2018-12-09T18:22:22.918496+00:00,07c8ebe76b6352401c0e9c84956d727f,fb14d93db71d0d4b3f25c275fc57d615ce7446c4,58585868a8164b247c53ad3646076e3404a4fd854ee3632ca9841c1ba3d210d6,N/A,N/A,,https://github.com/notepad-plus-plus/notepad-plus-plus/releases/download/v8/npp.8.0.portable.x64.zip
8,github,x64,npp.8.0.portable.x64.zip,themes/Hello Kitty.xml,Hello Kitty.xml,,90003,2021-02-06T02:57:44.790562+00:00,440f1754c493214c970457fd8bb90601,fb6e530fa6180e0fb2be35574ce7f6666ee7b6cf,9e82a82618fe052bf5ce97752001b966da68d5599e6fba3031f2807de420f896,N/A,N/A,,https://github.com/notepad-plus-plus/notepad-plus-plus/releases/download/v8/npp.8.0.portable.x64.zip
8,github,x64,npp.8.0.portable.x64.zip,localization/hindi.xml,hindi.xml,,101926,2021-05-15T20:55:04.827692+00:00,b5857e80af0743018276e7a89b16f3c0,766f407f0f5cf20b8c1ec2fe225d6abaa7af323d,d25ed21d8a40215b31e762bc08e3133e11afd4df68d2f88894ba6f4805a1fe79,N/A,N/A,,https://github.com/notepad-plus-plus/notepad-plus-plus/releases/download/v8/npp.8.0.portable.x64.zip
8,github,x64,npp.8.0.portable.x64.zip,localization/hongKongCantonese.xml,hongKongCantonese.xml,,95770,2021-06-03T12:28:23.799167+00:00,e2fcc2bb0386d15273a4e9b944235f5f,80ffbf58fe441e88597a3d39fc5efdcbb453b255,a7e1f78de9519fddcac6fc4c38abf99f27ce17018353450bfe4b2dcd4c0fc8f2,N/A,N/A,,https://github.com/notepad-plus-plus/notepad-plus-plus/releases/download/v8/npp.8.0.portable.x64.zip
8,github,x64,npp.8.0.portable.x64.zip,themes/HotFudgeSundae.xml,HotFudgeSundae.xml,,110487,2021-02-06T02:57:44.792649+00:00,8af4695773d5de3e50564cc60afd5027,5db749e5d008fa8331186743c0d47ba907e6abe0,375d6c3818f17edbe41e0a14061f8f07941a617222f7bf6e44a5a0cdb58c9afe,N/A,N/A,,https://github.com/notepad-plus-plus/notepad-plus-plus/releases/download/v8/npp.8.0.portable.x64.zip
8,github,x64,npp.8.0.portable.x64.zip,autoCompletion/html.xml,html.xml,,19490,2021-02-06T02:57:44.523148+00:00,83f7d0f14d6cd73474f0f409950b354a,9e86874a1f691f71d977e2f3aeb77170439465f5,faceb73d447eb8354e84a6ae96b4e354375f2db795756f3003a430b3e2ea66e8,N/A,N/A,,https://github.com/notepad-plus-plus/notepad-plus-plus/releases/download/v8/npp.8.0.portable.x64.zip
8,github,x64,npp.8.0.portable.x64.zip,localization/hungarian.xml,hungarian.xml,,84326,2021-05-15T20:55:04.838498+00:00,ec20dc510d4eaf0b761dbcb6d23d1393,7766f85f04d4e73bd0a7c3ab93f5c9ce39a7988a,9bc7df9113a979b1161a48e85958ef677ad303f2868b602cf7eb5f90c3a349da,N/A,N/A,,https://github.com/notepad-plus-plus/notepad-plus-plus/releases/download/v8/npp.8.0.portable.x64.zip
8,github,x64,npp.8.0.portable.x64.zip,localization/indonesian.xml,indonesian.xml,,63989,2021-05-15T20:55:04.843483+00:00,53f2a422f3264a8c2538eb62954a59b6,f8dc1dae3612b6b10ce8709c61051413554eeb6b,ea9c8a7b44f8e3691799ae440ef4e1e7f19e770354a163b1236fb11e803015fa,N/A,N/A,,https://github.com/notepad-plus-plus/notepad-plus-plus/releases/download/v8/npp.8.0.portable.x64.zip
8,github,x64,npp.8.0.portable.x64.zip,functionList/ini.xml,ini.xml,,952,2020-10-27T03:29:08.992010+00:00,005c5fe001e12b5b0a7f8dee285d71fb,02a29fbbbfdf2166496021920e568b610395cd6e,11acf49eb9f3cb68fa7a3bb8568cef2eb0f125700c8edcbcd108b5810761770f,N/A,N/A,,https://github.com/notepad-plus-plus/notepad-plus-plus/releases/download/v8/npp.8.0.portable.x64.zip
8,github,x64,npp.8.0.portable.x64.zip,functionList/inno.xml,inno.xml,,4404,2020-10-27T03:29:08.992010+00:00,ab1e90d098b886e9f098d7c4c82efb9a,d74449a5b6b2a87d7e5564770edfb609df6806fd,0162159b64eb092f94964faf937f263fb9947b25d40e0d82bd3224d136a140de,N/A,N/A,,https://github.com/notepad-plus-plus/notepad-plus-plus/releases/download/v8/npp.8.0.portable.x64.zip
8,github,x64,npp.8.0.portable.x64.zip,localization/irish.xml,irish.xml,,85008,2021-05-15T20:55:04.850466+00:00,5a3eb4f9cab6ec3bec40d5a683d0fd6b,242d9a7f66c7ae8956d1697f2b34fdd1817488b2,55cb1860023e4182da505e1cffc4eb7d9efdf4062e0e1b2d6320b73abc366dc0,N/A,N/A,,https://github.com/notepad-plus-plus/notepad-plus-plus/releases/download/v8/npp.8.0.portable.x64.zip
8,github,x64,npp.8.0.portable.x64.zip,localization/italian.xml,italian.xml,,93636,2021-05-15T20:55:04.854454+00:00,2dee006fe24c72fa343b88c19b0fd384,d661da649c003d04c449537ac1c55892080d0c64,1dbd12b6ce20bef97864188ceee5f07f414f9c9a0b1d38c8a568825d30671176,N/A,N/A,,https://github.com/notepad-plus-plus/notepad-plus-plus/releases/download/v8/npp.8.0.portable.x64.zip
8,github,x64,npp.8.0.portable.x64.zip,localization/japanese.xml,japanese.xml,,102810,2021-06-03T12:28:23.800165+00:00,50910b5785eefb406d17fcbdd6e3f479,05dee50294a47062b937184fcb1cd94dbf434138,28d556f4bddb80c83bfc7fa7092590144158f27adba65fde99f261c214cf97ce,N/A,N/A,,https://github.com/notepad-plus-plus/notepad-plus-plus/releases/download/v8/npp.8.0.portable.x64.zip
8,github,x64,npp.8.0.portable.x64.zip,functionList/java.xml,java.xml,,9331,2020-10-27T03:29:08.993007+00:00,e5a76a3287909497f328b0f12cf5ce89,a432976d922c00717386fafc3290cf251c8e7182,2487221a75a52b4f8aa6d2e62f1c0a55a5cd5240b1cb7aafa66fbb2042590b06,N/A,N/A,,https://github.com/notepad-plus-plus/notepad-plus-plus/releases/download/v8/npp.8.0.portable.x64.zip
8,github,x64,npp.8.0.portable.x64.zip,autoCompletion/java.xml,java.xml,,205359,2021-02-06T02:57:44.528478+00:00,1ce78a369cff97a0aa6ada78bf65a6d3,d04ba700b097732f152899c998d53d9a9a857b70,18d4506cbd6c04e33b948b1824662efc432a89e83e18abffb78043a2121f5580,N/A,N/A,,https://github.com/notepad-plus-plus/notepad-plus-plus/releases/download/v8/npp.8.0.portable.x64.zip
8,github,x64,npp.8.0.portable.x64.zip,functionList/javascript.js.xml,javascript.js.xml,,1146,2020-10-27T03:29:08.994004+00:00,76bfe910efe1727e4afc3680cca62773,9e05e76ab53ee66aa26cfe6726db6e81c9a3bd62,7c68f28c6995f47dd77596bab28c6b4388ff93840c3becfd37733ddb640cd0cd,N/A,N/A,,https://github.com/notepad-plus-plus/notepad-plus-plus/releases/download/v8/npp.8.0.portable.x64.zip
8,github,x64,npp.8.0.portable.x64.zip,autoCompletion/javascript.xml,javascript.xml,,23348,2021-02-06T02:57:44.531126+00:00,c7cae93b5f9356400d166911bcd0717b,e5d3dc09f45d7ec6a88f9af28c7c9faf055ea804,6ee58a91cba2473554c9d20fb18ddb69b465f1e7bf2e9e1efe8e7b726bac327c,N/A,N/A,,https://github.com/notepad-plus-plus/notepad-plus-plus/releases/download/v8/npp.8.0.portable.x64.zip
8,github,x64,npp.8.0.portable.x64.zip,localization/kabyle.xml,kabyle.xml,,50323,2020-05-31T09:57:18.887519+00:00,1d46146ccf999ede311f951828181eac,f27e955e2f1b819b06bbe1e7e9ecc6b83c49bd23,56d9177dc22aa9945085510cb540000200896a46654f60ff27daa4f4e9bcf378,N/A,N/A,,https://github.com/notepad-plus-plus/notepad-plus-plus/releases/download/v8/npp.8.0.portable.x64.zip
8,github,x64,npp.8.0.portable.x64.zip,localization/kannada.xml,kannada.xml,,74455,2020-05-31T09:57:18.888516+00:00,9f704e219f869165d3779ad6a221e804,40277c057304e603bd74a6ab4c2deb62b5721c7c,d1bbee48ebe8378c0cd3b2dd96134134d7fbc6020fb68ff5689be62ac41d6464,N/A,N/A,,https://github.com/notepad-plus-plus/notepad-plus-plus/releases/download/v8/npp.8.0.portable.x64.zip
8,github,x64,npp.8.0.portable.x64.zip,localization/kazakh.xml,kazakh.xml,,33030,2021-03-18T18:28:21.391259+00:00,cef567a83b071655a30fe3d6841399fa,ac71543e6c69653a9ebdf0edacd32825b868842a,6db85b99cbf208c9ff4cba47ac175305f21f96ff101f5f0676d950d2cc9081c6,N/A,N/A,,https://github.com/notepad-plus-plus/notepad-plus-plus/releases/download/v8/npp.8.0.portable.x64.zip
8,github,x64,npp.8.0.portable.x64.zip,themes/khaki.xml,khaki.xml,,108169,2021-02-06T02:57:44.821349+00:00,ad1d0954bf9068c093d427c011f198de,a91148c968f34646046286af45ad86eb39cd78ab,9af962a4aa2271418881b9117ee61ba341984210c02c3a01e9ad4cc3089f6637,N/A,N/A,,https://github.com/notepad-plus-plus/notepad-plus-plus/releases/download/v8/npp.8.0.portable.x64.zip
8,github,x64,npp.8.0.portable.x64.zip,localization/korean.xml,korean.xml,,76912,2021-05-15T20:55:04.861434+00:00,9211b3e0720327ac0a6fe83fd98f38b5,00f66f51c56e370afcedb9522f5e971a5f066430,cf71d19990acd4985fe76ff45755eba060017e177aca63b5ff6c04957763b9fd,N/A,N/A,,https://github.com/notepad-plus-plus/notepad-plus-plus/releases/download/v8/npp.8.0.portable.x64.zip
8,github,x64,npp.8.0.portable.x64.zip,functionList/krl.xml,krl.xml,,3037,2020-10-27T03:29:08.994004+00:00,2b3193bd7b701acaab61a9b18a349ea5,56f8de4bd5ea8798f06ebd9ba6c8159cc66b287d,c158322bd963d2a68ffc878d72213a7394d8c16de72279771ffc924365eec0df,N/A,N/A,,https://github.com/notepad-plus-plus/notepad-plus-plus/releases/download/v8/npp.8.0.portable.x64.zip
8,github,x64,npp.8.0.portable.x64.zip,localization/kurdish.xml,kurdish.xml,,62678,2021-05-15T20:55:04.863663+00:00,b3fc582020bd8c75d7f982f4798bdbbd,29f3b1ca99deb40ad6def82608926321e87abbcb,43455f6b7e659e4c94ee144fc55e53036c844037cad82a074b5728a359203b89,N/A,N/A,,https://github.com/notepad-plus-plus/notepad-plus-plus/releases/download/v8/npp.8.0.portable.x64.zip
8,github,x64,npp.8.0.portable.x64.zip,localization/kyrgyz.xml,kyrgyz.xml,,38731,2017-08-20T17:40:41.099834+00:00,ad3a31d477ad1e09dc3f6911c1f50d1e,cefc20836cbc0e78eb0291948eadbdf09b21a838,4964c0b9f36b7fec44ec0805ba153d88293311cd703680719187cdaa68fbd090,N/A,N/A,,https://github.com/notepad-plus-plus/notepad-plus-plus/releases/download/v8/npp.8.0.portable.x64.zip
8,github,x64,npp.8.0.portable.x64.zip,langs.model.xml,langs.model.xml,,344225,2021-05-14T11:01:04.218175+00:00,72f3f593344d5d253f98fbf01a85036c,f75313d2c4368c0ff69fe5c0a9adc8ba1cd12c7d,aea280f48f7882eb547817ea04e015d01d22ed32edccf146b7dc526c03f506a1,N/A,N/A,,https://github.com/notepad-plus-plus/notepad-plus-plus/releases/download/v8/npp.8.0.portable.x64.zip
8,github,x64,npp.8.0.portable.x64.zip,localization/latvian.xml,latvian.xml,,46317,2020-01-12T13:43:01.442049+00:00,5bdd886ac6fcbe6d922b9616f86a729f,97b5ba6af3683e41457c89534909a20eee997809,fc76ab3cbfe4a96f02531236b7c0b16cf4749fbb2ac0f378149347ae625a3708,N/A,N/A,,https://github.com/notepad-plus-plus/notepad-plus-plus/releases/download/v8/npp.8.0.portable.x64.zip
8,github,x64,npp.8.0.portable.x64.zip,updater/libcurl.dll,libcurl.dll,,557992,2021-06-06T16:49:06.352365+00:00,559c143999457546b91e6de9cb6b91ee,41b8fdaf492e7ff37c94be6ccc96860cd5134d7d,7c6b6c08723b68ee8ae50812c988d3ed3579a8c3dcbe74e16a9213771be34d0d,N/A,N/A,,https://github.com/notepad-plus-plus/notepad-plus-plus/releases/download/v8/npp.8.0.portable.x64.zip
8,github,x64,npp.8.0.portable.x64.zip,updater/LICENSE,LICENSE,,7804,2018-12-27T00:44:16.015949+00:00,8e3494bf8cf1967afd3b1016fbbe5bb0,b1608abb6e19ef60f4b9c52f6e05bf81cc97d0c2,319917f5ccd09878db6f67c9a77dee846055644ca49eb535628b9e020a87261e,N/A,N/A,,https://github.com/notepad-plus-plus/notepad-plus-plus/releases/download/v8/npp.8.0.portable.x64.zip
8,github,x64,npp.8.0.portable.x64.zip,license.txt,license.txt,,35663,2021-02-06T02:57:44.460317+00:00,16871739f1c1b2e562f522a60e6c218f,151386821ad471892bf099ebf8197adeee1c4d29,afe980345a1e845fb7e372639205cc57e6902a2505c114dc1bcbcd56119f3413,N/A,N/A,,https://github.com/notepad-plus-plus/notepad-plus-plus/releases/download/v8/npp.8.0.portable.x64.zip
8,github,x64,npp.8.0.portable.x64.zip,localization/ligurian.xml,ligurian.xml,,34480,2017-08-20T17:40:41.121866+00:00,58a86031153e6bd8ae1ad5bf80fcc894,656cedf73e8d40797a43980fd1801f6501b036c4,5fad85ea1c785dca218106e2b409c20b3cb103e8cdc87c542aae5d630599c33b,N/A,N/A,,https://github.com/notepad-plus-plus/notepad-plus-plus/releases/download/v8/npp.8.0.portable.x64.zip
8,github,x64,npp.8.0.portable.x64.zip,autoCompletion/lisp.xml,lisp.xml,,17231,2021-02-06T02:57:44.533724+00:00,2342b76218146563f7cb762ff1a4c03d,9bd08e072b9f401edffb482ff22bcedb444f8165,7dee0ce72cf218da91221c2be184bd22ba16b120396aa1f209583fc9f62fd8bf,N/A,N/A,,https://github.com/notepad-plus-plus/notepad-plus-plus/releases/download/v8/npp.8.0.portable.x64.zip
8,github,x64,npp.8.0.portable.x64.zip,localization/lithuanian.xml,lithuanian.xml,,76720,2021-05-15T20:55:04.866791+00:00,f82686ed79384fec00f33ff98f993720,a841107e5066f87c5b78148b4d2caf8a255be8ab,55b4956b4764f734bcb7b8c62f7fb3ba601a0bf087dba66698fa1e174483bb79,N/A,N/A,,https://github.com/notepad-plus-plus/notepad-plus-plus/releases/download/v8/npp.8.0.portable.x64.zip
8,github,x64,npp.8.0.portable.x64.zip,autoCompletion/lua.xml,lua.xml,,90483,2021-02-06T02:57:44.537110+00:00,810918f09e228f768a037223b5dbc505,ee00f44a913591959cbbde9e8ae0b6871f81cd8a,370a055b1c3044a5ff045d8e6cfeca24e82bd0033a41b3d463e63b4d36b1e76a,N/A,N/A,,https://github.com/notepad-plus-plus/notepad-plus-plus/releases/download/v8/npp.8.0.portable.x64.zip
8,github,x64,npp.8.0.portable.x64.zip,localization/luxembourgish.xml,luxembourgish.xml,,25260,2017-08-20T17:40:41.142960+00:00,cc2d7d26c9d221def534845ec7453ddb,b40b675c5a5c10c8a393714f483aa515be4a5f8d,b73cb0703537af9d58c2e1f040f2e7f741199eef954d5e109eb301fc4498ffe0,N/A,N/A,,https://github.com/notepad-plus-plus/notepad-plus-plus/releases/download/v8/npp.8.0.portable.x64.zip
8,github,x64,npp.8.0.portable.x64.zip,localization/macedonian.xml,macedonian.xml,,36460,2016-12-26T22:10:44.046439+00:00,59f590ee75294f37ccb5ed1c7a441a11,7432c800018216193273b59666f26c4a81540ee6,59dbcc4618fa64eebd71808b16b4736b7af8855bef760aec3eb31c6f8f5f470e,N/A,N/A,,https://github.com/notepad-plus-plus/notepad-plus-plus/releases/download/v8/npp.8.0.portable.x64.zip
8,github,x64,npp.8.0.portable.x64.zip,localization/malay.xml,malay.xml,,19084,2016-12-26T22:10:44.052465+00:00,3158e10e8a9b3c0e84a770f5f11aaa1f,418a6c52704b6c832b80b36adbba45682725c76f,690416e418c9821bfe71805f76d9e18ee39fd092742d173cc9fe595268b131fa,N/A,N/A,,https://github.com/notepad-plus-plus/notepad-plus-plus/releases/download/v8/npp.8.0.portable.x64.zip
8,github,x64,npp.8.0.portable.x64.zip,localization/marathi.xml,marathi.xml,,48181,2019-06-01T16:07:32.531979+00:00,ce4757e3935343d472515cf9b936d7e4,c9ba81eb7b9f1ec2c0ac70e948846ba434d2ac7c,8b7545558bc73329f6caa27b5aa6203220d7a58ea3b37e9c346e636aaf70146c,N/A,N/A,,https://github.com/notepad-plus-plus/notepad-plus-plus/releases/download/v8/npp.8.0.portable.x64.zip
8,github,x64,npp.8.0.portable.x64.zip,userDefineLangs/markdown._preinstalled.udl.xml,markdown._preinstalled.udl.xml,,6046,2020-10-27T03:29:08.979044+00:00,c37d302c1b6884616d59477ba8e438ec,22cd67b23836777a1861d2c1d0663eee7eab1933,c5011367a4453096122fe72bb89f2940293cb61e973522ff140cdfe05227b1f3,N/A,N/A,,https://github.com/notepad-plus-plus/notepad-plus-plus/releases/download/v8/npp.8.0.portable.x64.zip
8,github,x64,npp.8.0.portable.x64.zip,plugins/mimeTools/mimeTools.dll,mimeTools.dll,,125352,2021-06-06T16:49:21.480330+00:00,d617fd64e1e56e831e27d379a6fc46df,6ce0b8ab207bc070748ba836bd0b7312f082f85b,fc0e61ad6b03b81f3126d3752da9bea57ea783974f35d9bda27f20144c4195c2,N/A,N/A,,https://github.com/notepad-plus-plus/notepad-plus-plus/releases/download/v8/npp.8.0.portable.x64.zip
8,github,x64,npp.8.0.portable.x64.zip,localization/mongolian.xml,mongolian.xml,,64376,2020-01-12T13:43:01.448031+00:00,edb56af0fd2e0c8390c7d8d62b080e0f,1a296725f590905e19544424d7fcd14a27f37305,0924a7c8f36e54675cab1c2fdde30fee8ef8c7b56159e1114b1611e994ccaa24,N/A,N/A,,https://github.com/notepad-plus-plus/notepad-plus-plus/releases/download/v8/npp.8.0.portable.x64.zip
8,github,x64,npp.8.0.portable.x64.zip,themes/Mono Industrial.xml,Mono Industrial.xml,,91448,2021-02-06T02:57:44.794422+00:00,1dd2f54e6454323863d70b6b5dcb1620,37f8ac2b7453d356171737d312e16db0e7494d12,4794862c291de42c75e594ce19e5df267b42ff06d2ef4b7bb2ebb61e949f93c8,N/A,N/A,,https://github.com/notepad-plus-plus/notepad-plus-plus/releases/download/v8/npp.8.0.portable.x64.zip
8,github,x64,npp.8.0.portable.x64.zip,themes/Monokai.xml,Monokai.xml,,92206,2021-02-06T02:57:44.796416+00:00,961a7b6c6d0f0cbfd47a56c6a17591a3,01d0c6b8cfa6211cfa6d9b572967da79b43654f8,4b09bf80ceeea1b311c428002ea881e991574ce28fe887f9f488c989c5b64912,N/A,N/A,,https://github.com/notepad-plus-plus/notepad-plus-plus/releases/download/v8/npp.8.0.portable.x64.zip
8,github,x64,npp.8.0.portable.x64.zip,themes/MossyLawn.xml,MossyLawn.xml,,108374,2021-02-06T02:57:44.798907+00:00,449a1374aabd1e800ac1fec9deba583e,a983c8c69487066a51f52d610be2b17fb9629001,73506506d2c79a30a63d5e11e77b7eeeb757220ea52ee99a7b79fa2803c0d684,N/A,N/A,,https://github.com/notepad-plus-plus/notepad-plus-plus/releases/download/v8/npp.8.0.portable.x64.zip
8,github,x64,npp.8.0.portable.x64.zip,themes/Navajo.xml,Navajo.xml,,108183,2021-02-06T02:57:44.801414+00:00,8846302b3208ea814a7c010fdf764604,e03e5ba9f5516fef84ec7b4f3f1b03108a80cdfc,92ee1ef1d8a353cda26017f576e5a966dd91790f0d2098a83572561909532813,N/A,N/A,,https://github.com/notepad-plus-plus/notepad-plus-plus/releases/download/v8/npp.8.0.portable.x64.zip
8,github,x64,npp.8.0.portable.x64.zip,localization/nepali.xml,nepali.xml,,123523,2021-05-15T20:55:04.869959+00:00,6dce93f6c2806a93aa09a6fd372e9257,bbf75dafcb98a1d0d78c4006ca288d8a0e48fa56,161097b077ac354b4bfa23397dcf3ed29790648b68dc660559c8e75e1be9b24a,N/A,N/A,,https://github.com/notepad-plus-plus/notepad-plus-plus/releases/download/v8/npp.8.0.portable.x64.zip
8,github,x64,npp.8.0.portable.x64.zip,localization/norwegian.xml,norwegian.xml,,27778,2016-12-26T22:10:44.066320+00:00,f5519b853316445aab668c1dfd480f87,0f7aab54733b22d514b36ea68e39b0fe215afcbc,bb9a79755d37d449acff570c20e78a9e0c58482414435cf0f493e15e6216fce3,N/A,N/A,,https://github.com/notepad-plus-plus/notepad-plus-plus/releases/download/v8/npp.8.0.portable.x64.zip
8,github,x64,npp.8.0.portable.x64.zip,notepad++.exe,notepad++.exe,,5862824,2021-06-06T16:48:35.799543+00:00,ea366b780399d1d749290e8cff5fdef8,6fdf40a8302f6c50ed24db93508827af954ebb08,34151895989004218f36f3e97d85c7f52ac39db6f41f29819ca155e9107a8ba1,N/A,N/A,,https://github.com/notepad-plus-plus/notepad-plus-plus/releases/download/v8/npp.8.0.portable.x64.zip
8,github,x64,npp.8.0.portable.x64.zip,plugins/NppConverter/NppConverter.dll,NppConverter.dll,,174504,2021-06-06T16:49:29.153949+00:00,6979b58d1c8bebe1b4f60c8b3a0c6025,14dd1083c8e6cff553c0ed4f3d1ff2ac4f5d3fe3,6c8d80124abc8d75a2dee78ad7e127091f8699034f95d8c9aed63560a65b5538,N/A,N/A,,https://github.com/notepad-plus-plus/notepad-plus-plus/releases/download/v8/npp.8.0.portable.x64.zip
8,github,x64,npp.8.0.portable.x64.zip,plugins/NppExport/NppExport.dll,NppExport.dll,,136104,2021-06-06T16:49:13.856948+00:00,dc59d641151063dfff9d393c9d1d7e2b,77edcb431123900584071ce3625cfbc058483bea,4e82e8add7b3f5bf55ec7163ca0ffc7ecc7fe5935f9e1eb250744705f595a00c,N/A,N/A,,https://github.com/notepad-plus-plus/notepad-plus-plus/releases/download/v8/npp.8.0.portable.x64.zip
8,github,x64,npp.8.0.portable.x64.zip,plugins/Config/nppPluginList.dll,nppPluginList.dll,,168872,2021-06-06T16:48:50.752632+00:00,f748ee7654119f34912866c0523db7c8,996e82ad888a365c7dd08001a898aa2ba635b6e3,a2c2a07b55d7ff31b7397ca87a4952fcd53069756caf3fad854c2b70d3ea2684,N/A,N/A,,https://github.com/notepad-plus-plus/notepad-plus-plus/releases/download/v8/npp.8.0.portable.x64.zip
8,github,x64,npp.8.0.portable.x64.zip,functionList/nsis.xml,nsis.xml,,7125,2020-10-27T03:29:08.995001+00:00,792c0b92f7949c0ec61b8b06a86c5a67,565e8cc8005eb923db47eb1685748c8934c77089,c13743567fcfc4fa77b66e79447edab2d1ecc97d4da32b655d92ae90968f2b0b,N/A,N/A,,https://github.com/notepad-plus-plus/notepad-plus-plus/releases/download/v8/npp.8.0.portable.x64.zip
8,github,x64,npp.8.0.portable.x64.zip,autoCompletion/nsis.xml,nsis.xml,,8176,2021-02-06T02:57:44.539397+00:00,c02485cf76125ce06988d536328ebe81,0bcd80a606c16c48e4ac0e21c489a8e1d46b1f58,98a294b1e45611821fac0bf98b15536efcbde57fb58c9effe46105aa68da24ec,N/A,N/A,,https://github.com/notepad-plus-plus/notepad-plus-plus/releases/download/v8/npp.8.0.portable.x64.zip
8,github,x64,npp.8.0.portable.x64.zip,localization/nynorsk.xml,nynorsk.xml,,41202,2017-08-20T17:40:41.189943+00:00,694867a6ade700da42a55da24da74200,d6115de129aa535bc83cce55e1c1ad5a001a5fac,319a9e846a610811fdf12b96bf352e4e07f2d7de5a6bec3000cebc1b1e21a1fe,N/A,N/A,,https://github.com/notepad-plus-plus/notepad-plus-plus/releases/download/v8/npp.8.0.portable.x64.zip
8,github,x64,npp.8.0.portable.x64.zip,themes/Obsidian.xml,Obsidian.xml,,95745,2021-03-08T18:04:41.299199+00:00,4a484addc53e83c94679cb83f75ffc10,7239dcca023f6d91bd409f1b0a56d4a5437c10ad,7f88d74ffa6eb2ad3bfb44a6f6c8ff1fa6809685e16778ed1746e4123b862564,N/A,N/A,,https://github.com/notepad-plus-plus/notepad-plus-plus/releases/download/v8/npp.8.0.portable.x64.zip
8,github,x64,npp.8.0.portable.x64.zip,localization/occitan.xml,occitan.xml,,60960,2021-05-15T20:55:04.872405+00:00,878f0c0a2d0e905cb830f3e31eecced7,9c9b4955076d093f9dab456c2b27e82cdba69f7c,d7d80445e9cfde2d5d2d9d9e435b43fc5cf30acf8850b453f826db41856af30a,N/A,N/A,,https://github.com/notepad-plus-plus/notepad-plus-plus/releases/download/v8/npp.8.0.portable.x64.zip
8,github,x64,npp.8.0.portable.x64.zip,functionList/overrideMap.xml,overrideMap.xml,,6371,2020-10-27T03:29:08.996000+00:00,28fccc2a6a7145574c006f7dcd8eb251,dd11264640842a112021e9228332219fb979e2dc,e7f8eae310e8ace3b3b0be3bb145ec8c2bbcaa66c9337218dc4cbef633374f95,N/A,N/A,,https://github.com/notepad-plus-plus/notepad-plus-plus/releases/download/v8/npp.8.0.portable.x64.zip
8,github,x64,npp.8.0.portable.x64.zip,functionList/perl.xml,perl.xml,,1505,2020-10-27T03:29:08.996000+00:00,c7ad8abe956fbcc3cab1bdb82f457729,8644c5344a3ce147add01d61a943fcd0bad099fb,6558013f984e594bb57534910ce0b17bfa15da3cc9bb4b6e0b5c6e4ddf9eb14e,N/A,N/A,,https://github.com/notepad-plus-plus/notepad-plus-plus/releases/download/v8/npp.8.0.portable.x64.zip
8,github,x64,npp.8.0.portable.x64.zip,autoCompletion/perl.xml,perl.xml,,58670,2021-02-06T02:57:44.542343+00:00,68a335d8c7f6bd14b91cfe3bb7e4fbe5,91bb6cc6593d51913e6e8eb1af9579a717769ea1,c75aee84bbdc39cfd3e5b9e8d400a34dea82a1e176ff094de1284824afa5c44a,N/A,N/A,,https://github.com/notepad-plus-plus/notepad-plus-plus/releases/download/v8/npp.8.0.portable.x64.zip
8,github,x64,npp.8.0.portable.x64.zip,functionList/php.xml,php.xml,,10000,2020-11-06T18:23:59.717391+00:00,09dd56ad26088b1fa609b8d201064450,1efc7cf7ddcf5c06e9291518fa0e073469075231,b5d149184a4e4a3ed8425e5ace844d784a4ed5a4e0004e959cf17f6267e80b40,N/A,N/A,,https://github.com/notepad-plus-plus/notepad-plus-plus/releases/download/v8/npp.8.0.portable.x64.zip
8,github,x64,npp.8.0.portable.x64.zip,autoCompletion/php.xml,php.xml,,427922,2021-02-06T02:57:44.549078+00:00,8bb0f6ddbf214fc5247efd6b809e43fa,5f44d91697d849162a5ddc00504fd9a2bbbe8a24,0bf118ba1b96f626eb4217bfc3f192bde2626d1616786daf484e2f3c35d7d706,N/A,N/A,,https://github.com/notepad-plus-plus/notepad-plus-plus/releases/download/v8/npp.8.0.portable.x64.zip
8,github,x64,npp.8.0.portable.x64.zip,localization/piglatin.xml,piglatin.xml,,79086,2021-05-15T20:55:04.874400+00:00,a81a96ae92a44fefd915ec642c0439d7,5af4d51746b51bc2a836e03850a183eabe9a7b28,ddd62f48fcf3b767b77b7bdd128158a038b521192e5eb34585eda41949bdeb1c,N/A,N/A,,https://github.com/notepad-plus-plus/notepad-plus-plus/releases/download/v8/npp.8.0.portable.x64.zip
8,github,x64,npp.8.0.portable.x64.zip,themes/Plastic Code Wrap.xml,Plastic Code Wrap.xml,,92942,2021-02-06T02:57:44.805393+00:00,29d48938e622822cd21e4b018801aa4e,ae8204dad93f5b32e263fafeb885b1ea971236f0,7c062a06399b1421bb24a710698098979958920dc14baaca2513d2523f2b8183,N/A,N/A,,https://github.com/notepad-plus-plus/notepad-plus-plus/releases/download/v8/npp.8.0.portable.x64.zip
8,github,x64,npp.8.0.portable.x64.zip,localization/polish.xml,polish.xml,,99405,2021-05-15T20:55:04.877827+00:00,ebbde5dfebb6e9e4e0c53ce0276fc196,aa191b402246fa9e9334a5057bf58cf6e1117fc3,ab9362cdb589a66b38d6ced225f3487aeff497a5837325aa43f7484e5bd670f6,N/A,N/A,,https://github.com/notepad-plus-plus/notepad-plus-plus/releases/download/v8/npp.8.0.portable.x64.zip
8,github,x64,npp.8.0.portable.x64.zip,localization/portuguese.xml,portuguese.xml,,100365,2021-05-15T20:55:04.880776+00:00,2d2c36472c5955a538d16e06b4699019,dfcb8464f050ca69fabc20f51f5c58e2632ff80d,f60a2e5601b1b64623dd10e96b588629e699a3bada4186c6bc2f6758ce7631c5,N/A,N/A,,https://github.com/notepad-plus-plus/notepad-plus-plus/releases/download/v8/npp.8.0.portable.x64.zip
8,github,x64,npp.8.0.portable.x64.zip,functionList/powershell.xml,powershell.xml,,1381,2020-10-27T03:29:08.997994+00:00,9fe2a57fb28e8e3ccf4d3a2a090a7b4d,741f540c8176cb891750c9ef0b6c66bca7ca78f0,9d6ee11f048b734a4edf01acda39d1390b0e1e88756919991c242073723b9c21,N/A,N/A,,https://github.com/notepad-plus-plus/notepad-plus-plus/releases/download/v8/npp.8.0.portable.x64.zip
8,github,x64,npp.8.0.portable.x64.zip,localization/punjabi.xml,punjabi.xml,,70605,2021-05-15T20:55:04.883456+00:00,1905fd189d8c02f33034d9dd90704d9a,c33d3d09572ff573581fb4a1f0bb93bb9bb00669,01717885246eefec6c975cfa267451d5afcf9ae859497c52dff18387e002cea0,N/A,N/A,,https://github.com/notepad-plus-plus/notepad-plus-plus/releases/download/v8/npp.8.0.portable.x64.zip
8,github,x64,npp.8.0.portable.x64.zip,functionList/python.xml,python.xml,,1093,2021-05-14T11:01:03.829779+00:00,ca9b2edacad7a768f1c3b6f318d7a5cc,41db40877fa4e4216cb5335a6a3f721793aafcbe,1810b378b0fd5ac2d876f3ebe0025b2843a5832ad4d283ca9a7c1986fe8c01ef,N/A,N/A,,https://github.com/notepad-plus-plus/notepad-plus-plus/releases/download/v8/npp.8.0.portable.x64.zip
8,github,x64,npp.8.0.portable.x64.zip,autoCompletion/python.xml,python.xml,,61578,2021-02-06T02:57:44.552352+00:00,fa2cfe74e8d1f0ce494ff3f01d55ea68,6891483f0a2da2fb0bf80f457a8f620b08c43498,23add5af4a1c87485d4886419021f8842b2da6b44962b024c0bd83b3b782b380,N/A,N/A,,https://github.com/notepad-plus-plus/notepad-plus-plus/releases/download/v8/npp.8.0.portable.x64.zip
8,github,x64,npp.8.0.portable.x64.zip,autoCompletion/rc.xml,rc.xml,,1635,2021-02-06T02:57:44.554066+00:00,893bb156418e493613201fb414699010,bddeee9258a1ba943d52199f552f2e2cba6a8f0b,cd8750aaaa3b70d9e9ce22232b8ac5f5c4e1e13c4261894a1d8e32c22ae8657e,N/A,N/A,,https://github.com/notepad-plus-plus/notepad-plus-plus/releases/download/v8/npp.8.0.portable.x64.zip
8,github,x64,npp.8.0.portable.x64.zip,updater/README.md,README.md,,2991,2018-12-27T00:44:16.110687+00:00,9f56b12cbffcfad543fb1f91e3955f1b,406e1423549a8f5e97d8d8e37d5e7f6f4da8194b,aef40520cf12a0842097e8cfbeb9d9128f52573e5f90ca12d4a0a9045978547e,N/A,N/A,,https://github.com/notepad-plus-plus/notepad-plus-plus/releases/download/v8/npp.8.0.portable.x64.zip
8,github,x64,npp.8.0.portable.x64.zip,readme.txt,readme.txt,,1526,2020-01-03T09:54:59.893544+00:00,11b0a85dcd7045352f71e46d83de6d7e,77b65e52e20a64441c01c57510dc3d60b33afa16,bc661498305746c6deacbee301522f7c283566a804184e290481d3b57af675b1,N/A,N/A,,https://github.com/notepad-plus-plus/notepad-plus-plus/releases/download/v8/npp.8.0.portable.x64.zip
8,github,x64,npp.8.0.portable.x64.zip,localization/romanian.xml,romanian.xml,,78817,2021-05-15T20:55:04.886368+00:00,21213d3ce5057288c1b1d2822925c2f9,bb1f49d1adcf2512d05dfa7bd8dee9351e93141c,bab905124f754bf2ae111c4c0f04170c80343ed0219aa226b8274ae3b741f39c,N/A,N/A,,https://github.com/notepad-plus-plus/notepad-plus-plus/releases/download/v8/npp.8.0.portable.x64.zip
8,github,x64,npp.8.0.portable.x64.zip,themes/Ruby Blue.xml,Ruby Blue.xml,,72674,2021-02-06T02:57:44.807669+00:00,2021c519ced04f915b871d0e23123098,9fa7269623f5d68aae153147df996023cc9f0b44,278a81d492add8d20373ad2690637c6572819d9f4f43a4a5f46e43b3bf21d3fc,N/A,N/A,,https://github.com/notepad-plus-plus/notepad-plus-plus/releases/download/v8/npp.8.0.portable.x64.zip
8,github,x64,npp.8.0.portable.x64.zip,functionList/ruby.xml,ruby.xml,,1088,2020-10-27T03:29:08.998990+00:00,9b89093254088d0cce1e013f0df2ae97,67843fd332da121f5448f6158affa486bdd2e883,bffbebedccb4bfd8e849bb3b577eaf0bc821bd45be29905017e667034e5b25be,N/A,N/A,,https://github.com/notepad-plus-plus/notepad-plus-plus/releases/download/v8/npp.8.0.portable.x64.zip
8,github,x64,npp.8.0.portable.x64.zip,localization/russian.xml,russian.xml,,103213,2021-06-03T12:28:23.804155+00:00,5e0c15a8a5b3a5b57d9a74163484aec6,321fa425ceb2f880ba3f7fb30f759ba154002bfb,3db4028c5233de69af2fa227ec11e7385daf4e5a6f3e6ab03bee17bb66e0c92c,N/A,N/A,,https://github.com/notepad-plus-plus/notepad-plus-plus/releases/download/v8/npp.8.0.portable.x64.zip
8,github,x64,npp.8.0.portable.x64.zip,functionList/rust.xml,rust.xml,,1848,2021-04-17T16:47:53.733969+00:00,accc6038de578929af94649cadd88a14,bbfe66bf9d36ea92ac437d466db1f36ae4f67a28,1571595dee56cf2b6b2e39f2108db82cd2e8faf15c1d15bba2fdf34770bcda7f,N/A,N/A,,https://github.com/notepad-plus-plus/notepad-plus-plus/releases/download/v8/npp.8.0.portable.x64.zip
8,github,x64,npp.8.0.portable.x64.zip,localization/samogitian.xml,samogitian.xml,,10160,2016-12-26T22:10:44.114584+00:00,ebba131558f344afe63e1c5718d0f7ad,65ba510db37a5d8ef74d1c77ede30fa9cccad299,75eca9974de1fca41651975a92f374660e1a7c273a3d1dab0ef6dd573230878b,N/A,N/A,,https://github.com/notepad-plus-plus/notepad-plus-plus/releases/download/v8/npp.8.0.portable.x64.zip
8,github,x64,npp.8.0.portable.x64.zip,localization/sardinian.xml,sardinian.xml,,40982,2017-08-20T17:40:41.271018+00:00,064889342004d04b1de62578aa733216,30b21b176b1c031ec472d45ccad41eba239efc52,0169ebd43b3cec4a4f3b0143a2af6f07ec9bf73cb04882a3d4507f01931c08de,N/A,N/A,,https://github.com/notepad-plus-plus/notepad-plus-plus/releases/download/v8/npp.8.0.portable.x64.zip
8,github,x64,npp.8.0.portable.x64.zip,localization/serbian.xml,serbian.xml,,24098,2016-12-26T22:10:44.125648+00:00,174e7dc367ff1c213432b891f11d25bb,e199d3a723bcbb176e9f79969f502658efab0ac7,1a07c6a9c2639fa12bb000f599498ddf84827449afbb7952f4bdc4cf526c2117,N/A,N/A,,https://github.com/notepad-plus-plus/notepad-plus-plus/releases/download/v8/npp.8.0.portable.x64.zip
8,github,x64,npp.8.0.portable.x64.zip,localization/serbianCyrillic.xml,serbianCyrillic.xml,,47833,2017-08-20T17:40:41.289358+00:00,e6c94316e6d065533305b94e7d5af2bc,3b6f4b424d7321bae1d643bef50ee952d7990ddd,289d7cdd9d9af5b2992e3b0ac38022f91e3d9dc0051e40733983e26e2ddcf594,N/A,N/A,,https://github.com/notepad-plus-plus/notepad-plus-plus/releases/download/v8/npp.8.0.portable.x64.zip
8,github,x64,npp.8.0.portable.x64.zip,shortcuts.xml,shortcuts.xml,,965,2021-04-17T16:47:53.837693+00:00,96c510e0fa8b730ce0fe3dfb1a52aa51,0654a46879eccb4062480c98ff3e00b0f8565ba0,9b0e941dc478fc68d046727f5f8e426cd7e8af91b4fa45882ee9e36b4bb11ee1,N/A,N/A,,https://github.com/notepad-plus-plus/notepad-plus-plus/releases/download/v8/npp.8.0.portable.x64.zip
8,github,x64,npp.8.0.portable.x64.zip,localization/sinhala.xml,sinhala.xml,,56893,2017-08-20T17:40:41.304229+00:00,9986ce0334af5335ae8c7e5a3cbc818b,384de56d2af7c4941c266bfba7d69518b2b1879d,a8b55a8115a50bd3b7b07c359c49fe7da48a5acf1dacc2c0e3708f6f48636fd6,N/A,N/A,,https://github.com/notepad-plus-plus/notepad-plus-plus/releases/download/v8/npp.8.0.portable.x64.zip
8,github,x64,npp.8.0.portable.x64.zip,functionList/sinumerik.xml,sinumerik.xml,,1003,2020-10-27T03:29:08.999988+00:00,16e39474342d0cc1d3a189fad83d5721,726e75d326099b405da6d6b266f4b9c55f7c51f9,db3ac1fd3d65df45d805adb8dfe0c5209db07ef93406db17dfb783dd8048720a,N/A,N/A,,https://github.com/notepad-plus-plus/notepad-plus-plus/releases/download/v8/npp.8.0.portable.x64.zip
8,github,x64,npp.8.0.portable.x64.zip,localization/slovak.xml,slovak.xml,,97546,2021-06-03T12:28:23.808144+00:00,71700345a1ed0e45faa9a8dc2c48fc18,9c55db9704eed914d06bd81f3fd573f9947b804b,3b1d95c064dcb365950e2a0fa4f4365754d33b47c56a610fede2623e59e3114d,N/A,N/A,,https://github.com/notepad-plus-plus/notepad-plus-plus/releases/download/v8/npp.8.0.portable.x64.zip
8,github,x64,npp.8.0.portable.x64.zip,localization/slovenian.xml,slovenian.xml,,86657,2021-05-15T20:55:04.898336+00:00,5c7e591e50ef318e985ff4e784ab8804,86f7ab0bd71b9ef382c7085a4f560fabc9742e04,fcb93cc76e40be9bba30113878f57efe57c0cf47e5f45eaf3357bd9d8551be77,N/A,N/A,,https://github.com/notepad-plus-plus/notepad-plus-plus/releases/download/v8/npp.8.0.portable.x64.zip
8,github,x64,npp.8.0.portable.x64.zip,themes/Solarized-light.xml,Solarized-light.xml,,108819,2021-02-06T02:57:44.809440+00:00,5d4a5b2caa72c57c4268dc7d5e4b8a1d,5f2b74ad78bbaf995b3173b309b0a04b5cdedfc1,3510be48e8f004629d98e4085af77e815e9ce228020ece432c0423a077b91639,N/A,N/A,,https://github.com/notepad-plus-plus/notepad-plus-plus/releases/download/v8/npp.8.0.portable.x64.zip
8,github,x64,npp.8.0.portable.x64.zip,themes/Solarized.xml,Solarized.xml,,108807,2021-02-06T02:57:44.812374+00:00,2aad408551c64e1be6fd92f38596d039,cbac96b4f4662dac77fb796730de3ca715b7725f,b3f903b8b9ad0dd5a09a6340eabf070b1ed79bc782c6a53f1ac4546e71989aef,N/A,N/A,,https://github.com/notepad-plus-plus/notepad-plus-plus/releases/download/v8/npp.8.0.portable.x64.zip
8,github,x64,npp.8.0.portable.x64.zip,localization/spanish.xml,spanish.xml,,75676,2021-06-03T12:28:23.810138+00:00,113190ae34b8ba2e21426f9fb866f955,13c0dd9639159fa2e09a6cd4c4ede04999efcd02,2ed36886d720851d26e6bad10b1a053e1f4e32527992b1897eb4a9916574686c,N/A,N/A,,https://github.com/notepad-plus-plus/notepad-plus-plus/releases/download/v8/npp.8.0.portable.x64.zip
8,github,x64,npp.8.0.portable.x64.zip,localization/spanish_ar.xml,spanish_ar.xml,,45331,2020-01-12T13:43:01.472965+00:00,fc5b8b4d481eb2edf7f26f5ea25bdc90,7092229294413ea7caa01f77236a24190e5b63b1,e44e9075288f297faf80b80284f428c67431ab6840ca8685858a7f3dcb6e5867,N/A,N/A,,https://github.com/notepad-plus-plus/notepad-plus-plus/releases/download/v8/npp.8.0.portable.x64.zip
8,github,x64,npp.8.0.portable.x64.zip,functionList/sql.xml,sql.xml,,1271,2020-10-27T03:29:09.000985+00:00,97cd588eb633538f3d3db2204009ba5f,552fdc1e6626afdcb7d8159babad81fb7fe902dd,a7109b8374dffa7a0cd69558990f7e96fea9ef61736d89043dad5a6694cdfa4a,N/A,N/A,,https://github.com/notepad-plus-plus/notepad-plus-plus/releases/download/v8/npp.8.0.portable.x64.zip
8,github,x64,npp.8.0.portable.x64.zip,autoCompletion/sql.xml,sql.xml,,67945,2021-02-06T02:57:44.557060+00:00,fcfd333f5394896ba748f4628b4a1243,19df381ea7689270865352037e04eef344e9d9a4,1b18ca570694e7128d2751a5c7f46464d8ac167be58627a1fd61324284c15ea5,N/A,N/A,,https://github.com/notepad-plus-plus/notepad-plus-plus/releases/download/v8/npp.8.0.portable.x64.zip
8,github,x64,npp.8.0.portable.x64.zip,stylers.model.xml,stylers.model.xml,,170495,2021-05-14T11:01:04.225339+00:00,eee84dd3565b5ba857d67a935ce4d689,3b37be60f25c27e03bd90e7decc7cde09977fd81,1180377902b86c7819807c91cfb32184a8d5dffef4285124555489ab020fe374,N/A,N/A,,https://github.com/notepad-plus-plus/notepad-plus-plus/releases/download/v8/npp.8.0.portable.x64.zip
8,github,x64,npp.8.0.portable.x64.zip,localization/swedish.xml,swedish.xml,,63753,2021-05-15T20:55:04.904319+00:00,6f434872b133168c94769c1211721594,be4c9a42139ba7aba784b857a223efbae4ee1fcf,4a6ba1d443095cedab8100f6c317e6f64ce070a4825b9532d48520b205bdd911,N/A,N/A,,https://github.com/notepad-plus-plus/notepad-plus-plus/releases/download/v8/npp.8.0.portable.x64.zip
8,github,x64,npp.8.0.portable.x64.zip,localization/tagalog.xml,tagalog.xml,,30395,2016-12-26T22:10:44.167583+00:00,04e3e27d9d635c6b23c8e40dcbbdd442,c66e2dc153c22a445dae0df2bdf3c1693b4ad03e,047c63c449c5e2a9a4f97637c741eb07e6ec034bc829d85c6565bb0292c1cd72,N/A,N/A,,https://github.com/notepad-plus-plus/notepad-plus-plus/releases/download/v8/npp.8.0.portable.x64.zip
8,github,x64,npp.8.0.portable.x64.zip,localization/taiwaneseMandarin.xml,taiwaneseMandarin.xml,,89856,2021-05-15T20:55:04.907329+00:00,a7a23470da586c7fdaa456ac66c3de28,0e4ead85a9369d1613f375b98b360493ef6206ed,1b125d3476483f85ef2c77105d99e30be42b91612f02a417e7995a5043a8242a,N/A,N/A,,https://github.com/notepad-plus-plus/notepad-plus-plus/releases/download/v8/npp.8.0.portable.x64.zip
8,github,x64,npp.8.0.portable.x64.zip,localization/tajikCyrillic.xml,tajikCyrillic.xml,,66798,2020-01-12T13:43:01.477953+00:00,dabc1ee04ad838b934e1c5ea8d58afa1,abefa1fb5f7fa046cc44aa3fb2c6e4a0fd138b00,b27be56e97ae352359d61c2ed039f7764e905bf48be9b78605a345d849236f02,N/A,N/A,,https://github.com/notepad-plus-plus/notepad-plus-plus/releases/download/v8/npp.8.0.portable.x64.zip
8,github,x64,npp.8.0.portable.x64.zip,localization/tamil.xml,tamil.xml,,54196,2017-08-20T17:40:41.427488+00:00,abc0ae5ed0002512221d682263e41204,7a7533274855ceff9a604d6cd36192cc68f2c416,e23759fd6d60ef9728b620a1a8316fc049ccbf93445a91a1a85d27c4e25f3f15,N/A,N/A,,https://github.com/notepad-plus-plus/notepad-plus-plus/releases/download/v8/npp.8.0.portable.x64.zip
8,github,x64,npp.8.0.portable.x64.zip,localization/tatar.xml,tatar.xml,,71436,2021-05-15T20:55:04.909307+00:00,b429b2a78e574f3cf91a8d81222755c6,b27619de11cca103a90255d8ed8efe9eb6ebdbe6,2947bbe32db521a19acf3bd201b40a084f5dc4950ff197e2c2e6b1df93779d6d,N/A,N/A,,https://github.com/notepad-plus-plus/notepad-plus-plus/releases/download/v8/npp.8.0.portable.x64.zip
8,github,x64,npp.8.0.portable.x64.zip,localization/telugu.xml,telugu.xml,,53577,2017-08-20T17:40:41.456494+00:00,a8b6a302f3bda0eeae95e5214df33ec4,975e8e7ac8258c4f8c4050743debe980a9864e4f,82b4b16ee06e668e4ff30e71fcbf42623cf30dc14177c570a7ad1f47c0284e0c,N/A,N/A,,https://github.com/notepad-plus-plus/notepad-plus-plus/releases/download/v8/npp.8.0.portable.x64.zip
8,github,x64,npp.8.0.portable.x64.zip,autoCompletion/tex.xml,tex.xml,,67864,2021-02-06T02:57:44.559058+00:00,40e183975f5e362d33ba5ffe3b5af3df,35a763370180060a8cf7e33f735c464212d7b6cc,c916f03b9dea3d64019907120d7d4efc925e86189327bcbb89969c57934e2c23,N/A,N/A,,https://github.com/notepad-plus-plus/notepad-plus-plus/releases/download/v8/npp.8.0.portable.x64.zip
8,github,x64,npp.8.0.portable.x64.zip,localization/thai.xml,thai.xml,,41406,2017-08-20T17:40:41.469535+00:00,8d02b72cdcce6c5a4db56eebba394824,259babbea022717b773d10704f61fb285e800730,8ce450bcfd9b9617f4e0969ad4e201480b255d473cb1383c90761cc28cbd7ecc,N/A,N/A,,https://github.com/notepad-plus-plus/notepad-plus-plus/releases/download/v8/npp.8.0.portable.x64.zip
8,github,x64,npp.8.0.portable.x64.zip,localization/turkish.xml,turkish.xml,,81253,2021-05-15T20:55:04.912534+00:00,30ab56b6dc752db71cf72184736f3931,75c3f535f745ce89c07234355ab006a6ab2782bc,fa1fb8280ee543fd32572b8cfe13079640b96162f9295f73edc1f57a865117e0,N/A,N/A,,https://github.com/notepad-plus-plus/notepad-plus-plus/releases/download/v8/npp.8.0.portable.x64.zip
8,github,x64,npp.8.0.portable.x64.zip,themes/Twilight.xml,Twilight.xml,,91253,2021-02-06T02:57:44.814368+00:00,fb9d4ba33a19bea1ffd63fed5375b259,547986c56a06a95dc14e07e492584259e1ea90d0,6aa8ebc9ac8458ccc5239b173ce1f6a62537183cb7ca593b0caf9efd1a0efe64,N/A,N/A,,https://github.com/notepad-plus-plus/notepad-plus-plus/releases/download/v8/npp.8.0.portable.x64.zip
8,github,x64,npp.8.0.portable.x64.zip,localization/ukrainian.xml,ukrainian.xml,,114224,2021-05-15T20:55:04.915810+00:00,99390ec66a753bad0725ea775bbbdfee,e562b723d1979e27b00ba832bded03930af11dc2,1c649fb8e8138157fb7cb7af1036db835c733955b875d0967e79d9e0edbf307d,N/A,N/A,,https://github.com/notepad-plus-plus/notepad-plus-plus/releases/download/v8/npp.8.0.portable.x64.zip
8,github,x64,npp.8.0.portable.x64.zip,functionList/universe_basic.xml,universe_basic.xml,,2021,2020-10-27T03:29:09.000985+00:00,3d51afd290e62685d11376237ceac3c2,cddd77e442aba5ca65289a744d89826cde95e663,7c0719b9b312a531cf41cd08affacceef6de084619808238fec0f0247955f26e,N/A,N/A,,https://github.com/notepad-plus-plus/notepad-plus-plus/releases/download/v8/npp.8.0.portable.x64.zip
8,github,x64,npp.8.0.portable.x64.zip,localization/urdu.xml,urdu.xml,,15657,2016-12-26T22:10:44.210970+00:00,cf965dfcf2257d8046c453ac36fcf65e,ac650afe9e15fec6e0e3e87bc999c2d9350ab461,0b685abaea6232f3e99d563f01613161251e51aba6a62d83cb306aa5f2d396d5,N/A,N/A,,https://github.com/notepad-plus-plus/notepad-plus-plus/releases/download/v8/npp.8.0.portable.x64.zip
8,github,x64,npp.8.0.portable.x64.zip,localization/uyghur.xml,uyghur.xml,,47848,2018-01-28T21:48:40.466342+00:00,a5d2661cab9fae284200b5cd84496b41,fa6cfe413495f354ad0d72e9660f04ce05a6556d,f5d24a6c678b1b54539adeafd2bc2697738f44cea6c184fa442980f1440e5afd,N/A,N/A,,https://github.com/notepad-plus-plus/notepad-plus-plus/releases/download/v8/npp.8.0.portable.x64.zip
8,github,x64,npp.8.0.portable.x64.zip,localization/uzbek.xml,uzbek.xml,,71000,2021-06-03T12:28:23.812133+00:00,e6f9d1634676bbf208eb05ee2072f90e,4cacf82980300547af7f037abc1034f91ab48dca,aaad527fed599a4b8a98abd7a8981ce30d4b4d066636d4b35b075a8b5df78c92,N/A,N/A,,https://github.com/notepad-plus-plus/notepad-plus-plus/releases/download/v8/npp.8.0.portable.x64.zip
8,github,x64,npp.8.0.portable.x64.zip,localization/uzbekCyrillic.xml,uzbekCyrillic.xml,,35714,2017-08-20T17:40:41.544199+00:00,71b7ce4804f337f3d5c4fea4a0733691,f4446df6fbeb19c93869205750991261d3a1ac7b,380e17fd360658921ea937043e540b2af642a7307be691f5c58b825623b61a99,N/A,N/A,,https://github.com/notepad-plus-plus/notepad-plus-plus/releases/download/v8/npp.8.0.portable.x64.zip
8,github,x64,npp.8.0.portable.x64.zip,autoCompletion/vb.xml,vb.xml,,17190,2021-02-06T02:57:44.562048+00:00,4849ca62e16d934b8bee6a140d1ec24c,ffc5e961341dd925439b89d66ab23d3b0e14eabf,53104b87f91458aac8c6709b74a7cd5f0367fc6f2280b98aaa495a59e1788551,N/A,N/A,,https://github.com/notepad-plus-plus/notepad-plus-plus/releases/download/v8/npp.8.0.portable.x64.zip
8,github,x64,npp.8.0.portable.x64.zip,localization/venetian.xml,venetian.xml,,97026,2021-05-15T20:55:04.921275+00:00,f6b8ffdccd46df5c159162a78ae13bed,8a599c87a994827fe8d0ca694bec910653f5c13e,2b791d8393f76a96247eb188c9c8efd19bf99951bbcc568668eda5b10772c076,N/A,N/A,,https://github.com/notepad-plus-plus/notepad-plus-plus/releases/download/v8/npp.8.0.portable.x64.zip
8,github,x64,npp.8.0.portable.x64.zip,functionList/vhdl.xml,vhdl.xml,,1623,2020-10-27T03:29:09.001983+00:00,7abb134780aaf79c527c734ddb51e245,a52feaff1dc159629691f4bed846cf79c8f8d945,558bbe6193a202dcb00cc441421f5d838764e495b8e4d2e10877db7f661b8cd5,N/A,N/A,,https://github.com/notepad-plus-plus/notepad-plus-plus/releases/download/v8/npp.8.0.portable.x64.zip
8,github,x64,npp.8.0.portable.x64.zip,autoCompletion/vhdl.xml,vhdl.xml,,2625,2021-02-06T02:57:44.564038+00:00,dbe0170171f2f58def4fd929dc9b4717,4fb8388a73d2106d115984938168f551bcc4a475,dffaf09efd41b7eb9b74128585de649c627627b404fa1925acaa6c56709a3542,N/A,N/A,,https://github.com/notepad-plus-plus/notepad-plus-plus/releases/download/v8/npp.8.0.portable.x64.zip
8,github,x64,npp.8.0.portable.x64.zip,themes/Vibrant Ink.xml,Vibrant Ink.xml,,89222,2021-02-06T02:57:44.816938+00:00,5363aacbf559cb2a1243f38452161bb2,66428feb8d928abdec91638ce90d710ce3f522d2,8a932268e27c3ec4bbb6a0a58b30f041509c0bca6b9358c33ebf3b68c9b12e0c,N/A,N/A,,https://github.com/notepad-plus-plus/notepad-plus-plus/releases/download/v8/npp.8.0.portable.x64.zip
8,github,x64,npp.8.0.portable.x64.zip,localization/vietnamese.xml,vietnamese.xml,,52733,2020-05-31T09:57:18.913450+00:00,5d893adca521dc6cce0d116ea2f3b279,ecedee4cb5e0d7334562823fc383991bfd447555,623229da8948d4c17cf8f547b87f3164e2d6357a7f02272bb3ebec9955b8fb58,N/A,N/A,,https://github.com/notepad-plus-plus/notepad-plus-plus/releases/download/v8/npp.8.0.portable.x64.zip
8,github,x64,npp.8.0.portable.x64.zip,themes/vim Dark Blue.xml,vim Dark Blue.xml,,89258,2021-02-06T02:57:44.823046+00:00,895f347aa9caa0f8c436726ec5cc3b55,e4e7a0cee02595bace00df198ad2ac59a9c5c899,6d15f700937d44c2c1270f825a951e1d4048886451dd3e824c67e7d0b187b7e5,N/A,N/A,,https://github.com/notepad-plus-plus/notepad-plus-plus/releases/download/v8/npp.8.0.portable.x64.zip
8,github,x64,npp.8.0.portable.x64.zip,localization/welsh.xml,welsh.xml,,53261,2020-01-12T13:43:01.491914+00:00,d5583a9dc8b6e03efd573fa67faf6fba,f3fcca7a6bd12eaa24ac4e7d0af75ba2c1067a67,4ccc47461b2445831fd67efe003c934c340ee50c8341f5298d936f3772ef381a,N/A,N/A,,https://github.com/notepad-plus-plus/notepad-plus-plus/releases/download/v8/npp.8.0.portable.x64.zip
8,github,x64,npp.8.0.portable.x64.zip,functionList/xml.xml,xml.xml,,2229,2020-10-27T03:29:09.002980+00:00,f898e5e36168ff0c5ff532c9bb068563,287f8fbd7a3b66a4cae7c29cc9a775fa3f2d52b5,5ac3e308c8bef5ed42463929a1be5f519f56a0785fd8c2aed6f85073cc5f98fc,N/A,N/A,,https://github.com/notepad-plus-plus/notepad-plus-plus/releases/download/v8/npp.8.0.portable.x64.zip
8,github,x64,npp.8.0.portable.x64.zip,autoCompletion/xml.xml,xml.xml,,12017,2021-02-06T02:57:44.566036+00:00,6972b2c64653b9fb254ef65871140b29,f2d4825ab333405a241ef41d8b71fa23432675b3,1730bc85e1cd2652ea44d6da42114937fe9fed4527b5e0cb6e2a09f47e0da92e,N/A,N/A,,https://github.com/notepad-plus-plus/notepad-plus-plus/releases/download/v8/npp.8.0.portable.x64.zip
8,github,x64,npp.8.0.portable.x64.zip,themes/Zenburn.xml,Zenburn.xml,,166735,2021-02-06T02:57:44.819434+00:00,6d0f68f607198d62173a10c50b77fc10,101744ea97b7964b3be7a6f6ba8bdce904bde364,6138ed0e4ca7b83f905baf574dfb9b0b59261e1146e21f55ac3c6e9d5cd90bf5,N/A,N/A,,https://github.com/notepad-plus-plus/notepad-plus-plus/releases/download/v8/npp.8.0.portable.x64.zip
8,github,x64,npp.8.0.portable.x64.zip,localization/zulu.xml,zulu.xml,,72694,2021-05-15T20:55:04.924303+00:00,4a7511f801ade6a0c2736d2f5795314d,b4a20db2b3a0bbf001b9b81a14b7bb095516ee96,8cb15c28a7238178ed845c82b674702146217eea20f0f8af65e8134ee9ef0caf,N/A,N/A,,https://github.com/notepad-plus-plus/notepad-plus-plus/releases/download/v8/npp.8.0.portable.x64.zip
8,github,x86,npp.8.0.portable.zip,,npp.8.0.portable.zip,,4564861,2021-12-07T19:40:07+00:00,bfa9011c84d71c614b6b6422eb4336b0,6d4c9edcc6678a01f1975753713b6a9e9ff2db8b,8a80a5017063c5388a7077152c0f26f9db26f3f130f6810b688fa73b9e7622d9,MATCH,MATCH,,https://github.com/notepad-plus-plus/notepad-plus-plus/releases/download/v8/npp.8.0.portable.zip
8,github,x86,npp.8.0.portable.zip,localization/abkhazian.xml,abkhazian.xml,,116298,2021-05-15T20:55:04.739889+00:00,d7284a21afc6b3aadeb8e3b8cfdfaa71,72e827d37f5fd4ed6e716cc52fe812b80c34480c,7276d593845db38db25907f62b119a1881fd0f2373d6a1982a3238e214e03eeb,N/A,N/A,,https://github.com/notepad-plus-plus/notepad-plus-plus/releases/download/v8/npp.8.0.portable.zip
8,github,x86,npp.8.0.portable.zip,autoCompletion/actionscript.xml,actionscript.xml,,20745,2021-02-06T02:57:44.489510+00:00,280f64b01191bf89b52c5bbbea1cc290,e01503c8ef4155bde9c89e3e2a21f8437872c4eb,f1fb320fd456938afc0bc852765e393837bcea53bd514838419801bef8436b9e,N/A,N/A,,https://github.com/notepad-plus-plus/notepad-plus-plus/releases/download/v8/npp.8.0.portable.zip
8,github,x86,npp.8.0.portable.zip,functionList/ada.xml,ada.xml,,3584,2021-04-17T16:47:53.731974+00:00,c7f9fc66e6b1fef3e9f8a37552314bae,82d91e37882d509eee2abcb45d825bbd95829b47,dab30f330f8c5a2db0dfe27e5d8f2d1666b067be35612984b344575a49f50668,N/A,N/A,,https://github.com/notepad-plus-plus/notepad-plus-plus/releases/download/v8/npp.8.0.portable.zip
8,github,x86,npp.8.0.portable.zip,localization/afrikaans.xml,afrikaans.xml,,29077,2016-12-26T22:10:43.769673+00:00,c2f475cc2b49d3aee490c9059529744a,621e81e87c6c8d45a6be6bc69108d8ab13e2d5a6,5d285d98f8891bcf73a770fde00c3215062842224b81c4e70537569712f84570,N/A,N/A,,https://github.com/notepad-plus-plus/notepad-plus-plus/releases/download/v8/npp.8.0.portable.zip
8,github,x86,npp.8.0.portable.zip,localization/albanian.xml,albanian.xml,,57197,2020-01-12T13:43:01.358273+00:00,a648520876f8b3c30a627352c7c52f8a,7fa1240eff3f8ea60d114542fda008a72b845b19,e81fdc20f6a768db14474338d56be5efb863ab53c3013efb325a61e08bc5f452,N/A,N/A,,https://github.com/notepad-plus-plus/notepad-plus-plus/releases/download/v8/npp.8.0.portable.zip
8,github,x86,npp.8.0.portable.zip,localization/arabic.xml,arabic.xml,,91820,2021-05-15T20:55:04.767686+00:00,6e2a96709f8c5893b20f03e98a21ef61,9dd8f5536a706b4c1816f61ae70bc357597b8fc7,ace7ec47795186bca4cbd83873d7c6957bf01cd98dac5325837b2fd05d3b08e9,N/A,N/A,,https://github.com/notepad-plus-plus/notepad-plus-plus/releases/download/v8/npp.8.0.portable.zip
8,github,x86,npp.8.0.portable.zip,localization/aragonese.xml,aragonese.xml,,49810,2020-01-12T13:43:01.363258+00:00,00312582b79ab1f5a35f8a42f9ed211d,55b8efdfbb1c6d735b8adbeb4a727464c4954ab7,5d6a821703377bb9b49594713d6d3c33f1d78263aa055fcd34c8fa3705041d1e,N/A,N/A,,https://github.com/notepad-plus-plus/notepad-plus-plus/releases/download/v8/npp.8.0.portable.zip
8,github,x86,npp.8.0.portable.zip,localization/aranese.xml,aranese.xml,,20821,2016-12-26T22:10:43.795718+00:00,333a18acb93ba083e86679c065b69d15,cb874355fb8e495a2b0b0dcf8868df287ec6a342,de5da809aa6e44c4e6a01c3b5fb7da5a66d9683cb905416f3fcff2ed413ea7c6,N/A,N/A,,https://github.com/notepad-plus-plus/notepad-plus-plus/releases/download/v8/npp.8.0.portable.zip
8,github,x86,npp.8.0.portable.zip,functionList/asm.xml,asm.xml,,1349,2020-10-27T03:29:08.983033+00:00,2c5f4897d7f169e06aea28310c8ab9ec,edfd3f6faf838194de9821efd0fe185ffb6be0f0,73526ddb1d23d595680badd6bd87f5dd82869606a7cf7e8707758d48d848257e,N/A,N/A,,https://github.com/notepad-plus-plus/notepad-plus-plus/releases/download/v8/npp.8.0.portable.zip
8,github,x86,npp.8.0.portable.zip,functionList/autoit.xml,autoit.xml,,1848,2020-10-27T03:29:08.984032+00:00,99a0630a10ab4ee883554dc6bd9e2d91,63c842ce0df36d51082b61c2c682abcfc9d98e67,32ae9531405ef3c59448fe6dbd3be435e726eb17f3ca0d16530a4c6317dea286,N/A,N/A,,https://github.com/notepad-plus-plus/notepad-plus-plus/releases/download/v8/npp.8.0.portable.zip
8,github,x86,npp.8.0.portable.zip,autoCompletion/autoit.xml,autoit.xml,,738716,2021-02-06T02:57:44.501208+00:00,986e806d09b5c0fff08c5d9eac33a237,22a0d9893cb6cf82598a698401de38df11389043,b15afd5149673e3d72fc8e99945197c86ad43113230dcd8bbc952a82e965e146,N/A,N/A,,https://github.com/notepad-plus-plus/notepad-plus-plus/releases/download/v8/npp.8.0.portable.zip
8,github,x86,npp.8.0.portable.zip,localization/azerbaijani.xml,azerbaijani.xml,,35482,2017-08-20T17:40:40.621097+00:00,8cd5c70b03ef9c48585c06fa149f9fcd,4fb0a331d184579444326c6910742ad4b0cbb5a1,d2e185e9c8b1e7d994dcb3b44748f1b499f18ca22a573f452a9b0d791344c448,N/A,N/A,,https://github.com/notepad-plus-plus/notepad-plus-plus/releases/download/v8/npp.8.0.portable.zip
8,github,x86,npp.8.0.portable.zip,functionList/baanc.xml,baanc.xml,,8513,2020-10-27T03:29:08.985028+00:00,0fce87843f5245bd9a4d5ddce156c7c4,cead1bad691b0d4722e05312ce752c4fefbdad1b,ec249b0dab6fda20cc24f0f25a504c55a05b23fb6cbb4938aa7a41df0c8744b6,N/A,N/A,,https://github.com/notepad-plus-plus/notepad-plus-plus/releases/download/v8/npp.8.0.portable.zip
8,github,x86,npp.8.0.portable.zip,autoCompletion/BaanC.xml,BaanC.xml,,18483,2021-02-06T02:57:44.487247+00:00,85c891742fcf58ae535b26ad948370a2,385e2c813c8d157627220f2bc92a5324c120859b,d408ed3caef21ebb64fb29d633e9ce5069454c1a792a09e2e24f83595d2743be,N/A,N/A,,https://github.com/notepad-plus-plus/notepad-plus-plus/releases/download/v8/npp.8.0.portable.zip
8,github,x86,npp.8.0.portable.zip,functionList/bash.xml,bash.xml,,2999,2020-10-27T03:29:08.986026+00:00,162ded022d600dcf4ba4b7e9ac6917a2,762291f4f4e66573811c8ef757a64bda8a4bba09,2ae1142b08d296c25000e451237ea919f981da28f6a723d39540f43f18bac762,N/A,N/A,,https://github.com/notepad-plus-plus/notepad-plus-plus/releases/download/v8/npp.8.0.portable.zip
8,github,x86,npp.8.0.portable.zip,localization/basque.xml,basque.xml,,98792,2021-05-15T20:55:04.770677+00:00,ac5ff123b4039a60744a74c33e1865cc,a0e5c9b572c5356bb5f0bb6a1d5e14378a54b299,5bb8bc10e2c89a62c850afbcdd7c0773d40f76f8069f466a27db2feff7e7d5e9,N/A,N/A,,https://github.com/notepad-plus-plus/notepad-plus-plus/releases/download/v8/npp.8.0.portable.zip
8,github,x86,npp.8.0.portable.zip,functionList/batch.xml,batch.xml,,1930,2020-10-27T03:29:08.986026+00:00,0ba94312e694ba6ddb313095678b7159,0faa0cf4df8a9569252e37de821a3e45a65f5c97,77eed9211cd8464482f0da3fac4c0f003c2b8a6d76f15445927e66400f102d60,N/A,N/A,,https://github.com/notepad-plus-plus/notepad-plus-plus/releases/download/v8/npp.8.0.portable.zip
8,github,x86,npp.8.0.portable.zip,autoCompletion/batch.xml,batch.xml,,3777,2021-02-06T02:57:44.503201+00:00,01e31d41e5cfb5d2b85c6aa0aabb0fff,6ffcbf31a35c8674536cc2a8a9de7d3f2d48ca38,c4025268b36bb02b2d25e5144d360f69cfc7dddcb3ac98cd2d588393b5cbd30d,N/A,N/A,,https://github.com/notepad-plus-plus/notepad-plus-plus/releases/download/v8/npp.8.0.portable.zip
8,github,x86,npp.8.0.portable.zip,localization/belarusian.xml,belarusian.xml,,101944,2021-05-15T20:55:04.773036+00:00,b1232e004b5d50a50187c013cf236917,77fe3395f3084184d574ad41dfd1cf139ca18c95,8858041d46786ef80ec3158a0c8c9f77f737e78460c7fb5b4fd869e4d88b31bc,N/A,N/A,,https://github.com/notepad-plus-plus/notepad-plus-plus/releases/download/v8/npp.8.0.portable.zip
8,github,x86,npp.8.0.portable.zip,localization/bengali.xml,bengali.xml,,69894,2020-05-31T09:57:18.863583+00:00,7fc3c507b1f1dfbd964eff8c990a7605,557b17f144cc2b4816bb2f65c8f27a999ec1f6a8,7906d96b6eee56ce202ac8f703205abf0a0407b32a148817c3b9fef52d44c4cd,N/A,N/A,,https://github.com/notepad-plus-plus/notepad-plus-plus/releases/download/v8/npp.8.0.portable.zip
8,github,x86,npp.8.0.portable.zip,themes/Bespin.xml,Bespin.xml,,92774,2021-02-06T02:57:44.779535+00:00,a8bbc446b637b4efd8040b075e187431,0fd14f515768cf7df5fd85f57edb316321c2ec2f,c477b0436a41c825e80ff8c44c285e3fecac985dbc36f048b8c62725d45e5d49,N/A,N/A,,https://github.com/notepad-plus-plus/notepad-plus-plus/releases/download/v8/npp.8.0.portable.zip
8,github,x86,npp.8.0.portable.zip,themes/Black board.xml,Black board.xml,,91140,2021-02-06T02:57:44.781552+00:00,478979176ab8517ae7e8fbeef68b4f2e,bda21a44ccfb998f6c4c87a619494bfa3a48e5e6,93319cfe003fac2ec858b2e8678016f6b88954692dc747348c3c248e9ab894ea,N/A,N/A,,https://github.com/notepad-plus-plus/notepad-plus-plus/releases/download/v8/npp.8.0.portable.zip
8,github,x86,npp.8.0.portable.zip,localization/bosnian.xml,bosnian.xml,,32084,2016-12-26T22:10:43.820980+00:00,6b036835ed9d1ee92cd9bd4c76f41bbd,faeb76f93f4228832c7cc952833c717f3614a38d,06ce39e85fc9acd72888da5871fae4d18aa2c5bb6a9fa0c9eca459cf0e949a63,N/A,N/A,,https://github.com/notepad-plus-plus/notepad-plus-plus/releases/download/v8/npp.8.0.portable.zip
8,github,x86,npp.8.0.portable.zip,localization/brazilian_portuguese.xml,brazilian_portuguese.xml,,81802,2021-05-15T20:55:04.775665+00:00,659037882ab4cf4f708da6d095aba6c3,cd4398e78f9d903ebada6ab463fdfe6500d05f83,9be5b81e42becb07994a8bc8696b15fb0736eaa8338a5864354ee6106d26cd13,N/A,N/A,,https://github.com/notepad-plus-plus/notepad-plus-plus/releases/download/v8/npp.8.0.portable.zip
8,github,x86,npp.8.0.portable.zip,localization/breton.xml,breton.xml,,82739,2021-05-15T20:55:04.779653+00:00,c732b3d6279c2539bfe78d664b250a1c,13f0318b3be76d56aa321bd9b14f5fe977dcbc3a,0cc61c777ab6e68149978f7e1c08fc33a780985676da705b0d5bcd57b335b369,N/A,N/A,,https://github.com/notepad-plus-plus/notepad-plus-plus/releases/download/v8/npp.8.0.portable.zip
8,github,x86,npp.8.0.portable.zip,localization/bulgarian.xml,bulgarian.xml,,110087,2021-06-03T12:28:23.788197+00:00,5c1d4d6eccb1b85815a38b7e8e8aa683,92f7fe794183e3819c59e0be6157946fd2ae69ae,5454a8d4604dd9394eb3c129958e926d4245ad70d7e764316fcce187123c1a0d,N/A,N/A,,https://github.com/notepad-plus-plus/notepad-plus-plus/releases/download/v8/npp.8.0.portable.zip
8,github,x86,npp.8.0.portable.zip,functionList/c.xml,c.xml,,4133,2020-10-27T03:29:08.987022+00:00,9aeb2c0dc00adaede0e06f24080f233e,b2fe11701a83da1b608b63b051b9073f4a194e4f,f3a7e5e59e883a3ef6c99967766a546d55dd7a767fadb9f4d433cedf0555e992,N/A,N/A,,https://github.com/notepad-plus-plus/notepad-plus-plus/releases/download/v8/npp.8.0.portable.zip
8,github,x86,npp.8.0.portable.zip,autoCompletion/c.xml,c.xml,,44386,2021-02-06T02:57:44.506196+00:00,2eaa4b8af356b86455f8aae63eb43340,e8224d0873a79c4e27ce96b739f0e154c9432287,35aadc7531e2332679c54306899a21fe3586b7203132cb5673b64915feb91bad,N/A,N/A,,https://github.com/notepad-plus-plus/notepad-plus-plus/releases/download/v8/npp.8.0.portable.zip
8,github,x86,npp.8.0.portable.zip,localization/catalan.xml,catalan.xml,,68727,2021-05-15T20:55:04.788629+00:00,fba5784c2fd64e9486a907e2e07fb5f8,48a5686529c7bd412b424627308fad87426f3d59,0aa431857ffa1d38cb6cc950a5f24d9cf4601b624fdb2181bddf8eb727e9fc38,N/A,N/A,,https://github.com/notepad-plus-plus/notepad-plus-plus/releases/download/v8/npp.8.0.portable.zip
8,github,x86,npp.8.0.portable.zip,change.log,change.log,,2768,2021-06-06T16:35:50.293046+00:00,814064aa064d6af8dfa48710b537ee10,6f8dc91e9c7694ff5d22f1104cfa64b37587d3ad,5effb6e7d0dbee030da9cf7d9bf9ce00a18c02589eea7b51a6f6e744b2bbec2c,N/A,N/A,,https://github.com/notepad-plus-plus/notepad-plus-plus/releases/download/v8/npp.8.0.portable.zip
8,github,x86,npp.8.0.portable.zip,localization/chineseSimplified.xml,chineseSimplified.xml,,90450,2021-05-15T20:55:04.791621+00:00,84c307638d72c60f077c852ff6fe7d16,b8c2b2ffa8fb6b29d42db5ad7968e1e0f8732c52,4043c5a87fb7f63c3282641974087b776680bdd47f92919898c0b88285e2114a,N/A,N/A,,https://github.com/notepad-plus-plus/notepad-plus-plus/releases/download/v8/npp.8.0.portable.zip
8,github,x86,npp.8.0.portable.zip,themes/Choco.xml,Choco.xml,,91451,2021-02-06T02:57:44.784149+00:00,1d779b0104ee9e33ea8c103d62296be4,7bf8e56a29bf58267bc3e6e196f9897392f75a27,9ad51dae67a78c04c5adc8fd4a94a0a4f54902e2448333ac3a79b2448c53d483,N/A,N/A,,https://github.com/notepad-plus-plus/notepad-plus-plus/releases/download/v8/npp.8.0.portable.zip
8,github,x86,npp.8.0.portable.zip,autoCompletion/cmake.xml,cmake.xml,,7884,2021-02-06T02:57:44.508188+00:00,4f983f57c1815f6b74ae78da2ea3c3ea,ccd8399d9f50bbe22e9b1f5e1b7b8fadc200f4f9,f902adc5faf041306b54d48914a5bc9c8d45057a4da431786aef451e2c39d1f7,N/A,N/A,,https://github.com/notepad-plus-plus/notepad-plus-plus/releases/download/v8/npp.8.0.portable.zip
8,github,x86,npp.8.0.portable.zip,functionList/cobol-free.xml,cobol-free.xml,,1772,2020-10-27T03:29:08.988020+00:00,0b82534cdd9ffec3e57d80ce95a49293,c07e6c127653b7d9604b3f53274d562d3084e19a,5639c845d56dedecd2cfdb082b734593b5d618a87f1bd8ec612a8b3f4245566a,N/A,N/A,,https://github.com/notepad-plus-plus/notepad-plus-plus/releases/download/v8/npp.8.0.portable.zip
8,github,x86,npp.8.0.portable.zip,functionList/cobol.xml,cobol.xml,,1368,2020-10-27T03:29:08.989017+00:00,42e52d6bcc674ecaca09feabf0c46dc2,fab3e864a8f51497e9febfe1c47c9058ddd7b137,057784451e3442f381f6a8af931a7050f88d19bda6bc939d37607532a353da1c,N/A,N/A,,https://github.com/notepad-plus-plus/notepad-plus-plus/releases/download/v8/npp.8.0.portable.zip
8,github,x86,npp.8.0.portable.zip,autoCompletion/cobol.xml,cobol.xml,,47435,2021-02-06T02:57:44.511181+00:00,14a6c0b65978315cd52c54c3fcf1e96a,a7a2e4a2e3a3671ae2d663f833ffe0f835391745,5b59b5e1a453df08761332ed75ba5abb027716911cf88fca0fe25985ceec2e17,N/A,N/A,,https://github.com/notepad-plus-plus/notepad-plus-plus/releases/download/v8/npp.8.0.portable.zip
8,github,x86,npp.8.0.portable.zip,autoCompletion/coffee.xml,coffee.xml,,1503,2021-02-06T02:57:44.513585+00:00,28e3f4b13cf33fbfe47e71611ee8d45e,820858ce39f6eacc44a141c23b457520294d1806,2fc2a95486f8f06adf471429cff3b55d0ec5d3797235692e1da558b558141c2a,N/A,N/A,,https://github.com/notepad-plus-plus/notepad-plus-plus/releases/download/v8/npp.8.0.portable.zip
8,github,x86,npp.8.0.portable.zip,config.xml,config.xml,,5107,2021-02-06T02:57:45.188626+00:00,464f9d5abaf898ea16459eb5a31a35c8,4c9e2f8849f5cc14b1f833ef9aa667fe6a027784,abdaddc1d7ba9f3ff443ba93088ff47af79534a5c33c235f47f94e1f01cfb331,N/A,N/A,,https://github.com/notepad-plus-plus/notepad-plus-plus/releases/download/v8/npp.8.0.portable.zip
8,github,x86,npp.8.0.portable.zip,contextMenu.xml,contextMenu.xml,,3919,2021-04-17T16:47:53.824728+00:00,50ee50c8d2f16c8121ce788f5047b9d7,6443c68a786d0f4a8e0e318b2c76016878aee57c,e30c0bd332a1186c694fb84e0fdadbebb6aebf899ed40aa976b9f598273cc48d,N/A,N/A,,https://github.com/notepad-plus-plus/notepad-plus-plus/releases/download/v8/npp.8.0.portable.zip
8,github,x86,npp.8.0.portable.zip,localization/corsican.xml,corsican.xml,,105603,2021-06-03T12:28:23.790192+00:00,17003eaadbc190c4e760db221485e103,016ebc2c1a56af6cf1fc6606b35dddc622f91573,83666868d025f0732242a1aeecc74d1e1c364748f64d0dad97579d4c8cf3073d,N/A,N/A,,https://github.com/notepad-plus-plus/notepad-plus-plus/releases/download/v8/npp.8.0.portable.zip
8,github,x86,npp.8.0.portable.zip,functionList/cpp.xml,cpp.xml,,18515,2020-10-27T03:29:08.990016+00:00,c794bb828625f83122e89b24bbc5f0c8,5b7d579ce72746284dcd1c71e7751cc32ae06c01,40cf1af5650b699a947899d2b43a00dcb64cdeaf080651c82a7930910c1c03f4,N/A,N/A,,https://github.com/notepad-plus-plus/notepad-plus-plus/releases/download/v8/npp.8.0.portable.zip
8,github,x86,npp.8.0.portable.zip,autoCompletion/cpp.xml,cpp.xml,,61526,2021-02-06T02:57:44.516168+00:00,96b467677841b3067cc07c63c687ba4e,1971ddd33d802ef77e45d7a858d1d5b32060f7a3,28add87d67b1b542bdeeeeb45ad1528c3f28e4e56c40367e869b717c5f44be49,N/A,N/A,,https://github.com/notepad-plus-plus/notepad-plus-plus/releases/download/v8/npp.8.0.portable.zip
8,github,x86,npp.8.0.portable.zip,localization/croatian.xml,croatian.xml,,100941,2021-05-15T20:55:04.796996+00:00,0170effc3d2bf62c66e4bece1bd9529e,2cc56763bcfc2b4838bd5518973e01db8599fe8a,74896b61dc983f88eaf73c8cd05ecf903c94e8bdfc96dd23ed385cb9a1f6901b,N/A,N/A,,https://github.com/notepad-plus-plus/notepad-plus-plus/releases/download/v8/npp.8.0.portable.zip
8,github,x86,npp.8.0.portable.zip,functionList/cs.xml,cs.xml,,1834,2020-10-27T03:29:08.991012+00:00,0f35ee0cb20a383942b7ea9a0dc91b61,2770947a577f53c16f25b36ba30e6f94fb0e8209,59345c006cd9bde5ef532aae1f119758d45030993181c272bb0dd6fc0c5d01e5,N/A,N/A,,https://github.com/notepad-plus-plus/notepad-plus-plus/releases/download/v8/npp.8.0.portable.zip
8,github,x86,npp.8.0.portable.zip,autoCompletion/cs.xml,cs.xml,,33861,2021-02-06T02:57:44.518721+00:00,ec8c58e0d38c66fb1a2bc3a3c6c296d8,ad050cfc75e9712109b72d1f23d67bd9a8959f8c,95251b18e87d571e4bfc11b130772447e09461d4f0788e820939da776176e0a4,N/A,N/A,,https://github.com/notepad-plus-plus/notepad-plus-plus/releases/download/v8/npp.8.0.portable.zip
8,github,x86,npp.8.0.portable.zip,autoCompletion/css.xml,css.xml,,11515,2021-02-06T02:57:44.521309+00:00,64dabdc0a5648e812e85753a9525644b,50876b7deb96c121fbde72ea94774c053ef5e457,1ce87ddfd55e689461791ce1f2373a38d73e57035725e9cc43d69d5a8ef43adf,N/A,N/A,,https://github.com/notepad-plus-plus/notepad-plus-plus/releases/download/v8/npp.8.0.portable.zip
8,github,x86,npp.8.0.portable.zip,localization/czech.xml,czech.xml,,88185,2021-05-14T11:01:03.845736+00:00,1b7e6c896ad37fd208157567d681ab37,f194f495caf291ba41232097cec25f7ff7ae8dbf,2f0ba49d44703d557bdcc468c4fa1293ea97a0db0034a914ca096f6c432cb8a5,N/A,N/A,,https://github.com/notepad-plus-plus/notepad-plus-plus/releases/download/v8/npp.8.0.portable.zip
8,github,x86,npp.8.0.portable.zip,localization/danish.xml,danish.xml,,86584,2021-05-15T20:55:04.799612+00:00,84c4f6e832fc062a6bbb768bf19e0ee5,44b0cf84e265851767172435267a73f7e05006e8,f2ba6833ad372ed0a7095da552a1ee4bb37b5c53362aa81e25905d3145a215a1,N/A,N/A,,https://github.com/notepad-plus-plus/notepad-plus-plus/releases/download/v8/npp.8.0.portable.zip
8,github,x86,npp.8.0.portable.zip,themes/DansLeRuSH-Dark.xml,DansLeRuSH-Dark.xml,,109871,2021-02-06T02:57:44.786444+00:00,52659d432fef1f94f29454165d4b251f,3ee91a1be14a545bc645ad945aaca4cac3043edb,9e4e8b753b943304d3885efc68c6cb4603c813c1aecbb8db967a7504b814a9d1,N/A,N/A,,https://github.com/notepad-plus-plus/notepad-plus-plus/releases/download/v8/npp.8.0.portable.zip
8,github,x86,npp.8.0.portable.zip,themes/DarkModeDefault.xml,DarkModeDefault.xml,,166735,2021-05-14T11:01:03.884035+00:00,6d0f68f607198d62173a10c50b77fc10,101744ea97b7964b3be7a6f6ba8bdce904bde364,6138ed0e4ca7b83f905baf574dfb9b0b59261e1146e21f55ac3c6e9d5cd90bf5,N/A,N/A,,https://github.com/notepad-plus-plus/notepad-plus-plus/releases/download/v8/npp.8.0.portable.zip
8,github,x86,npp.8.0.portable.zip,themes/Deep Black.xml,Deep Black.xml,,90076,2021-02-06T02:57:44.788439+00:00,02a33d4d0cb9c61f93dd4ea849ecb14f,5905769498ae32a32f5fdb1dcbf0fca97d7d3eca,4faac9346f9e190be23bc3a41c61178c34a8ab57b69099e8de79ca235b15323a,N/A,N/A,,https://github.com/notepad-plus-plus/notepad-plus-plus/releases/download/v8/npp.8.0.portable.zip
8,github,x86,npp.8.0.portable.zip,doLocalConf.xml,doLocalConf.xml,,0,2017-08-16T07:23:53.663879+00:00,d41d8cd98f00b204e9800998ecf8427e,da39a3ee5e6b4b0d3255bfef95601890afd80709,e3b0c44298fc1c149afbf4c8996fb92427ae41e4649b934ca495991b7852b855,N/A,N/A,,https://github.com/notepad-plus-plus/notepad-plus-plus/releases/download/v8/npp.8.0.portable.zip
8,github,x86,npp.8.0.portable.zip,localization/dutch.xml,dutch.xml,,98600,2021-06-03T12:28:23.793185+00:00,22314aedafb3f2e55fe5c807ac368a2e,f595b435da9adad5413e09f0fe2abe9dac41c013,c43bdd5fb163a068a675613ee1615dc672f4d99f6ad8d04dd73948b72ea34a56,N/A,N/A,,https://github.com/notepad-plus-plus/notepad-plus-plus/releases/download/v8/npp.8.0.portable.zip
8,github,x86,npp.8.0.portable.zip,localization/english.xml,english.xml,,93692,2021-06-03T12:28:23.795178+00:00,4721340135291457a8ee76eff22f1d4a,aec76bb4b2d5e89b225d798445567c4c384c7a18,db1620e8014233f6b90861f13574b739a7da9d3788d22df9d346279c64f23e26,N/A,N/A,,https://github.com/notepad-plus-plus/notepad-plus-plus/releases/download/v8/npp.8.0.portable.zip
8,github,x86,npp.8.0.portable.zip,localization/english_customizable.xml,english_customizable.xml,,93568,2021-05-18T20:13:43.938670+00:00,215b806e3b76d22d585cc3ac3edd524c,5ceabe197fc6da5755e3766a154aae4334b309c4,9fa9b5fa34a74d4475dc039f975ae0d879d32409f8be677bcf6f4b9d5866489d,N/A,N/A,,https://github.com/notepad-plus-plus/notepad-plus-plus/releases/download/v8/npp.8.0.portable.zip
8,github,x86,npp.8.0.portable.zip,localization/esperanto.xml,esperanto.xml,,48286,2020-01-12T13:43:01.405147+00:00,49f94b0b12fd87e9aae7e0a17509c5ad,c8356fc2299e08c7597b815fef66772e66cfe5cf,7a84d2e2472b2ad7786e1963af3616d2330a857a85af16615612042ec410547e,N/A,N/A,,https://github.com/notepad-plus-plus/notepad-plus-plus/releases/download/v8/npp.8.0.portable.zip
8,github,x86,npp.8.0.portable.zip,localization/estonian.xml,estonian.xml,,60643,2021-05-15T20:55:04.809574+00:00,b8d207d2af974a53df2757cd4977f01b,9025924fb7094192d254b0183269134dca7a5d11,d18a620ea786420f0e69c10df2d3981254a5edd29abcab674cf915e98a860801,N/A,N/A,,https://github.com/notepad-plus-plus/notepad-plus-plus/releases/download/v8/npp.8.0.portable.zip
8,github,x86,npp.8.0.portable.zip,localization/extremaduran.xml,extremaduran.xml,,25399,2016-12-26T22:10:43.910594+00:00,896b0f1f0854f3bcc23a80c99dcebd47,ee5d3a7de7503e18b2929d96dc164dd0671a841d,87e0372bfd2b84316adf2c7d3130fcf2415a96ec2c8bcd5da6f1a8a3a807c8d2,N/A,N/A,,https://github.com/notepad-plus-plus/notepad-plus-plus/releases/download/v8/npp.8.0.portable.zip
8,github,x86,npp.8.0.portable.zip,localization/farsi.xml,farsi.xml,,65703,2021-05-15T20:55:04.812649+00:00,44e17fd524df05d8720598b2879e386a,bae71fc18928a4815743c95ddff178be1219ebc5,e7111bd3f7700dca9828d4deb6a7f93d64845b43f4e754cd79ef8d47225f3037,N/A,N/A,,https://github.com/notepad-plus-plus/notepad-plus-plus/releases/download/v8/npp.8.0.portable.zip
8,github,x86,npp.8.0.portable.zip,localization/finnish.xml,finnish.xml,,69344,2021-05-15T20:55:04.816555+00:00,fa44a74f56351a8bd18b5e7a70c7ebf7,7b3d90ef7ef098c37840e7d59e9a94c619d2535a,085abe6341b90ceb7690d79032a1e0f3bd909c78227b9e197be2716fc9316e17,N/A,N/A,,https://github.com/notepad-plus-plus/notepad-plus-plus/releases/download/v8/npp.8.0.portable.zip
8,github,x86,npp.8.0.portable.zip,functionList/fortran.xml,fortran.xml,,1998,2021-04-17T16:47:53.731974+00:00,24efe929c0a64d0728082696eae24e47,8bb52b350a31b26750b5576196de4e1901580ec7,5b324fb16c96737c266d4fec05476017c8547e3f59a16bebcbac0086ed4ae14b,N/A,N/A,,https://github.com/notepad-plus-plus/notepad-plus-plus/releases/download/v8/npp.8.0.portable.zip
8,github,x86,npp.8.0.portable.zip,functionList/fortran77.xml,fortran77.xml,,1618,2021-04-17T16:47:53.732974+00:00,1ced186652b31449fa28912b79449e55,efa4be5ca2d47d70fc839b5cbbd6e313d5f31884,355a07e657b68f84494b95119c4bec782d27af25c6b396eb1bdf61b387c55bda,N/A,N/A,,https://github.com/notepad-plus-plus/notepad-plus-plus/releases/download/v8/npp.8.0.portable.zip
8,github,x86,npp.8.0.portable.zip,localization/french.xml,french.xml,,95436,2021-05-15T20:55:04.819547+00:00,70c7d3148ca91634d804be8c42a268ce,d016592f63be6590f303043d399f46c75ff644be,1794eba6af42ce807b6feda2099fca572fa48e23e8952f288d6975c3ef9f84a2,N/A,N/A,,https://github.com/notepad-plus-plus/notepad-plus-plus/releases/download/v8/npp.8.0.portable.zip
8,github,x86,npp.8.0.portable.zip,localization/friulian.xml,friulian.xml,,34362,2017-08-20T17:40:40.917620+00:00,6d4c069b4c4517f68657be1641bec299,cc5384f29594b19822a805f8d5888ff328e169a1,d4ffe0a2b5e35fede7e6244be9823e1e946c60db1635e6d3f753e6df938e4b3d,N/A,N/A,,https://github.com/notepad-plus-plus/notepad-plus-plus/releases/download/v8/npp.8.0.portable.zip
8,github,x86,npp.8.0.portable.zip,localization/galician.xml,galician.xml,,25339,2016-12-26T22:10:43.936632+00:00,191cc6b7ed37fad274f985d7329bd048,a8b7750901614323318923833a2fb7ac021e8c34,89a20e547d17b1006698cd35fbad772403033420808c8299206a8e299961d83e,N/A,N/A,,https://github.com/notepad-plus-plus/notepad-plus-plus/releases/download/v8/npp.8.0.portable.zip
8,github,x86,npp.8.0.portable.zip,localization/georgian.xml,georgian.xml,,60005,2017-08-20T17:40:40.935670+00:00,cada78594c9838103c479dbda55c9e05,7cdc3fd1b8a7ede96101badacf68281e3432bfbb,b319b96cb4eece88c0cf88b557ce56ce5abe85bdf0a6a1007b64310a708a6572,N/A,N/A,,https://github.com/notepad-plus-plus/notepad-plus-plus/releases/download/v8/npp.8.0.portable.zip
8,github,x86,npp.8.0.portable.zip,localization/german.xml,german.xml,,80514,2021-05-15T20:55:04.823862+00:00,1bb39c97049c23b0a69ec75e4c893f91,73e6f73490f08ec4abf60cc7918a71e86966dfab,8a526ffadf34c34cb6825d928505fc1c292df6110411c97599c0d391c5f679a1,N/A,N/A,,https://github.com/notepad-plus-plus/notepad-plus-plus/releases/download/v8/npp.8.0.portable.zip
8,github,x86,npp.8.0.portable.zip,localization/greek.xml,greek.xml,,104474,2021-06-03T12:28:23.797174+00:00,cf7abbe63252ec741479dee35774807b,80ea01bcf9f0e5bd69244b513ccb8f57f96e316c,9dbc07059f0037c5b114487b9a259d631589a37c70bf1bc6115405649429861c,N/A,N/A,,https://github.com/notepad-plus-plus/notepad-plus-plus/releases/download/v8/npp.8.0.portable.zip
8,github,x86,npp.8.0.portable.zip,localization/gujarati.xml,gujarati.xml,,69663,2020-05-31T09:57:18.882532+00:00,7fc20c4adbdc66c21775a870387769b2,34ee8fc4001645bdeab1427ed8f33a01d2d081ca,efcce0e0c6fe01a7d40cae0a239d85ec3c06e9a7c5dd9adc23825eae2dbf30b3,N/A,N/A,,https://github.com/notepad-plus-plus/notepad-plus-plus/releases/download/v8/npp.8.0.portable.zip
8,github,x86,npp.8.0.portable.zip,updater/GUP.exe,GUP.exe,,743336,2021-06-06T16:48:56.004046+00:00,f4b66db980494e970b50ffa2677a6d5a,261c7569af97a60e0a3f4949fd464c7c5609164b,4646fe8071938e1254a13f1f41be3e0873beaa2c0abaa2941179669935d755bc,N/A,N/A,,https://github.com/notepad-plus-plus/notepad-plus-plus/releases/download/v8/npp.8.0.portable.zip
8,github,x86,npp.8.0.portable.zip,updater/gup.xml,gup.xml,,4267,2018-12-27T00:45:13.826712+00:00,b023cc4d768b34a5401f317479740a53,4ca45db707b120bca9cb6cd8404b9e6ecabdb2d2,d3e6404c7286961cbab82d4c49f82bcb166db9b5a13eacaa0eeb59a0709a0c14,N/A,N/A,,https://github.com/notepad-plus-plus/notepad-plus-plus/releases/download/v8/npp.8.0.portable.zip
8,github,x86,npp.8.0.portable.zip,functionList/haskell.xml,haskell.xml,,2475,2021-04-17T16:47:53.733969+00:00,39f92a5a4c65c9ebf93e23f517ec0ac9,0a87cae9a01c68f1c6b955d221e8bb975ff13fcd,e163c2dc738f1df1d4029ca9f2af7309da19e4ad4eefac1212bbba6fa0167ad4,N/A,N/A,,https://github.com/notepad-plus-plus/notepad-plus-plus/releases/download/v8/npp.8.0.portable.zip
8,github,x86,npp.8.0.portable.zip,localization/hebrew.xml,hebrew.xml,,22740,2018-12-09T18:22:22.918496+00:00,07c8ebe76b6352401c0e9c84956d727f,fb14d93db71d0d4b3f25c275fc57d615ce7446c4,58585868a8164b247c53ad3646076e3404a4fd854ee3632ca9841c1ba3d210d6,N/A,N/A,,https://github.com/notepad-plus-plus/notepad-plus-plus/releases/download/v8/npp.8.0.portable.zip
8,github,x86,npp.8.0.portable.zip,themes/Hello Kitty.xml,Hello Kitty.xml,,90003,2021-02-06T02:57:44.790562+00:00,440f1754c493214c970457fd8bb90601,fb6e530fa6180e0fb2be35574ce7f6666ee7b6cf,9e82a82618fe052bf5ce97752001b966da68d5599e6fba3031f2807de420f896,N/A,N/A,,https://github.com/notepad-plus-plus/notepad-plus-plus/releases/download/v8/npp.8.0.portable.zip
8,github,x86,npp.8.0.portable.zip,localization/hindi.xml,hindi.xml,,101926,2021-05-15T20:55:04.827692+00:00,b5857e80af0743018276e7a89b16f3c0,766f407f0f5cf20b8c1ec2fe225d6abaa7af323d,d25ed21d8a40215b31e762bc08e3133e11afd4df68d2f88894ba6f4805a1fe79,N/A,N/A,,https://github.com/notepad-plus-plus/notepad-plus-plus/releases/download/v8/npp.8.0.portable.zip
8,github,x86,npp.8.0.portable.zip,localization/hongKongCantonese.xml,hongKongCantonese.xml,,95770,2021-06-03T12:28:23.799167+00:00,e2fcc2bb0386d15273a4e9b944235f5f,80ffbf58fe441e88597a3d39fc5efdcbb453b255,a7e1f78de9519fddcac6fc4c38abf99f27ce17018353450bfe4b2dcd4c0fc8f2,N/A,N/A,,https://github.com/notepad-plus-plus/notepad-plus-plus/releases/download/v8/npp.8.0.portable.zip
8,github,x86,npp.8.0.portable.zip,themes/HotFudgeSundae.xml,HotFudgeSundae.xml,,110487,2021-02-06T02:57:44.792649+00:00,8af4695773d5de3e50564cc60afd5027,5db749e5d008fa8331186743c0d47ba907e6abe0,375d6c3818f17edbe41e0a14061f8f07941a617222f7bf6e44a5a0cdb58c9afe,N/A,N/A,,https://github.com/notepad-plus-plus/notepad-plus-plus/releases/download/v8/npp.8.0.portable.zip
8,github,x86,npp.8.0.portable.zip,autoCompletion/html.xml,html.xml,,19490,2021-02-06T02:57:44.523148+00:00,83f7d0f14d6cd73474f0f409950b354a,9e86874a1f691f71d977e2f3aeb77170439465f5,faceb73d447eb8354e84a6ae96b4e354375f2db795756f3003a430b3e2ea66e8,N/A,N/A,,https://github.com/notepad-plus-plus/notepad-plus-plus/releases/download/v8/npp.8.0.portable.zip
8,github,x86,npp.8.0.portable.zip,localization/hungarian.xml,hungarian.xml,,84326,2021-05-15T20:55:04.838498+00:00,ec20dc510d4eaf0b761dbcb6d23d1393,7766f85f04d4e73bd0a7c3ab93f5c9ce39a7988a,9bc7df9113a979b1161a48e85958ef677ad303f2868b602cf7eb5f90c3a349da,N/A,N/A,,https://github.com/notepad-plus-plus/notepad-plus-plus/releases/download/v8/npp.8.0.portable.zip
8,github,x86,npp.8.0.portable.zip,localization/indonesian.xml,indonesian.xml,,63989,2021-05-15T20:55:04.843483+00:00,53f2a422f3264a8c2538eb62954a59b6,f8dc1dae3612b6b10ce8709c61051413554eeb6b,ea9c8a7b44f8e3691799ae440ef4e1e7f19e770354a163b1236fb11e803015fa,N/A,N/A,,https://github.com/notepad-plus-plus/notepad-plus-plus/releases/download/v8/npp.8.0.portable.zip
8,github,x86,npp.8.0.portable.zip,functionList/ini.xml,ini.xml,,952,2020-10-27T03:29:08.992010+00:00,005c5fe001e12b5b0a7f8dee285d71fb,02a29fbbbfdf2166496021920e568b610395cd6e,11acf49eb9f3cb68fa7a3bb8568cef2eb0f125700c8edcbcd108b5810761770f,N/A,N/A,,https://github.com/notepad-plus-plus/notepad-plus-plus/releases/download/v8/npp.8.0.portable.zip
8,github,x86,npp.8.0.portable.zip,functionList/inno.xml,inno.xml,,4404,2020-10-27T03:29:08.992010+00:00,ab1e90d098b886e9f098d7c4c82efb9a,d74449a5b6b2a87d7e5564770edfb609df6806fd,0162159b64eb092f94964faf937f263fb9947b25d40e0d82bd3224d136a140de,N/A,N/A,,https://github.com/notepad-plus-plus/notepad-plus-plus/releases/download/v8/npp.8.0.portable.zip
8,github,x86,npp.8.0.portable.zip,localization/irish.xml,irish.xml,,85008,2021-05-15T20:55:04.850466+00:00,5a3eb4f9cab6ec3bec40d5a683d0fd6b,242d9a7f66c7ae8956d1697f2b34fdd1817488b2,55cb1860023e4182da505e1cffc4eb7d9efdf4062e0e1b2d6320b73abc366dc0,N/A,N/A,,https://github.com/notepad-plus-plus/notepad-plus-plus/releases/download/v8/npp.8.0.portable.zip
8,github,x86,npp.8.0.portable.zip,localization/italian.xml,italian.xml,,93636,2021-05-15T20:55:04.854454+00:00,2dee006fe24c72fa343b88c19b0fd384,d661da649c003d04c449537ac1c55892080d0c64,1dbd12b6ce20bef97864188ceee5f07f414f9c9a0b1d38c8a568825d30671176,N/A,N/A,,https://github.com/notepad-plus-plus/notepad-plus-plus/releases/download/v8/npp.8.0.portable.zip
8,github,x86,npp.8.0.portable.zip,localization/japanese.xml,japanese.xml,,102810,2021-06-03T12:28:23.800165+00:00,50910b5785eefb406d17fcbdd6e3f479,05dee50294a47062b937184fcb1cd94dbf434138,28d556f4bddb80c83bfc7fa7092590144158f27adba65fde99f261c214cf97ce,N/A,N/A,,https://github.com/notepad-plus-plus/notepad-plus-plus/releases/download/v8/npp.8.0.portable.zip
8,github,x86,npp.8.0.portable.zip,functionList/java.xml,java.xml,,9331,2020-10-27T03:29:08.993007+00:00,e5a76a3287909497f328b0f12cf5ce89,a432976d922c00717386fafc3290cf251c8e7182,2487221a75a52b4f8aa6d2e62f1c0a55a5cd5240b1cb7aafa66fbb2042590b06,N/A,N/A,,https://github.com/notepad-plus-plus/notepad-plus-plus/releases/download/v8/npp.8.0.portable.zip
8,github,x86,npp.8.0.portable.zip,autoCompletion/java.xml,java.xml,,205359,2021-02-06T02:57:44.528478+00:00,1ce78a369cff97a0aa6ada78bf65a6d3,d04ba700b097732f152899c998d53d9a9a857b70,18d4506cbd6c04e33b948b1824662efc432a89e83e18abffb78043a2121f5580,N/A,N/A,,https://github.com/notepad-plus-plus/notepad-plus-plus/releases/download/v8/npp.8.0.portable.zip
8,github,x86,npp.8.0.portable.zip,functionList/javascript.js.xml,javascript.js.xml,,1146,2020-10-27T03:29:08.994004+00:00,76bfe910efe1727e4afc3680cca62773,9e05e76ab53ee66aa26cfe6726db6e81c9a3bd62,7c68f28c6995f47dd77596bab28c6b4388ff93840c3becfd37733ddb640cd0cd,N/A,N/A,,https://github.com/notepad-plus-plus/notepad-plus-plus/releases/download/v8/npp.8.0.portable.zip
8,github,x86,npp.8.0.portable.zip,autoCompletion/javascript.xml,javascript.xml,,23348,2021-02-06T02:57:44.531126+00:00,c7cae93b5f9356400d166911bcd0717b,e5d3dc09f45d7ec6a88f9af28c7c9faf055ea804,6ee58a91cba2473554c9d20fb18ddb69b465f1e7bf2e9e1efe8e7b726bac327c,N/A,N/A,,https://github.com/notepad-plus-plus/notepad-plus-plus/releases/download/v8/npp.8.0.portable.zip
8,github,x86,npp.8.0.portable.zip,localization/kabyle.xml,kabyle.xml,,50323,2020-05-31T09:57:18.887519+00:00,1d46146ccf999ede311f951828181eac,f27e955e2f1b819b06bbe1e7e9ecc6b83c49bd23,56d9177dc22aa9945085510cb540000200896a46654f60ff27daa4f4e9bcf378,N/A,N/A,,https://github.com/notepad-plus-plus/notepad-plus-plus/releases/download/v8/npp.8.0.portable.zip
8,github,x86,npp.8.0.portable.zip,localization/kannada.xml,kannada.xml,,74455,2020-05-31T09:57:18.888516+00:00,9f704e219f869165d3779ad6a221e804,40277c057304e603bd74a6ab4c2deb62b5721c7c,d1bbee48ebe8378c0cd3b2dd96134134d7fbc6020fb68ff5689be62ac41d6464,N/A,N/A,,https://github.com/notepad-plus-plus/notepad-plus-plus/releases/download/v8/npp.8.0.portable.zip
8,github,x86,npp.8.0.portable.zip,localization/kazakh.xml,kazakh.xml,,33030,2021-03-18T18:28:21.391259+00:00,cef567a83b071655a30fe3d6841399fa,ac71543e6c69653a9ebdf0edacd32825b868842a,6db85b99cbf208c9ff4cba47ac175305f21f96ff101f5f0676d950d2cc9081c6,N/A,N/A,,https://github.com/notepad-plus-plus/notepad-plus-plus/releases/download/v8/npp.8.0.portable.zip
8,github,x86,npp.8.0.portable.zip,themes/khaki.xml,khaki.xml,,108169,2021-02-06T02:57:44.821349+00:00,ad1d0954bf9068c093d427c011f198de,a91148c968f34646046286af45ad86eb39cd78ab,9af962a4aa2271418881b9117ee61ba341984210c02c3a01e9ad4cc3089f6637,N/A,N/A,,https://github.com/notepad-plus-plus/notepad-plus-plus/releases/download/v8/npp.8.0.portable.zip
8,github,x86,npp.8.0.portable.zip,localization/korean.xml,korean.xml,,76912,2021-05-15T20:55:04.861434+00:00,9211b3e0720327ac0a6fe83fd98f38b5,00f66f51c56e370afcedb9522f5e971a5f066430,cf71d19990acd4985fe76ff45755eba060017e177aca63b5ff6c04957763b9fd,N/A,N/A,,https://github.com/notepad-plus-plus/notepad-plus-plus/releases/download/v8/npp.8.0.portable.zip
8,github,x86,npp.8.0.portable.zip,functionList/krl.xml,krl.xml,,3037,2020-10-27T03:29:08.994004+00:00,2b3193bd7b701acaab61a9b18a349ea5,56f8de4bd5ea8798f06ebd9ba6c8159cc66b287d,c158322bd963d2a68ffc878d72213a7394d8c16de72279771ffc924365eec0df,N/A,N/A,,https://github.com/notepad-plus-plus/notepad-plus-plus/releases/download/v8/npp.8.0.portable.zip
8,github,x86,npp.8.0.portable.zip,localization/kurdish.xml,kurdish.xml,,62678,2021-05-15T20:55:04.863663+00:00,b3fc582020bd8c75d7f982f4798bdbbd,29f3b1ca99deb40ad6def82608926321e87abbcb,43455f6b7e659e4c94ee144fc55e53036c844037cad82a074b5728a359203b89,N/A,N/A,,https://github.com/notepad-plus-plus/notepad-plus-plus/releases/download/v8/npp.8.0.portable.zip
8,github,x86,npp.8.0.portable.zip,localization/kyrgyz.xml,kyrgyz.xml,,38731,2017-08-20T17:40:41.099834+00:00,ad3a31d477ad1e09dc3f6911c1f50d1e,cefc20836cbc0e78eb0291948eadbdf09b21a838,4964c0b9f36b7fec44ec0805ba153d88293311cd703680719187cdaa68fbd090,N/A,N/A,,https://github.com/notepad-plus-plus/notepad-plus-plus/releases/download/v8/npp.8.0.portable.zip
8,github,x86,npp.8.0.portable.zip,langs.model.xml,langs.model.xml,,344225,2021-05-14T11:01:04.218175+00:00,72f3f593344d5d253f98fbf01a85036c,f75313d2c4368c0ff69fe5c0a9adc8ba1cd12c7d,aea280f48f7882eb547817ea04e015d01d22ed32edccf146b7dc526c03f506a1,N/A,N/A,,https://github.com/notepad-plus-plus/notepad-plus-plus/releases/download/v8/npp.8.0.portable.zip
8,github,x86,npp.8.0.portable.zip,localization/latvian.xml,latvian.xml,,46317,2020-01-12T13:43:01.442049+00:00,5bdd886ac6fcbe6d922b9616f86a729f,97b5ba6af3683e41457c89534909a20eee997809,fc76ab3cbfe4a96f02531236b7c0b16cf4749fbb2ac0f378149347ae625a3708,N/A,N/A,,https://github.com/notepad-plus-plus/notepad-plus-plus/releases/download/v8/npp.8.0.portable.zip
8,github,x86,npp.8.0.portable.zip,updater/libcurl.dll,libcurl.dll,,485288,2021-06-06T16:49:03.732695+00:00,be360ae17ac098d69266a3e0fc6e1d40,89719bfea0603b5b759da8e52d41c75f8ba7f7c4,8c5046e665b505f7c04ea60d9c71f4c1376401f73092d295a456c1887a2bf60e,N/A,N/A,,https://github.com/notepad-plus-plus/notepad-plus-plus/releases/download/v8/npp.8.0.portable.zip
8,github,x86,npp.8.0.portable.zip,updater/LICENSE,LICENSE,,7804,2018-12-27T00:45:13.930432+00:00,8e3494bf8cf1967afd3b1016fbbe5bb0,b1608abb6e19ef60f4b9c52f6e05bf81cc97d0c2,319917f5ccd09878db6f67c9a77dee846055644ca49eb535628b9e020a87261e,N/A,N/A,,https://github.com/notepad-plus-plus/notepad-plus-plus/releases/download/v8/npp.8.0.portable.zip
8,github,x86,npp.8.0.portable.zip,license.txt,license.txt,,35663,2021-02-06T02:57:44.460317+00:00,16871739f1c1b2e562f522a60e6c218f,151386821ad471892bf099ebf8197adeee1c4d29,afe980345a1e845fb7e372639205cc57e6902a2505c114dc1bcbcd56119f3413,N/A,N/A,,https://github.com/notepad-plus-plus/notepad-plus-plus/releases/download/v8/npp.8.0.portable.zip
8,github,x86,npp.8.0.portable.zip,localization/ligurian.xml,ligurian.xml,,34480,2017-08-20T17:40:41.121866+00:00,58a86031153e6bd8ae1ad5bf80fcc894,656cedf73e8d40797a43980fd1801f6501b036c4,5fad85ea1c785dca218106e2b409c20b3cb103e8cdc87c542aae5d630599c33b,N/A,N/A,,https://github.com/notepad-plus-plus/notepad-plus-plus/releases/download/v8/npp.8.0.portable.zip
8,github,x86,npp.8.0.portable.zip,autoCompletion/lisp.xml,lisp.xml,,17231,2021-02-06T02:57:44.533724+00:00,2342b76218146563f7cb762ff1a4c03d,9bd08e072b9f401edffb482ff22bcedb444f8165,7dee0ce72cf218da91221c2be184bd22ba16b120396aa1f209583fc9f62fd8bf,N/A,N/A,,https://github.com/notepad-plus-plus/notepad-plus-plus/releases/download/v8/npp.8.0.portable.zip
8,github,x86,npp.8.0.portable.zip,localization/lithuanian.xml,lithuanian.xml,,76720,2021-05-15T20:55:04.866791+00:00,f82686ed79384fec00f33ff98f993720,a841107e5066f87c5b78148b4d2caf8a255be8ab,55b4956b4764f734bcb7b8c62f7fb3ba601a0bf087dba66698fa1e174483bb79,N/A,N/A,,https://github.com/notepad-plus-plus/notepad-plus-plus/releases/download/v8/npp.8.0.portable.zip
8,github,x86,npp.8.0.portable.zip,autoCompletion/lua.xml,lua.xml,,90483,2021-02-06T02:57:44.537110+00:00,810918f09e228f768a037223b5dbc505,ee00f44a913591959cbbde9e8ae0b6871f81cd8a,370a055b1c3044a5ff045d8e6cfeca24e82bd0033a41b3d463e63b4d36b1e76a,N/A,N/A,,https://github.com/notepad-plus-plus/notepad-plus-plus/releases/download/v8/npp.8.0.portable.zip
8,github,x86,npp.8.0.portable.zip,localization/luxembourgish.xml,luxembourgish.xml,,25260,2017-08-20T17:40:41.142960+00:00,cc2d7d26c9d221def534845ec7453ddb,b40b675c5a5c10c8a393714f483aa515be4a5f8d,b73cb0703537af9d58c2e1f040f2e7f741199eef954d5e109eb301fc4498ffe0,N/A,N/A,,https://github.com/notepad-plus-plus/notepad-plus-plus/releases/download/v8/npp.8.0.portable.zip
8,github,x86,npp.8.0.portable.zip,localization/macedonian.xml,macedonian.xml,,36460,2016-12-26T22:10:44.046439+00:00,59f590ee75294f37ccb5ed1c7a441a11,7432c800018216193273b59666f26c4a81540ee6,59dbcc4618fa64eebd71808b16b4736b7af8855bef760aec3eb31c6f8f5f470e,N/A,N/A,,https://github.com/notepad-plus-plus/notepad-plus-plus/releases/download/v8/npp.8.0.portable.zip
8,github,x86,npp.8.0.portable.zip,localization/malay.xml,malay.xml,,19084,2016-12-26T22:10:44.052465+00:00,3158e10e8a9b3c0e84a770f5f11aaa1f,418a6c52704b6c832b80b36adbba45682725c76f,690416e418c9821bfe71805f76d9e18ee39fd092742d173cc9fe595268b131fa,N/A,N/A,,https://github.com/notepad-plus-plus/notepad-plus-plus/releases/download/v8/npp.8.0.portable.zip
8,github,x86,npp.8.0.portable.zip,localization/marathi.xml,marathi.xml,,48181,2019-06-01T16:07:32.531979+00:00,ce4757e3935343d472515cf9b936d7e4,c9ba81eb7b9f1ec2c0ac70e948846ba434d2ac7c,8b7545558bc73329f6caa27b5aa6203220d7a58ea3b37e9c346e636aaf70146c,N/A,N/A,,https://github.com/notepad-plus-plus/notepad-plus-plus/releases/download/v8/npp.8.0.portable.zip
8,github,x86,npp.8.0.portable.zip,userDefineLangs/markdown._preinstalled.udl.xml,markdown._preinstalled.udl.xml,,6046,2020-10-27T03:29:08.979044+00:00,c37d302c1b6884616d59477ba8e438ec,22cd67b23836777a1861d2c1d0663eee7eab1933,c5011367a4453096122fe72bb89f2940293cb61e973522ff140cdfe05227b1f3,N/A,N/A,,https://github.com/notepad-plus-plus/notepad-plus-plus/releases/download/v8/npp.8.0.portable.zip
8,github,x86,npp.8.0.portable.zip,plugins/mimeTools/mimeTools.dll,mimeTools.dll,,101800,2021-06-06T16:49:18.917169+00:00,c5188962a011d5062a38e306c5f80851,39f14c7c21f160d9c411594ec527cfe8d811ef26,5b261ee9cd962e35fbf0fd2032d984bc68574b9e1765834e66997281f01e81a9,N/A,N/A,,https://github.com/notepad-plus-plus/notepad-plus-plus/releases/download/v8/npp.8.0.portable.zip
8,github,x86,npp.8.0.portable.zip,localization/mongolian.xml,mongolian.xml,,64376,2020-01-12T13:43:01.448031+00:00,edb56af0fd2e0c8390c7d8d62b080e0f,1a296725f590905e19544424d7fcd14a27f37305,0924a7c8f36e54675cab1c2fdde30fee8ef8c7b56159e1114b1611e994ccaa24,N/A,N/A,,https://github.com/notepad-plus-plus/notepad-plus-plus/releases/download/v8/npp.8.0.portable.zip
8,github,x86,npp.8.0.portable.zip,themes/Mono Industrial.xml,Mono Industrial.xml,,91448,2021-02-06T02:57:44.794422+00:00,1dd2f54e6454323863d70b6b5dcb1620,37f8ac2b7453d356171737d312e16db0e7494d12,4794862c291de42c75e594ce19e5df267b42ff06d2ef4b7bb2ebb61e949f93c8,N/A,N/A,,https://github.com/notepad-plus-plus/notepad-plus-plus/releases/download/v8/npp.8.0.portable.zip
8,github,x86,npp.8.0.portable.zip,themes/Monokai.xml,Monokai.xml,,92206,2021-02-06T02:57:44.796416+00:00,961a7b6c6d0f0cbfd47a56c6a17591a3,01d0c6b8cfa6211cfa6d9b572967da79b43654f8,4b09bf80ceeea1b311c428002ea881e991574ce28fe887f9f488c989c5b64912,N/A,N/A,,https://github.com/notepad-plus-plus/notepad-plus-plus/releases/download/v8/npp.8.0.portable.zip
8,github,x86,npp.8.0.portable.zip,themes/MossyLawn.xml,MossyLawn.xml,,108374,2021-02-06T02:57:44.798907+00:00,449a1374aabd1e800ac1fec9deba583e,a983c8c69487066a51f52d610be2b17fb9629001,73506506d2c79a30a63d5e11e77b7eeeb757220ea52ee99a7b79fa2803c0d684,N/A,N/A,,https://github.com/notepad-plus-plus/notepad-plus-plus/releases/download/v8/npp.8.0.portable.zip
8,github,x86,npp.8.0.portable.zip,themes/Navajo.xml,Navajo.xml,,108183,2021-02-06T02:57:44.801414+00:00,8846302b3208ea814a7c010fdf764604,e03e5ba9f5516fef84ec7b4f3f1b03108a80cdfc,92ee1ef1d8a353cda26017f576e5a966dd91790f0d2098a83572561909532813,N/A,N/A,,https://github.com/notepad-plus-plus/notepad-plus-plus/releases/download/v8/npp.8.0.portable.zip
8,github,x86,npp.8.0.portable.zip,localization/nepali.xml,nepali.xml,,123523,2021-05-15T20:55:04.869959+00:00,6dce93f6c2806a93aa09a6fd372e9257,bbf75dafcb98a1d0d78c4006ca288d8a0e48fa56,161097b077ac354b4bfa23397dcf3ed29790648b68dc660559c8e75e1be9b24a,N/A,N/A,,https://github.com/notepad-plus-plus/notepad-plus-plus/releases/download/v8/npp.8.0.portable.zip
8,github,x86,npp.8.0.portable.zip,localization/norwegian.xml,norwegian.xml,,27778,2016-12-26T22:10:44.066320+00:00,f5519b853316445aab668c1dfd480f87,0f7aab54733b22d514b36ea68e39b0fe215afcbc,bb9a79755d37d449acff570c20e78a9e0c58482414435cf0f493e15e6216fce3,N/A,N/A,,https://github.com/notepad-plus-plus/notepad-plus-plus/releases/download/v8/npp.8.0.portable.zip
8,github,x86,npp.8.0.portable.zip,notepad++.exe,notepad++.exe,,4840872,2021-06-06T16:48:33.036250+00:00,320ce832212a2f01138f88c729e8900e,f55d84fcf547ba95a0a27945c04f0af1b9b482d8,ca5b40aab27fec65573abe0853bdc47ac43efe05c78f7be51c2f8d3e8f9f1647,N/A,N/A,,https://github.com/notepad-plus-plus/notepad-plus-plus/releases/download/v8/npp.8.0.portable.zip
8,github,x86,npp.8.0.portable.zip,plugins/NppConverter/NppConverter.dll,NppConverter.dll,,146856,2021-06-06T16:49:26.599525+00:00,6194b8181bca25f29223ddf620c1c02d,b9c183f39cc86fd22173303f56d06cc3f871c374,3a9da95d82beb8e0472eb44d9090b9bbd5c75a91dd78995819cae40b05810d14,N/A,N/A,,https://github.com/notepad-plus-plus/notepad-plus-plus/releases/download/v8/npp.8.0.portable.zip
8,github,x86,npp.8.0.portable.zip,plugins/NppExport/NppExport.dll,NppExport.dll,,115112,2021-06-06T16:49:11.338374+00:00,42cc98c1baa137127e3d11f1d79c6d80,ab5fd45bfc5c347fe6adf8d38af2a6da600de1aa,1ad065d0b927f868c76f8a24341605c6552fa81f47a6ba70d98a764ce0c075af,N/A,N/A,,https://github.com/notepad-plus-plus/notepad-plus-plus/releases/download/v8/npp.8.0.portable.zip
8,github,x86,npp.8.0.portable.zip,plugins/Config/nppPluginList.dll,nppPluginList.dll,,182184,2021-06-06T16:48:48.296149+00:00,7178c9c804e79bfb2878adefea482407,0aefbfc07b2142daf8f73ec693319de1ea0a54f0,7838f11b16c7f2cb31f2b34500e99059822eae7f75c967b2eefed53147ef805c,N/A,N/A,,https://github.com/notepad-plus-plus/notepad-plus-plus/releases/download/v8/npp.8.0.portable.zip
8,github,x86,npp.8.0.portable.zip,functionList/nsis.xml,nsis.xml,,7125,2020-10-27T03:29:08.995001+00:00,792c0b92f7949c0ec61b8b06a86c5a67,565e8cc8005eb923db47eb1685748c8934c77089,c13743567fcfc4fa77b66e79447edab2d1ecc97d4da32b655d92ae90968f2b0b,N/A,N/A,,https://github.com/notepad-plus-plus/notepad-plus-plus/releases/download/v8/npp.8.0.portable.zip
8,github,x86,npp.8.0.portable.zip,autoCompletion/nsis.xml,nsis.xml,,8176,2021-02-06T02:57:44.539397+00:00,c02485cf76125ce06988d536328ebe81,0bcd80a606c16c48e4ac0e21c489a8e1d46b1f58,98a294b1e45611821fac0bf98b15536efcbde57fb58c9effe46105aa68da24ec,N/A,N/A,,https://github.com/notepad-plus-plus/notepad-plus-plus/releases/download/v8/npp.8.0.portable.zip
8,github,x86,npp.8.0.portable.zip,localization/nynorsk.xml,nynorsk.xml,,41202,2017-08-20T17:40:41.189943+00:00,694867a6ade700da42a55da24da74200,d6115de129aa535bc83cce55e1c1ad5a001a5fac,319a9e846a610811fdf12b96bf352e4e07f2d7de5a6bec3000cebc1b1e21a1fe,N/A,N/A,,https://github.com/notepad-plus-plus/notepad-plus-plus/releases/download/v8/npp.8.0.portable.zip
8,github,x86,npp.8.0.portable.zip,themes/Obsidian.xml,Obsidian.xml,,95745,2021-03-08T18:04:41.299199+00:00,4a484addc53e83c94679cb83f75ffc10,7239dcca023f6d91bd409f1b0a56d4a5437c10ad,7f88d74ffa6eb2ad3bfb44a6f6c8ff1fa6809685e16778ed1746e4123b862564,N/A,N/A,,https://github.com/notepad-plus-plus/notepad-plus-plus/releases/download/v8/npp.8.0.portable.zip
8,github,x86,npp.8.0.portable.zip,localization/occitan.xml,occitan.xml,,60960,2021-05-15T20:55:04.872405+00:00,878f0c0a2d0e905cb830f3e31eecced7,9c9b4955076d093f9dab456c2b27e82cdba69f7c,d7d80445e9cfde2d5d2d9d9e435b43fc5cf30acf8850b453f826db41856af30a,N/A,N/A,,https://github.com/notepad-plus-plus/notepad-plus-plus/releases/download/v8/npp.8.0.portable.zip
8,github,x86,npp.8.0.portable.zip,functionList/overrideMap.xml,overrideMap.xml,,6371,2020-10-27T03:29:08.996000+00:00,28fccc2a6a7145574c006f7dcd8eb251,dd11264640842a112021e9228332219fb979e2dc,e7f8eae310e8ace3b3b0be3bb145ec8c2bbcaa66c9337218dc4cbef633374f95,N/A,N/A,,https://github.com/notepad-plus-plus/notepad-plus-plus/releases/download/v8/npp.8.0.portable.zip
8,github,x86,npp.8.0.portable.zip,functionList/perl.xml,perl.xml,,1505,2020-10-27T03:29:08.996000+00:00,c7ad8abe956fbcc3cab1bdb82f457729,8644c5344a3ce147add01d61a943fcd0bad099fb,6558013f984e594bb57534910ce0b17bfa15da3cc9bb4b6e0b5c6e4ddf9eb14e,N/A,N/A,,https://github.com/notepad-plus-plus/notepad-plus-plus/releases/download/v8/npp.8.0.portable.zip
8,github,x86,npp.8.0.portable.zip,autoCompletion/perl.xml,perl.xml,,58670,2021-02-06T02:57:44.542343+00:00,68a335d8c7f6bd14b91cfe3bb7e4fbe5,91bb6cc6593d51913e6e8eb1af9579a717769ea1,c75aee84bbdc39cfd3e5b9e8d400a34dea82a1e176ff094de1284824afa5c44a,N/A,N/A,,https://github.com/notepad-plus-plus/notepad-plus-plus/releases/download/v8/npp.8.0.portable.zip
8,github,x86,npp.8.0.portable.zip,functionList/php.xml,php.xml,,10000,2020-11-06T18:23:59.717391+00:00,09dd56ad26088b1fa609b8d201064450,1efc7cf7ddcf5c06e9291518fa0e073469075231,b5d149184a4e4a3ed8425e5ace844d784a4ed5a4e0004e959cf17f6267e80b40,N/A,N/A,,https://github.com/notepad-plus-plus/notepad-plus-plus/releases/download/v8/npp.8.0.portable.zip
8,github,x86,npp.8.0.portable.zip,autoCompletion/php.xml,php.xml,,427922,2021-02-06T02:57:44.549078+00:00,8bb0f6ddbf214fc5247efd6b809e43fa,5f44d91697d849162a5ddc00504fd9a2bbbe8a24,0bf118ba1b96f626eb4217bfc3f192bde2626d1616786daf484e2f3c35d7d706,N/A,N/A,,https://github.com/notepad-plus-plus/notepad-plus-plus/releases/download/v8/npp.8.0.portable.zip
8,github,x86,npp.8.0.portable.zip,localization/piglatin.xml,piglatin.xml,,79086,2021-05-15T20:55:04.874400+00:00,a81a96ae92a44fefd915ec642c0439d7,5af4d51746b51bc2a836e03850a183eabe9a7b28,ddd62f48fcf3b767b77b7bdd128158a038b521192e5eb34585eda41949bdeb1c,N/A,N/A,,https://github.com/notepad-plus-plus/notepad-plus-plus/releases/download/v8/npp.8.0.portable.zip
8,github,x86,npp.8.0.portable.zip,themes/Plastic Code Wrap.xml,Plastic Code Wrap.xml,,92942,2021-02-06T02:57:44.805393+00:00,29d48938e622822cd21e4b018801aa4e,ae8204dad93f5b32e263fafeb885b1ea971236f0,7c062a06399b1421bb24a710698098979958920dc14baaca2513d2523f2b8183,N/A,N/A,,https://github.com/notepad-plus-plus/notepad-plus-plus/releases/download/v8/npp.8.0.portable.zip
8,github,x86,npp.8.0.portable.zip,localization/polish.xml,polish.xml,,99405,2021-05-15T20:55:04.877827+00:00,ebbde5dfebb6e9e4e0c53ce0276fc196,aa191b402246fa9e9334a5057bf58cf6e1117fc3,ab9362cdb589a66b38d6ced225f3487aeff497a5837325aa43f7484e5bd670f6,N/A,N/A,,https://github.com/notepad-plus-plus/notepad-plus-plus/releases/download/v8/npp.8.0.portable.zip
8,github,x86,npp.8.0.portable.zip,localization/portuguese.xml,portuguese.xml,,100365,2021-05-15T20:55:04.880776+00:00,2d2c36472c5955a538d16e06b4699019,dfcb8464f050ca69fabc20f51f5c58e2632ff80d,f60a2e5601b1b64623dd10e96b588629e699a3bada4186c6bc2f6758ce7631c5,N/A,N/A,,https://github.com/notepad-plus-plus/notepad-plus-plus/releases/download/v8/npp.8.0.portable.zip
8,github,x86,npp.8.0.portable.zip,functionList/powershell.xml,powershell.xml,,1381,2020-10-27T03:29:08.997994+00:00,9fe2a57fb28e8e3ccf4d3a2a090a7b4d,741f540c8176cb891750c9ef0b6c66bca7ca78f0,9d6ee11f048b734a4edf01acda39d1390b0e1e88756919991c242073723b9c21,N/A,N/A,,https://github.com/notepad-plus-plus/notepad-plus-plus/releases/download/v8/npp.8.0.portable.zip
8,github,x86,npp.8.0.portable.zip,localization/punjabi.xml,punjabi.xml,,70605,2021-05-15T20:55:04.883456+00:00,1905fd189d8c02f33034d9dd90704d9a,c33d3d09572ff573581fb4a1f0bb93bb9bb00669,01717885246eefec6c975cfa267451d5afcf9ae859497c52dff18387e002cea0,N/A,N/A,,https://github.com/notepad-plus-plus/notepad-plus-plus/releases/download/v8/npp.8.0.portable.zip
8,github,x86,npp.8.0.portable.zip,functionList/python.xml,python.xml,,1093,2021-05-14T11:01:03.829779+00:00,ca9b2edacad7a768f1c3b6f318d7a5cc,41db40877fa4e4216cb5335a6a3f721793aafcbe,1810b378b0fd5ac2d876f3ebe0025b2843a5832ad4d283ca9a7c1986fe8c01ef,N/A,N/A,,https://github.com/notepad-plus-plus/notepad-plus-plus/releases/download/v8/npp.8.0.portable.zip
8,github,x86,npp.8.0.portable.zip,autoCompletion/python.xml,python.xml,,61578,2021-02-06T02:57:44.552352+00:00,fa2cfe74e8d1f0ce494ff3f01d55ea68,6891483f0a2da2fb0bf80f457a8f620b08c43498,23add5af4a1c87485d4886419021f8842b2da6b44962b024c0bd83b3b782b380,N/A,N/A,,https://github.com/notepad-plus-plus/notepad-plus-plus/releases/download/v8/npp.8.0.portable.zip
8,github,x86,npp.8.0.portable.zip,autoCompletion/rc.xml,rc.xml,,1635,2021-02-06T02:57:44.554066+00:00,893bb156418e493613201fb414699010,bddeee9258a1ba943d52199f552f2e2cba6a8f0b,cd8750aaaa3b70d9e9ce22232b8ac5f5c4e1e13c4261894a1d8e32c22ae8657e,N/A,N/A,,https://github.com/notepad-plus-plus/notepad-plus-plus/releases/download/v8/npp.8.0.portable.zip
8,github,x86,npp.8.0.portable.zip,updater/README.md,README.md,,2991,2018-12-27T00:45:13.960355+00:00,9f56b12cbffcfad543fb1f91e3955f1b,406e1423549a8f5e97d8d8e37d5e7f6f4da8194b,aef40520cf12a0842097e8cfbeb9d9128f52573e5f90ca12d4a0a9045978547e,N/A,N/A,,https://github.com/notepad-plus-plus/notepad-plus-plus/releases/download/v8/npp.8.0.portable.zip
8,github,x86,npp.8.0.portable.zip,readme.txt,readme.txt,,1526,2020-01-03T09:54:59.893544+00:00,11b0a85dcd7045352f71e46d83de6d7e,77b65e52e20a64441c01c57510dc3d60b33afa16,bc661498305746c6deacbee301522f7c283566a804184e290481d3b57af675b1,N/A,N/A,,https://github.com/notepad-plus-plus/notepad-plus-plus/releases/download/v8/npp.8.0.portable.zip
8,github,x86,npp.8.0.portable.zip,localization/romanian.xml,romanian.xml,,78817,2021-05-15T20:55:04.886368+00:00,21213d3ce5057288c1b1d2822925c2f9,bb1f49d1adcf2512d05dfa7bd8dee9351e93141c,bab905124f754bf2ae111c4c0f04170c80343ed0219aa226b8274ae3b741f39c,N/A,N/A,,https://github.com/notepad-plus-plus/notepad-plus-plus/releases/download/v8/npp.8.0.portable.zip
8,github,x86,npp.8.0.portable.zip,themes/Ruby Blue.xml,Ruby Blue.xml,,72674,2021-02-06T02:57:44.807669+00:00,2021c519ced04f915b871d0e23123098,9fa7269623f5d68aae153147df996023cc9f0b44,278a81d492add8d20373ad2690637c6572819d9f4f43a4a5f46e43b3bf21d3fc,N/A,N/A,,https://github.com/notepad-plus-plus/notepad-plus-plus/releases/download/v8/npp.8.0.portable.zip
8,github,x86,npp.8.0.portable.zip,functionList/ruby.xml,ruby.xml,,1088,2020-10-27T03:29:08.998990+00:00,9b89093254088d0cce1e013f0df2ae97,67843fd332da121f5448f6158affa486bdd2e883,bffbebedccb4bfd8e849bb3b577eaf0bc821bd45be29905017e667034e5b25be,N/A,N/A,,https://github.com/notepad-plus-plus/notepad-plus-plus/releases/download/v8/npp.8.0.portable.zip
8,github,x86,npp.8.0.portable.zip,localization/russian.xml,russian.xml,,103213,2021-06-03T12:28:23.804155+00:00,5e0c15a8a5b3a5b57d9a74163484aec6,321fa425ceb2f880ba3f7fb30f759ba154002bfb,3db4028c5233de69af2fa227ec11e7385daf4e5a6f3e6ab03bee17bb66e0c92c,N/A,N/A,,https://github.com/notepad-plus-plus/notepad-plus-plus/releases/download/v8/npp.8.0.portable.zip
8,github,x86,npp.8.0.portable.zip,functionList/rust.xml,rust.xml,,1848,2021-04-17T16:47:53.733969+00:00,accc6038de578929af94649cadd88a14,bbfe66bf9d36ea92ac437d466db1f36ae4f67a28,1571595dee56cf2b6b2e39f2108db82cd2e8faf15c1d15bba2fdf34770bcda7f,N/A,N/A,,https://github.com/notepad-plus-plus/notepad-plus-plus/releases/download/v8/npp.8.0.portable.zip
8,github,x86,npp.8.0.portable.zip,localization/samogitian.xml,samogitian.xml,,10160,2016-12-26T22:10:44.114584+00:00,ebba131558f344afe63e1c5718d0f7ad,65ba510db37a5d8ef74d1c77ede30fa9cccad299,75eca9974de1fca41651975a92f374660e1a7c273a3d1dab0ef6dd573230878b,N/A,N/A,,https://github.com/notepad-plus-plus/notepad-plus-plus/releases/download/v8/npp.8.0.portable.zip
8,github,x86,npp.8.0.portable.zip,localization/sardinian.xml,sardinian.xml,,40982,2017-08-20T17:40:41.271018+00:00,064889342004d04b1de62578aa733216,30b21b176b1c031ec472d45ccad41eba239efc52,0169ebd43b3cec4a4f3b0143a2af6f07ec9bf73cb04882a3d4507f01931c08de,N/A,N/A,,https://github.com/notepad-plus-plus/notepad-plus-plus/releases/download/v8/npp.8.0.portable.zip
8,github,x86,npp.8.0.portable.zip,localization/serbian.xml,serbian.xml,,24098,2016-12-26T22:10:44.125648+00:00,174e7dc367ff1c213432b891f11d25bb,e199d3a723bcbb176e9f79969f502658efab0ac7,1a07c6a9c2639fa12bb000f599498ddf84827449afbb7952f4bdc4cf526c2117,N/A,N/A,,https://github.com/notepad-plus-plus/notepad-plus-plus/releases/download/v8/npp.8.0.portable.zip
8,github,x86,npp.8.0.portable.zip,localization/serbianCyrillic.xml,serbianCyrillic.xml,,47833,2017-08-20T17:40:41.289358+00:00,e6c94316e6d065533305b94e7d5af2bc,3b6f4b424d7321bae1d643bef50ee952d7990ddd,289d7cdd9d9af5b2992e3b0ac38022f91e3d9dc0051e40733983e26e2ddcf594,N/A,N/A,,https://github.com/notepad-plus-plus/notepad-plus-plus/releases/download/v8/npp.8.0.portable.zip
8,github,x86,npp.8.0.portable.zip,shortcuts.xml,shortcuts.xml,,965,2021-04-17T16:47:53.837693+00:00,96c510e0fa8b730ce0fe3dfb1a52aa51,0654a46879eccb4062480c98ff3e00b0f8565ba0,9b0e941dc478fc68d046727f5f8e426cd7e8af91b4fa45882ee9e36b4bb11ee1,N/A,N/A,,https://github.com/notepad-plus-plus/notepad-plus-plus/releases/download/v8/npp.8.0.portable.zip
8,github,x86,npp.8.0.portable.zip,localization/sinhala.xml,sinhala.xml,,56893,2017-08-20T17:40:41.304229+00:00,9986ce0334af5335ae8c7e5a3cbc818b,384de56d2af7c4941c266bfba7d69518b2b1879d,a8b55a8115a50bd3b7b07c359c49fe7da48a5acf1dacc2c0e3708f6f48636fd6,N/A,N/A,,https://github.com/notepad-plus-plus/notepad-plus-plus/releases/download/v8/npp.8.0.portable.zip
8,github,x86,npp.8.0.portable.zip,functionList/sinumerik.xml,sinumerik.xml,,1003,2020-10-27T03:29:08.999988+00:00,16e39474342d0cc1d3a189fad83d5721,726e75d326099b405da6d6b266f4b9c55f7c51f9,db3ac1fd3d65df45d805adb8dfe0c5209db07ef93406db17dfb783dd8048720a,N/A,N/A,,https://github.com/notepad-plus-plus/notepad-plus-plus/releases/download/v8/npp.8.0.portable.zip
8,github,x86,npp.8.0.portable.zip,localization/slovak.xml,slovak.xml,,97546,2021-06-03T12:28:23.808144+00:00,71700345a1ed0e45faa9a8dc2c48fc18,9c55db9704eed914d06bd81f3fd573f9947b804b,3b1d95c064dcb365950e2a0fa4f4365754d33b47c56a610fede2623e59e3114d,N/A,N/A,,https://github.com/notepad-plus-plus/notepad-plus-plus/releases/download/v8/npp.8.0.portable.zip
8,github,x86,npp.8.0.portable.zip,localization/slovenian.xml,slovenian.xml,,86657,2021-05-15T20:55:04.898336+00:00,5c7e591e50ef318e985ff4e784ab8804,86f7ab0bd71b9ef382c7085a4f560fabc9742e04,fcb93cc76e40be9bba30113878f57efe57c0cf47e5f45eaf3357bd9d8551be77,N/A,N/A,,https://github.com/notepad-plus-plus/notepad-plus-plus/releases/download/v8/npp.8.0.portable.zip
8,github,x86,npp.8.0.portable.zip,themes/Solarized-light.xml,Solarized-light.xml,,108819,2021-02-06T02:57:44.809440+00:00,5d4a5b2caa72c57c4268dc7d5e4b8a1d,5f2b74ad78bbaf995b3173b309b0a04b5cdedfc1,3510be48e8f004629d98e4085af77e815e9ce228020ece432c0423a077b91639,N/A,N/A,,https://github.com/notepad-plus-plus/notepad-plus-plus/releases/download/v8/npp.8.0.portable.zip
8,github,x86,npp.8.0.portable.zip,themes/Solarized.xml,Solarized.xml,,108807,2021-02-06T02:57:44.812374+00:00,2aad408551c64e1be6fd92f38596d039,cbac96b4f4662dac77fb796730de3ca715b7725f,b3f903b8b9ad0dd5a09a6340eabf070b1ed79bc782c6a53f1ac4546e71989aef,N/A,N/A,,https://github.com/notepad-plus-plus/notepad-plus-plus/releases/download/v8/npp.8.0.portable.zip
8,github,x86,npp.8.0.portable.zip,localization/spanish.xml,spanish.xml,,75676,2021-06-03T12:28:23.810138+00:00,113190ae34b8ba2e21426f9fb866f955,13c0dd9639159fa2e09a6cd4c4ede04999efcd02,2ed36886d720851d26e6bad10b1a053e1f4e32527992b1897eb4a9916574686c,N/A,N/A,,https://github.com/notepad-plus-plus/notepad-plus-plus/releases/download/v8/npp.8.0.portable.zip
8,github,x86,npp.8.0.portable.zip,localization/spanish_ar.xml,spanish_ar.xml,,45331,2020-01-12T13:43:01.472965+00:00,fc5b8b4d481eb2edf7f26f5ea25bdc90,7092229294413ea7caa01f77236a24190e5b63b1,e44e9075288f297faf80b80284f428c67431ab6840ca8685858a7f3dcb6e5867,N/A,N/A,,https://github.com/notepad-plus-plus/notepad-plus-plus/releases/download/v8/npp.8.0.portable.zip
8,github,x86,npp.8.0.portable.zip,functionList/sql.xml,sql.xml,,1271,2020-10-27T03:29:09.000985+00:00,97cd588eb633538f3d3db2204009ba5f,552fdc1e6626afdcb7d8159babad81fb7fe902dd,a7109b8374dffa7a0cd69558990f7e96fea9ef61736d89043dad5a6694cdfa4a,N/A,N/A,,https://github.com/notepad-plus-plus/notepad-plus-plus/releases/download/v8/npp.8.0.portable.zip
8,github,x86,npp.8.0.portable.zip,autoCompletion/sql.xml,sql.xml,,67945,2021-02-06T02:57:44.557060+00:00,fcfd333f5394896ba748f4628b4a1243,19df381ea7689270865352037e04eef344e9d9a4,1b18ca570694e7128d2751a5c7f46464d8ac167be58627a1fd61324284c15ea5,N/A,N/A,,https://github.com/notepad-plus-plus/notepad-plus-plus/releases/download/v8/npp.8.0.portable.zip
8,github,x86,npp.8.0.portable.zip,stylers.model.xml,stylers.model.xml,,170495,2021-05-14T11:01:04.225339+00:00,eee84dd3565b5ba857d67a935ce4d689,3b37be60f25c27e03bd90e7decc7cde09977fd81,1180377902b86c7819807c91cfb32184a8d5dffef4285124555489ab020fe374,N/A,N/A,,https://github.com/notepad-plus-plus/notepad-plus-plus/releases/download/v8/npp.8.0.portable.zip
8,github,x86,npp.8.0.portable.zip,localization/swedish.xml,swedish.xml,,63753,2021-05-15T20:55:04.904319+00:00,6f434872b133168c94769c1211721594,be4c9a42139ba7aba784b857a223efbae4ee1fcf,4a6ba1d443095cedab8100f6c317e6f64ce070a4825b9532d48520b205bdd911,N/A,N/A,,https://github.com/notepad-plus-plus/notepad-plus-plus/releases/download/v8/npp.8.0.portable.zip
8,github,x86,npp.8.0.portable.zip,localization/tagalog.xml,tagalog.xml,,30395,2016-12-26T22:10:44.167583+00:00,04e3e27d9d635c6b23c8e40dcbbdd442,c66e2dc153c22a445dae0df2bdf3c1693b4ad03e,047c63c449c5e2a9a4f97637c741eb07e6ec034bc829d85c6565bb0292c1cd72,N/A,N/A,,https://github.com/notepad-plus-plus/notepad-plus-plus/releases/download/v8/npp.8.0.portable.zip
8,github,x86,npp.8.0.portable.zip,localization/taiwaneseMandarin.xml,taiwaneseMandarin.xml,,89856,2021-05-15T20:55:04.907329+00:00,a7a23470da586c7fdaa456ac66c3de28,0e4ead85a9369d1613f375b98b360493ef6206ed,1b125d3476483f85ef2c77105d99e30be42b91612f02a417e7995a5043a8242a,N/A,N/A,,https://github.com/notepad-plus-plus/notepad-plus-plus/releases/download/v8/npp.8.0.portable.zip
8,github,x86,npp.8.0.portable.zip,localization/tajikCyrillic.xml,tajikCyrillic.xml,,66798,2020-01-12T13:43:01.477953+00:00,dabc1ee04ad838b934e1c5ea8d58afa1,abefa1fb5f7fa046cc44aa3fb2c6e4a0fd138b00,b27be56e97ae352359d61c2ed039f7764e905bf48be9b78605a345d849236f02,N/A,N/A,,https://github.com/notepad-plus-plus/notepad-plus-plus/releases/download/v8/npp.8.0.portable.zip
8,github,x86,npp.8.0.portable.zip,localization/tamil.xml,tamil.xml,,54196,2017-08-20T17:40:41.427488+00:00,abc0ae5ed0002512221d682263e41204,7a7533274855ceff9a604d6cd36192cc68f2c416,e23759fd6d60ef9728b620a1a8316fc049ccbf93445a91a1a85d27c4e25f3f15,N/A,N/A,,https://github.com/notepad-plus-plus/notepad-plus-plus/releases/download/v8/npp.8.0.portable.zip
8,github,x86,npp.8.0.portable.zip,localization/tatar.xml,tatar.xml,,71436,2021-05-15T20:55:04.909307+00:00,b429b2a78e574f3cf91a8d81222755c6,b27619de11cca103a90255d8ed8efe9eb6ebdbe6,2947bbe32db521a19acf3bd201b40a084f5dc4950ff197e2c2e6b1df93779d6d,N/A,N/A,,https://github.com/notepad-plus-plus/notepad-plus-plus/releases/download/v8/npp.8.0.portable.zip
8,github,x86,npp.8.0.portable.zip,localization/telugu.xml,telugu.xml,,53577,2017-08-20T17:40:41.456494+00:00,a8b6a302f3bda0eeae95e5214df33ec4,975e8e7ac8258c4f8c4050743debe980a9864e4f,82b4b16ee06e668e4ff30e71fcbf42623cf30dc14177c570a7ad1f47c0284e0c,N/A,N/A,,https://github.com/notepad-plus-plus/notepad-plus-plus/releases/download/v8/npp.8.0.portable.zip
8,github,x86,npp.8.0.portable.zip,autoCompletion/tex.xml,tex.xml,,67864,2021-02-06T02:57:44.559058+00:00,40e183975f5e362d33ba5ffe3b5af3df,35a763370180060a8cf7e33f735c464212d7b6cc,c916f03b9dea3d64019907120d7d4efc925e86189327bcbb89969c57934e2c23,N/A,N/A,,https://github.com/notepad-plus-plus/notepad-plus-plus/releases/download/v8/npp.8.0.portable.zip
8,github,x86,npp.8.0.portable.zip,localization/thai.xml,thai.xml,,41406,2017-08-20T17:40:41.469535+00:00,8d02b72cdcce6c5a4db56eebba394824,259babbea022717b773d10704f61fb285e800730,8ce450bcfd9b9617f4e0969ad4e201480b255d473cb1383c90761cc28cbd7ecc,N/A,N/A,,https://github.com/notepad-plus-plus/notepad-plus-plus/releases/download/v8/npp.8.0.portable.zip
8,github,x86,npp.8.0.portable.zip,localization/turkish.xml,turkish.xml,,81253,2021-05-15T20:55:04.912534+00:00,30ab56b6dc752db71cf72184736f3931,75c3f535f745ce89c07234355ab006a6ab2782bc,fa1fb8280ee543fd32572b8cfe13079640b96162f9295f73edc1f57a865117e0,N/A,N/A,,https://github.com/notepad-plus-plus/notepad-plus-plus/releases/download/v8/npp.8.0.portable.zip
8,github,x86,npp.8.0.portable.zip,themes/Twilight.xml,Twilight.xml,,91253,2021-02-06T02:57:44.814368+00:00,fb9d4ba33a19bea1ffd63fed5375b259,547986c56a06a95dc14e07e492584259e1ea90d0,6aa8ebc9ac8458ccc5239b173ce1f6a62537183cb7ca593b0caf9efd1a0efe64,N/A,N/A,,https://github.com/notepad-plus-plus/notepad-plus-plus/releases/download/v8/npp.8.0.portable.zip
8,github,x86,npp.8.0.portable.zip,localization/ukrainian.xml,ukrainian.xml,,114224,2021-05-15T20:55:04.915810+00:00,99390ec66a753bad0725ea775bbbdfee,e562b723d1979e27b00ba832bded03930af11dc2,1c649fb8e8138157fb7cb7af1036db835c733955b875d0967e79d9e0edbf307d,N/A,N/A,,https://github.com/notepad-plus-plus/notepad-plus-plus/releases/download/v8/npp.8.0.portable.zip
8,github,x86,npp.8.0.portable.zip,functionList/universe_basic.xml,universe_basic.xml,,2021,2020-10-27T03:29:09.000985+00:00,3d51afd290e62685d11376237ceac3c2,cddd77e442aba5ca65289a744d89826cde95e663,7c0719b9b312a531cf41cd08affacceef6de084619808238fec0f0247955f26e,N/A,N/A,,https://github.com/notepad-plus-plus/notepad-plus-plus/releases/download/v8/npp.8.0.portable.zip
8,github,x86,npp.8.0.portable.zip,localization/urdu.xml,urdu.xml,,15657,2016-12-26T22:10:44.210970+00:00,cf965dfcf2257d8046c453ac36fcf65e,ac650afe9e15fec6e0e3e87bc999c2d9350ab461,0b685abaea6232f3e99d563f01613161251e51aba6a62d83cb306aa5f2d396d5,N/A,N/A,,https://github.com/notepad-plus-plus/notepad-plus-plus/releases/download/v8/npp.8.0.portable.zip
8,github,x86,npp.8.0.portable.zip,localization/uyghur.xml,uyghur.xml,,47848,2018-01-28T21:48:40.466342+00:00,a5d2661cab9fae284200b5cd84496b41,fa6cfe413495f354ad0d72e9660f04ce05a6556d,f5d24a6c678b1b54539adeafd2bc2697738f44cea6c184fa442980f1440e5afd,N/A,N/A,,https://github.com/notepad-plus-plus/notepad-plus-plus/releases/download/v8/npp.8.0.portable.zip
8,github,x86,npp.8.0.portable.zip,localization/uzbek.xml,uzbek.xml,,71000,2021-06-03T12:28:23.812133+00:00,e6f9d1634676bbf208eb05ee2072f90e,4cacf82980300547af7f037abc1034f91ab48dca,aaad527fed599a4b8a98abd7a8981ce30d4b4d066636d4b35b075a8b5df78c92,N/A,N/A,,https://github.com/notepad-plus-plus/notepad-plus-plus/releases/download/v8/npp.8.0.portable.zip
8,github,x86,npp.8.0.portable.zip,localization/uzbekCyrillic.xml,uzbekCyrillic.xml,,35714,2017-08-20T17:40:41.544199+00:00,71b7ce4804f337f3d5c4fea4a0733691,f4446df6fbeb19c93869205750991261d3a1ac7b,380e17fd360658921ea937043e540b2af642a7307be691f5c58b825623b61a99,N/A,N/A,,https://github.com/notepad-plus-plus/notepad-plus-plus/releases/download/v8/npp.8.0.portable.zip
8,github,x86,npp.8.0.portable.zip,autoCompletion/vb.xml,vb.xml,,17190,2021-02-06T02:57:44.562048+00:00,4849ca62e16d934b8bee6a140d1ec24c,ffc5e961341dd925439b89d66ab23d3b0e14eabf,53104b87f91458aac8c6709b74a7cd5f0367fc6f2280b98aaa495a59e1788551,N/A,N/A,,https://github.com/notepad-plus-plus/notepad-plus-plus/releases/download/v8/npp.8.0.portable.zip
8,github,x86,npp.8.0.portable.zip,localization/venetian.xml,venetian.xml,,97026,2021-05-15T20:55:04.921275+00:00,f6b8ffdccd46df5c159162a78ae13bed,8a599c87a994827fe8d0ca694bec910653f5c13e,2b791d8393f76a96247eb188c9c8efd19bf99951bbcc568668eda5b10772c076,N/A,N/A,,https://github.com/notepad-plus-plus/notepad-plus-plus/releases/download/v8/npp.8.0.portable.zip
8,github,x86,npp.8.0.portable.zip,functionList/vhdl.xml,vhdl.xml,,1623,2020-10-27T03:29:09.001983+00:00,7abb134780aaf79c527c734ddb51e245,a52feaff1dc159629691f4bed846cf79c8f8d945,558bbe6193a202dcb00cc441421f5d838764e495b8e4d2e10877db7f661b8cd5,N/A,N/A,,https://github.com/notepad-plus-plus/notepad-plus-plus/releases/download/v8/npp.8.0.portable.zip
8,github,x86,npp.8.0.portable.zip,autoCompletion/vhdl.xml,vhdl.xml,,2625,2021-02-06T02:57:44.564038+00:00,dbe0170171f2f58def4fd929dc9b4717,4fb8388a73d2106d115984938168f551bcc4a475,dffaf09efd41b7eb9b74128585de649c627627b404fa1925acaa6c56709a3542,N/A,N/A,,https://github.com/notepad-plus-plus/notepad-plus-plus/releases/download/v8/npp.8.0.portable.zip
8,github,x86,npp.8.0.portable.zip,themes/Vibrant Ink.xml,Vibrant Ink.xml,,89222,2021-02-06T02:57:44.816938+00:00,5363aacbf559cb2a1243f38452161bb2,66428feb8d928abdec91638ce90d710ce3f522d2,8a932268e27c3ec4bbb6a0a58b30f041509c0bca6b9358c33ebf3b68c9b12e0c,N/A,N/A,,https://github.com/notepad-plus-plus/notepad-plus-plus/releases/download/v8/npp.8.0.portable.zip
8,github,x86,npp.8.0.portable.zip,localization/vietnamese.xml,vietnamese.xml,,52733,2020-05-31T09:57:18.913450+00:00,5d893adca521dc6cce0d116ea2f3b279,ecedee4cb5e0d7334562823fc383991bfd447555,623229da8948d4c17cf8f547b87f3164e2d6357a7f02272bb3ebec9955b8fb58,N/A,N/A,,https://github.com/notepad-plus-plus/notepad-plus-plus/releases/download/v8/npp.8.0.portable.zip
8,github,x86,npp.8.0.portable.zip,themes/vim Dark Blue.xml,vim Dark Blue.xml,,89258,2021-02-06T02:57:44.823046+00:00,895f347aa9caa0f8c436726ec5cc3b55,e4e7a0cee02595bace00df198ad2ac59a9c5c899,6d15f700937d44c2c1270f825a951e1d4048886451dd3e824c67e7d0b187b7e5,N/A,N/A,,https://github.com/notepad-plus-plus/notepad-plus-plus/releases/download/v8/npp.8.0.portable.zip
8,github,x86,npp.8.0.portable.zip,localization/welsh.xml,welsh.xml,,53261,2020-01-12T13:43:01.491914+00:00,d5583a9dc8b6e03efd573fa67faf6fba,f3fcca7a6bd12eaa24ac4e7d0af75ba2c1067a67,4ccc47461b2445831fd67efe003c934c340ee50c8341f5298d936f3772ef381a,N/A,N/A,,https://github.com/notepad-plus-plus/notepad-plus-plus/releases/download/v8/npp.8.0.portable.zip
8,github,x86,npp.8.0.portable.zip,functionList/xml.xml,xml.xml,,2229,2020-10-27T03:29:09.002980+00:00,f898e5e36168ff0c5ff532c9bb068563,287f8fbd7a3b66a4cae7c29cc9a775fa3f2d52b5,5ac3e308c8bef5ed42463929a1be5f519f56a0785fd8c2aed6f85073cc5f98fc,N/A,N/A,,https://github.com/notepad-plus-plus/notepad-plus-plus/releases/download/v8/npp.8.0.portable.zip
8,github,x86,npp.8.0.portable.zip,autoCompletion/xml.xml,xml.xml,,12017,2021-02-06T02:57:44.566036+00:00,6972b2c64653b9fb254ef65871140b29,f2d4825ab333405a241ef41d8b71fa23432675b3,1730bc85e1cd2652ea44d6da42114937fe9fed4527b5e0cb6e2a09f47e0da92e,N/A,N/A,,https://github.com/notepad-plus-plus/notepad-plus-plus/releases/download/v8/npp.8.0.portable.zip
8,github,x86,npp.8.0.portable.zip,themes/Zenburn.xml,Zenburn.xml,,166735,2021-02-06T02:57:44.819434+00:00,6d0f68f607198d62173a10c50b77fc10,101744ea97b7964b3be7a6f6ba8bdce904bde364,6138ed0e4ca7b83f905baf574dfb9b0b59261e1146e21f55ac3c6e9d5cd90bf5,N/A,N/A,,https://github.com/notepad-plus-plus/notepad-plus-plus/releases/download/v8/npp.8.0.portable.zip
8,github,x86,npp.8.0.portable.zip,localization/zulu.xml,zulu.xml,,72694,2021-05-15T20:55:04.924303+00:00,4a7511f801ade6a0c2736d2f5795314d,b4a20db2b3a0bbf001b9b81a14b7bb095516ee96,8cb15c28a7238178ed845c82b674702146217eea20f0f8af65e8134ee9ef0caf,N/A,N/A,,https://github.com/notepad-plus-plus/notepad-plus-plus/releases/download/v8/npp.8.0.portable.zip
8,website,x86,npp.8.0.Installer.exe.sig,,npp.8.0.Installer.exe.sig,,566,2021-12-07T19:40:20+00:00,7bc9e693377f2b26c1525f699982e226,f53fcd780bffa645a4369f15d3644f393ba6e3c8,fe0bbc9b9dac1d211806347952bdf8428345400a2e70cb41562e42d75c176a01,UNCHECKED,N/A,,https://github.com/notepad-plus-plus/notepad-plus-plus/releases/download/v8/npp.8.0.Installer.exe.sig
8,website,x86,npp.8.0.portable.zip.sig,,npp.8.0.portable.zip.sig,,566,2021-12-07T19:40:09+00:00,402cb60001d3c6cc067ee71509dd892f,a3ccf4f66c3934dddbb1666bf695f410cd9a4682,b8387b540c700590dc7e97791a7f135d3ec6d2f315ab9e7eb5da6ad9edade7e4,UNCHECKED,N/A,,https://github.com/notepad-plus-plus/notepad-plus-plus/releases/download/v8/npp.8.0.portable.zip.sig
8,website,x86,npp.8.0.portable.7z.sig,,npp.8.0.portable.7z.sig,,566,2021-12-07T19:40:14+00:00,7b13e6f7356454867f60cbbabf22323b,0c8656bd4b3200e6289da5efefa882ffc1e6ec53,441d410066031b8e97511220c6f18d411f156c54173d3f7836c29e1f57552c88,UNCHECKED,N/A,,https://github.com/notepad-plus-plus/notepad-plus-plus/releases/download/v8/npp.8.0.portable.7z.sig
8,website,x86,npp.8.0.portable.minimalist.7z.sig,,npp.8.0.portable.minimalist.7z.sig,,566,2021-12-07T19:40:16+00:00,15f35796e4597425be6c91919214b8b8,bde5a2e950d0b672022677d2f6063e5c5a1b1d15,fab3c77abb9bef8cc7a67b4070be84cef1358de9bef97dd03b4f436082b63150,UNCHECKED,N/A,,https://github.com/notepad-plus-plus/notepad-plus-plus/releases/download/v8/npp.8.0.portable.minimalist.7z.sig
8,website,x64,npp.8.0.Installer.x64.exe.sig,,npp.8.0.Installer.x64.exe.sig,,566,2021-12-07T19:40:08+00:00,9738de6af76f63aca0f0c2c89d69ef15,64b251e43958fc78dc0a767f0e4be3982812c3f1,af646e168c8546dc7d0a303e41ab77e9f4f608be6a8f2ffaa83a33f2b4790120,UNCHECKED,N/A,,https://github.com/notepad-plus-plus/notepad-plus-plus/releases/download/v8/npp.8.0.Installer.x64.exe.sig
8,website,x64,npp.8.0.portable.x64.zip.sig,,npp.8.0.portable.x64.zip.sig,,566,2021-12-07T19:40:16+00:00,0da12b7a098af5d6861ba282d6e74a45,6217f73b7d40f433ca977659fe5acecd9c2de702,a92d78caf802e69d8c8ab956aa70434d92a6faa2e090a9eb3961555c1ea6178b,UNCHECKED,N/A,,https://github.com/notepad-plus-plus/notepad-plus-plus/releases/download/v8/npp.8.0.portable.x64.zip.sig
8,website,x64,npp.8.0.portable.x64.7z.sig,,npp.8.0.portable.x64.7z.sig,,566,2021-12-07T19:40:20+00:00,66d62c2bcf7b10a2a557fc3ec0111d15,0427a147fb123715cb19c8e940daf1975d1a016e,663874b9d5d547b5cedd924b154947cfea01375936675773863875cb7e0cdfd7,UNCHECKED,N/A,,https://github.com/notepad-plus-plus/notepad-plus-plus/releases/download/v8/npp.8.0.portable.x64.7z.sig
8,website,x64,npp.8.0.portable.minimalist.x64.7z.sig,,npp.8.0.portable.minimalist.x64.7z.sig,,566,2021-12-07T19:40:15+00:00,61a983e8838e5712d20aade68942e910,0f0678ba773a1621bf27c550580c9aae34f92a44,3b2cadfbba25fa9a069a545e7287bd449bec30c92048343acfdc43aa455c3084,UNCHECKED,N/A,,https://github.com/notepad-plus-plus/notepad-plus-plus/releases/download/v8/npp.8.0.portable.minimalist.x64.7z.sig
8,website,arm64,npp.8.0.Installer.arm64.exe.sig,,npp.8.0.Installer.arm64.exe.sig,,566,2021-12-07T19:40:16+00:00,ff31ce8965c46b48fed3fa423c7a1833,0fa5f6dab60bf8174cbf8cb136aeecf657ee8dc0,5bf25021e4ccecc73b995998b80e126bbcb1e94f982e3edd30fc0efb77212bd1,UNCHECKED,N/A,,https://github.com/notepad-plus-plus/notepad-plus-plus/releases/download/v8/npp.8.0.Installer.arm64.exe.sig
8,website,arm64,npp.8.0.portable.arm64.zip.sig,,npp.8.0.portable.arm64.zip.sig,,566,2021-12-07T19:40:07+00:00,aa29a8ffbefb0590d1fa2f4a9d0434a1,a5a78a003347659ade7c0eeab32f5dfa39cf0ef6,22c5ce9b0529a461311bd2d4b89faf75ea38aa6a605f31001655f4bf9a8da41c,UNCHECKED,N/A,,https://github.com/notepad-plus-plus/notepad-plus-plus/releases/download/v8/npp.8.0.portable.arm64.zip.sig
8,website,arm64,npp.8.0.portable.arm64.7z.sig,,npp.8.0.portable.arm64.7z.sig,,566,2021-12-07T19:40:08+00:00,cb349d9a159890b3aecd4658b58f1068,40ac1be8fa7d85843844672bf399f75d56ab09e1,93ada2d5612e8270cd0b851a4b0a9a838d94d44c747ad0eb4c4ebfb3c0084c82,UNCHECKED,N/A,,https://github.com/notepad-plus-plus/notepad-plus-plus/releases/download/v8/npp.8.0.portable.arm64.7z.sig
8,website,arm64,npp.8.0.portable.minimalist.arm64.7z.sig,,npp.8.0.portable.minimalist.arm64.7z.sig,,566,2021-12-07T19:40:13+00:00,db59017d32b9546a19723309dc0c9b70,0681979c8ed7ceadf0c4c38450931bc3d189225c,151240473b1eae11de4db48679e197fa1eb3d4132b176ebd7eb711b630850ad1,UNCHECKED,N/A,,https://github.com/notepad-plus-plus/notepad-plus-plus/releases/download/v8/npp.8.0.portable.minimalist.arm64.7z.sig
8,website,x86,npp.8.0.checksums.sha256,,npp.8.0.checksums.sha256,,1126,2021-12-07T19:40:20+00:00,df152ac1124da8bc2d19e4c9f9920f5e,4d335faa76ab759e08f517df302e211163f0ab17,aaa70a7b6cd4cbd78afe7db29a5df152b1e8da49ee5613f168f8f6cfe701e589,UNCHECKED,N/A,,https://github.com/notepad-plus-plus/notepad-plus-plus/releases/download/v8/npp.8.0.checksums.sha256
8,website,x86,npp.8.0.checksums.sha256.sig,,npp.8.0.checksums.sha256.sig,,566,2021-12-07T19:40:09+00:00,4df1faac540cf26f91cb0d66acc6d61c,4a63cc018f76d9dfc34a6254efc0c4b8d02dedbc,72894dabeb64e202ff0f54f4358ea39aaf712cc257ee248d5e7cd328b682484c,UNCHECKED,N/A,,https://github.com/notepad-plus-plus/notepad-plus-plus/releases/download/v8/npp.8.0.checksums.sha256.sig
