version,source,arch,installer_name,path,filename,internal_name,file_size,file_date,md5,sha1,sha256,dist_hash_status,dist_gpg_status,discrepancy_note,url
7.7.1,github,x86,npp.7.7.1.bin.7z,,npp.7.7.1.bin.7z,,2778287,2021-12-07T19:40:10+00:00,c85af0030f91102e5346865281741f24,b54106b97d34c434cf5388f3a82a156276ca4af8,f0af67993bd5f420ef0d9268f9667d628090491899f6529a7a75f60244700ef1,MATCH,MATCH,,https://github.com/notepad-plus-plus/notepad-plus-plus/releases/download/v7.7.1/npp.7.7.1.bin.7z
7.7.1,github,x86,npp.7.7.1.bin.7z,autoCompletion/actionscript.xml,actionscript.xml,,20752,2017-12-28T02:55:00.321495+00:00,f8876462309eeb4204eaaf5777dc4eea,167b0f169340f0cf7d2a53d0f4c4b20f694ff12a,7bdab6f3b572773331a17bfbb6cc4bbd71dfd89e4f11e404b7466925678a3a26,N/A,N/A,,https://github.com/notepad-plus-plus/notepad-plus-plus/releases/download/v7.7.1/npp.7.7.1.bin.7z
7.7.1,github,x86,npp.7.7.1.bin.7z,localization/afrikaans.xml,afrikaans.xml,,29077,2016-12-26T22:10:43.769673+00:00,c2f475cc2b49d3aee490c9059529744a,621e81e87c6c8d45a6be6bc69108d8ab13e2d5a6,5d285d98f8891bcf73a770fde00c3215062842224b81c4e70537569712f84570,N/A,N/A,,https://github.com/notepad-plus-plus/notepad-plus-plus/releases/download/v7.7.1/npp.7.7.1.bin.7z
7.7.1,github,x86,npp.7.7.1.bin.7z,localization/albanian.xml,albanian.xml,,57197,2017-08-20T17:42:25.395692+00:00,5803d49d9a1320f50394a0ab36c427b6,6f29668d5d3101d86a6ec34d3087c7cd5e5fdc64,508ddd0bd359666186a34b1249b55de31062f2eb4323bce01409e602e7fc0b64,N/A,N/A,,https://github.com/notepad-plus-plus/notepad-plus-plus/releases/download/v7.7.1/npp.7.7.1.bin.7z
7.7.1,github,x86,npp.7.7.1.bin.7z,localization/arabic.xml,arabic.xml,,86770,2018-10-05T00:32:05.819137+00:00,4c43fa51c53e259e9c0df42eab235849,6af39eb260e24144dc3491e9083a3d615e977775,f4bb70b47614e639d2035ecf94e4f74413312f7ae593d60a916d940cf3639554,N/A,N/A,,https://github.com/notepad-plus-plus/notepad-plus-plus/releases/download/v7.7.1/npp.7.7.1.bin.7z
7.7.1,github,x86,npp.7.7.1.bin.7z,localization/aragonese.xml,aragonese.xml,,49810,2017-08-20T17:42:25.412736+00:00,ff161db746ade330439882ba0640d2ea,1a9109c96486d1f4ee48336f66c0be93cf2725a3,1db8eeb9c6cae8705cacfc3043a7556678e9ed52162fb8ec536c5befc19343a9,N/A,N/A,,https://github.com/notepad-plus-plus/notepad-plus-plus/releases/download/v7.7.1/npp.7.7.1.bin.7z
7.7.1,github,x86,npp.7.7.1.bin.7z,localization/aranese.xml,aranese.xml,,20821,2016-12-26T22:10:43.795718+00:00,333a18acb93ba083e86679c065b69d15,cb874355fb8e495a2b0b0dcf8868df287ec6a342,de5da809aa6e44c4e6a01c3b5fb7da5a66d9683cb905416f3fcff2ed413ea7c6,N/A,N/A,,https://github.com/notepad-plus-plus/notepad-plus-plus/releases/download/v7.7.1/npp.7.7.1.bin.7z
7.7.1,github,x86,npp.7.7.1.bin.7z,autoCompletion/autoit.xml,autoit.xml,,738721,2018-12-09T18:22:22.898518+00:00,24091974377d7e76106add1210d5853a,7663d568323f753fb62c15f684eea1ff9014ce5b,07cb7ea3f8d1eee1142bcdf876e29f14e6ae2a72ef28f2310263da531c7e8711,N/A,N/A,,https://github.com/notepad-plus-plus/notepad-plus-plus/releases/download/v7.7.1/npp.7.7.1.bin.7z
7.7.1,github,x86,npp.7.7.1.bin.7z,localization/azerbaijani.xml,azerbaijani.xml,,35482,2017-08-20T17:40:40.621097+00:00,8cd5c70b03ef9c48585c06fa149f9fcd,4fb0a331d184579444326c6910742ad4b0cbb5a1,d2e185e9c8b1e7d994dcb3b44748f1b499f18ca22a573f452a9b0d791344c448,N/A,N/A,,https://github.com/notepad-plus-plus/notepad-plus-plus/releases/download/v7.7.1/npp.7.7.1.bin.7z
7.7.1,github,x86,npp.7.7.1.bin.7z,autoCompletion/BaanC.xml,BaanC.xml,,18490,2017-12-28T22:22:51.984891+00:00,2537a01a4619a19962fb1b85cbee9a13,adaf66583cc60a53f0a08b030e63cc2652badd17,9780d21f36eca4cb7f85c67fe9113c3c223822662812f6ab533c011cd2f56e7e,N/A,N/A,,https://github.com/notepad-plus-plus/notepad-plus-plus/releases/download/v7.7.1/npp.7.7.1.bin.7z
7.7.1,github,x86,npp.7.7.1.bin.7z,localization/basque.xml,basque.xml,,59732,2018-02-17T07:05:11.303084+00:00,7ef1dd1b3280122bac0a69063249fd46,83730aee38e42a5aee4c7daf0390833761208709,1047a56b9ea18bafbb7fd03daa190cb980883694dfd7fc1556136ab81834d489,N/A,N/A,,https://github.com/notepad-plus-plus/notepad-plus-plus/releases/download/v7.7.1/npp.7.7.1.bin.7z
7.7.1,github,x86,npp.7.7.1.bin.7z,autoCompletion/batch.xml,batch.xml,,3784,2017-12-28T02:55:00.327011+00:00,713831a4916810500b39efbdb41435a2,6b9c9d965f73f71fafb786d547be09f5ef398643,d43ce011aa2d5a946c36b4c3a6a0a98fd9570253bc461a267d3b44aaec3cb6b0,N/A,N/A,,https://github.com/notepad-plus-plus/notepad-plus-plus/releases/download/v7.7.1/npp.7.7.1.bin.7z
7.7.1,github,x86,npp.7.7.1.bin.7z,localization/belarusian.xml,belarusian.xml,,95099,2018-12-30T17:41:19.305996+00:00,fd060d45654fa3adec00f943349a535b,7732a8a924e84a218ac710a3c2a829438481c761,1c616bcd978b6f7feb5035c232024baa895f9787183898e4672f70ea3d1ded9c,N/A,N/A,,https://github.com/notepad-plus-plus/notepad-plus-plus/releases/download/v7.7.1/npp.7.7.1.bin.7z
7.7.1,github,x86,npp.7.7.1.bin.7z,localization/bengali.xml,bengali.xml,,70025,2017-08-20T17:42:25.457657+00:00,d081b39bf7a87b8ccd3caa5e9d15087c,02fad366321e3bb823bfb46ab966ac919dd227c8,5ecd5febabcb4b4616035fab1b567bf2a0ff8b2ded72d74e6ea5511671814484,N/A,N/A,,https://github.com/notepad-plus-plus/notepad-plus-plus/releases/download/v7.7.1/npp.7.7.1.bin.7z
7.7.1,github,x86,npp.7.7.1.bin.7z,themes/Bespin.xml,Bespin.xml,,92253,2019-05-30T15:39:11.766067+00:00,21af6f29dd8427b5efece9e633cb8705,d2f47b0da1dd5aa35e21e64d8687b61b0e93abab,883168e15e1456225fde8dddb797ba72d40be00bfe3732567bab3b1dc42dea0b,N/A,N/A,,https://github.com/notepad-plus-plus/notepad-plus-plus/releases/download/v7.7.1/npp.7.7.1.bin.7z
7.7.1,github,x86,npp.7.7.1.bin.7z,themes/Black board.xml,Black board.xml,,90619,2019-05-30T15:39:11.769059+00:00,7f6385ca1245cfcf3e5807828f1bb76b,321e713ff6b50199f1153d0e2a5351859373f9dc,98a5c5be43ad06bd391792cf04cda9461895a4cfe53968c8ec38c2f6fe4a3b5e,N/A,N/A,,https://github.com/notepad-plus-plus/notepad-plus-plus/releases/download/v7.7.1/npp.7.7.1.bin.7z
7.7.1,github,x86,npp.7.7.1.bin.7z,localization/bosnian.xml,bosnian.xml,,32084,2016-12-26T22:10:43.820980+00:00,6b036835ed9d1ee92cd9bd4c76f41bbd,faeb76f93f4228832c7cc952833c717f3614a38d,06ce39e85fc9acd72888da5871fae4d18aa2c5bb6a9fa0c9eca459cf0e949a63,N/A,N/A,,https://github.com/notepad-plus-plus/notepad-plus-plus/releases/download/v7.7.1/npp.7.7.1.bin.7z
7.7.1,github,x86,npp.7.7.1.bin.7z,localization/brazilian_portuguese.xml,brazilian_portuguese.xml,,78673,2019-03-26T23:11:19.856317+00:00,c5ac706ffe3cc6abb54272e49d42de5d,d5a9bee2ce2cff235179ea19dfc8207661d40e3d,690897901b9880c4b4247d5a75140f4ef9804fddd4b1ffe6fbc89d4f9952e520,N/A,N/A,,https://github.com/notepad-plus-plus/notepad-plus-plus/releases/download/v7.7.1/npp.7.7.1.bin.7z
7.7.1,github,x86,npp.7.7.1.bin.7z,localization/breton.xml,breton.xml,,56124,2017-08-20T17:42:25.485730+00:00,a28d31b3147d47670455aa249df9e3a8,ae276de79ca796b74345a8b3dbcf53e4972b6eaa,7d8569dca0eef5ccd411287ed72f70da19f92b96e05e2bfd294263098e3ed38d,N/A,N/A,,https://github.com/notepad-plus-plus/notepad-plus-plus/releases/download/v7.7.1/npp.7.7.1.bin.7z
7.7.1,github,x86,npp.7.7.1.bin.7z,localization/bulgarian.xml,bulgarian.xml,,90231,2019-06-15T12:22:06.736618+00:00,01672d373b82117e742b61dd94897777,61d7f23418f1581e83d7ad9ece9954c87ee191a1,72dd265c9ecca8d6630fef06215b6886f0a1991aa3f0fa5d1115cd761e1d0cbb,N/A,N/A,,https://github.com/notepad-plus-plus/notepad-plus-plus/releases/download/v7.7.1/npp.7.7.1.bin.7z
7.7.1,github,x86,npp.7.7.1.bin.7z,autoCompletion/c.xml,c.xml,,44390,2016-12-26T22:10:43.575360+00:00,c92c0a8fa14eb590fdc13287b26689db,b6010b4b59128f9d16abd9e8d8ccf521ed6e4eb8,2ad09d23098049d7541c703684bca446ccf6f1024a182e7dc30c378efb1b2109,N/A,N/A,,https://github.com/notepad-plus-plus/notepad-plus-plus/releases/download/v7.7.1/npp.7.7.1.bin.7z
7.7.1,github,x86,npp.7.7.1.bin.7z,localization/catalan.xml,catalan.xml,,65728,2019-05-08T23:22:36.215786+00:00,be294c1890b57df605d743846802e835,5425db4f87a254e3438a73aaf4d4e3a46d3bf9fa,03e2d93f71ae1b27d0695c14af7b820862737b4bf32ccc5fa29e68006ce32e32,N/A,N/A,,https://github.com/notepad-plus-plus/notepad-plus-plus/releases/download/v7.7.1/npp.7.7.1.bin.7z
7.7.1,github,x86,npp.7.7.1.bin.7z,change.log,change.log,,956,2019-06-16T17:40:34.876877+00:00,a22774dd659f1995936abf93a601b052,f4dec5090224a4d1f2d764555973e9ed47d30f0b,66c4cc847e2f75699b54b54edbc5625d425a1b0856cf991153b9d167dae8540d,N/A,N/A,,https://github.com/notepad-plus-plus/notepad-plus-plus/releases/download/v7.7.1/npp.7.7.1.bin.7z
7.7.1,github,x86,npp.7.7.1.bin.7z,localization/chinese.xml,chinese.xml,,75052,2019-05-30T15:39:11.754098+00:00,adfe78c0a6a1f7f940f0ffd5658b7a77,aee6152c8c04878dc7265f691dbb21a1dffd829f,09ebf7a1fddcffecf9c678509112abdf049497494b933a4afd4cf8693b424d37,N/A,N/A,,https://github.com/notepad-plus-plus/notepad-plus-plus/releases/download/v7.7.1/npp.7.7.1.bin.7z
7.7.1,github,x86,npp.7.7.1.bin.7z,localization/chineseSimplified.xml,chineseSimplified.xml,,73985,2019-05-13T21:05:14.357532+00:00,8b1fd4c62d772ff4e2e8cd86f9daa996,2351b7c17a69365db44b5b4f9e89f75e07ab4d61,db470e2927688c424ba8a3838d673b8fe42699e51a4e1b4e9c8824089b3b337d,N/A,N/A,,https://github.com/notepad-plus-plus/notepad-plus-plus/releases/download/v7.7.1/npp.7.7.1.bin.7z
7.7.1,github,x86,npp.7.7.1.bin.7z,themes/Choco.xml,Choco.xml,,90930,2019-05-30T15:39:11.771053+00:00,849611f521423fe1f1a1d6cd265f611f,d62201d68e9d449da3c7c24fa41a4e788c7bbc9e,f600678def8151cddcceaa7870718b9c0637209e626310ed44472e1b6c8f953c,N/A,N/A,,https://github.com/notepad-plus-plus/notepad-plus-plus/releases/download/v7.7.1/npp.7.7.1.bin.7z
7.7.1,github,x86,npp.7.7.1.bin.7z,autoCompletion/cmake.xml,cmake.xml,,7891,2019-05-30T15:39:11.751107+00:00,6c33239d9a59e3b2aa74913b117b2342,b3b685494715c4a1ec9c71fc4ea45e89cf0d5457,55f04796c0dfb130cf438a01ae8e7f96d99a9320a2d9c8e66a9a670640ca5cc9,N/A,N/A,,https://github.com/notepad-plus-plus/notepad-plus-plus/releases/download/v7.7.1/npp.7.7.1.bin.7z
7.7.1,github,x86,npp.7.7.1.bin.7z,autoCompletion/coffee.xml,coffee.xml,,1510,2017-12-28T22:05:30.759151+00:00,633f1e56a9f5b7e1c7c75e6dff944b25,55f1f86306161a2b743fe13927e852c2570bfaf7,46d379e7ad5565fc197a32b62d04ceb1be4452af2ae45663415809bc7badb0bd,N/A,N/A,,https://github.com/notepad-plus-plus/notepad-plus-plus/releases/download/v7.7.1/npp.7.7.1.bin.7z
7.7.1,github,x86,npp.7.7.1.bin.7z,config.xml,config.xml,,5114,2019-03-30T10:38:48.831842+00:00,b56d4fa38548cf7206a700c580d529ad,5e334fa5d1310ba15a81436aa3bb2ad2e7e65be8,a831c5da7fdcacaad454585459003a44cc4c00bda0242337a9a046ba05c02f42,N/A,N/A,,https://github.com/notepad-plus-plus/notepad-plus-plus/releases/download/v7.7.1/npp.7.7.1.bin.7z
7.7.1,github,x86,npp.7.7.1.bin.7z,contextMenu.xml,contextMenu.xml,,3512,2018-05-25T21:58:05.896518+00:00,a7998766b85ee71ff1d82a1198988529,acaf62b48d9307b319105109121d82ccefe46c65,aa48a7c2ec3ed377c42c293f732807572f2ea305c9771b6ea210e7b92ef2c199,N/A,N/A,,https://github.com/notepad-plus-plus/notepad-plus-plus/releases/download/v7.7.1/npp.7.7.1.bin.7z
7.7.1,github,x86,npp.7.7.1.bin.7z,localization/corsican.xml,corsican.xml,,83266,2019-04-03T19:06:20.452465+00:00,2762c8551adc0138beb86c304bd678df,465883c3db9c3982e0202b20ff31f3c5dc02cfb2,9cc651eca1140c53634b1106a00bf8df96c8b4db49b68dbf165e1feae0740ee5,N/A,N/A,,https://github.com/notepad-plus-plus/notepad-plus-plus/releases/download/v7.7.1/npp.7.7.1.bin.7z
7.7.1,github,x86,npp.7.7.1.bin.7z,autoCompletion/cpp.xml,cpp.xml,,61530,2018-12-09T18:22:22.900548+00:00,e60ca42b12a8e816892894d321ab8d00,bf1dc910f6cab97f99e23d08e084837fc7de17c6,b97ffa556f93ec4c51208b2aea4f3d69411404c27f6ea12608ae84bedbd76418,N/A,N/A,,https://github.com/notepad-plus-plus/notepad-plus-plus/releases/download/v7.7.1/npp.7.7.1.bin.7z
7.7.1,github,x86,npp.7.7.1.bin.7z,localization/croatian.xml,croatian.xml,,85184,2019-05-08T23:22:36.218778+00:00,cec164119c1295583fe3326f6710253c,52feae919ddb150a3bad58f5d6f1071027eeebcb,12fe4e0941c20088f10a19487aeddc57ca96ff8ace34ccfbc2cfcb2388c17173,N/A,N/A,,https://github.com/notepad-plus-plus/notepad-plus-plus/releases/download/v7.7.1/npp.7.7.1.bin.7z
7.7.1,github,x86,npp.7.7.1.bin.7z,autoCompletion/cs.xml,cs.xml,,33726,2018-12-09T18:22:22.902508+00:00,c9bc2acde59532d2a9b65e7f9cd55d4f,d4a0e2d2b20e0b0cc40a0bf3a5274800d1eb6ea7,32076a244afd75a07cd38f1fa27b08eea3a4a697111cde8a1cb636c46c708c17,N/A,N/A,,https://github.com/notepad-plus-plus/notepad-plus-plus/releases/download/v7.7.1/npp.7.7.1.bin.7z
7.7.1,github,x86,npp.7.7.1.bin.7z,autoCompletion/css.xml,css.xml,,11522,2016-12-26T22:10:43.597241+00:00,d2affd6da8aa4fd9457db7b0dcb87517,427e170083be87d570df3f9ea4b0eff0eb60a8f4,776187ab9beec87648e5701137f153adeef88c579b15b181c5d4eee2f02262f8,N/A,N/A,,https://github.com/notepad-plus-plus/notepad-plus-plus/releases/download/v7.7.1/npp.7.7.1.bin.7z
7.7.1,github,x86,npp.7.7.1.bin.7z,localization/czech.xml,czech.xml,,72315,2019-05-13T21:05:14.360523+00:00,40fb19e6e72098f1fcc013562e210d4c,d637d786b7eb88d281dec513fd0a7854d5ad5610,e2f164416ddf1f6c09bbc8c33600886f35116c170a9837c940bf1c4e1a75eafa,N/A,N/A,,https://github.com/notepad-plus-plus/notepad-plus-plus/releases/download/v7.7.1/npp.7.7.1.bin.7z
7.7.1,github,x86,npp.7.7.1.bin.7z,localization/danish.xml,danish.xml,,75208,2019-03-05T01:52:36.641982+00:00,afdca23414d2fa05e0edfed63dc68bd1,4d5cb126c3f86dc907f315ae38ccc3ec07619fd3,3ce52cb27a70640c8f4578ff52f71de18282d54ab91d1db7658be64c6a316d6c,N/A,N/A,,https://github.com/notepad-plus-plus/notepad-plus-plus/releases/download/v7.7.1/npp.7.7.1.bin.7z
7.7.1,github,x86,npp.7.7.1.bin.7z,themes/Deep Black.xml,Deep Black.xml,,89184,2019-05-30T15:39:11.778035+00:00,df63f60979df497e82b908ae4b01e461,4a47e15196b9f853e65e73733af05fd846663ac5,c11dc6da0d6efb69e43725233a6b570c6830fe436731b91f58c48ab8b4ca175b,N/A,N/A,,https://github.com/notepad-plus-plus/notepad-plus-plus/releases/download/v7.7.1/npp.7.7.1.bin.7z
7.7.1,github,x86,npp.7.7.1.bin.7z,doLocalConf.xml,doLocalConf.xml,,0,2017-08-16T07:23:53.663879+00:00,d41d8cd98f00b204e9800998ecf8427e,da39a3ee5e6b4b0d3255bfef95601890afd80709,e3b0c44298fc1c149afbf4c8996fb92427ae41e4649b934ca495991b7852b855,N/A,N/A,,https://github.com/notepad-plus-plus/notepad-plus-plus/releases/download/v7.7.1/npp.7.7.1.bin.7z
7.7.1,github,x86,npp.7.7.1.bin.7z,localization/dutch.xml,dutch.xml,,61604,2018-10-05T00:32:05.860027+00:00,6ce9f0ae41286f01ccf83b64d48cc238,cad9570ecd9252768231c07c37c162e3b291ae97,4dc9faf1ba2806b6ff3f70264c46e2d70007af6f5dafe6fe9d306c3c07eda610,N/A,N/A,,https://github.com/notepad-plus-plus/notepad-plus-plus/releases/download/v7.7.1/npp.7.7.1.bin.7z
7.7.1,github,x86,npp.7.7.1.bin.7z,localization/english.xml,english.xml,,74750,2019-05-30T17:13:23.335757+00:00,d8a7706a2beecb30ac7c3d3746a484b3,cedf846b2ae38f45fe467f35a0328619c9678891,658973437807ed8450fbdf34b265ff0b9db7381a71888baeb0d42a72f6614111,N/A,N/A,,https://github.com/notepad-plus-plus/notepad-plus-plus/releases/download/v7.7.1/npp.7.7.1.bin.7z
7.7.1,github,x86,npp.7.7.1.bin.7z,localization/english_customizable.xml,english_customizable.xml,,71799,2018-10-05T00:32:05.871996+00:00,ba660fd5e124a627e7b5b1d53a6ceae5,81228dc178e012002db96c72c1e2f0e812123b6e,db1c55427bf83385e8713460d515d05aa79b9829be85515f1e46ab1a2cdc198b,N/A,N/A,,https://github.com/notepad-plus-plus/notepad-plus-plus/releases/download/v7.7.1/npp.7.7.1.bin.7z
7.7.1,github,x86,npp.7.7.1.bin.7z,localization/esperanto.xml,esperanto.xml,,48285,2017-08-20T17:42:25.630120+00:00,4abf56d03e149ee0569619bbc11815a5,bca30606a47cae3f06685f01795613d1fce626eb,e1486a8120d1ef7998b5335536a3a4877fdcb630f87ed9ca7b307ac075b313c6,N/A,N/A,,https://github.com/notepad-plus-plus/notepad-plus-plus/releases/download/v7.7.1/npp.7.7.1.bin.7z
7.7.1,github,x86,npp.7.7.1.bin.7z,localization/estonian.xml,estonian.xml,,60812,2017-08-20T17:42:25.642927+00:00,a12e2854f772938fd4ccd55345dadd4b,20f9c4d026a1bff3934560c45a6956143070e99e,f71e4b0ba4fbf616af8f1568f2160d527b78fcf711132c4a38e0bd5378902237,N/A,N/A,,https://github.com/notepad-plus-plus/notepad-plus-plus/releases/download/v7.7.1/npp.7.7.1.bin.7z
7.7.1,github,x86,npp.7.7.1.bin.7z,localization/extremaduran.xml,extremaduran.xml,,25399,2016-12-26T22:10:43.910594+00:00,896b0f1f0854f3bcc23a80c99dcebd47,ee5d3a7de7503e18b2929d96dc164dd0671a841d,87e0372bfd2b84316adf2c7d3130fcf2415a96ec2c8bcd5da6f1a8a3a807c8d2,N/A,N/A,,https://github.com/notepad-plus-plus/notepad-plus-plus/releases/download/v7.7.1/npp.7.7.1.bin.7z
7.7.1,github,x86,npp.7.7.1.bin.7z,localization/farsi.xml,farsi.xml,,65927,2018-01-28T21:48:40.463836+00:00,9ddc0ac1e17a56703a3e0a7acb8d0e2a,3735a864f2c265811e478b8f1b7876ec7e73a1a9,d0acda01c7bb500072f00af882297d08a14821811931e862b5225bef97ab6336,N/A,N/A,,https://github.com/notepad-plus-plus/notepad-plus-plus/releases/download/v7.7.1/npp.7.7.1.bin.7z
7.7.1,github,x86,npp.7.7.1.bin.7z,localization/finnish.xml,finnish.xml,,44055,2017-08-20T17:42:25.673023+00:00,99d18eeaa47569147a0395948cb9c7d6,9b3488593fa1002a827698db2eec91b4eadba8ea,691d523b2a8c2ea14eb5e5259eed9e9de1853b2c2fd8badc77164f2cca2dd006,N/A,N/A,,https://github.com/notepad-plus-plus/notepad-plus-plus/releases/download/v7.7.1/npp.7.7.1.bin.7z
7.7.1,github,x86,npp.7.7.1.bin.7z,localization/french.xml,french.xml,,77647,2019-05-13T21:05:14.364512+00:00,9f90a6c8c9db6894bb578f39014ecea0,796cef14cfb541c2f9fb520a07330818c74e9394,497f8bf1660f90a8f0cd7f409c7a7df3cf2e040a8594bb039edf54e399fe61d2,N/A,N/A,,https://github.com/notepad-plus-plus/notepad-plus-plus/releases/download/v7.7.1/npp.7.7.1.bin.7z
7.7.1,github,x86,npp.7.7.1.bin.7z,localization/friulian.xml,friulian.xml,,34362,2017-08-20T17:40:40.917620+00:00,6d4c069b4c4517f68657be1641bec299,cc5384f29594b19822a805f8d5888ff328e169a1,d4ffe0a2b5e35fede7e6244be9823e1e946c60db1635e6d3f753e6df938e4b3d,N/A,N/A,,https://github.com/notepad-plus-plus/notepad-plus-plus/releases/download/v7.7.1/npp.7.7.1.bin.7z
7.7.1,github,x86,npp.7.7.1.bin.7z,functionList.xml,functionList.xml,,61820,2018-04-13T00:16:35.700332+00:00,bd8d804a62a5b9392885a6904033f0bf,e82bdad59f7f75736999520c3f27da7f05ee677e,ea1e92c06735a137cd03c36a252027c013e9224dd3013fbe3ddd5c5c0098b2b9,N/A,N/A,,https://github.com/notepad-plus-plus/notepad-plus-plus/releases/download/v7.7.1/npp.7.7.1.bin.7z
7.7.1,github,x86,npp.7.7.1.bin.7z,localization/galician.xml,galician.xml,,25339,2016-12-26T22:10:43.936632+00:00,191cc6b7ed37fad274f985d7329bd048,a8b7750901614323318923833a2fb7ac021e8c34,89a20e547d17b1006698cd35fbad772403033420808c8299206a8e299961d83e,N/A,N/A,,https://github.com/notepad-plus-plus/notepad-plus-plus/releases/download/v7.7.1/npp.7.7.1.bin.7z
7.7.1,github,x86,npp.7.7.1.bin.7z,localization/georgian.xml,georgian.xml,,60005,2017-08-20T17:40:40.935670+00:00,cada78594c9838103c479dbda55c9e05,7cdc3fd1b8a7ede96101badacf68281e3432bfbb,b319b96cb4eece88c0cf88b557ce56ce5abe85bdf0a6a1007b64310a708a6572,N/A,N/A,,https://github.com/notepad-plus-plus/notepad-plus-plus/releases/download/v7.7.1/npp.7.7.1.bin.7z
7.7.1,github,x86,npp.7.7.1.bin.7z,localization/german.xml,german.xml,,66297,2019-04-03T19:06:20.468422+00:00,355b310c4e264a059f7ace7bf26ed8fa,7585f0eb3efd56130e0542bebc9227936805e646,95ebc8459d0c7e217e45a2062221832d0bae29eca359ec38b2e450913d16590e,N/A,N/A,,https://github.com/notepad-plus-plus/notepad-plus-plus/releases/download/v7.7.1/npp.7.7.1.bin.7z
7.7.1,github,x86,npp.7.7.1.bin.7z,localization/greek.xml,greek.xml,,41094,2017-08-20T17:40:40.960334+00:00,109f64488a006665d76621dcd30e7ef7,b2167ac130ee2af4822861148dce561a5d1625fe,d65afc086673dc165ce82dd831b5f04c75d7d43c50957475e1c90f25766ad5da,N/A,N/A,,https://github.com/notepad-plus-plus/notepad-plus-plus/releases/download/v7.7.1/npp.7.7.1.bin.7z
7.7.1,github,x86,npp.7.7.1.bin.7z,localization/gujarati.xml,gujarati.xml,,69803,2017-08-20T17:42:25.733569+00:00,5e8d9609900189b29b660d673a78e015,ca4524f065e8bba6a5dc1dc2659233e4fd13c3dc,50c0e7a18c922bef1a758cff70d55df46913dddc22ca792e1b55b05a5b29c502,N/A,N/A,,https://github.com/notepad-plus-plus/notepad-plus-plus/releases/download/v7.7.1/npp.7.7.1.bin.7z
7.7.1,github,x86,npp.7.7.1.bin.7z,updater/GUP.exe,GUP.exe,,580240,2019-06-16T22:27:25.891169+00:00,b3c2f7893c82e76fb1f977f8d0a275d2,c87d47dba8705fa6957491cf7da693692b8c6410,7961a3074719166a8cdd416ec57f49739666cd503a49605e0e31f5de33506e6d,N/A,N/A,,https://github.com/notepad-plus-plus/notepad-plus-plus/releases/download/v7.7.1/npp.7.7.1.bin.7z
7.7.1,github,x86,npp.7.7.1.bin.7z,updater/gup.xml,gup.xml,,4267,2018-12-27T00:45:13.826712+00:00,b023cc4d768b34a5401f317479740a53,4ca45db707b120bca9cb6cd8404b9e6ecabdb2d2,d3e6404c7286961cbab82d4c49f82bcb166db9b5a13eacaa0eeb59a0709a0c14,N/A,N/A,,https://github.com/notepad-plus-plus/notepad-plus-plus/releases/download/v7.7.1/npp.7.7.1.bin.7z
7.7.1,github,x86,npp.7.7.1.bin.7z,localization/hebrew.xml,hebrew.xml,,22740,2018-12-09T18:22:22.918496+00:00,07c8ebe76b6352401c0e9c84956d727f,fb14d93db71d0d4b3f25c275fc57d615ce7446c4,58585868a8164b247c53ad3646076e3404a4fd854ee3632ca9841c1ba3d210d6,N/A,N/A,,https://github.com/notepad-plus-plus/notepad-plus-plus/releases/download/v7.7.1/npp.7.7.1.bin.7z
7.7.1,github,x86,npp.7.7.1.bin.7z,themes/Hello Kitty.xml,Hello Kitty.xml,,89486,2019-05-30T15:39:11.784019+00:00,d0786bd3b5540140c6ca051b2ecca8fd,761dc48ba0eadfb962bb4358bde82b79cf8c5d0b,075d70d996662a584558ee4cb39510b36411aeed7cf2de2c8b189f9d7b2f765d,N/A,N/A,,https://github.com/notepad-plus-plus/notepad-plus-plus/releases/download/v7.7.1/npp.7.7.1.bin.7z
7.7.1,github,x86,npp.7.7.1.bin.7z,localization/hindi.xml,hindi.xml,,99799,2019-05-30T17:13:23.339747+00:00,4325a5b17ec69576fd080ebf39829c88,8fd97fb056842ccc73e81221a2293d0878d995cd,73dcf8bd373d63df5919aab42bb1bf0763b245d1a2b7ef31142b7d6cda7e5dc8,N/A,N/A,,https://github.com/notepad-plus-plus/notepad-plus-plus/releases/download/v7.7.1/npp.7.7.1.bin.7z
7.7.1,github,x86,npp.7.7.1.bin.7z,themes/HotFudgeSundae.xml,HotFudgeSundae.xml,,110071,2019-05-30T15:39:11.789005+00:00,5f22267bed83c68de08e966d94d454b1,e8b439269c725e911be3ac934d704078f415a705,9d4e75d868ff6187b64f7755b17e21a09651e12fe1e8a0c80815845434ff7760,N/A,N/A,,https://github.com/notepad-plus-plus/notepad-plus-plus/releases/download/v7.7.1/npp.7.7.1.bin.7z
7.7.1,github,x86,npp.7.7.1.bin.7z,autoCompletion/html.xml,html.xml,,19497,2018-12-25T17:16:55.601803+00:00,4025e1158c027cf56c2625e65eb724ec,439fea1f13f3a35d2c3176d99db0327a6d216d3f,4300b3a71f387c91548984d017033884e176546ad5b74bac2e4df59caa163530,N/A,N/A,,https://github.com/notepad-plus-plus/notepad-plus-plus/releases/download/v7.7.1/npp.7.7.1.bin.7z
7.7.1,github,x86,npp.7.7.1.bin.7z,localization/hungarian.xml,hungarian.xml,,79901,2019-03-01T00:05:47.191790+00:00,b49cd98b5a75f5a2320427653a1a1782,0b627a98f94832eea57dd0dd0e90eb191d0030ab,951a0bd8e663bf9a43dbc7e083d7de92defab68836a07422033e4915765b1a86,N/A,N/A,,https://github.com/notepad-plus-plus/notepad-plus-plus/releases/download/v7.7.1/npp.7.7.1.bin.7z
7.7.1,github,x86,npp.7.7.1.bin.7z,localization/indonesian.xml,indonesian.xml,,64183,2018-10-05T00:32:05.883964+00:00,258f097d09f9878310e7900bb35cbff3,ea2c9449f1e95c545b20d9c42df9cdbdaf2de2ab,bf7292893bd1700d22e328c4b542929122a027e504a179d7270637e5476befe5,N/A,N/A,,https://github.com/notepad-plus-plus/notepad-plus-plus/releases/download/v7.7.1/npp.7.7.1.bin.7z
7.7.1,github,x86,npp.7.7.1.bin.7z,localization/italian.xml,italian.xml,,84637,2019-03-26T23:11:19.870247+00:00,384f12abbc790c175e57f873f3becfb2,db7ed9fce3a9494d5d11116827615b9961b6b13f,500cfbf34b04f1299e61fe1473b73e0963024c53e6435e719b23298138d1d338,N/A,N/A,,https://github.com/notepad-plus-plus/notepad-plus-plus/releases/download/v7.7.1/npp.7.7.1.bin.7z
7.7.1,github,x86,npp.7.7.1.bin.7z,localization/japanese.xml,japanese.xml,,84903,2019-04-03T19:06:20.480392+00:00,76e62d9c62bea373eb90bebf31da09e8,7514df99a12775853ae30a5d37e4167f865ee262,5333dbb1359c8428750442aa18279a4eb1f72e4568f1d43a4c2277ca825a5420,N/A,N/A,,https://github.com/notepad-plus-plus/notepad-plus-plus/releases/download/v7.7.1/npp.7.7.1.bin.7z
7.7.1,github,x86,npp.7.7.1.bin.7z,autoCompletion/java.xml,java.xml,,205366,2017-05-09T07:28:59.549744+00:00,4690cead3d2bffe2ed519f6ea5002266,dabc1ba868dc058b06dd426365c83bf5ff5bf716,862a83be2906ce28b6d3f1fdfb589d18cd6e971a7eaa51a1c7096cfff929b35b,N/A,N/A,,https://github.com/notepad-plus-plus/notepad-plus-plus/releases/download/v7.7.1/npp.7.7.1.bin.7z
7.7.1,github,x86,npp.7.7.1.bin.7z,autoCompletion/javascript.xml,javascript.xml,,23318,2018-12-09T18:22:22.903537+00:00,30fc91a7c5194ef8d67e1c7e2fd6f697,f9e48cccfa5df44219a6d4a9a1af6083679f097e,7f0564f983478207754a58e66ee6865b8699bd3b9f4fd5c385126d46d7148831,N/A,N/A,,https://github.com/notepad-plus-plus/notepad-plus-plus/releases/download/v7.7.1/npp.7.7.1.bin.7z
7.7.1,github,x86,npp.7.7.1.bin.7z,localization/kabyle.xml,kabyle.xml,,50327,2017-08-20T17:42:25.813696+00:00,ec924dd39f1e36164ef4e93cd5883a2d,3a159ce0c072be9094b589d6711a4b6dfe878487,56714b11409a13fcd706f2d73674919a0bb70c80c7ec18eccf865ad67ad7b48f,N/A,N/A,,https://github.com/notepad-plus-plus/notepad-plus-plus/releases/download/v7.7.1/npp.7.7.1.bin.7z
7.7.1,github,x86,npp.7.7.1.bin.7z,localization/kannada.xml,kannada.xml,,74866,2017-08-20T17:42:25.828578+00:00,f0baf174376d1811fd49d05ace8eb0c6,8ca7735e04fd0ef605adc26912dc9b2fc54982a4,99f75ff79aad8084802bf1d52e7dc78eef18194d399c5248eb205db85348955d,N/A,N/A,,https://github.com/notepad-plus-plus/notepad-plus-plus/releases/download/v7.7.1/npp.7.7.1.bin.7z
7.7.1,github,x86,npp.7.7.1.bin.7z,localization/kazakh.xml,kazakh.xml,,33034,2017-08-20T17:40:41.076773+00:00,42d3d22d81645a44258aa730177896db,65593cc51fa72d9715c4c37028a2a95e84b3dcdb,3942e9c344acae7caa9d28a758b4df80c1211bab80ac88d81449101f9b943c66,N/A,N/A,,https://github.com/notepad-plus-plus/notepad-plus-plus/releases/download/v7.7.1/npp.7.7.1.bin.7z
7.7.1,github,x86,npp.7.7.1.bin.7z,themes/khaki.xml,khaki.xml,,107825,2019-05-30T15:39:11.867795+00:00,3d79493becec1876554827c2a870e203,788ba50a804458e5875aa6c3db5ee420f066b241,da65bab52eed47e378ded955f881a8720b1ea7f309a3532c0c8243b6439c6894,N/A,N/A,,https://github.com/notepad-plus-plus/notepad-plus-plus/releases/download/v7.7.1/npp.7.7.1.bin.7z
7.7.1,github,x86,npp.7.7.1.bin.7z,localization/korean.xml,korean.xml,,47363,2017-08-20T17:42:25.869315+00:00,a81c00ae49aeb5c5ded60220e6e42199,39ac3b19b7f7917aab593fc1f157225b5575910a,50b2b6820683551838ea1533d21624dac75daded6ce9d4227153a4f2986cdf4d,N/A,N/A,,https://github.com/notepad-plus-plus/notepad-plus-plus/releases/download/v7.7.1/npp.7.7.1.bin.7z
7.7.1,github,x86,npp.7.7.1.bin.7z,localization/kurdish.xml,kurdish.xml,,62866,2019-03-26T23:11:19.873271+00:00,713c7613217038dead56ba13741d70b5,3d5216e5e8fafbab894def07aa312a466e1ee789,6a54a7235f8f4cbf5cb4c34f6bdf0bf9ee0d7e3ac62654d5c46e2fdf71868593,N/A,N/A,,https://github.com/notepad-plus-plus/notepad-plus-plus/releases/download/v7.7.1/npp.7.7.1.bin.7z
7.7.1,github,x86,npp.7.7.1.bin.7z,localization/kyrgyz.xml,kyrgyz.xml,,38731,2017-08-20T17:40:41.099834+00:00,ad3a31d477ad1e09dc3f6911c1f50d1e,cefc20836cbc0e78eb0291948eadbdf09b21a838,4964c0b9f36b7fec44ec0805ba153d88293311cd703680719187cdaa68fbd090,N/A,N/A,,https://github.com/notepad-plus-plus/notepad-plus-plus/releases/download/v7.7.1/npp.7.7.1.bin.7z
7.7.1,github,x86,npp.7.7.1.bin.7z,langs.model.xml,langs.model.xml,,329543,2019-05-30T15:39:11.907688+00:00,e77c570ce893a40a76ac0f1b75d8c9f7,b25b34ad18ea2b3bdc112520f27873c0bfc43a46,edfd1ba2ed1f8b75aa95c4eed0a574f88787b60c8f5466182a90141819dc1d68,N/A,N/A,,https://github.com/notepad-plus-plus/notepad-plus-plus/releases/download/v7.7.1/npp.7.7.1.bin.7z
7.7.1,github,x86,npp.7.7.1.bin.7z,localization/latvian.xml,latvian.xml,,46317,2017-08-20T17:42:25.890348+00:00,170d9e9a92a604a309259d3d6f3b9bb6,b782debe9d50b17d2124295befc43bf8b0349eac,bbaa6bc087ab351b182d204a60eab8bc93bd5e75ca2a4a4eaf80b1d5e0fec59b,N/A,N/A,,https://github.com/notepad-plus-plus/notepad-plus-plus/releases/download/v7.7.1/npp.7.7.1.bin.7z
7.7.1,github,x86,npp.7.7.1.bin.7z,updater/libcurl.dll,libcurl.dll,,477328,2019-06-16T22:27:30.535734+00:00,5e7da2437af5dbeb5f5fb925b6502992,d93c4a3ca1cac07c79014513cc6559a00ac7b9e1,4f4c040500351065dfa2628b4c29ef0c2c63b7648e04e5ede68fc7dc2b98e421,N/A,N/A,,https://github.com/notepad-plus-plus/notepad-plus-plus/releases/download/v7.7.1/npp.7.7.1.bin.7z
7.7.1,github,x86,npp.7.7.1.bin.7z,updater/LICENSE,LICENSE,,7804,2018-12-27T00:45:13.930432+00:00,8e3494bf8cf1967afd3b1016fbbe5bb0,b1608abb6e19ef60f4b9c52f6e05bf81cc97d0c2,319917f5ccd09878db6f67c9a77dee846055644ca49eb535628b9e020a87261e,N/A,N/A,,https://github.com/notepad-plus-plus/notepad-plus-plus/releases/download/v7.7.1/npp.7.7.1.bin.7z
7.7.1,github,x86,npp.7.7.1.bin.7z,license.txt,license.txt,,16885,2016-12-26T22:10:43.405127+00:00,6a0438c04e6553dfb631636dbdb199a1,1fb5eb9da193f6a474ea1ae754d69cbe6fcd2b48,da59bed2b60d1ba57830d1bb71e5993de37c6085b2d86e41ec43938467234c55,N/A,N/A,,https://github.com/notepad-plus-plus/notepad-plus-plus/releases/download/v7.7.1/npp.7.7.1.bin.7z
7.7.1,github,x86,npp.7.7.1.bin.7z,localization/ligurian.xml,ligurian.xml,,34480,2017-08-20T17:40:41.121866+00:00,58a86031153e6bd8ae1ad5bf80fcc894,656cedf73e8d40797a43980fd1801f6501b036c4,5fad85ea1c785dca218106e2b409c20b3cb103e8cdc87c542aae5d630599c33b,N/A,N/A,,https://github.com/notepad-plus-plus/notepad-plus-plus/releases/download/v7.7.1/npp.7.7.1.bin.7z
7.7.1,github,x86,npp.7.7.1.bin.7z,autoCompletion/lisp.xml,lisp.xml,,16208,2016-12-26T22:10:43.620377+00:00,310ae71e554b99a4c71b546097de55c0,8433177f8656755b0f79d96188f3de085520d75e,83478867f319bf093ce02f0c98a88b183862c235025580cca9ec7a9515521833,N/A,N/A,,https://github.com/notepad-plus-plus/notepad-plus-plus/releases/download/v7.7.1/npp.7.7.1.bin.7z
7.7.1,github,x86,npp.7.7.1.bin.7z,localization/lithuanian.xml,lithuanian.xml,,76856,2018-10-05T00:32:05.898928+00:00,98f5a618f8cf3ca48774c15ca95bc2bb,0b7d75e1c4f5bf67e31c44cd26b01a5cee1765f5,fb94b9381592015b27e12358c44a522409ec5c180fec694b2ddceff960294d0c,N/A,N/A,,https://github.com/notepad-plus-plus/notepad-plus-plus/releases/download/v7.7.1/npp.7.7.1.bin.7z
7.7.1,github,x86,npp.7.7.1.bin.7z,autoCompletion/lua.xml,lua.xml,,90490,2018-11-10T18:55:12.357412+00:00,bdb4f044ba52f6a83953ffd659c9252a,25ca6e9f4be716377126ca21f332beefef8f1549,3daa67cc9dd0370566566ce0492597a3698b7d9edd361a759c58e1fbd7abb349,N/A,N/A,,https://github.com/notepad-plus-plus/notepad-plus-plus/releases/download/v7.7.1/npp.7.7.1.bin.7z
7.7.1,github,x86,npp.7.7.1.bin.7z,localization/luxembourgish.xml,luxembourgish.xml,,25260,2017-08-20T17:40:41.142960+00:00,cc2d7d26c9d221def534845ec7453ddb,b40b675c5a5c10c8a393714f483aa515be4a5f8d,b73cb0703537af9d58c2e1f040f2e7f741199eef954d5e109eb301fc4498ffe0,N/A,N/A,,https://github.com/notepad-plus-plus/notepad-plus-plus/releases/download/v7.7.1/npp.7.7.1.bin.7z
7.7.1,github,x86,npp.7.7.1.bin.7z,localization/macedonian.xml,macedonian.xml,,36460,2016-12-26T22:10:44.046439+00:00,59f590ee75294f37ccb5ed1c7a441a11,7432c800018216193273b59666f26c4a81540ee6,59dbcc4618fa64eebd71808b16b4736b7af8855bef760aec3eb31c6f8f5f470e,N/A,N/A,,https://github.com/notepad-plus-plus/notepad-plus-plus/releases/download/v7.7.1/npp.7.7.1.bin.7z
7.7.1,github,x86,npp.7.7.1.bin.7z,localization/malay.xml,malay.xml,,19084,2016-12-26T22:10:44.052465+00:00,3158e10e8a9b3c0e84a770f5f11aaa1f,418a6c52704b6c832b80b36adbba45682725c76f,690416e418c9821bfe71805f76d9e18ee39fd092742d173cc9fe595268b131fa,N/A,N/A,,https://github.com/notepad-plus-plus/notepad-plus-plus/releases/download/v7.7.1/npp.7.7.1.bin.7z
7.7.1,github,x86,npp.7.7.1.bin.7z,localization/marathi.xml,marathi.xml,,48181,2019-06-01T16:07:32.531979+00:00,ce4757e3935343d472515cf9b936d7e4,c9ba81eb7b9f1ec2c0ac70e948846ba434d2ac7c,8b7545558bc73329f6caa27b5aa6203220d7a58ea3b37e9c346e636aaf70146c,N/A,N/A,,https://github.com/notepad-plus-plus/notepad-plus-plus/releases/download/v7.7.1/npp.7.7.1.bin.7z
7.7.1,github,x86,npp.7.7.1.bin.7z,plugins/mimeTools/mimeTools.dll,mimeTools.dll,,98448,2019-06-16T22:27:37.474465+00:00,c6f9848553c00503e27f103bb3677a98,cb185d73a00c197d1b48527c7ddb0b9de8c12fc6,bbefbea628d78a7a42228b2fd2bee0166b5c5bba2af23e413a0893095a8e6421,N/A,N/A,,https://github.com/notepad-plus-plus/notepad-plus-plus/releases/download/v7.7.1/npp.7.7.1.bin.7z
7.7.1,github,x86,npp.7.7.1.bin.7z,localization/mongolian.xml,mongolian.xml,,64376,2017-08-20T17:42:25.932074+00:00,7ff28b9242fe6bd774fcd71fbed5563d,e6de73bce5edb47ebc766bf9818c8fcbf77c8555,5d35c3c2f10b6f6923c0b11bd7d82f569ba6a0a8fb854aac20988c77d35bf934,N/A,N/A,,https://github.com/notepad-plus-plus/notepad-plus-plus/releases/download/v7.7.1/npp.7.7.1.bin.7z
7.7.1,github,x86,npp.7.7.1.bin.7z,themes/Mono Industrial.xml,Mono Industrial.xml,,90927,2019-05-30T15:39:11.793991+00:00,7bfad44061fd2b045f61ed2d2558253e,23d6d5b91a53ec1f94c9e8cd2758564ff62a1912,b889a6bae8fb974c3aef44ce3fca7c25d7520743a1a4546867baf1db1090e32b,N/A,N/A,,https://github.com/notepad-plus-plus/notepad-plus-plus/releases/download/v7.7.1/npp.7.7.1.bin.7z
7.7.1,github,x86,npp.7.7.1.bin.7z,themes/Monokai.xml,Monokai.xml,,89664,2019-05-30T15:39:11.799975+00:00,06781ea16464af849cae19ce1e30de82,c52a9c94ba45b02585246c1106f9293c1b3f2cf6,94c64acc04be0415d547212b44c793e885842701899f87410b95ffec04ef0ee9,N/A,N/A,,https://github.com/notepad-plus-plus/notepad-plus-plus/releases/download/v7.7.1/npp.7.7.1.bin.7z
7.7.1,github,x86,npp.7.7.1.bin.7z,themes/MossyLawn.xml,MossyLawn.xml,,107930,2019-05-30T15:39:11.803968+00:00,28823fba483e45146a29451ba95680a2,2d41d6b9ccd38d289689e6bb1eaa9b1ac4f5ab00,64ba41815c56c982e2149bd0d705b2883a44ea63e0f61f5c610439f7a2724877,N/A,N/A,,https://github.com/notepad-plus-plus/notepad-plus-plus/releases/download/v7.7.1/npp.7.7.1.bin.7z
7.7.1,github,x86,npp.7.7.1.bin.7z,themes/Navajo.xml,Navajo.xml,,107739,2019-05-30T15:39:11.810946+00:00,c8ccfee05923c3d0fcf909ddb00f5422,85af19a8cce8a412bb217214458a5ba94dfca06d,6749ecf56b86b5a6d1b4fda1218359dc7fec837f48f2ce1480a286b7530071c2,N/A,N/A,,https://github.com/notepad-plus-plus/notepad-plus-plus/releases/download/v7.7.1/npp.7.7.1.bin.7z
7.7.1,github,x86,npp.7.7.1.bin.7z,localization/norwegian.xml,norwegian.xml,,27778,2016-12-26T22:10:44.066320+00:00,f5519b853316445aab668c1dfd480f87,0f7aab54733b22d514b36ea68e39b0fe215afcbc,bb9a79755d37d449acff570c20e78a9e0c58482414435cf0f493e15e6216fce3,N/A,N/A,,https://github.com/notepad-plus-plus/notepad-plus-plus/releases/download/v7.7.1/npp.7.7.1.bin.7z
7.7.1,github,x86,npp.7.7.1.bin.7z,notepad++.exe,notepad++.exe,,2858640,2019-06-16T22:27:07.190652+00:00,0251a839e38ecbe73a5b52e6c7926b47,021fa49e912e1a76248225bd946b00b2a4f741e8,360b12ccfa33c6d2021bf34162b111ffc2f5939b0524b2e045cd682d93318d69,N/A,N/A,,https://github.com/notepad-plus-plus/notepad-plus-plus/releases/download/v7.7.1/npp.7.7.1.bin.7z
7.7.1,github,x86,npp.7.7.1.bin.7z,plugins/NppConverter/NppConverter.dll,NppConverter.dll,,135312,2019-06-16T22:27:42.256070+00:00,b09d236a685cf78936040ddddd2d92e2,ba44baba9148380844d1eb178a61b204fe3ac3d5,1f94d389a06453b6d470d0aef05565901a41918b322a1c36f3c72ea0dcacb2d1,N/A,N/A,,https://github.com/notepad-plus-plus/notepad-plus-plus/releases/download/v7.7.1/npp.7.7.1.bin.7z
7.7.1,github,x86,npp.7.7.1.bin.7z,plugins/NppExport/NppExport.dll,NppExport.dll,,21648,2019-06-16T22:27:35.148298+00:00,9db561b8e19541f5d58e1ceae971c1fa,fba3a0cde7a6d32a4e0641e46fbc7abc80271cd1,3c0b56fd66aee3f3f02ea3998c6d4e9fa053faaa055e08fd44d8f0d62100934d,N/A,N/A,,https://github.com/notepad-plus-plus/notepad-plus-plus/releases/download/v7.7.1/npp.7.7.1.bin.7z
7.7.1,github,x86,npp.7.7.1.bin.7z,plugins/Config/nppPluginList.dll,nppPluginList.dll,,164496,2019-06-16T22:27:21.198324+00:00,e2e112c8e40eb34b9c99e46d0e2c9b26,172ec72c5d10043eca7de7d6c4754d2f8e70ce92,08e33daa11f590ac3b8384680453a614cd4bbe983b3d2712844c62ba2e70f252,N/A,N/A,,https://github.com/notepad-plus-plus/notepad-plus-plus/releases/download/v7.7.1/npp.7.7.1.bin.7z
7.7.1,github,x86,npp.7.7.1.bin.7z,autoCompletion/nsis.xml,nsis.xml,,8183,2016-12-26T22:10:43.625372+00:00,7985ac923ccbf94742d29d96c405c843,e77f9a3ef026127de4d47538c1f121c771eb7727,5c1482f16fc8a1b99ec87eb4edef5c1d3f2d1c750f1647416369c6124498ad3e,N/A,N/A,,https://github.com/notepad-plus-plus/notepad-plus-plus/releases/download/v7.7.1/npp.7.7.1.bin.7z
7.7.1,github,x86,npp.7.7.1.bin.7z,localization/nynorsk.xml,nynorsk.xml,,41202,2017-08-20T17:40:41.189943+00:00,694867a6ade700da42a55da24da74200,d6115de129aa535bc83cce55e1c1ad5a001a5fac,319a9e846a610811fdf12b96bf352e4e07f2d7de5a6bec3000cebc1b1e21a1fe,N/A,N/A,,https://github.com/notepad-plus-plus/notepad-plus-plus/releases/download/v7.7.1/npp.7.7.1.bin.7z
7.7.1,github,x86,npp.7.7.1.bin.7z,themes/Obsidian.xml,Obsidian.xml,,93305,2019-05-30T15:39:11.812941+00:00,df1ad472007aa51d35f640cdca7cc3cb,f6c4f1c114e10bcf2ba2bf5d0283636bb52df13d,d0c73806ad243121839f2854d7ee55eb4c2962ddb98bef9c402dfb7c4e6f5e07,N/A,N/A,,https://github.com/notepad-plus-plus/notepad-plus-plus/releases/download/v7.7.1/npp.7.7.1.bin.7z
7.7.1,github,x86,npp.7.7.1.bin.7z,localization/occitan.xml,occitan.xml,,61127,2019-03-26T23:11:19.875935+00:00,282135aa211f86afebb1be689de3480c,80f66a9a2b3ced83c3ddbdd4865734c61a4c0a60,a65ef81488df5ddd0cdcc6e65be1b6992b79197fb7980740a750d2f5f5def463,N/A,N/A,,https://github.com/notepad-plus-plus/notepad-plus-plus/releases/download/v7.7.1/npp.7.7.1.bin.7z
7.7.1,github,x86,npp.7.7.1.bin.7z,autoCompletion/perl.xml,perl.xml,,14269,2017-12-28T02:55:00.344057+00:00,244eb5c1e91dc112130252fe58e49b13,28ca0a12b3fbc905cd20ebb62199cdb8d03684a5,e38a882b09330b6dbd56a2a4a90882c371a3c3eb7d29ceae9520a647c185b627,N/A,N/A,,https://github.com/notepad-plus-plus/notepad-plus-plus/releases/download/v7.7.1/npp.7.7.1.bin.7z
7.7.1,github,x86,npp.7.7.1.bin.7z,autoCompletion/php.xml,php.xml,,427929,2016-12-26T22:10:43.642433+00:00,1e9d31476dddc00249463ede7ba491d7,7d6f0047913e58aecf891f24c1e712d269e78bad,43391307f2829b77df05725a13670f6ad0650f8b92b4503cba65d7901e1dda10,N/A,N/A,,https://github.com/notepad-plus-plus/notepad-plus-plus/releases/download/v7.7.1/npp.7.7.1.bin.7z
7.7.1,github,x86,npp.7.7.1.bin.7z,localization/piglatin.xml,piglatin.xml,,79304,2019-03-05T01:52:36.655945+00:00,e57e7d60833241e6307f5666fb7682cc,bead4f333a93d10902ef227f2295815c533597a8,1fec93f265e064820f37cc450b8cb8c60b9250bffb4bf1612a70e81527068010,N/A,N/A,,https://github.com/notepad-plus-plus/notepad-plus-plus/releases/download/v7.7.1/npp.7.7.1.bin.7z
7.7.1,github,x86,npp.7.7.1.bin.7z,themes/Plastic Code Wrap.xml,Plastic Code Wrap.xml,,92421,2019-05-30T15:39:11.831891+00:00,fee7ab321482f225e0000afba772bb3a,1d29938d8462987c6a36538d48bf0cc6e377a1df,0f5cbbb15d3a3b9fea2a7a0ee6df258d99423eb4095fee117870a1cc5650f394,N/A,N/A,,https://github.com/notepad-plus-plus/notepad-plus-plus/releases/download/v7.7.1/npp.7.7.1.bin.7z
7.7.1,github,x86,npp.7.7.1.bin.7z,localization/polish.xml,polish.xml,,58814,2018-11-10T18:55:12.361393+00:00,b6fe2b47e9118deeedba46078bad74d3,95172e8b5462aac9493525115564f45314b1fd67,aab6f7be1c52762cd91d7424adeec856beb2aead9051f62b2591657b82618681,N/A,N/A,,https://github.com/notepad-plus-plus/notepad-plus-plus/releases/download/v7.7.1/npp.7.7.1.bin.7z
7.7.1,github,x86,npp.7.7.1.bin.7z,localization/portuguese.xml,portuguese.xml,,52588,2018-12-09T18:22:22.930436+00:00,bbdcaf6faf7f8548c07f2bb8e617a15e,44c4471d3c963037ce63605e9a7124a0ac36afbf,80b8d3026279141c07722981cc3c6f356674099fd02b8f82b74104fe625e2236,N/A,N/A,,https://github.com/notepad-plus-plus/notepad-plus-plus/releases/download/v7.7.1/npp.7.7.1.bin.7z
7.7.1,github,x86,npp.7.7.1.bin.7z,localization/punjabi.xml,punjabi.xml,,71006,2017-08-20T17:42:25.988152+00:00,1b2298a7b847f23751010f2b01e7a2ab,adeb00513bc79d24dac85640ac1463988a454a15,e3e009b986ed53654ea1c89d828ba3998039db4fae20a877f097e41a2ebb7771,N/A,N/A,,https://github.com/notepad-plus-plus/notepad-plus-plus/releases/download/v7.7.1/npp.7.7.1.bin.7z
7.7.1,github,x86,npp.7.7.1.bin.7z,autoCompletion/python.xml,python.xml,,61585,2016-12-26T22:10:43.648414+00:00,7bedd66d0b8a71da1467f63db6184420,c425dd0d93cd23e091ad0623c82d2edde21dbe06,cc27e0ea6542eb7bb249d169f42f9ac6fcbb794c2ef5d85f2b502e124ceef916,N/A,N/A,,https://github.com/notepad-plus-plus/notepad-plus-plus/releases/download/v7.7.1/npp.7.7.1.bin.7z
7.7.1,github,x86,npp.7.7.1.bin.7z,autoCompletion/rc.xml,rc.xml,,1642,2016-12-26T22:10:43.652428+00:00,12b972b69130e664e50ac111d298379b,413141253cf170a010f7f3a05a9ee1cfd4d37e25,12ad067aa1227b92141bbf9faca8efa74549cff6dabde85899db9272eb7e2dff,N/A,N/A,,https://github.com/notepad-plus-plus/notepad-plus-plus/releases/download/v7.7.1/npp.7.7.1.bin.7z
7.7.1,github,x86,npp.7.7.1.bin.7z,updater/README.md,README.md,,2991,2018-12-27T00:45:13.960355+00:00,9f56b12cbffcfad543fb1f91e3955f1b,406e1423549a8f5e97d8d8e37d5e7f6f4da8194b,aef40520cf12a0842097e8cfbeb9d9128f52573e5f90ca12d4a0a9045978547e,N/A,N/A,,https://github.com/notepad-plus-plus/notepad-plus-plus/releases/download/v7.7.1/npp.7.7.1.bin.7z
7.7.1,github,x86,npp.7.7.1.bin.7z,readme.txt,readme.txt,,1450,2016-12-26T22:10:43.409172+00:00,5c52adcd2bcc000a8b4bd5eb36b84cde,b51da3c7700102dad5d71b2a8551320b2529322a,f09758a2c953bdd2b817441e9a00255d3685c99369468c2695f0ca39aaaa5e6b,N/A,N/A,,https://github.com/notepad-plus-plus/notepad-plus-plus/releases/download/v7.7.1/npp.7.7.1.bin.7z
7.7.1,github,x86,npp.7.7.1.bin.7z,localization/romanian.xml,romanian.xml,,79037,2019-05-30T15:39:11.758087+00:00,b9ef29e90195ced6138e3c780858d024,c89ff4bae248732bdb4b279d39f04124714d70f2,511e3b29f50c46324b636c8ebbe02d2c9c3dc0839b7f3fa5ebaff422c387f5aa,N/A,N/A,,https://github.com/notepad-plus-plus/notepad-plus-plus/releases/download/v7.7.1/npp.7.7.1.bin.7z
7.7.1,github,x86,npp.7.7.1.bin.7z,themes/Ruby Blue.xml,Ruby Blue.xml,,72157,2019-05-30T15:39:11.834883+00:00,ba8a57e2cca530a51c4b497b0a1ecb9e,b120fa127856a4ef429cdc9f4234ea71bb157421,f5351278ed5957758d7882fd488d2c58fba695fd2f435bf99739eb430346dc28,N/A,N/A,,https://github.com/notepad-plus-plus/notepad-plus-plus/releases/download/v7.7.1/npp.7.7.1.bin.7z
7.7.1,github,x86,npp.7.7.1.bin.7z,localization/russian.xml,russian.xml,,83344,2019-05-13T21:05:14.368502+00:00,435f3d4ae5cff009d5e5ec356042cbe7,57782ad06e3cd108a6e22d58927f04fefd7a8b0c,ab2423bff4feb6c11b5dccf2d35adc4bb4a7046db00e24a66d697540d9519612,N/A,N/A,,https://github.com/notepad-plus-plus/notepad-plus-plus/releases/download/v7.7.1/npp.7.7.1.bin.7z
7.7.1,github,x86,npp.7.7.1.bin.7z,localization/samogitian.xml,samogitian.xml,,10160,2016-12-26T22:10:44.114584+00:00,ebba131558f344afe63e1c5718d0f7ad,65ba510db37a5d8ef74d1c77ede30fa9cccad299,75eca9974de1fca41651975a92f374660e1a7c273a3d1dab0ef6dd573230878b,N/A,N/A,,https://github.com/notepad-plus-plus/notepad-plus-plus/releases/download/v7.7.1/npp.7.7.1.bin.7z
7.7.1,github,x86,npp.7.7.1.bin.7z,localization/sardinian.xml,sardinian.xml,,40982,2017-08-20T17:40:41.271018+00:00,064889342004d04b1de62578aa733216,30b21b176b1c031ec472d45ccad41eba239efc52,0169ebd43b3cec4a4f3b0143a2af6f07ec9bf73cb04882a3d4507f01931c08de,N/A,N/A,,https://github.com/notepad-plus-plus/notepad-plus-plus/releases/download/v7.7.1/npp.7.7.1.bin.7z
7.7.1,github,x86,npp.7.7.1.bin.7z,SciLexer.dll,SciLexer.dll,,1255056,2019-06-16T22:27:11.954083+00:00,5922e6d5399bfd40a076352ccf54c348,cf5dd568935df3ad7adb4c93f05e4de56f517a46,1a05072095113ceeb31c7c50720f42049b149952c3327702f134dd491a1c0ef2,N/A,N/A,,https://github.com/notepad-plus-plus/notepad-plus-plus/releases/download/v7.7.1/npp.7.7.1.bin.7z
7.7.1,github,x86,npp.7.7.1.bin.7z,localization/serbian.xml,serbian.xml,,24098,2016-12-26T22:10:44.125648+00:00,174e7dc367ff1c213432b891f11d25bb,e199d3a723bcbb176e9f79969f502658efab0ac7,1a07c6a9c2639fa12bb000f599498ddf84827449afbb7952f4bdc4cf526c2117,N/A,N/A,,https://github.com/notepad-plus-plus/notepad-plus-plus/releases/download/v7.7.1/npp.7.7.1.bin.7z
7.7.1,github,x86,npp.7.7.1.bin.7z,localization/serbianCyrillic.xml,serbianCyrillic.xml,,47833,2017-08-20T17:40:41.289358+00:00,e6c94316e6d065533305b94e7d5af2bc,3b6f4b424d7321bae1d643bef50ee952d7990ddd,289d7cdd9d9af5b2992e3b0ac38022f91e3d9dc0051e40733983e26e2ddcf594,N/A,N/A,,https://github.com/notepad-plus-plus/notepad-plus-plus/releases/download/v7.7.1/npp.7.7.1.bin.7z
7.7.1,github,x86,npp.7.7.1.bin.7z,shortcuts.xml,shortcuts.xml,,1800,2019-01-27T02:00:52.459055+00:00,7055e239de97ab9c2ac0b1a5e72325ad,cac8aa8f244dfd955a9a66e5be7da123e6076de8,867759aa7241cb97e982215cea0907e5193e938da8bf188da913ca021ada0d00,N/A,N/A,,https://github.com/notepad-plus-plus/notepad-plus-plus/releases/download/v7.7.1/npp.7.7.1.bin.7z
7.7.1,github,x86,npp.7.7.1.bin.7z,localization/sinhala.xml,sinhala.xml,,56893,2017-08-20T17:40:41.304229+00:00,9986ce0334af5335ae8c7e5a3cbc818b,384de56d2af7c4941c266bfba7d69518b2b1879d,a8b55a8115a50bd3b7b07c359c49fe7da48a5acf1dacc2c0e3708f6f48636fd6,N/A,N/A,,https://github.com/notepad-plus-plus/notepad-plus-plus/releases/download/v7.7.1/npp.7.7.1.bin.7z
7.7.1,github,x86,npp.7.7.1.bin.7z,localization/slovak.xml,slovak.xml,,74133,2019-03-05T01:52:36.662924+00:00,e56b5a5257bf4e743e9abb688b9e7215,9807a05639ca5262da524d1d1639e2b98c17d805,52b86604adc29058a0efe7109857cc37cb452fd46f6210467543af2bf81b8b3e,N/A,N/A,,https://github.com/notepad-plus-plus/notepad-plus-plus/releases/download/v7.7.1/npp.7.7.1.bin.7z
7.7.1,github,x86,npp.7.7.1.bin.7z,localization/slovenian.xml,slovenian.xml,,72270,2019-05-08T23:22:36.226757+00:00,2d0d8cdcb5375130e8cba2061df596ea,2013ad247c515fa341789ec660cccbd5c0a857e0,7b06c50ce90928f455131c070486e2f6f2d6e6ab71fdf7b703ee81ee211bb51e,N/A,N/A,,https://github.com/notepad-plus-plus/notepad-plus-plus/releases/download/v7.7.1/npp.7.7.1.bin.7z
7.7.1,github,x86,npp.7.7.1.bin.7z,themes/Solarized-light.xml,Solarized-light.xml,,108375,2019-05-30T15:39:11.837874+00:00,d7d187c6b7768f0c6b297a5c3c4bc166,60c4a0d7cc616199cd6d5bd9a091fed9da994550,c073c57ebcb8a15b2c2bcd59024496c462d85340b3e870ce0e18e525613af4f6,N/A,N/A,,https://github.com/notepad-plus-plus/notepad-plus-plus/releases/download/v7.7.1/npp.7.7.1.bin.7z
7.7.1,github,x86,npp.7.7.1.bin.7z,themes/Solarized.xml,Solarized.xml,,108363,2019-05-30T15:39:11.840867+00:00,9fe03156c870d1da5def22bd674195c9,adbe6952195ada932039f3ebb1ffc1e929d948b8,ad20f7e74695163519f860b9f3979d128e0501ba04f8123dd531ef39197a0f94,N/A,N/A,,https://github.com/notepad-plus-plus/notepad-plus-plus/releases/download/v7.7.1/npp.7.7.1.bin.7z
7.7.1,github,x86,npp.7.7.1.bin.7z,localization/spanish.xml,spanish.xml,,61773,2019-05-08T23:22:36.235734+00:00,822489dc4c8085d014fb508c76289747,f32f69839fe6fa2f15cb6481344b571be132e642,23b6520c0d7b3d7e80086b0714f0668a08e6b0dbea7a493cb0e320b8c552be02,N/A,N/A,,https://github.com/notepad-plus-plus/notepad-plus-plus/releases/download/v7.7.1/npp.7.7.1.bin.7z
7.7.1,github,x86,npp.7.7.1.bin.7z,localization/spanish_ar.xml,spanish_ar.xml,,45235,2017-08-20T17:42:26.087522+00:00,e6e44ee7c6b6a0ff89f0fe490f3c11fc,a3cc69b4ea7148ab45a5c907d3b0a45da166b65a,2fadeca7c44132ef9a9243bd67eee23c93a25f96bc6c80b81d527d18128d284d,N/A,N/A,,https://github.com/notepad-plus-plus/notepad-plus-plus/releases/download/v7.7.1/npp.7.7.1.bin.7z
7.7.1,github,x86,npp.7.7.1.bin.7z,autoCompletion/sql.xml,sql.xml,,67952,2016-12-26T22:10:43.658459+00:00,056b92b4d2e16984505990cf379b5486,7571c99732917dad3dd465f29d5bf28619a09fa7,620fe159db5ce323b78b4768f9f6a3a95ca2c4fa4806ea5145afadac21dcc74d,N/A,N/A,,https://github.com/notepad-plus-plus/notepad-plus-plus/releases/download/v7.7.1/npp.7.7.1.bin.7z
7.7.1,github,x86,npp.7.7.1.bin.7z,stylers.model.xml,stylers.model.xml,,166357,2019-05-30T15:39:11.911682+00:00,46fc329be6615da0c27f5bbc80fad64c,04babccbc1e82af74a24354ef7711c277cb6af17,5f57890b3f39889ac6ca376ab1debf5d2ae2df531c5284f70e13f6106204cb83,N/A,N/A,,https://github.com/notepad-plus-plus/notepad-plus-plus/releases/download/v7.7.1/npp.7.7.1.bin.7z
7.7.1,github,x86,npp.7.7.1.bin.7z,localization/swedish.xml,swedish.xml,,59422,2019-05-30T15:39:11.761080+00:00,a41e0bfa49dd28206c2e9fd65880e2d5,8c1e56f022f22cb2d18c1864c775389632edf8ab,b5123cd6d4764f901b4387119df5a738451afe9625a68e9c4ab7f992f533d9f1,N/A,N/A,,https://github.com/notepad-plus-plus/notepad-plus-plus/releases/download/v7.7.1/npp.7.7.1.bin.7z
7.7.1,github,x86,npp.7.7.1.bin.7z,localization/tagalog.xml,tagalog.xml,,30395,2016-12-26T22:10:44.167583+00:00,04e3e27d9d635c6b23c8e40dcbbdd442,c66e2dc153c22a445dae0df2bdf3c1693b4ad03e,047c63c449c5e2a9a4f97637c741eb07e6ec034bc829d85c6565bb0292c1cd72,N/A,N/A,,https://github.com/notepad-plus-plus/notepad-plus-plus/releases/download/v7.7.1/npp.7.7.1.bin.7z
7.7.1,github,x86,npp.7.7.1.bin.7z,localization/tajikCyrillic.xml,tajikCyrillic.xml,,66798,2017-08-20T17:42:26.121326+00:00,c28fc035726b0fe6f56c129d87c2aabc,3cdcfd5e06e905032f0119b5cec8dd8e011fa21c,70a7f699ee317a25cb74524995037b145477b4df0c39d674381ff5c8895fb63f,N/A,N/A,,https://github.com/notepad-plus-plus/notepad-plus-plus/releases/download/v7.7.1/npp.7.7.1.bin.7z
7.7.1,github,x86,npp.7.7.1.bin.7z,localization/tamil.xml,tamil.xml,,54196,2017-08-20T17:40:41.427488+00:00,abc0ae5ed0002512221d682263e41204,7a7533274855ceff9a604d6cd36192cc68f2c416,e23759fd6d60ef9728b620a1a8316fc049ccbf93445a91a1a85d27c4e25f3f15,N/A,N/A,,https://github.com/notepad-plus-plus/notepad-plus-plus/releases/download/v7.7.1/npp.7.7.1.bin.7z
7.7.1,github,x86,npp.7.7.1.bin.7z,localization/tatar.xml,tatar.xml,,71641,2017-08-20T17:42:26.139525+00:00,84c32874e0fbc009202c86781cf6a6b6,93f81be4ed8bd098f4384290f0286b55abbd5885,0b20a37e6512a5a3e0c92075db9eb179a156e5e20f9fe52c3260daf8c77825a3,N/A,N/A,,https://github.com/notepad-plus-plus/notepad-plus-plus/releases/download/v7.7.1/npp.7.7.1.bin.7z
7.7.1,github,x86,npp.7.7.1.bin.7z,localization/telugu.xml,telugu.xml,,53577,2017-08-20T17:40:41.456494+00:00,a8b6a302f3bda0eeae95e5214df33ec4,975e8e7ac8258c4f8c4050743debe980a9864e4f,82b4b16ee06e668e4ff30e71fcbf42623cf30dc14177c570a7ad1f47c0284e0c,N/A,N/A,,https://github.com/notepad-plus-plus/notepad-plus-plus/releases/download/v7.7.1/npp.7.7.1.bin.7z
7.7.1,github,x86,npp.7.7.1.bin.7z,autoCompletion/tex.xml,tex.xml,,67871,2017-12-28T02:55:00.351580+00:00,03f74d2063099160e73faa1a5dee7f9a,89a19baacde3f98c9439861a52239df8c5e964ba,d19fe5a6b68b50e0820641489fd73368ba4ba58adb07948e39073ddce8e08d37,N/A,N/A,,https://github.com/notepad-plus-plus/notepad-plus-plus/releases/download/v7.7.1/npp.7.7.1.bin.7z
7.7.1,github,x86,npp.7.7.1.bin.7z,localization/thai.xml,thai.xml,,41406,2017-08-20T17:40:41.469535+00:00,8d02b72cdcce6c5a4db56eebba394824,259babbea022717b773d10704f61fb285e800730,8ce450bcfd9b9617f4e0969ad4e201480b255d473cb1383c90761cc28cbd7ecc,N/A,N/A,,https://github.com/notepad-plus-plus/notepad-plus-plus/releases/download/v7.7.1/npp.7.7.1.bin.7z
7.7.1,github,x86,npp.7.7.1.bin.7z,localization/turkish.xml,turkish.xml,,65738,2019-05-08T23:22:36.246703+00:00,6b5d7190e9af58c43afcbe80807b3e0f,280fea4a7f6ac9469965f2e726bfda2c24091bef,e315dadbca8df57b80ba1ee3f2c685b201a29399e736c97debf82a9789183ba9,N/A,N/A,,https://github.com/notepad-plus-plus/notepad-plus-plus/releases/download/v7.7.1/npp.7.7.1.bin.7z
7.7.1,github,x86,npp.7.7.1.bin.7z,themes/Twilight.xml,Twilight.xml,,90732,2019-05-30T15:39:11.851837+00:00,72e285158a0e99b081dacc32f61d99a2,9d4bf6efe5a341af42858be6e956c1e559a4e987,1204d968790d1b771def95698794349975ae317e7593a9597c12564aa67c80dd,N/A,N/A,,https://github.com/notepad-plus-plus/notepad-plus-plus/releases/download/v7.7.1/npp.7.7.1.bin.7z
7.7.1,github,x86,npp.7.7.1.bin.7z,localization/ukrainian.xml,ukrainian.xml,,95203,2019-05-13T21:05:14.371493+00:00,2ad1d6c0d74e402c854df769a8196880,f985b2e0d9e86d0dfe39d87edab71eff961cc895,38d0e8cccb1030ba3314511573ed58fcf9ad24d32de8110f6fced82262585b4d,N/A,N/A,,https://github.com/notepad-plus-plus/notepad-plus-plus/releases/download/v7.7.1/npp.7.7.1.bin.7z
7.7.1,github,x86,npp.7.7.1.bin.7z,localization/urdu.xml,urdu.xml,,15657,2016-12-26T22:10:44.210970+00:00,cf965dfcf2257d8046c453ac36fcf65e,ac650afe9e15fec6e0e3e87bc999c2d9350ab461,0b685abaea6232f3e99d563f01613161251e51aba6a62d83cb306aa5f2d396d5,N/A,N/A,,https://github.com/notepad-plus-plus/notepad-plus-plus/releases/download/v7.7.1/npp.7.7.1.bin.7z
7.7.1,github,x86,npp.7.7.1.bin.7z,userDefineLangs/userDefinedLang-markdown.default.modern.xml,userDefinedLang-markdown.default.modern.xml,,5440,2019-03-05T01:52:36.627021+00:00,e6edb9c859b5b97800da9c664a0606c8,a0529bfe949f37d87349f89e44ac03a0f39d90c6,b7a3e70c69f661e76cc7b6279db21fb32f275a8a3c205a75ae22e40224136031,N/A,N/A,,https://github.com/notepad-plus-plus/notepad-plus-plus/releases/download/v7.7.1/npp.7.7.1.bin.7z
7.7.1,github,x86,npp.7.7.1.bin.7z,localization/uyghur.xml,uyghur.xml,,47848,2018-01-28T21:48:40.466342+00:00,a5d2661cab9fae284200b5cd84496b41,fa6cfe413495f354ad0d72e9660f04ce05a6556d,f5d24a6c678b1b54539adeafd2bc2697738f44cea6c184fa442980f1440e5afd,N/A,N/A,,https://github.com/notepad-plus-plus/notepad-plus-plus/releases/download/v7.7.1/npp.7.7.1.bin.7z
7.7.1,github,x86,npp.7.7.1.bin.7z,localization/uzbek.xml,uzbek.xml,,67937,2019-05-08T23:22:36.249695+00:00,8d5d53622c0bd306f5bcbd785328ead3,3aeda8d64f29c15efcbc270ea06bb8100245087f,1e94b2d6c7a0f3a29ed7065a592fab68ffcb442f6b6eb7a78f4f875c689dadd6,N/A,N/A,,https://github.com/notepad-plus-plus/notepad-plus-plus/releases/download/v7.7.1/npp.7.7.1.bin.7z
7.7.1,github,x86,npp.7.7.1.bin.7z,localization/uzbekCyrillic.xml,uzbekCyrillic.xml,,35714,2017-08-20T17:40:41.544199+00:00,71b7ce4804f337f3d5c4fea4a0733691,f4446df6fbeb19c93869205750991261d3a1ac7b,380e17fd360658921ea937043e540b2af642a7307be691f5c58b825623b61a99,N/A,N/A,,https://github.com/notepad-plus-plus/notepad-plus-plus/releases/download/v7.7.1/npp.7.7.1.bin.7z
7.7.1,github,x86,npp.7.7.1.bin.7z,autoCompletion/vb.xml,vb.xml,,17197,2017-12-28T02:55:00.358594+00:00,cb6d0cff9916fa1eae0a4faafc9db82a,0bb7663a45ac8a0e8ed5ee3296f7fedc24c4a3e6,74b6701e0c8f2c92eedd563165b61d4813f519f3747b67b3a043a4b85de41401,N/A,N/A,,https://github.com/notepad-plus-plus/notepad-plus-plus/releases/download/v7.7.1/npp.7.7.1.bin.7z
7.7.1,github,x86,npp.7.7.1.bin.7z,autoCompletion/vhdl.xml,vhdl.xml,,2632,2016-12-26T22:10:43.671560+00:00,1ba07e9e9c7ccbf095fee8c248375527,668325f597bb9fa517e41f304f07c5d0a0421160,29967c6650ce9fce73b7b9dda3390ae3b5cff4ad8ef2265f2c6980da55f42f97,N/A,N/A,,https://github.com/notepad-plus-plus/notepad-plus-plus/releases/download/v7.7.1/npp.7.7.1.bin.7z
7.7.1,github,x86,npp.7.7.1.bin.7z,themes/Vibrant Ink.xml,Vibrant Ink.xml,,88705,2019-05-30T15:39:11.861810+00:00,217f09b407a364a5b1653462e175ad6a,26b9523586e0bac5ba50ba63eedabb269065b2e9,277dfcc0e62f48e7e4de84cc39add1eaee03ad06809e6218fd100a66a2f04bb1,N/A,N/A,,https://github.com/notepad-plus-plus/notepad-plus-plus/releases/download/v7.7.1/npp.7.7.1.bin.7z
7.7.1,github,x86,npp.7.7.1.bin.7z,localization/vietnamese.xml,vietnamese.xml,,52737,2017-08-20T17:42:26.208032+00:00,4648aecae4e9d1df3ca32d9a0cba8fed,ace0c0282c1e0dc6facfd3277994a50410e619c8,747d88fd1df6f7a703fdd0904b50ff32c3d6d2d26203e0ae07b44786b44a9961,N/A,N/A,,https://github.com/notepad-plus-plus/notepad-plus-plus/releases/download/v7.7.1/npp.7.7.1.bin.7z
7.7.1,github,x86,npp.7.7.1.bin.7z,themes/vim Dark Blue.xml,vim Dark Blue.xml,,88366,2019-05-30T15:39:11.874775+00:00,1e6513926f3335ad64f15ee75d8c023a,de600f9e06fe45b40d91471048084ff0a485700f,83f56b02df1a2a82251139d8b3b889045da183fe091e2318c2e405f868646f6d,N/A,N/A,,https://github.com/notepad-plus-plus/notepad-plus-plus/releases/download/v7.7.1/npp.7.7.1.bin.7z
7.7.1,github,x86,npp.7.7.1.bin.7z,localization/welsh.xml,welsh.xml,,53261,2017-08-20T17:42:26.222941+00:00,538acafd2ef4e67581a908f970838626,98c8498903c60d46035a3ec22a3c559311451754,11fd56a75e14493a7305d6cd2aa79dd6990465eb0dec8bdf6354dd6e5db35634,N/A,N/A,,https://github.com/notepad-plus-plus/notepad-plus-plus/releases/download/v7.7.1/npp.7.7.1.bin.7z
7.7.1,github,x86,npp.7.7.1.bin.7z,autoCompletion/xml.xml,xml.xml,,12024,2016-12-26T22:10:43.676850+00:00,432b0a7d34b59ad7512c347f8670ff23,d4ff6d0b283f7b2b8d1792b0c9671d9afb43d3f7,7cdfb59901b0dbda488745f9bd749ce9a1c3e228931162e3a5764c5674330601,N/A,N/A,,https://github.com/notepad-plus-plus/notepad-plus-plus/releases/download/v7.7.1/npp.7.7.1.bin.7z
7.7.1,github,x86,npp.7.7.1.bin.7z,themes/Zenburn.xml,Zenburn.xml,,103292,2019-05-30T15:39:11.863805+00:00,e0d1534ff8d9b51f00e74b56478d3f1a,358cbd9739b16fd178b890ece324222fa5e42bc5,e33ee6192cde94095af4bb6c5cfe23437f52dd771fbee26b19b943161a211523,N/A,N/A,,https://github.com/notepad-plus-plus/notepad-plus-plus/releases/download/v7.7.1/npp.7.7.1.bin.7z
7.7.1,github,x86,npp.7.7.1.bin.7z,localization/zulu.xml,zulu.xml,,72870,2019-03-26T23:11:19.879946+00:00,9440a55f71dac040b123de16d6557951,3c418d94e534013fe52e2a85ddac821b3ae89b40,16ef44efd21a556cfed5aa07b70437a16016754fcd3ce2a9e7048061716591df,N/A,N/A,,https://github.com/notepad-plus-plus/notepad-plus-plus/releases/download/v7.7.1/npp.7.7.1.bin.7z
7.7.1,github,x86,npp.7.7.1.bin.minimalist.7z,,npp.7.7.1.bin.minimalist.7z,,1431125,2021-12-07T19:40:18+00:00,2251a016c4ddcc6d613efcd26de16285,3a7ad9d8cca6c54fa3a9e583da12837def3ecc05,efc4a3b4aad04892998fb6698765816ed789c8fbb4960967fd24b4f08cf004a4,MATCH,MATCH,,https://github.com/notepad-plus-plus/notepad-plus-plus/releases/download/v7.7.1/npp.7.7.1.bin.minimalist.7z
7.7.1,github,x86,npp.7.7.1.bin.minimalist.7z,change.log,change.log,,956,2019-06-16T17:40:34.876877+00:00,a22774dd659f1995936abf93a601b052,f4dec5090224a4d1f2d764555973e9ed47d30f0b,66c4cc847e2f75699b54b54edbc5625d425a1b0856cf991153b9d167dae8540d,N/A,N/A,,https://github.com/notepad-plus-plus/notepad-plus-plus/releases/download/v7.7.1/npp.7.7.1.bin.minimalist.7z
7.7.1,github,x86,npp.7.7.1.bin.minimalist.7z,contextMenu.xml,contextMenu.xml,,3512,2018-05-25T21:58:05.896518+00:00,a7998766b85ee71ff1d82a1198988529,acaf62b48d9307b319105109121d82ccefe46c65,aa48a7c2ec3ed377c42c293f732807572f2ea305c9771b6ea210e7b92ef2c199,N/A,N/A,,https://github.com/notepad-plus-plus/notepad-plus-plus/releases/download/v7.7.1/npp.7.7.1.bin.minimalist.7z
7.7.1,github,x86,npp.7.7.1.bin.minimalist.7z,doLocalConf.xml,doLocalConf.xml,,0,2017-08-16T07:23:53.663879+00:00,d41d8cd98f00b204e9800998ecf8427e,da39a3ee5e6b4b0d3255bfef95601890afd80709,e3b0c44298fc1c149afbf4c8996fb92427ae41e4649b934ca495991b7852b855,N/A,N/A,,https://github.com/notepad-plus-plus/notepad-plus-plus/releases/download/v7.7.1/npp.7.7.1.bin.minimalist.7z
7.7.1,github,x86,npp.7.7.1.bin.minimalist.7z,langs.model.xml,langs.model.xml,,329543,2019-05-30T15:39:11.907688+00:00,e77c570ce893a40a76ac0f1b75d8c9f7,b25b34ad18ea2b3bdc112520f27873c0bfc43a46,edfd1ba2ed1f8b75aa95c4eed0a574f88787b60c8f5466182a90141819dc1d68,N/A,N/A,,https://github.com/notepad-plus-plus/notepad-plus-plus/releases/download/v7.7.1/npp.7.7.1.bin.minimalist.7z
7.7.1,github,x86,npp.7.7.1.bin.minimalist.7z,license.txt,license.txt,,16885,2016-12-26T22:10:43.405127+00:00,6a0438c04e6553dfb631636dbdb199a1,1fb5eb9da193f6a474ea1ae754d69cbe6fcd2b48,da59bed2b60d1ba57830d1bb71e5993de37c6085b2d86e41ec43938467234c55,N/A,N/A,,https://github.com/notepad-plus-plus/notepad-plus-plus/releases/download/v7.7.1/npp.7.7.1.bin.minimalist.7z
7.7.1,github,x86,npp.7.7.1.bin.minimalist.7z,notepad++.exe,notepad++.exe,,2858640,2019-06-16T22:27:07.190652+00:00,0251a839e38ecbe73a5b52e6c7926b47,021fa49e912e1a76248225bd946b00b2a4f741e8,360b12ccfa33c6d2021bf34162b111ffc2f5939b0524b2e045cd682d93318d69,N/A,N/A,,https://github.com/notepad-plus-plus/notepad-plus-plus/releases/download/v7.7.1/npp.7.7.1.bin.minimalist.7z
7.7.1,github,x86,npp.7.7.1.bin.minimalist.7z,readme.txt,readme.txt,,1450,2016-12-26T22:10:43.409172+00:00,5c52adcd2bcc000a8b4bd5eb36b84cde,b51da3c7700102dad5d71b2a8551320b2529322a,f09758a2c953bdd2b817441e9a00255d3685c99369468c2695f0ca39aaaa5e6b,N/A,N/A,,https://github.com/notepad-plus-plus/notepad-plus-plus/releases/download/v7.7.1/npp.7.7.1.bin.minimalist.7z
7.7.1,github,x86,npp.7.7.1.bin.minimalist.7z,SciLexer.dll,SciLexer.dll,,1255056,2019-06-16T22:27:11.954083+00:00,5922e6d5399bfd40a076352ccf54c348,cf5dd568935df3ad7adb4c93f05e4de56f517a46,1a05072095113ceeb31c7c50720f42049b149952c3327702f134dd491a1c0ef2,N/A,N/A,,https://github.com/notepad-plus-plus/notepad-plus-plus/releases/download/v7.7.1/npp.7.7.1.bin.minimalist.7z
7.7.1,github,x86,npp.7.7.1.bin.minimalist.7z,shortcuts.xml,shortcuts.xml,,1800,2019-01-27T02:00:52.459055+00:00,7055e239de97ab9c2ac0b1a5e72325ad,cac8aa8f244dfd955a9a66e5be7da123e6076de8,867759aa7241cb97e982215cea0907e5193e938da8bf188da913ca021ada0d00,N/A,N/A,,https://github.com/notepad-plus-plus/notepad-plus-plus/releases/download/v7.7.1/npp.7.7.1.bin.minimalist.7z
7.7.1,github,x86,npp.7.7.1.bin.minimalist.7z,stylers.model.xml,stylers.model.xml,,166357,2019-05-30T15:39:11.911682+00:00,46fc329be6615da0c27f5bbc80fad64c,04babccbc1e82af74a24354ef7711c277cb6af17,5f57890b3f39889ac6ca376ab1debf5d2ae2df531c5284f70e13f6106204cb83,N/A,N/A,,https://github.com/notepad-plus-plus/notepad-plus-plus/releases/download/v7.7.1/npp.7.7.1.bin.minimalist.7z
7.7.1,github,x86,npp.7.7.1.bin.minimalist.7z,userDefineLangs/userDefinedLang-markdown.default.modern.xml,userDefinedLang-markdown.default.modern.xml,,5440,2019-03-05T01:52:36.627021+00:00,e6edb9c859b5b97800da9c664a0606c8,a0529bfe949f37d87349f89e44ac03a0f39d90c6,b7a3e70c69f661e76cc7b6279db21fb32f275a8a3c205a75ae22e40224136031,N/A,N/A,,https://github.com/notepad-plus-plus/notepad-plus-plus/releases/download/v7.7.1/npp.7.7.1.bin.minimalist.7z
7.7.1,github,x64,npp.7.7.1.bin.minimalist.x64.7z,,npp.7.7.1.bin.minimalist.x64.7z,,1677565,2021-12-07T19:40:20+00:00,54a71d4f1f47861ceff2c9b9491c7603,4974d52c771cfade17291e6470106ee36b94e7e1,03f0271b0da0dfecc2c089967873a22d966238848a338ad8c6ce6b46450c7161,MATCH,MATCH,,https://github.com/notepad-plus-plus/notepad-plus-plus/releases/download/v7.7.1/npp.7.7.1.bin.minimalist.x64.7z
7.7.1,github,x64,npp.7.7.1.bin.minimalist.x64.7z,change.log,change.log,,956,2019-06-16T17:40:34.876877+00:00,a22774dd659f1995936abf93a601b052,f4dec5090224a4d1f2d764555973e9ed47d30f0b,66c4cc847e2f75699b54b54edbc5625d425a1b0856cf991153b9d167dae8540d,N/A,N/A,,https://github.com/notepad-plus-plus/notepad-plus-plus/releases/download/v7.7.1/npp.7.7.1.bin.minimalist.x64.7z
7.7.1,github,x64,npp.7.7.1.bin.minimalist.x64.7z,contextMenu.xml,contextMenu.xml,,3512,2018-05-25T21:58:05.896518+00:00,a7998766b85ee71ff1d82a1198988529,acaf62b48d9307b319105109121d82ccefe46c65,aa48a7c2ec3ed377c42c293f732807572f2ea305c9771b6ea210e7b92ef2c199,N/A,N/A,,https://github.com/notepad-plus-plus/notepad-plus-plus/releases/download/v7.7.1/npp.7.7.1.bin.minimalist.x64.7z
7.7.1,github,x64,npp.7.7.1.bin.minimalist.x64.7z,doLocalConf.xml,doLocalConf.xml,,0,2017-08-16T07:23:53.663879+00:00,d41d8cd98f00b204e9800998ecf8427e,da39a3ee5e6b4b0d3255bfef95601890afd80709,e3b0c44298fc1c149afbf4c8996fb92427ae41e4649b934ca495991b7852b855,N/A,N/A,,https://github.com/notepad-plus-plus/notepad-plus-plus/releases/download/v7.7.1/npp.7.7.1.bin.minimalist.x64.7z
7.7.1,github,x64,npp.7.7.1.bin.minimalist.x64.7z,langs.model.xml,langs.model.xml,,329543,2019-05-30T15:39:11.907688+00:00,e77c570ce893a40a76ac0f1b75d8c9f7,b25b34ad18ea2b3bdc112520f27873c0bfc43a46,edfd1ba2ed1f8b75aa95c4eed0a574f88787b60c8f5466182a90141819dc1d68,N/A,N/A,,https://github.com/notepad-plus-plus/notepad-plus-plus/releases/download/v7.7.1/npp.7.7.1.bin.minimalist.x64.7z
7.7.1,github,x64,npp.7.7.1.bin.minimalist.x64.7z,license.txt,license.txt,,16885,2016-12-26T22:10:43.405127+00:00,6a0438c04e6553dfb631636dbdb199a1,1fb5eb9da193f6a474ea1ae754d69cbe6fcd2b48,da59bed2b60d1ba57830d1bb71e5993de37c6085b2d86e41ec43938467234c55,N/A,N/A,,https://github.com/notepad-plus-plus/notepad-plus-plus/releases/download/v7.7.1/npp.7.7.1.bin.minimalist.x64.7z
7.7.1,github,x64,npp.7.7.1.bin.minimalist.x64.7z,notepad++.exe,notepad++.exe,,3454608,2019-06-16T22:27:09.533601+00:00,88cdac82a0981be7d343b3362f87a456,47364e864c1501dd6e41c6cb13068951040ec596,8cea262975162ce534303e8a1009d3db1723c8f19d0cb47aa2511666f2fd8fe5,N/A,N/A,,https://github.com/notepad-plus-plus/notepad-plus-plus/releases/download/v7.7.1/npp.7.7.1.bin.minimalist.x64.7z
7.7.1,github,x64,npp.7.7.1.bin.minimalist.x64.7z,readme.txt,readme.txt,,1450,2016-12-26T22:10:43.409172+00:00,5c52adcd2bcc000a8b4bd5eb36b84cde,b51da3c7700102dad5d71b2a8551320b2529322a,f09758a2c953bdd2b817441e9a00255d3685c99369468c2695f0ca39aaaa5e6b,N/A,N/A,,https://github.com/notepad-plus-plus/notepad-plus-plus/releases/download/v7.7.1/npp.7.7.1.bin.minimalist.x64.7z
7.7.1,github,x64,npp.7.7.1.bin.minimalist.x64.7z,SciLexer.dll,SciLexer.dll,,1788560,2019-06-16T22:27:14.255907+00:00,7fde51a51f52dfa11b1227f0867a1fad,b770100e44e4dd590c4205a3975ef8d901f90848,ecf0cc71753c2a411d0ab0f59fc75c16dafa80d1daff5338e7639876bf65542d,N/A,N/A,,https://github.com/notepad-plus-plus/notepad-plus-plus/releases/download/v7.7.1/npp.7.7.1.bin.minimalist.x64.7z
7.7.1,github,x64,npp.7.7.1.bin.minimalist.x64.7z,shortcuts.xml,shortcuts.xml,,1800,2019-01-27T02:00:52.459055+00:00,7055e239de97ab9c2ac0b1a5e72325ad,cac8aa8f244dfd955a9a66e5be7da123e6076de8,867759aa7241cb97e982215cea0907e5193e938da8bf188da913ca021ada0d00,N/A,N/A,,https://github.com/notepad-plus-plus/notepad-plus-plus/releases/download/v7.7.1/npp.7.7.1.bin.minimalist.x64.7z
7.7.1,github,x64,npp.7.7.1.bin.minimalist.x64.7z,stylers.model.xml,stylers.model.xml,,166357,2019-05-30T15:39:11.911682+00:00,46fc329be6615da0c27f5bbc80fad64c,04babccbc1e82af74a24354ef7711c277cb6af17,5f57890b3f39889ac6ca376ab1debf5d2ae2df531c5284f70e13f6106204cb83,N/A,N/A,,https://github.com/notepad-plus-plus/notepad-plus-plus/releases/download/v7.7.1/npp.7.7.1.bin.minimalist.x64.7z
7.7.1,github,x64,npp.7.7.1.bin.minimalist.x64.7z,userDefineLangs/userDefinedLang-markdown.default.modern.xml,userDefinedLang-markdown.default.modern.xml,,5440,2019-03-05T01:52:36.627021+00:00,e6edb9c859b5b97800da9c664a0606c8,a0529bfe949f37d87349f89e44ac03a0f39d90c6,b7a3e70c69f661e76cc7b6279db21fb32f275a8a3c205a75ae22e40224136031,N/A,N/A,,https://github.com/notepad-plus-plus/notepad-plus-plus/releases/download/v7.7.1/npp.7.7.1.bin.minimalist.x64.7z
7.7.1,github,x64,npp.7.7.1.bin.x64.7z,,npp.7.7.1.bin.x64.7z,,3054324,2021-12-07T19:40:06+00:00,7f5a44c1989858f4a207ba3adab4c893,5121e66ba29405563f2815e6223310c5ccc4ed27,528ec2bf90fd409b4bf914c198b93db28cecd4fa2a8cdf6180f1b9cded7f8dfa,MATCH,MATCH,,https://github.com/notepad-plus-plus/notepad-plus-plus/releases/download/v7.7.1/npp.7.7.1.bin.x64.7z
7.7.1,github,x64,npp.7.7.1.bin.x64.7z,autoCompletion/actionscript.xml,actionscript.xml,,20752,2017-12-28T02:55:00.321495+00:00,f8876462309eeb4204eaaf5777dc4eea,167b0f169340f0cf7d2a53d0f4c4b20f694ff12a,7bdab6f3b572773331a17bfbb6cc4bbd71dfd89e4f11e404b7466925678a3a26,N/A,N/A,,https://github.com/notepad-plus-plus/notepad-plus-plus/releases/download/v7.7.1/npp.7.7.1.bin.x64.7z
7.7.1,github,x64,npp.7.7.1.bin.x64.7z,localization/afrikaans.xml,afrikaans.xml,,29077,2016-12-26T22:10:43.769673+00:00,c2f475cc2b49d3aee490c9059529744a,621e81e87c6c8d45a6be6bc69108d8ab13e2d5a6,5d285d98f8891bcf73a770fde00c3215062842224b81c4e70537569712f84570,N/A,N/A,,https://github.com/notepad-plus-plus/notepad-plus-plus/releases/download/v7.7.1/npp.7.7.1.bin.x64.7z
7.7.1,github,x64,npp.7.7.1.bin.x64.7z,localization/albanian.xml,albanian.xml,,57197,2017-08-20T17:42:25.395692+00:00,5803d49d9a1320f50394a0ab36c427b6,6f29668d5d3101d86a6ec34d3087c7cd5e5fdc64,508ddd0bd359666186a34b1249b55de31062f2eb4323bce01409e602e7fc0b64,N/A,N/A,,https://github.com/notepad-plus-plus/notepad-plus-plus/releases/download/v7.7.1/npp.7.7.1.bin.x64.7z
7.7.1,github,x64,npp.7.7.1.bin.x64.7z,localization/arabic.xml,arabic.xml,,86770,2018-10-05T00:32:05.819137+00:00,4c43fa51c53e259e9c0df42eab235849,6af39eb260e24144dc3491e9083a3d615e977775,f4bb70b47614e639d2035ecf94e4f74413312f7ae593d60a916d940cf3639554,N/A,N/A,,https://github.com/notepad-plus-plus/notepad-plus-plus/releases/download/v7.7.1/npp.7.7.1.bin.x64.7z
7.7.1,github,x64,npp.7.7.1.bin.x64.7z,localization/aragonese.xml,aragonese.xml,,49810,2017-08-20T17:42:25.412736+00:00,ff161db746ade330439882ba0640d2ea,1a9109c96486d1f4ee48336f66c0be93cf2725a3,1db8eeb9c6cae8705cacfc3043a7556678e9ed52162fb8ec536c5befc19343a9,N/A,N/A,,https://github.com/notepad-plus-plus/notepad-plus-plus/releases/download/v7.7.1/npp.7.7.1.bin.x64.7z
7.7.1,github,x64,npp.7.7.1.bin.x64.7z,localization/aranese.xml,aranese.xml,,20821,2016-12-26T22:10:43.795718+00:00,333a18acb93ba083e86679c065b69d15,cb874355fb8e495a2b0b0dcf8868df287ec6a342,de5da809aa6e44c4e6a01c3b5fb7da5a66d9683cb905416f3fcff2ed413ea7c6,N/A,N/A,,https://github.com/notepad-plus-plus/notepad-plus-plus/releases/download/v7.7.1/npp.7.7.1.bin.x64.7z
7.7.1,github,x64,npp.7.7.1.bin.x64.7z,autoCompletion/autoit.xml,autoit.xml,,738721,2018-12-09T18:22:22.898518+00:00,24091974377d7e76106add1210d5853a,7663d568323f753fb62c15f684eea1ff9014ce5b,07cb7ea3f8d1eee1142bcdf876e29f14e6ae2a72ef28f2310263da531c7e8711,N/A,N/A,,https://github.com/notepad-plus-plus/notepad-plus-plus/releases/download/v7.7.1/npp.7.7.1.bin.x64.7z
7.7.1,github,x64,npp.7.7.1.bin.x64.7z,localization/azerbaijani.xml,azerbaijani.xml,,35482,2017-08-20T17:40:40.621097+00:00,8cd5c70b03ef9c48585c06fa149f9fcd,4fb0a331d184579444326c6910742ad4b0cbb5a1,d2e185e9c8b1e7d994dcb3b44748f1b499f18ca22a573f452a9b0d791344c448,N/A,N/A,,https://github.com/notepad-plus-plus/notepad-plus-plus/releases/download/v7.7.1/npp.7.7.1.bin.x64.7z
7.7.1,github,x64,npp.7.7.1.bin.x64.7z,autoCompletion/BaanC.xml,BaanC.xml,,18490,2017-12-28T22:22:51.984891+00:00,2537a01a4619a19962fb1b85cbee9a13,adaf66583cc60a53f0a08b030e63cc2652badd17,9780d21f36eca4cb7f85c67fe9113c3c223822662812f6ab533c011cd2f56e7e,N/A,N/A,,https://github.com/notepad-plus-plus/notepad-plus-plus/releases/download/v7.7.1/npp.7.7.1.bin.x64.7z
7.7.1,github,x64,npp.7.7.1.bin.x64.7z,localization/basque.xml,basque.xml,,59732,2018-02-17T07:05:11.303084+00:00,7ef1dd1b3280122bac0a69063249fd46,83730aee38e42a5aee4c7daf0390833761208709,1047a56b9ea18bafbb7fd03daa190cb980883694dfd7fc1556136ab81834d489,N/A,N/A,,https://github.com/notepad-plus-plus/notepad-plus-plus/releases/download/v7.7.1/npp.7.7.1.bin.x64.7z
7.7.1,github,x64,npp.7.7.1.bin.x64.7z,autoCompletion/batch.xml,batch.xml,,3784,2017-12-28T02:55:00.327011+00:00,713831a4916810500b39efbdb41435a2,6b9c9d965f73f71fafb786d547be09f5ef398643,d43ce011aa2d5a946c36b4c3a6a0a98fd9570253bc461a267d3b44aaec3cb6b0,N/A,N/A,,https://github.com/notepad-plus-plus/notepad-plus-plus/releases/download/v7.7.1/npp.7.7.1.bin.x64.7z
7.7.1,github,x64,npp.7.7.1.bin.x64.7z,localization/belarusian.xml,belarusian.xml,,95099,2018-12-30T17:41:19.305996+00:00,fd060d45654fa3adec00f943349a535b,7732a8a924e84a218ac710a3c2a829438481c761,1c616bcd978b6f7feb5035c232024baa895f9787183898e4672f70ea3d1ded9c,N/A,N/A,,https://github.com/notepad-plus-plus/notepad-plus-plus/releases/download/v7.7.1/npp.7.7.1.bin.x64.7z
7.7.1,github,x64,npp.7.7.1.bin.x64.7z,localization/bengali.xml,bengali.xml,,70025,2017-08-20T17:42:25.457657+00:00,d081b39bf7a87b8ccd3caa5e9d15087c,02fad366321e3bb823bfb46ab966ac919dd227c8,5ecd5febabcb4b4616035fab1b567bf2a0ff8b2ded72d74e6ea5511671814484,N/A,N/A,,https://github.com/notepad-plus-plus/notepad-plus-plus/releases/download/v7.7.1/npp.7.7.1.bin.x64.7z
7.7.1,github,x64,npp.7.7.1.bin.x64.7z,themes/Bespin.xml,Bespin.xml,,92253,2019-05-30T15:39:11.766067+00:00,21af6f29dd8427b5efece9e633cb8705,d2f47b0da1dd5aa35e21e64d8687b61b0e93abab,883168e15e1456225fde8dddb797ba72d40be00bfe3732567bab3b1dc42dea0b,N/A,N/A,,https://github.com/notepad-plus-plus/notepad-plus-plus/releases/download/v7.7.1/npp.7.7.1.bin.x64.7z
7.7.1,github,x64,npp.7.7.1.bin.x64.7z,themes/Black board.xml,Black board.xml,,90619,2019-05-30T15:39:11.769059+00:00,7f6385ca1245cfcf3e5807828f1bb76b,321e713ff6b50199f1153d0e2a5351859373f9dc,98a5c5be43ad06bd391792cf04cda9461895a4cfe53968c8ec38c2f6fe4a3b5e,N/A,N/A,,https://github.com/notepad-plus-plus/notepad-plus-plus/releases/download/v7.7.1/npp.7.7.1.bin.x64.7z
7.7.1,github,x64,npp.7.7.1.bin.x64.7z,localization/bosnian.xml,bosnian.xml,,32084,2016-12-26T22:10:43.820980+00:00,6b036835ed9d1ee92cd9bd4c76f41bbd,faeb76f93f4228832c7cc952833c717f3614a38d,06ce39e85fc9acd72888da5871fae4d18aa2c5bb6a9fa0c9eca459cf0e949a63,N/A,N/A,,https://github.com/notepad-plus-plus/notepad-plus-plus/releases/download/v7.7.1/npp.7.7.1.bin.x64.7z
7.7.1,github,x64,npp.7.7.1.bin.x64.7z,localization/brazilian_portuguese.xml,brazilian_portuguese.xml,,78673,2019-03-26T23:11:19.856317+00:00,c5ac706ffe3cc6abb54272e49d42de5d,d5a9bee2ce2cff235179ea19dfc8207661d40e3d,690897901b9880c4b4247d5a75140f4ef9804fddd4b1ffe6fbc89d4f9952e520,N/A,N/A,,https://github.com/notepad-plus-plus/notepad-plus-plus/releases/download/v7.7.1/npp.7.7.1.bin.x64.7z
7.7.1,github,x64,npp.7.7.1.bin.x64.7z,localization/breton.xml,breton.xml,,56124,2017-08-20T17:42:25.485730+00:00,a28d31b3147d47670455aa249df9e3a8,ae276de79ca796b74345a8b3dbcf53e4972b6eaa,7d8569dca0eef5ccd411287ed72f70da19f92b96e05e2bfd294263098e3ed38d,N/A,N/A,,https://github.com/notepad-plus-plus/notepad-plus-plus/releases/download/v7.7.1/npp.7.7.1.bin.x64.7z
7.7.1,github,x64,npp.7.7.1.bin.x64.7z,localization/bulgarian.xml,bulgarian.xml,,90231,2019-06-15T12:22:06.736618+00:00,01672d373b82117e742b61dd94897777,61d7f23418f1581e83d7ad9ece9954c87ee191a1,72dd265c9ecca8d6630fef06215b6886f0a1991aa3f0fa5d1115cd761e1d0cbb,N/A,N/A,,https://github.com/notepad-plus-plus/notepad-plus-plus/releases/download/v7.7.1/npp.7.7.1.bin.x64.7z
7.7.1,github,x64,npp.7.7.1.bin.x64.7z,autoCompletion/c.xml,c.xml,,44390,2016-12-26T22:10:43.575360+00:00,c92c0a8fa14eb590fdc13287b26689db,b6010b4b59128f9d16abd9e8d8ccf521ed6e4eb8,2ad09d23098049d7541c703684bca446ccf6f1024a182e7dc30c378efb1b2109,N/A,N/A,,https://github.com/notepad-plus-plus/notepad-plus-plus/releases/download/v7.7.1/npp.7.7.1.bin.x64.7z
7.7.1,github,x64,npp.7.7.1.bin.x64.7z,localization/catalan.xml,catalan.xml,,65728,2019-05-08T23:22:36.215786+00:00,be294c1890b57df605d743846802e835,5425db4f87a254e3438a73aaf4d4e3a46d3bf9fa,03e2d93f71ae1b27d0695c14af7b820862737b4bf32ccc5fa29e68006ce32e32,N/A,N/A,,https://github.com/notepad-plus-plus/notepad-plus-plus/releases/download/v7.7.1/npp.7.7.1.bin.x64.7z
7.7.1,github,x64,npp.7.7.1.bin.x64.7z,change.log,change.log,,956,2019-06-16T17:40:34.876877+00:00,a22774dd659f1995936abf93a601b052,f4dec5090224a4d1f2d764555973e9ed47d30f0b,66c4cc847e2f75699b54b54edbc5625d425a1b0856cf991153b9d167dae8540d,N/A,N/A,,https://github.com/notepad-plus-plus/notepad-plus-plus/releases/download/v7.7.1/npp.7.7.1.bin.x64.7z
7.7.1,github,x64,npp.7.7.1.bin.x64.7z,localization/chinese.xml,chinese.xml,,75052,2019-05-30T15:39:11.754098+00:00,adfe78c0a6a1f7f940f0ffd5658b7a77,aee6152c8c04878dc7265f691dbb21a1dffd829f,09ebf7a1fddcffecf9c678509112abdf049497494b933a4afd4cf8693b424d37,N/A,N/A,,https://github.com/notepad-plus-plus/notepad-plus-plus/releases/download/v7.7.1/npp.7.7.1.bin.x64.7z
7.7.1,github,x64,npp.7.7.1.bin.x64.7z,localization/chineseSimplified.xml,chineseSimplified.xml,,73985,2019-05-13T21:05:14.357532+00:00,8b1fd4c62d772ff4e2e8cd86f9daa996,2351b7c17a69365db44b5b4f9e89f75e07ab4d61,db470e2927688c424ba8a3838d673b8fe42699e51a4e1b4e9c8824089b3b337d,N/A,N/A,,https://github.com/notepad-plus-plus/notepad-plus-plus/releases/download/v7.7.1/npp.7.7.1.bin.x64.7z
7.7.1,github,x64,npp.7.7.1.bin.x64.7z,themes/Choco.xml,Choco.xml,,90930,2019-05-30T15:39:11.771053+00:00,849611f521423fe1f1a1d6cd265f611f,d62201d68e9d449da3c7c24fa41a4e788c7bbc9e,f600678def8151cddcceaa7870718b9c0637209e626310ed44472e1b6c8f953c,N/A,N/A,,https://github.com/notepad-plus-plus/notepad-plus-plus/releases/download/v7.7.1/npp.7.7.1.bin.x64.7z
7.7.1,github,x64,npp.7.7.1.bin.x64.7z,autoCompletion/cmake.xml,cmake.xml,,7891,2019-05-30T15:39:11.751107+00:00,6c33239d9a59e3b2aa74913b117b2342,b3b685494715c4a1ec9c71fc4ea45e89cf0d5457,55f04796c0dfb130cf438a01ae8e7f96d99a9320a2d9c8e66a9a670640ca5cc9,N/A,N/A,,https://github.com/notepad-plus-plus/notepad-plus-plus/releases/download/v7.7.1/npp.7.7.1.bin.x64.7z
7.7.1,github,x64,npp.7.7.1.bin.x64.7z,autoCompletion/coffee.xml,coffee.xml,,1510,2017-12-28T22:05:30.759151+00:00,633f1e56a9f5b7e1c7c75e6dff944b25,55f1f86306161a2b743fe13927e852c2570bfaf7,46d379e7ad5565fc197a32b62d04ceb1be4452af2ae45663415809bc7badb0bd,N/A,N/A,,https://github.com/notepad-plus-plus/notepad-plus-plus/releases/download/v7.7.1/npp.7.7.1.bin.x64.7z
7.7.1,github,x64,npp.7.7.1.bin.x64.7z,config.xml,config.xml,,5114,2019-03-30T10:38:48.831842+00:00,b56d4fa38548cf7206a700c580d529ad,5e334fa5d1310ba15a81436aa3bb2ad2e7e65be8,a831c5da7fdcacaad454585459003a44cc4c00bda0242337a9a046ba05c02f42,N/A,N/A,,https://github.com/notepad-plus-plus/notepad-plus-plus/releases/download/v7.7.1/npp.7.7.1.bin.x64.7z
7.7.1,github,x64,npp.7.7.1.bin.x64.7z,contextMenu.xml,contextMenu.xml,,3512,2018-05-25T21:58:05.896518+00:00,a7998766b85ee71ff1d82a1198988529,acaf62b48d9307b319105109121d82ccefe46c65,aa48a7c2ec3ed377c42c293f732807572f2ea305c9771b6ea210e7b92ef2c199,N/A,N/A,,https://github.com/notepad-plus-plus/notepad-plus-plus/releases/download/v7.7.1/npp.7.7.1.bin.x64.7z
7.7.1,github,x64,npp.7.7.1.bin.x64.7z,localization/corsican.xml,corsican.xml,,83266,2019-04-03T19:06:20.452465+00:00,2762c8551adc0138beb86c304bd678df,465883c3db9c3982e0202b20ff31f3c5dc02cfb2,9cc651eca1140c53634b1106a00bf8df96c8b4db49b68dbf165e1feae0740ee5,N/A,N/A,,https://github.com/notepad-plus-plus/notepad-plus-plus/releases/download/v7.7.1/npp.7.7.1.bin.x64.7z
7.7.1,github,x64,npp.7.7.1.bin.x64.7z,autoCompletion/cpp.xml,cpp.xml,,61530,2018-12-09T18:22:22.900548+00:00,e60ca42b12a8e816892894d321ab8d00,bf1dc910f6cab97f99e23d08e084837fc7de17c6,b97ffa556f93ec4c51208b2aea4f3d69411404c27f6ea12608ae84bedbd76418,N/A,N/A,,https://github.com/notepad-plus-plus/notepad-plus-plus/releases/download/v7.7.1/npp.7.7.1.bin.x64.7z
7.7.1,github,x64,npp.7.7.1.bin.x64.7z,localization/croatian.xml,croatian.xml,,85184,2019-05-08T23:22:36.218778+00:00,cec164119c1295583fe3326f6710253c,52feae919ddb150a3bad58f5d6f1071027eeebcb,12fe4e0941c20088f10a19487aeddc57ca96ff8ace34ccfbc2cfcb2388c17173,N/A,N/A,,https://github.com/notepad-plus-plus/notepad-plus-plus/releases/download/v7.7.1/npp.7.7.1.bin.x64.7z
7.7.1,github,x64,npp.7.7.1.bin.x64.7z,autoCompletion/cs.xml,cs.xml,,33726,2018-12-09T18:22:22.902508+00:00,c9bc2acde59532d2a9b65e7f9cd55d4f,d4a0e2d2b20e0b0cc40a0bf3a5274800d1eb6ea7,32076a244afd75a07cd38f1fa27b08eea3a4a697111cde8a1cb636c46c708c17,N/A,N/A,,https://github.com/notepad-plus-plus/notepad-plus-plus/releases/download/v7.7.1/npp.7.7.1.bin.x64.7z
7.7.1,github,x64,npp.7.7.1.bin.x64.7z,autoCompletion/css.xml,css.xml,,11522,2016-12-26T22:10:43.597241+00:00,d2affd6da8aa4fd9457db7b0dcb87517,427e170083be87d570df3f9ea4b0eff0eb60a8f4,776187ab9beec87648e5701137f153adeef88c579b15b181c5d4eee2f02262f8,N/A,N/A,,https://github.com/notepad-plus-plus/notepad-plus-plus/releases/download/v7.7.1/npp.7.7.1.bin.x64.7z
7.7.1,github,x64,npp.7.7.1.bin.x64.7z,localization/czech.xml,czech.xml,,72315,2019-05-13T21:05:14.360523+00:00,40fb19e6e72098f1fcc013562e210d4c,d637d786b7eb88d281dec513fd0a7854d5ad5610,e2f164416ddf1f6c09bbc8c33600886f35116c170a9837c940bf1c4e1a75eafa,N/A,N/A,,https://github.com/notepad-plus-plus/notepad-plus-plus/releases/download/v7.7.1/npp.7.7.1.bin.x64.7z
7.7.1,github,x64,npp.7.7.1.bin.x64.7z,localization/danish.xml,danish.xml,,75208,2019-03-05T01:52:36.641982+00:00,afdca23414d2fa05e0edfed63dc68bd1,4d5cb126c3f86dc907f315ae38ccc3ec07619fd3,3ce52cb27a70640c8f4578ff52f71de18282d54ab91d1db7658be64c6a316d6c,N/A,N/A,,https://github.com/notepad-plus-plus/notepad-plus-plus/releases/download/v7.7.1/npp.7.7.1.bin.x64.7z
7.7.1,github,x64,npp.7.7.1.bin.x64.7z,themes/Deep Black.xml,Deep Black.xml,,89184,2019-05-30T15:39:11.778035+00:00,df63f60979df497e82b908ae4b01e461,4a47e15196b9f853e65e73733af05fd846663ac5,c11dc6da0d6efb69e43725233a6b570c6830fe436731b91f58c48ab8b4ca175b,N/A,N/A,,https://github.com/notepad-plus-plus/notepad-plus-plus/releases/download/v7.7.1/npp.7.7.1.bin.x64.7z
7.7.1,github,x64,npp.7.7.1.bin.x64.7z,doLocalConf.xml,doLocalConf.xml,,0,2017-08-16T07:23:53.663879+00:00,d41d8cd98f00b204e9800998ecf8427e,da39a3ee5e6b4b0d3255bfef95601890afd80709,e3b0c44298fc1c149afbf4c8996fb92427ae41e4649b934ca495991b7852b855,N/A,N/A,,https://github.com/notepad-plus-plus/notepad-plus-plus/releases/download/v7.7.1/npp.7.7.1.bin.x64.7z
7.7.1,github,x64,npp.7.7.1.bin.x64.7z,localization/dutch.xml,dutch.xml,,61604,2018-10-05T00:32:05.860027+00:00,6ce9f0ae41286f01ccf83b64d48cc238,cad9570ecd9252768231c07c37c162e3b291ae97,4dc9faf1ba2806b6ff3f70264c46e2d70007af6f5dafe6fe9d306c3c07eda610,N/A,N/A,,https://github.com/notepad-plus-plus/notepad-plus-plus/releases/download/v7.7.1/npp.7.7.1.bin.x64.7z
7.7.1,github,x64,npp.7.7.1.bin.x64.7z,localization/english.xml,english.xml,,74750,2019-05-30T17:13:23.335757+00:00,d8a7706a2beecb30ac7c3d3746a484b3,cedf846b2ae38f45fe467f35a0328619c9678891,658973437807ed8450fbdf34b265ff0b9db7381a71888baeb0d42a72f6614111,N/A,N/A,,https://github.com/notepad-plus-plus/notepad-plus-plus/releases/download/v7.7.1/npp.7.7.1.bin.x64.7z
7.7.1,github,x64,npp.7.7.1.bin.x64.7z,localization/english_customizable.xml,english_customizable.xml,,71799,2018-10-05T00:32:05.871996+00:00,ba660fd5e124a627e7b5b1d53a6ceae5,81228dc178e012002db96c72c1e2f0e812123b6e,db1c55427bf83385e8713460d515d05aa79b9829be85515f1e46ab1a2cdc198b,N/A,N/A,,https://github.com/notepad-plus-plus/notepad-plus-plus/releases/download/v7.7.1/npp.7.7.1.bin.x64.7z
7.7.1,github,x64,npp.7.7.1.bin.x64.7z,localization/esperanto.xml,esperanto.xml,,48285,2017-08-20T17:42:25.630120+00:00,4abf56d03e149ee0569619bbc11815a5,bca30606a47cae3f06685f01795613d1fce626eb,e1486a8120d1ef7998b5335536a3a4877fdcb630f87ed9ca7b307ac075b313c6,N/A,N/A,,https://github.com/notepad-plus-plus/notepad-plus-plus/releases/download/v7.7.1/npp.7.7.1.bin.x64.7z
7.7.1,github,x64,npp.7.7.1.bin.x64.7z,localization/estonian.xml,estonian.xml,,60812,2017-08-20T17:42:25.642927+00:00,a12e2854f772938fd4ccd55345dadd4b,20f9c4d026a1bff3934560c45a6956143070e99e,f71e4b0ba4fbf616af8f1568f2160d527b78fcf711132c4a38e0bd5378902237,N/A,N/A,,https://github.com/notepad-plus-plus/notepad-plus-plus/releases/download/v7.7.1/npp.7.7.1.bin.x64.7z
7.7.1,github,x64,npp.7.7.1.bin.x64.7z,localization/extremaduran.xml,extremaduran.xml,,25399,2016-12-26T22:10:43.910594+00:00,896b0f1f0854f3bcc23a80c99dcebd47,ee5d3a7de7503e18b2929d96dc164dd0671a841d,87e0372bfd2b84316adf2c7d3130fcf2415a96ec2c8bcd5da6f1a8a3a807c8d2,N/A,N/A,,https://github.com/notepad-plus-plus/notepad-plus-plus/releases/download/v7.7.1/npp.7.7.1.bin.x64.7z
7.7.1,github,x64,npp.7.7.1.bin.x64.7z,localization/farsi.xml,farsi.xml,,65927,2018-01-28T21:48:40.463836+00:00,9ddc0ac1e17a56703a3e0a7acb8d0e2a,3735a864f2c265811e478b8f1b7876ec7e73a1a9,d0acda01c7bb500072f00af882297d08a14821811931e862b5225bef97ab6336,N/A,N/A,,https://github.com/notepad-plus-plus/notepad-plus-plus/releases/download/v7.7.1/npp.7.7.1.bin.x64.7z
7.7.1,github,x64,npp.7.7.1.bin.x64.7z,localization/finnish.xml,finnish.xml,,44055,2017-08-20T17:42:25.673023+00:00,99d18eeaa47569147a0395948cb9c7d6,9b3488593fa1002a827698db2eec91b4eadba8ea,691d523b2a8c2ea14eb5e5259eed9e9de1853b2c2fd8badc77164f2cca2dd006,N/A,N/A,,https://github.com/notepad-plus-plus/notepad-plus-plus/releases/download/v7.7.1/npp.7.7.1.bin.x64.7z
7.7.1,github,x64,npp.7.7.1.bin.x64.7z,localization/french.xml,french.xml,,77647,2019-05-13T21:05:14.364512+00:00,9f90a6c8c9db6894bb578f39014ecea0,796cef14cfb541c2f9fb520a07330818c74e9394,497f8bf1660f90a8f0cd7f409c7a7df3cf2e040a8594bb039edf54e399fe61d2,N/A,N/A,,https://github.com/notepad-plus-plus/notepad-plus-plus/releases/download/v7.7.1/npp.7.7.1.bin.x64.7z
7.7.1,github,x64,npp.7.7.1.bin.x64.7z,localization/friulian.xml,friulian.xml,,34362,2017-08-20T17:40:40.917620+00:00,6d4c069b4c4517f68657be1641bec299,cc5384f29594b19822a805f8d5888ff328e169a1,d4ffe0a2b5e35fede7e6244be9823e1e946c60db1635e6d3f753e6df938e4b3d,N/A,N/A,,https://github.com/notepad-plus-plus/notepad-plus-plus/releases/download/v7.7.1/npp.7.7.1.bin.x64.7z
7.7.1,github,x64,npp.7.7.1.bin.x64.7z,functionList.xml,functionList.xml,,61820,2018-04-13T00:16:35.700332+00:00,bd8d804a62a5b9392885a6904033f0bf,e82bdad59f7f75736999520c3f27da7f05ee677e,ea1e92c06735a137cd03c36a252027c013e9224dd3013fbe3ddd5c5c0098b2b9,N/A,N/A,,https://github.com/notepad-plus-plus/notepad-plus-plus/releases/download/v7.7.1/npp.7.7.1.bin.x64.7z
7.7.1,github,x64,npp.7.7.1.bin.x64.7z,localization/galician.xml,galician.xml,,25339,2016-12-26T22:10:43.936632+00:00,191cc6b7ed37fad274f985d7329bd048,a8b7750901614323318923833a2fb7ac021e8c34,89a20e547d17b1006698cd35fbad772403033420808c8299206a8e299961d83e,N/A,N/A,,https://github.com/notepad-plus-plus/notepad-plus-plus/releases/download/v7.7.1/npp.7.7.1.bin.x64.7z
7.7.1,github,x64,npp.7.7.1.bin.x64.7z,localization/georgian.xml,georgian.xml,,60005,2017-08-20T17:40:40.935670+00:00,cada78594c9838103c479dbda55c9e05,7cdc3fd1b8a7ede96101badacf68281e3432bfbb,b319b96cb4eece88c0cf88b557ce56ce5abe85bdf0a6a1007b64310a708a6572,N/A,N/A,,https://github.com/notepad-plus-plus/notepad-plus-plus/releases/download/v7.7.1/npp.7.7.1.bin.x64.7z
7.7.1,github,x64,npp.7.7.1.bin.x64.7z,localization/german.xml,german.xml,,66297,2019-04-03T19:06:20.468422+00:00,355b310c4e264a059f7ace7bf26ed8fa,7585f0eb3efd56130e0542bebc9227936805e646,95ebc8459d0c7e217e45a2062221832d0bae29eca359ec38b2e450913d16590e,N/A,N/A,,https://github.com/notepad-plus-plus/notepad-plus-plus/releases/download/v7.7.1/npp.7.7.1.bin.x64.7z
7.7.1,github,x64,npp.7.7.1.bin.x64.7z,localization/greek.xml,greek.xml,,41094,2017-08-20T17:40:40.960334+00:00,109f64488a006665d76621dcd30e7ef7,b2167ac130ee2af4822861148dce561a5d1625fe,d65afc086673dc165ce82dd831b5f04c75d7d43c50957475e1c90f25766ad5da,N/A,N/A,,https://github.com/notepad-plus-plus/notepad-plus-plus/releases/download/v7.7.1/npp.7.7.1.bin.x64.7z
7.7.1,github,x64,npp.7.7.1.bin.x64.7z,localization/gujarati.xml,gujarati.xml,,69803,2017-08-20T17:42:25.733569+00:00,5e8d9609900189b29b660d673a78e015,ca4524f065e8bba6a5dc1dc2659233e4fd13c3dc,50c0e7a18c922bef1a758cff70d55df46913dddc22ca792e1b55b05a5b29c502,N/A,N/A,,https://github.com/notepad-plus-plus/notepad-plus-plus/releases/download/v7.7.1/npp.7.7.1.bin.x64.7z
7.7.1,github,x64,npp.7.7.1.bin.x64.7z,updater/GUP.exe,GUP.exe,,726160,2019-06-16T22:27:28.214174+00:00,af625555a66f9aecc9c7efd64f3b9116,dc9936b9b8fdfb360735d15736298ca61e792885,4ab155a2d163c63022c781743c50389944cc4764fabe20408af67ca2020e5dbe,N/A,N/A,,https://github.com/notepad-plus-plus/notepad-plus-plus/releases/download/v7.7.1/npp.7.7.1.bin.x64.7z
7.7.1,github,x64,npp.7.7.1.bin.x64.7z,updater/gup.xml,gup.xml,,4267,2018-12-27T00:44:15.868335+00:00,b023cc4d768b34a5401f317479740a53,4ca45db707b120bca9cb6cd8404b9e6ecabdb2d2,d3e6404c7286961cbab82d4c49f82bcb166db9b5a13eacaa0eeb59a0709a0c14,N/A,N/A,,https://github.com/notepad-plus-plus/notepad-plus-plus/releases/download/v7.7.1/npp.7.7.1.bin.x64.7z
7.7.1,github,x64,npp.7.7.1.bin.x64.7z,localization/hebrew.xml,hebrew.xml,,22740,2018-12-09T18:22:22.918496+00:00,07c8ebe76b6352401c0e9c84956d727f,fb14d93db71d0d4b3f25c275fc57d615ce7446c4,58585868a8164b247c53ad3646076e3404a4fd854ee3632ca9841c1ba3d210d6,N/A,N/A,,https://github.com/notepad-plus-plus/notepad-plus-plus/releases/download/v7.7.1/npp.7.7.1.bin.x64.7z
7.7.1,github,x64,npp.7.7.1.bin.x64.7z,themes/Hello Kitty.xml,Hello Kitty.xml,,89486,2019-05-30T15:39:11.784019+00:00,d0786bd3b5540140c6ca051b2ecca8fd,761dc48ba0eadfb962bb4358bde82b79cf8c5d0b,075d70d996662a584558ee4cb39510b36411aeed7cf2de2c8b189f9d7b2f765d,N/A,N/A,,https://github.com/notepad-plus-plus/notepad-plus-plus/releases/download/v7.7.1/npp.7.7.1.bin.x64.7z
7.7.1,github,x64,npp.7.7.1.bin.x64.7z,localization/hindi.xml,hindi.xml,,99799,2019-05-30T17:13:23.339747+00:00,4325a5b17ec69576fd080ebf39829c88,8fd97fb056842ccc73e81221a2293d0878d995cd,73dcf8bd373d63df5919aab42bb1bf0763b245d1a2b7ef31142b7d6cda7e5dc8,N/A,N/A,,https://github.com/notepad-plus-plus/notepad-plus-plus/releases/download/v7.7.1/npp.7.7.1.bin.x64.7z
7.7.1,github,x64,npp.7.7.1.bin.x64.7z,themes/HotFudgeSundae.xml,HotFudgeSundae.xml,,110071,2019-05-30T15:39:11.789005+00:00,5f22267bed83c68de08e966d94d454b1,e8b439269c725e911be3ac934d704078f415a705,9d4e75d868ff6187b64f7755b17e21a09651e12fe1e8a0c80815845434ff7760,N/A,N/A,,https://github.com/notepad-plus-plus/notepad-plus-plus/releases/download/v7.7.1/npp.7.7.1.bin.x64.7z
7.7.1,github,x64,npp.7.7.1.bin.x64.7z,autoCompletion/html.xml,html.xml,,19497,2018-12-25T17:16:55.601803+00:00,4025e1158c027cf56c2625e65eb724ec,439fea1f13f3a35d2c3176d99db0327a6d216d3f,4300b3a71f387c91548984d017033884e176546ad5b74bac2e4df59caa163530,N/A,N/A,,https://github.com/notepad-plus-plus/notepad-plus-plus/releases/download/v7.7.1/npp.7.7.1.bin.x64.7z
7.7.1,github,x64,npp.7.7.1.bin.x64.7z,localization/hungarian.xml,hungarian.xml,,79901,2019-03-01T00:05:47.191790+00:00,b49cd98b5a75f5a2320427653a1a1782,0b627a98f94832eea57dd0dd0e90eb191d0030ab,951a0bd8e663bf9a43dbc7e083d7de92defab68836a07422033e4915765b1a86,N/A,N/A,,https://github.com/notepad-plus-plus/notepad-plus-plus/releases/download/v7.7.1/npp.7.7.1.bin.x64.7z
7.7.1,github,x64,npp.7.7.1.bin.x64.7z,localization/indonesian.xml,indonesian.xml,,64183,2018-10-05T00:32:05.883964+00:00,258f097d09f9878310e7900bb35cbff3,ea2c9449f1e95c545b20d9c42df9cdbdaf2de2ab,bf7292893bd1700d22e328c4b542929122a027e504a179d7270637e5476befe5,N/A,N/A,,https://github.com/notepad-plus-plus/notepad-plus-plus/releases/download/v7.7.1/npp.7.7.1.bin.x64.7z
7.7.1,github,x64,npp.7.7.1.bin.x64.7z,localization/italian.xml,italian.xml,,84637,2019-03-26T23:11:19.870247+00:00,384f12abbc790c175e57f873f3becfb2,db7ed9fce3a9494d5d11116827615b9961b6b13f,500cfbf34b04f1299e61fe1473b73e0963024c53e6435e719b23298138d1d338,N/A,N/A,,https://github.com/notepad-plus-plus/notepad-plus-plus/releases/download/v7.7.1/npp.7.7.1.bin.x64.7z
7.7.1,github,x64,npp.7.7.1.bin.x64.7z,localization/japanese.xml,japanese.xml,,84903,2019-04-03T19:06:20.480392+00:00,76e62d9c62bea373eb90bebf31da09e8,7514df99a12775853ae30a5d37e4167f865ee262,5333dbb1359c8428750442aa18279a4eb1f72e4568f1d43a4c2277ca825a5420,N/A,N/A,,https://github.com/notepad-plus-plus/notepad-plus-plus/releases/download/v7.7.1/npp.7.7.1.bin.x64.7z
7.7.1,github,x64,npp.7.7.1.bin.x64.7z,autoCompletion/java.xml,java.xml,,205366,2017-05-09T07:28:59.549744+00:00,4690cead3d2bffe2ed519f6ea5002266,dabc1ba868dc058b06dd426365c83bf5ff5bf716,862a83be2906ce28b6d3f1fdfb589d18cd6e971a7eaa51a1c7096cfff929b35b,N/A,N/A,,https://github.com/notepad-plus-plus/notepad-plus-plus/releases/download/v7.7.1/npp.7.7.1.bin.x64.7z
7.7.1,github,x64,npp.7.7.1.bin.x64.7z,autoCompletion/javascript.xml,javascript.xml,,23318,2018-12-09T18:22:22.903537+00:00,30fc91a7c5194ef8d67e1c7e2fd6f697,f9e48cccfa5df44219a6d4a9a1af6083679f097e,7f0564f983478207754a58e66ee6865b8699bd3b9f4fd5c385126d46d7148831,N/A,N/A,,https://github.com/notepad-plus-plus/notepad-plus-plus/releases/download/v7.7.1/npp.7.7.1.bin.x64.7z
7.7.1,github,x64,npp.7.7.1.bin.x64.7z,localization/kabyle.xml,kabyle.xml,,50327,2017-08-20T17:42:25.813696+00:00,ec924dd39f1e36164ef4e93cd5883a2d,3a159ce0c072be9094b589d6711a4b6dfe878487,56714b11409a13fcd706f2d73674919a0bb70c80c7ec18eccf865ad67ad7b48f,N/A,N/A,,https://github.com/notepad-plus-plus/notepad-plus-plus/releases/download/v7.7.1/npp.7.7.1.bin.x64.7z
7.7.1,github,x64,npp.7.7.1.bin.x64.7z,localization/kannada.xml,kannada.xml,,74866,2017-08-20T17:42:25.828578+00:00,f0baf174376d1811fd49d05ace8eb0c6,8ca7735e04fd0ef605adc26912dc9b2fc54982a4,99f75ff79aad8084802bf1d52e7dc78eef18194d399c5248eb205db85348955d,N/A,N/A,,https://github.com/notepad-plus-plus/notepad-plus-plus/releases/download/v7.7.1/npp.7.7.1.bin.x64.7z
7.7.1,github,x64,npp.7.7.1.bin.x64.7z,localization/kazakh.xml,kazakh.xml,,33034,2017-08-20T17:40:41.076773+00:00,42d3d22d81645a44258aa730177896db,65593cc51fa72d9715c4c37028a2a95e84b3dcdb,3942e9c344acae7caa9d28a758b4df80c1211bab80ac88d81449101f9b943c66,N/A,N/A,,https://github.com/notepad-plus-plus/notepad-plus-plus/releases/download/v7.7.1/npp.7.7.1.bin.x64.7z
7.7.1,github,x64,npp.7.7.1.bin.x64.7z,themes/khaki.xml,khaki.xml,,107825,2019-05-30T15:39:11.867795+00:00,3d79493becec1876554827c2a870e203,788ba50a804458e5875aa6c3db5ee420f066b241,da65bab52eed47e378ded955f881a8720b1ea7f309a3532c0c8243b6439c6894,N/A,N/A,,https://github.com/notepad-plus-plus/notepad-plus-plus/releases/download/v7.7.1/npp.7.7.1.bin.x64.7z
7.7.1,github,x64,npp.7.7.1.bin.x64.7z,localization/korean.xml,korean.xml,,47363,2017-08-20T17:42:25.869315+00:00,a81c00ae49aeb5c5ded60220e6e42199,39ac3b19b7f7917aab593fc1f157225b5575910a,50b2b6820683551838ea1533d21624dac75daded6ce9d4227153a4f2986cdf4d,N/A,N/A,,https://github.com/notepad-plus-plus/notepad-plus-plus/releases/download/v7.7.1/npp.7.7.1.bin.x64.7z
7.7.1,github,x64,npp.7.7.1.bin.x64.7z,localization/kurdish.xml,kurdish.xml,,62866,2019-03-26T23:11:19.873271+00:00,713c7613217038dead56ba13741d70b5,3d5216e5e8fafbab894def07aa312a466e1ee789,6a54a7235f8f4cbf5cb4c34f6bdf0bf9ee0d7e3ac62654d5c46e2fdf71868593,N/A,N/A,,https://github.com/notepad-plus-plus/notepad-plus-plus/releases/download/v7.7.1/npp.7.7.1.bin.x64.7z
7.7.1,github,x64,npp.7.7.1.bin.x64.7z,localization/kyrgyz.xml,kyrgyz.xml,,38731,2017-08-20T17:40:41.099834+00:00,ad3a31d477ad1e09dc3f6911c1f50d1e,cefc20836cbc0e78eb0291948eadbdf09b21a838,4964c0b9f36b7fec44ec0805ba153d88293311cd703680719187cdaa68fbd090,N/A,N/A,,https://github.com/notepad-plus-plus/notepad-plus-plus/releases/download/v7.7.1/npp.7.7.1.bin.x64.7z
7.7.1,github,x64,npp.7.7.1.bin.x64.7z,langs.model.xml,langs.model.xml,,329543,2019-05-30T15:39:11.907688+00:00,e77c570ce893a40a76ac0f1b75d8c9f7,b25b34ad18ea2b3bdc112520f27873c0bfc43a46,edfd1ba2ed1f8b75aa95c4eed0a574f88787b60c8f5466182a90141819dc1d68,N/A,N/A,,https://github.com/notepad-plus-plus/notepad-plus-plus/releases/download/v7.7.1/npp.7.7.1.bin.x64.7z
7.7.1,github,x64,npp.7.7.1.bin.x64.7z,localization/latvian.xml,latvian.xml,,46317,2017-08-20T17:42:25.890348+00:00,170d9e9a92a604a309259d3d6f3b9bb6,b782debe9d50b17d2124295befc43bf8b0349eac,bbaa6bc087ab351b182d204a60eab8bc93bd5e75ca2a4a4eaf80b1d5e0fec59b,N/A,N/A,,https://github.com/notepad-plus-plus/notepad-plus-plus/releases/download/v7.7.1/npp.7.7.1.bin.x64.7z
7.7.1,github,x64,npp.7.7.1.bin.x64.7z,updater/libcurl.dll,libcurl.dll,,545936,2019-06-16T22:27:32.866288+00:00,bdffce4e2e9f208adba99f5177e60fb4,655f73b950b0f36cafc47563f2e8cd87cbd65854,99c78ebfc40b3c26e1e1515966aa67241a787873caf6454c93e181ec218c3995,N/A,N/A,,https://github.com/notepad-plus-plus/notepad-plus-plus/releases/download/v7.7.1/npp.7.7.1.bin.x64.7z
7.7.1,github,x64,npp.7.7.1.bin.x64.7z,updater/LICENSE,LICENSE,,7804,2018-12-27T00:44:16.015949+00:00,8e3494bf8cf1967afd3b1016fbbe5bb0,b1608abb6e19ef60f4b9c52f6e05bf81cc97d0c2,319917f5ccd09878db6f67c9a77dee846055644ca49eb535628b9e020a87261e,N/A,N/A,,https://github.com/notepad-plus-plus/notepad-plus-plus/releases/download/v7.7.1/npp.7.7.1.bin.x64.7z
7.7.1,github,x64,npp.7.7.1.bin.x64.7z,license.txt,license.txt,,16885,2016-12-26T22:10:43.405127+00:00,6a0438c04e6553dfb631636dbdb199a1,1fb5eb9da193f6a474ea1ae754d69cbe6fcd2b48,da59bed2b60d1ba57830d1bb71e5993de37c6085b2d86e41ec43938467234c55,N/A,N/A,,https://github.com/notepad-plus-plus/notepad-plus-plus/releases/download/v7.7.1/npp.7.7.1.bin.x64.7z
7.7.1,github,x64,npp.7.7.1.bin.x64.7z,localization/ligurian.xml,ligurian.xml,,34480,2017-08-20T17:40:41.121866+00:00,58a86031153e6bd8ae1ad5bf80fcc894,656cedf73e8d40797a43980fd1801f6501b036c4,5fad85ea1c785dca218106e2b409c20b3cb103e8cdc87c542aae5d630599c33b,N/A,N/A,,https://github.com/notepad-plus-plus/notepad-plus-plus/releases/download/v7.7.1/npp.7.7.1.bin.x64.7z
7.7.1,github,x64,npp.7.7.1.bin.x64.7z,autoCompletion/lisp.xml,lisp.xml,,16208,2016-12-26T22:10:43.620377+00:00,310ae71e554b99a4c71b546097de55c0,8433177f8656755b0f79d96188f3de085520d75e,83478867f319bf093ce02f0c98a88b183862c235025580cca9ec7a9515521833,N/A,N/A,,https://github.com/notepad-plus-plus/notepad-plus-plus/releases/download/v7.7.1/npp.7.7.1.bin.x64.7z
7.7.1,github,x64,npp.7.7.1.bin.x64.7z,localization/lithuanian.xml,lithuanian.xml,,76856,2018-10-05T00:32:05.898928+00:00,98f5a618f8cf3ca48774c15ca95bc2bb,0b7d75e1c4f5bf67e31c44cd26b01a5cee1765f5,fb94b9381592015b27e12358c44a522409ec5c180fec694b2ddceff960294d0c,N/A,N/A,,https://github.com/notepad-plus-plus/notepad-plus-plus/releases/download/v7.7.1/npp.7.7.1.bin.x64.7z
7.7.1,github,x64,npp.7.7.1.bin.x64.7z,autoCompletion/lua.xml,lua.xml,,90490,2018-11-10T18:55:12.357412+00:00,bdb4f044ba52f6a83953ffd659c9252a,25ca6e9f4be716377126ca21f332beefef8f1549,3daa67cc9dd0370566566ce0492597a3698b7d9edd361a759c58e1fbd7abb349,N/A,N/A,,https://github.com/notepad-plus-plus/notepad-plus-plus/releases/download/v7.7.1/npp.7.7.1.bin.x64.7z
7.7.1,github,x64,npp.7.7.1.bin.x64.7z,localization/luxembourgish.xml,luxembourgish.xml,,25260,2017-08-20T17:40:41.142960+00:00,cc2d7d26c9d221def534845ec7453ddb,b40b675c5a5c10c8a393714f483aa515be4a5f8d,b73cb0703537af9d58c2e1f040f2e7f741199eef954d5e109eb301fc4498ffe0,N/A,N/A,,https://github.com/notepad-plus-plus/notepad-plus-plus/releases/download/v7.7.1/npp.7.7.1.bin.x64.7z
7.7.1,github,x64,npp.7.7.1.bin.x64.7z,localization/macedonian.xml,macedonian.xml,,36460,2016-12-26T22:10:44.046439+00:00,59f590ee75294f37ccb5ed1c7a441a11,7432c800018216193273b59666f26c4a81540ee6,59dbcc4618fa64eebd71808b16b4736b7af8855bef760aec3eb31c6f8f5f470e,N/A,N/A,,https://github.com/notepad-plus-plus/notepad-plus-plus/releases/download/v7.7.1/npp.7.7.1.bin.x64.7z
7.7.1,github,x64,npp.7.7.1.bin.x64.7z,localization/malay.xml,malay.xml,,19084,2016-12-26T22:10:44.052465+00:00,3158e10e8a9b3c0e84a770f5f11aaa1f,418a6c52704b6c832b80b36adbba45682725c76f,690416e418c9821bfe71805f76d9e18ee39fd092742d173cc9fe595268b131fa,N/A,N/A,,https://github.com/notepad-plus-plus/notepad-plus-plus/releases/download/v7.7.1/npp.7.7.1.bin.x64.7z
7.7.1,github,x64,npp.7.7.1.bin.x64.7z,localization/marathi.xml,marathi.xml,,48181,2019-06-01T16:07:32.531979+00:00,ce4757e3935343d472515cf9b936d7e4,c9ba81eb7b9f1ec2c0ac70e948846ba434d2ac7c,8b7545558bc73329f6caa27b5aa6203220d7a58ea3b37e9c346e636aaf70146c,N/A,N/A,,https://github.com/notepad-plus-plus/notepad-plus-plus/releases/download/v7.7.1/npp.7.7.1.bin.x64.7z
7.7.1,github,x64,npp.7.7.1.bin.x64.7z,plugins/mimeTools/mimeTools.dll,mimeTools.dll,,120464,2019-06-16T22:27:39.864603+00:00,289ecb2c17536265c6f820c3987ba54f,10f8a347e7cb2d12395a643c4ce35a08c80ba7fa,d33d1946e2825af6438df40df3eab7ff40cd55427d8f122380684e6c8156c46a,N/A,N/A,,https://github.com/notepad-plus-plus/notepad-plus-plus/releases/download/v7.7.1/npp.7.7.1.bin.x64.7z
7.7.1,github,x64,npp.7.7.1.bin.x64.7z,localization/mongolian.xml,mongolian.xml,,64376,2017-08-20T17:42:25.932074+00:00,7ff28b9242fe6bd774fcd71fbed5563d,e6de73bce5edb47ebc766bf9818c8fcbf77c8555,5d35c3c2f10b6f6923c0b11bd7d82f569ba6a0a8fb854aac20988c77d35bf934,N/A,N/A,,https://github.com/notepad-plus-plus/notepad-plus-plus/releases/download/v7.7.1/npp.7.7.1.bin.x64.7z
7.7.1,github,x64,npp.7.7.1.bin.x64.7z,themes/Mono Industrial.xml,Mono Industrial.xml,,90927,2019-05-30T15:39:11.793991+00:00,7bfad44061fd2b045f61ed2d2558253e,23d6d5b91a53ec1f94c9e8cd2758564ff62a1912,b889a6bae8fb974c3aef44ce3fca7c25d7520743a1a4546867baf1db1090e32b,N/A,N/A,,https://github.com/notepad-plus-plus/notepad-plus-plus/releases/download/v7.7.1/npp.7.7.1.bin.x64.7z
7.7.1,github,x64,npp.7.7.1.bin.x64.7z,themes/Monokai.xml,Monokai.xml,,89664,2019-05-30T15:39:11.799975+00:00,06781ea16464af849cae19ce1e30de82,c52a9c94ba45b02585246c1106f9293c1b3f2cf6,94c64acc04be0415d547212b44c793e885842701899f87410b95ffec04ef0ee9,N/A,N/A,,https://github.com/notepad-plus-plus/notepad-plus-plus/releases/download/v7.7.1/npp.7.7.1.bin.x64.7z
7.7.1,github,x64,npp.7.7.1.bin.x64.7z,themes/MossyLawn.xml,MossyLawn.xml,,107930,2019-05-30T15:39:11.803968+00:00,28823fba483e45146a29451ba95680a2,2d41d6b9ccd38d289689e6bb1eaa9b1ac4f5ab00,64ba41815c56c982e2149bd0d705b2883a44ea63e0f61f5c610439f7a2724877,N/A,N/A,,https://github.com/notepad-plus-plus/notepad-plus-plus/releases/download/v7.7.1/npp.7.7.1.bin.x64.7z
7.7.1,github,x64,npp.7.7.1.bin.x64.7z,themes/Navajo.xml,Navajo.xml,,107739,2019-05-30T15:39:11.810946+00:00,c8ccfee05923c3d0fcf909ddb00f5422,85af19a8cce8a412bb217214458a5ba94dfca06d,6749ecf56b86b5a6d1b4fda1218359dc7fec837f48f2ce1480a286b7530071c2,N/A,N/A,,https://github.com/notepad-plus-plus/notepad-plus-plus/releases/download/v7.7.1/npp.7.7.1.bin.x64.7z
7.7.1,github,x64,npp.7.7.1.bin.x64.7z,localization/norwegian.xml,norwegian.xml,,27778,2016-12-26T22:10:44.066320+00:00,f5519b853316445aab668c1dfd480f87,0f7aab54733b22d514b36ea68e39b0fe215afcbc,bb9a79755d37d449acff570c20e78a9e0c58482414435cf0f493e15e6216fce3,N/A,N/A,,https://github.com/notepad-plus-plus/notepad-plus-plus/releases/download/v7.7.1/npp.7.7.1.bin.x64.7z
7.7.1,github,x64,npp.7.7.1.bin.x64.7z,notepad++.exe,notepad++.exe,,3454608,2019-06-16T22:27:09.533601+00:00,88cdac82a0981be7d343b3362f87a456,47364e864c1501dd6e41c6cb13068951040ec596,8cea262975162ce534303e8a1009d3db1723c8f19d0cb47aa2511666f2fd8fe5,N/A,N/A,,https://github.com/notepad-plus-plus/notepad-plus-plus/releases/download/v7.7.1/npp.7.7.1.bin.x64.7z
7.7.1,github,x64,npp.7.7.1.bin.x64.7z,plugins/NppConverter/NppConverter.dll,NppConverter.dll,,157328,2019-06-16T22:27:44.573419+00:00,da4c3ca96bfb64fdfa5cf1269e8f16d5,a4b97c3e87d97a98b65e21d9f9c036db68827d0e,b0738979440dcdf114bff45ce1b5a359cec26bfd861bde482ddaac42e845a35f,N/A,N/A,,https://github.com/notepad-plus-plus/notepad-plus-plus/releases/download/v7.7.1/npp.7.7.1.bin.x64.7z
7.7.1,github,x64,npp.7.7.1.bin.x64.7z,plugins/Config/nppPluginList.dll,nppPluginList.dll,,147088,2019-06-16T22:27:23.470457+00:00,de714e1c12e11dcdc0629e2e9fb0811d,de0c402058e4ddd57cbf98e9e60a52caef408371,ff1ecaee229d9d4683665bece9e1b1668d66f23dd260984e331b706758a199ea,N/A,N/A,,https://github.com/notepad-plus-plus/notepad-plus-plus/releases/download/v7.7.1/npp.7.7.1.bin.x64.7z
7.7.1,github,x64,npp.7.7.1.bin.x64.7z,autoCompletion/nsis.xml,nsis.xml,,8183,2016-12-26T22:10:43.625372+00:00,7985ac923ccbf94742d29d96c405c843,e77f9a3ef026127de4d47538c1f121c771eb7727,5c1482f16fc8a1b99ec87eb4edef5c1d3f2d1c750f1647416369c6124498ad3e,N/A,N/A,,https://github.com/notepad-plus-plus/notepad-plus-plus/releases/download/v7.7.1/npp.7.7.1.bin.x64.7z
7.7.1,github,x64,npp.7.7.1.bin.x64.7z,localization/nynorsk.xml,nynorsk.xml,,41202,2017-08-20T17:40:41.189943+00:00,694867a6ade700da42a55da24da74200,d6115de129aa535bc83cce55e1c1ad5a001a5fac,319a9e846a610811fdf12b96bf352e4e07f2d7de5a6bec3000cebc1b1e21a1fe,N/A,N/A,,https://github.com/notepad-plus-plus/notepad-plus-plus/releases/download/v7.7.1/npp.7.7.1.bin.x64.7z
7.7.1,github,x64,npp.7.7.1.bin.x64.7z,themes/Obsidian.xml,Obsidian.xml,,93305,2019-05-30T15:39:11.812941+00:00,df1ad472007aa51d35f640cdca7cc3cb,f6c4f1c114e10bcf2ba2bf5d0283636bb52df13d,d0c73806ad243121839f2854d7ee55eb4c2962ddb98bef9c402dfb7c4e6f5e07,N/A,N/A,,https://github.com/notepad-plus-plus/notepad-plus-plus/releases/download/v7.7.1/npp.7.7.1.bin.x64.7z
7.7.1,github,x64,npp.7.7.1.bin.x64.7z,localization/occitan.xml,occitan.xml,,61127,2019-03-26T23:11:19.875935+00:00,282135aa211f86afebb1be689de3480c,80f66a9a2b3ced83c3ddbdd4865734c61a4c0a60,a65ef81488df5ddd0cdcc6e65be1b6992b79197fb7980740a750d2f5f5def463,N/A,N/A,,https://github.com/notepad-plus-plus/notepad-plus-plus/releases/download/v7.7.1/npp.7.7.1.bin.x64.7z
7.7.1,github,x64,npp.7.7.1.bin.x64.7z,autoCompletion/perl.xml,perl.xml,,14269,2017-12-28T02:55:00.344057+00:00,244eb5c1e91dc112130252fe58e49b13,28ca0a12b3fbc905cd20ebb62199cdb8d03684a5,e38a882b09330b6dbd56a2a4a90882c371a3c3eb7d29ceae9520a647c185b627,N/A,N/A,,https://github.com/notepad-plus-plus/notepad-plus-plus/releases/download/v7.7.1/npp.7.7.1.bin.x64.7z
7.7.1,github,x64,npp.7.7.1.bin.x64.7z,autoCompletion/php.xml,php.xml,,427929,2016-12-26T22:10:43.642433+00:00,1e9d31476dddc00249463ede7ba491d7,7d6f0047913e58aecf891f24c1e712d269e78bad,43391307f2829b77df05725a13670f6ad0650f8b92b4503cba65d7901e1dda10,N/A,N/A,,https://github.com/notepad-plus-plus/notepad-plus-plus/releases/download/v7.7.1/npp.7.7.1.bin.x64.7z
7.7.1,github,x64,npp.7.7.1.bin.x64.7z,localization/piglatin.xml,piglatin.xml,,79304,2019-03-05T01:52:36.655945+00:00,e57e7d60833241e6307f5666fb7682cc,bead4f333a93d10902ef227f2295815c533597a8,1fec93f265e064820f37cc450b8cb8c60b9250bffb4bf1612a70e81527068010,N/A,N/A,,https://github.com/notepad-plus-plus/notepad-plus-plus/releases/download/v7.7.1/npp.7.7.1.bin.x64.7z
7.7.1,github,x64,npp.7.7.1.bin.x64.7z,themes/Plastic Code Wrap.xml,Plastic Code Wrap.xml,,92421,2019-05-30T15:39:11.831891+00:00,fee7ab321482f225e0000afba772bb3a,1d29938d8462987c6a36538d48bf0cc6e377a1df,0f5cbbb15d3a3b9fea2a7a0ee6df258d99423eb4095fee117870a1cc5650f394,N/A,N/A,,https://github.com/notepad-plus-plus/notepad-plus-plus/releases/download/v7.7.1/npp.7.7.1.bin.x64.7z
7.7.1,github,x64,npp.7.7.1.bin.x64.7z,localization/polish.xml,polish.xml,,58814,2018-11-10T18:55:12.361393+00:00,b6fe2b47e9118deeedba46078bad74d3,95172e8b5462aac9493525115564f45314b1fd67,aab6f7be1c52762cd91d7424adeec856beb2aead9051f62b2591657b82618681,N/A,N/A,,https://github.com/notepad-plus-plus/notepad-plus-plus/releases/download/v7.7.1/npp.7.7.1.bin.x64.7z
7.7.1,github,x64,npp.7.7.1.bin.x64.7z,localization/portuguese.xml,portuguese.xml,,52588,2018-12-09T18:22:22.930436+00:00,bbdcaf6faf7f8548c07f2bb8e617a15e,44c4471d3c963037ce63605e9a7124a0ac36afbf,80b8d3026279141c07722981cc3c6f356674099fd02b8f82b74104fe625e2236,N/A,N/A,,https://github.com/notepad-plus-plus/notepad-plus-plus/releases/download/v7.7.1/npp.7.7.1.bin.x64.7z
7.7.1,github,x64,npp.7.7.1.bin.x64.7z,localization/punjabi.xml,punjabi.xml,,71006,2017-08-20T17:42:25.988152+00:00,1b2298a7b847f23751010f2b01e7a2ab,adeb00513bc79d24dac85640ac1463988a454a15,e3e009b986ed53654ea1c89d828ba3998039db4fae20a877f097e41a2ebb7771,N/A,N/A,,https://github.com/notepad-plus-plus/notepad-plus-plus/releases/download/v7.7.1/npp.7.7.1.bin.x64.7z
7.7.1,github,x64,npp.7.7.1.bin.x64.7z,autoCompletion/python.xml,python.xml,,61585,2016-12-26T22:10:43.648414+00:00,7bedd66d0b8a71da1467f63db6184420,c425dd0d93cd23e091ad0623c82d2edde21dbe06,cc27e0ea6542eb7bb249d169f42f9ac6fcbb794c2ef5d85f2b502e124ceef916,N/A,N/A,,https://github.com/notepad-plus-plus/notepad-plus-plus/releases/download/v7.7.1/npp.7.7.1.bin.x64.7z
7.7.1,github,x64,npp.7.7.1.bin.x64.7z,autoCompletion/rc.xml,rc.xml,,1642,2016-12-26T22:10:43.652428+00:00,12b972b69130e664e50ac111d298379b,413141253cf170a010f7f3a05a9ee1cfd4d37e25,12ad067aa1227b92141bbf9faca8efa74549cff6dabde85899db9272eb7e2dff,N/A,N/A,,https://github.com/notepad-plus-plus/notepad-plus-plus/releases/download/v7.7.1/npp.7.7.1.bin.x64.7z
7.7.1,github,x64,npp.7.7.1.bin.x64.7z,updater/README.md,README.md,,2991,2018-12-27T00:44:16.110687+00:00,9f56b12cbffcfad543fb1f91e3955f1b,406e1423549a8f5e97d8d8e37d5e7f6f4da8194b,aef40520cf12a0842097e8cfbeb9d9128f52573e5f90ca12d4a0a9045978547e,N/A,N/A,,https://github.com/notepad-plus-plus/notepad-plus-plus/releases/download/v7.7.1/npp.7.7.1.bin.x64.7z
7.7.1,github,x64,npp.7.7.1.bin.x64.7z,readme.txt,readme.txt,,1450,2016-12-26T22:10:43.409172+00:00,5c52adcd2bcc000a8b4bd5eb36b84cde,b51da3c7700102dad5d71b2a8551320b2529322a,f09758a2c953bdd2b817441e9a00255d3685c99369468c2695f0ca39aaaa5e6b,N/A,N/A,,https://github.com/notepad-plus-plus/notepad-plus-plus/releases/download/v7.7.1/npp.7.7.1.bin.x64.7z
7.7.1,github,x64,npp.7.7.1.bin.x64.7z,localization/romanian.xml,romanian.xml,,79037,2019-05-30T15:39:11.758087+00:00,b9ef29e90195ced6138e3c780858d024,c89ff4bae248732bdb4b279d39f04124714d70f2,511e3b29f50c46324b636c8ebbe02d2c9c3dc0839b7f3fa5ebaff422c387f5aa,N/A,N/A,,https://github.com/notepad-plus-plus/notepad-plus-plus/releases/download/v7.7.1/npp.7.7.1.bin.x64.7z
7.7.1,github,x64,npp.7.7.1.bin.x64.7z,themes/Ruby Blue.xml,Ruby Blue.xml,,72157,2019-05-30T15:39:11.834883+00:00,ba8a57e2cca530a51c4b497b0a1ecb9e,b120fa127856a4ef429cdc9f4234ea71bb157421,f5351278ed5957758d7882fd488d2c58fba695fd2f435bf99739eb430346dc28,N/A,N/A,,https://github.com/notepad-plus-plus/notepad-plus-plus/releases/download/v7.7.1/npp.7.7.1.bin.x64.7z
7.7.1,github,x64,npp.7.7.1.bin.x64.7z,localization/russian.xml,russian.xml,,83344,2019-05-13T21:05:14.368502+00:00,435f3d4ae5cff009d5e5ec356042cbe7,57782ad06e3cd108a6e22d58927f04fefd7a8b0c,ab2423bff4feb6c11b5dccf2d35adc4bb4a7046db00e24a66d697540d9519612,N/A,N/A,,https://github.com/notepad-plus-plus/notepad-plus-plus/releases/download/v7.7.1/npp.7.7.1.bin.x64.7z
7.7.1,github,x64,npp.7.7.1.bin.x64.7z,localization/samogitian.xml,samogitian.xml,,10160,2016-12-26T22:10:44.114584+00:00,ebba131558f344afe63e1c5718d0f7ad,65ba510db37a5d8ef74d1c77ede30fa9cccad299,75eca9974de1fca41651975a92f374660e1a7c273a3d1dab0ef6dd573230878b,N/A,N/A,,https://github.com/notepad-plus-plus/notepad-plus-plus/releases/download/v7.7.1/npp.7.7.1.bin.x64.7z
7.7.1,github,x64,npp.7.7.1.bin.x64.7z,localization/sardinian.xml,sardinian.xml,,40982,2017-08-20T17:40:41.271018+00:00,064889342004d04b1de62578aa733216,30b21b176b1c031ec472d45ccad41eba239efc52,0169ebd43b3cec4a4f3b0143a2af6f07ec9bf73cb04882a3d4507f01931c08de,N/A,N/A,,https://github.com/notepad-plus-plus/notepad-plus-plus/releases/download/v7.7.1/npp.7.7.1.bin.x64.7z
7.7.1,github,x64,npp.7.7.1.bin.x64.7z,SciLexer.dll,SciLexer.dll,,1788560,2019-06-16T22:27:14.255907+00:00,7fde51a51f52dfa11b1227f0867a1fad,b770100e44e4dd590c4205a3975ef8d901f90848,ecf0cc71753c2a411d0ab0f59fc75c16dafa80d1daff5338e7639876bf65542d,N/A,N/A,,https://github.com/notepad-plus-plus/notepad-plus-plus/releases/download/v7.7.1/npp.7.7.1.bin.x64.7z
7.7.1,github,x64,npp.7.7.1.bin.x64.7z,localization/serbian.xml,serbian.xml,,24098,2016-12-26T22:10:44.125648+00:00,174e7dc367ff1c213432b891f11d25bb,e199d3a723bcbb176e9f79969f502658efab0ac7,1a07c6a9c2639fa12bb000f599498ddf84827449afbb7952f4bdc4cf526c2117,N/A,N/A,,https://github.com/notepad-plus-plus/notepad-plus-plus/releases/download/v7.7.1/npp.7.7.1.bin.x64.7z
7.7.1,github,x64,npp.7.7.1.bin.x64.7z,localization/serbianCyrillic.xml,serbianCyrillic.xml,,47833,2017-08-20T17:40:41.289358+00:00,e6c94316e6d065533305b94e7d5af2bc,3b6f4b424d7321bae1d643bef50ee952d7990ddd,289d7cdd9d9af5b2992e3b0ac38022f91e3d9dc0051e40733983e26e2ddcf594,N/A,N/A,,https://github.com/notepad-plus-plus/notepad-plus-plus/releases/download/v7.7.1/npp.7.7.1.bin.x64.7z
7.7.1,github,x64,npp.7.7.1.bin.x64.7z,shortcuts.xml,shortcuts.xml,,1800,2019-01-27T02:00:52.459055+00:00,7055e239de97ab9c2ac0b1a5e72325ad,cac8aa8f244dfd955a9a66e5be7da123e6076de8,867759aa7241cb97e982215cea0907e5193e938da8bf188da913ca021ada0d00,N/A,N/A,,https://github.com/notepad-plus-plus/notepad-plus-plus/releases/download/v7.7.1/npp.7.7.1.bin.x64.7z
7.7.1,github,x64,npp.7.7.1.bin.x64.7z,localization/sinhala.xml,sinhala.xml,,56893,2017-08-20T17:40:41.304229+00:00,9986ce0334af5335ae8c7e5a3cbc818b,384de56d2af7c4941c266bfba7d69518b2b1879d,a8b55a8115a50bd3b7b07c359c49fe7da48a5acf1dacc2c0e3708f6f48636fd6,N/A,N/A,,https://github.com/notepad-plus-plus/notepad-plus-plus/releases/download/v7.7.1/npp.7.7.1.bin.x64.7z
7.7.1,github,x64,npp.7.7.1.bin.x64.7z,localization/slovak.xml,slovak.xml,,74133,2019-03-05T01:52:36.662924+00:00,e56b5a5257bf4e743e9abb688b9e7215,9807a05639ca5262da524d1d1639e2b98c17d805,52b86604adc29058a0efe7109857cc37cb452fd46f6210467543af2bf81b8b3e,N/A,N/A,,https://github.com/notepad-plus-plus/notepad-plus-plus/releases/download/v7.7.1/npp.7.7.1.bin.x64.7z
7.7.1,github,x64,npp.7.7.1.bin.x64.7z,localization/slovenian.xml,slovenian.xml,,72270,2019-05-08T23:22:36.226757+00:00,2d0d8cdcb5375130e8cba2061df596ea,2013ad247c515fa341789ec660cccbd5c0a857e0,7b06c50ce90928f455131c070486e2f6f2d6e6ab71fdf7b703ee81ee211bb51e,N/A,N/A,,https://github.com/notepad-plus-plus/notepad-plus-plus/releases/download/v7.7.1/npp.7.7.1.bin.x64.7z
7.7.1,github,x64,npp.7.7.1.bin.x64.7z,themes/Solarized-light.xml,Solarized-light.xml,,108375,2019-05-30T15:39:11.837874+00:00,d7d187c6b7768f0c6b297a5c3c4bc166,60c4a0d7cc616199cd6d5bd9a091fed9da994550,c073c57ebcb8a15b2c2bcd59024496c462d85340b3e870ce0e18e525613af4f6,N/A,N/A,,https://github.com/notepad-plus-plus/notepad-plus-plus/releases/download/v7.7.1/npp.7.7.1.bin.x64.7z
7.7.1,github,x64,npp.7.7.1.bin.x64.7z,themes/Solarized.xml,Solarized.xml,,108363,2019-05-30T15:39:11.840867+00:00,9fe03156c870d1da5def22bd674195c9,adbe6952195ada932039f3ebb1ffc1e929d948b8,ad20f7e74695163519f860b9f3979d128e0501ba04f8123dd531ef39197a0f94,N/A,N/A,,https://github.com/notepad-plus-plus/notepad-plus-plus/releases/download/v7.7.1/npp.7.7.1.bin.x64.7z
7.7.1,github,x64,npp.7.7.1.bin.x64.7z,localization/spanish.xml,spanish.xml,,61773,2019-05-08T23:22:36.235734+00:00,822489dc4c8085d014fb508c76289747,f32f69839fe6fa2f15cb6481344b571be132e642,23b6520c0d7b3d7e80086b0714f0668a08e6b0dbea7a493cb0e320b8c552be02,N/A,N/A,,https://github.com/notepad-plus-plus/notepad-plus-plus/releases/download/v7.7.1/npp.7.7.1.bin.x64.7z
7.7.1,github,x64,npp.7.7.1.bin.x64.7z,localization/spanish_ar.xml,spanish_ar.xml,,45235,2017-08-20T17:42:26.087522+00:00,e6e44ee7c6b6a0ff89f0fe490f3c11fc,a3cc69b4ea7148ab45a5c907d3b0a45da166b65a,2fadeca7c44132ef9a9243bd67eee23c93a25f96bc6c80b81d527d18128d284d,N/A,N/A,,https://github.com/notepad-plus-plus/notepad-plus-plus/releases/download/v7.7.1/npp.7.7.1.bin.x64.7z
7.7.1,github,x64,npp.7.7.1.bin.x64.7z,autoCompletion/sql.xml,sql.xml,,67952,2016-12-26T22:10:43.658459+00:00,056b92b4d2e16984505990cf379b5486,7571c99732917dad3dd465f29d5bf28619a09fa7,620fe159db5ce323b78b4768f9f6a3a95ca2c4fa4806ea5145afadac21dcc74d,N/A,N/A,,https://github.com/notepad-plus-plus/notepad-plus-plus/releases/download/v7.7.1/npp.7.7.1.bin.x64.7z
7.7.1,github,x64,npp.7.7.1.bin.x64.7z,stylers.model.xml,stylers.model.xml,,166357,2019-05-30T15:39:11.911682+00:00,46fc329be6615da0c27f5bbc80fad64c,04babccbc1e82af74a24354ef7711c277cb6af17,5f57890b3f39889ac6ca376ab1debf5d2ae2df531c5284f70e13f6106204cb83,N/A,N/A,,https://github.com/notepad-plus-plus/notepad-plus-plus/releases/download/v7.7.1/npp.7.7.1.bin.x64.7z
7.7.1,github,x64,npp.7.7.1.bin.x64.7z,localization/swedish.xml,swedish.xml,,59422,2019-05-30T15:39:11.761080+00:00,a41e0bfa49dd28206c2e9fd65880e2d5,8c1e56f022f22cb2d18c1864c775389632edf8ab,b5123cd6d4764f901b4387119df5a738451afe9625a68e9c4ab7f992f533d9f1,N/A,N/A,,https://github.com/notepad-plus-plus/notepad-plus-plus/releases/download/v7.7.1/npp.7.7.1.bin.x64.7z
7.7.1,github,x64,npp.7.7.1.bin.x64.7z,localization/tagalog.xml,tagalog.xml,,30395,2016-12-26T22:10:44.167583+00:00,04e3e27d9d635c6b23c8e40dcbbdd442,c66e2dc153c22a445dae0df2bdf3c1693b4ad03e,047c63c449c5e2a9a4f97637c741eb07e6ec034bc829d85c6565bb0292c1cd72,N/A,N/A,,https://github.com/notepad-plus-plus/notepad-plus-plus/releases/download/v7.7.1/npp.7.7.1.bin.x64.7z
7.7.1,github,x64,npp.7.7.1.bin.x64.7z,localization/tajikCyrillic.xml,tajikCyrillic.xml,,66798,2017-08-20T17:42:26.121326+00:00,c28fc035726b0fe6f56c129d87c2aabc,3cdcfd5e06e905032f0119b5cec8dd8e011fa21c,70a7f699ee317a25cb74524995037b145477b4df0c39d674381ff5c8895fb63f,N/A,N/A,,https://github.com/notepad-plus-plus/notepad-plus-plus/releases/download/v7.7.1/npp.7.7.1.bin.x64.7z
7.7.1,github,x64,npp.7.7.1.bin.x64.7z,localization/tamil.xml,tamil.xml,,54196,2017-08-20T17:40:41.427488+00:00,abc0ae5ed0002512221d682263e41204,7a7533274855ceff9a604d6cd36192cc68f2c416,e23759fd6d60ef9728b620a1a8316fc049ccbf93445a91a1a85d27c4e25f3f15,N/A,N/A,,https://github.com/notepad-plus-plus/notepad-plus-plus/releases/download/v7.7.1/npp.7.7.1.bin.x64.7z
7.7.1,github,x64,npp.7.7.1.bin.x64.7z,localization/tatar.xml,tatar.xml,,71641,2017-08-20T17:42:26.139525+00:00,84c32874e0fbc009202c86781cf6a6b6,93f81be4ed8bd098f4384290f0286b55abbd5885,0b20a37e6512a5a3e0c92075db9eb179a156e5e20f9fe52c3260daf8c77825a3,N/A,N/A,,https://github.com/notepad-plus-plus/notepad-plus-plus/releases/download/v7.7.1/npp.7.7.1.bin.x64.7z
7.7.1,github,x64,npp.7.7.1.bin.x64.7z,localization/telugu.xml,telugu.xml,,53577,2017-08-20T17:40:41.456494+00:00,a8b6a302f3bda0eeae95e5214df33ec4,975e8e7ac8258c4f8c4050743debe980a9864e4f,82b4b16ee06e668e4ff30e71fcbf42623cf30dc14177c570a7ad1f47c0284e0c,N/A,N/A,,https://github.com/notepad-plus-plus/notepad-plus-plus/releases/download/v7.7.1/npp.7.7.1.bin.x64.7z
7.7.1,github,x64,npp.7.7.1.bin.x64.7z,autoCompletion/tex.xml,tex.xml,,67871,2017-12-28T02:55:00.351580+00:00,03f74d2063099160e73faa1a5dee7f9a,89a19baacde3f98c9439861a52239df8c5e964ba,d19fe5a6b68b50e0820641489fd73368ba4ba58adb07948e39073ddce8e08d37,N/A,N/A,,https://github.com/notepad-plus-plus/notepad-plus-plus/releases/download/v7.7.1/npp.7.7.1.bin.x64.7z
7.7.1,github,x64,npp.7.7.1.bin.x64.7z,localization/thai.xml,thai.xml,,41406,2017-08-20T17:40:41.469535+00:00,8d02b72cdcce6c5a4db56eebba394824,259babbea022717b773d10704f61fb285e800730,8ce450bcfd9b9617f4e0969ad4e201480b255d473cb1383c90761cc28cbd7ecc,N/A,N/A,,https://github.com/notepad-plus-plus/notepad-plus-plus/releases/download/v7.7.1/npp.7.7.1.bin.x64.7z
7.7.1,github,x64,npp.7.7.1.bin.x64.7z,localization/turkish.xml,turkish.xml,,65738,2019-05-08T23:22:36.246703+00:00,6b5d7190e9af58c43afcbe80807b3e0f,280fea4a7f6ac9469965f2e726bfda2c24091bef,e315dadbca8df57b80ba1ee3f2c685b201a29399e736c97debf82a9789183ba9,N/A,N/A,,https://github.com/notepad-plus-plus/notepad-plus-plus/releases/download/v7.7.1/npp.7.7.1.bin.x64.7z
7.7.1,github,x64,npp.7.7.1.bin.x64.7z,themes/Twilight.xml,Twilight.xml,,90732,2019-05-30T15:39:11.851837+00:00,72e285158a0e99b081dacc32f61d99a2,9d4bf6efe5a341af42858be6e956c1e559a4e987,1204d968790d1b771def95698794349975ae317e7593a9597c12564aa67c80dd,N/A,N/A,,https://github.com/notepad-plus-plus/notepad-plus-plus/releases/download/v7.7.1/npp.7.7.1.bin.x64.7z
7.7.1,github,x64,npp.7.7.1.bin.x64.7z,localization/ukrainian.xml,ukrainian.xml,,95203,2019-05-13T21:05:14.371493+00:00,2ad1d6c0d74e402c854df769a8196880,f985b2e0d9e86d0dfe39d87edab71eff961cc895,38d0e8cccb1030ba3314511573ed58fcf9ad24d32de8110f6fced82262585b4d,N/A,N/A,,https://github.com/notepad-plus-plus/notepad-plus-plus/releases/download/v7.7.1/npp.7.7.1.bin.x64.7z
7.7.1,github,x64,npp.7.7.1.bin.x64.7z,localization/urdu.xml,urdu.xml,,15657,2016-12-26T22:10:44.210970+00:00,cf965dfcf2257d8046c453ac36fcf65e,ac650afe9e15fec6e0e3e87bc999c2d9350ab461,0b685abaea6232f3e99d563f01613161251e51aba6a62d83cb306aa5f2d396d5,N/A,N/A,,https://github.com/notepad-plus-plus/notepad-plus-plus/releases/download/v7.7.1/npp.7.7.1.bin.x64.7z
7.7.1,github,x64,npp.7.7.1.bin.x64.7z,userDefineLangs/userDefinedLang-markdown.default.modern.xml,userDefinedLang-markdown.default.modern.xml,,5440,2019-03-05T01:52:36.627021+00:00,e6edb9c859b5b97800da9c664a0606c8,a0529bfe949f37d87349f89e44ac03a0f39d90c6,b7a3e70c69f661e76cc7b6279db21fb32f275a8a3c205a75ae22e40224136031,N/A,N/A,,https://github.com/notepad-plus-plus/notepad-plus-plus/releases/download/v7.7.1/npp.7.7.1.bin.x64.7z
7.7.1,github,x64,npp.7.7.1.bin.x64.7z,localization/uyghur.xml,uyghur.xml,,47848,2018-01-28T21:48:40.466342+00:00,a5d2661cab9fae284200b5cd84496b41,fa6cfe413495f354ad0d72e9660f04ce05a6556d,f5d24a6c678b1b54539adeafd2bc2697738f44cea6c184fa442980f1440e5afd,N/A,N/A,,https://github.com/notepad-plus-plus/notepad-plus-plus/releases/download/v7.7.1/npp.7.7.1.bin.x64.7z
7.7.1,github,x64,npp.7.7.1.bin.x64.7z,localization/uzbek.xml,uzbek.xml,,67937,2019-05-08T23:22:36.249695+00:00,8d5d53622c0bd306f5bcbd785328ead3,3aeda8d64f29c15efcbc270ea06bb8100245087f,1e94b2d6c7a0f3a29ed7065a592fab68ffcb442f6b6eb7a78f4f875c689dadd6,N/A,N/A,,https://github.com/notepad-plus-plus/notepad-plus-plus/releases/download/v7.7.1/npp.7.7.1.bin.x64.7z
7.7.1,github,x64,npp.7.7.1.bin.x64.7z,localization/uzbekCyrillic.xml,uzbekCyrillic.xml,,35714,2017-08-20T17:40:41.544199+00:00,71b7ce4804f337f3d5c4fea4a0733691,f4446df6fbeb19c93869205750991261d3a1ac7b,380e17fd360658921ea937043e540b2af642a7307be691f5c58b825623b61a99,N/A,N/A,,https://github.com/notepad-plus-plus/notepad-plus-plus/releases/download/v7.7.1/npp.7.7.1.bin.x64.7z
7.7.1,github,x64,npp.7.7.1.bin.x64.7z,autoCompletion/vb.xml,vb.xml,,17197,2017-12-28T02:55:00.358594+00:00,cb6d0cff9916fa1eae0a4faafc9db82a,0bb7663a45ac8a0e8ed5ee3296f7fedc24c4a3e6,74b6701e0c8f2c92eedd563165b61d4813f519f3747b67b3a043a4b85de41401,N/A,N/A,,https://github.com/notepad-plus-plus/notepad-plus-plus/releases/download/v7.7.1/npp.7.7.1.bin.x64.7z
7.7.1,github,x64,npp.7.7.1.bin.x64.7z,autoCompletion/vhdl.xml,vhdl.xml,,2632,2016-12-26T22:10:43.671560+00:00,1ba07e9e9c7ccbf095fee8c248375527,668325f597bb9fa517e41f304f07c5d0a0421160,29967c6650ce9fce73b7b9dda3390ae3b5cff4ad8ef2265f2c6980da55f42f97,N/A,N/A,,https://github.com/notepad-plus-plus/notepad-plus-plus/releases/download/v7.7.1/npp.7.7.1.bin.x64.7z
7.7.1,github,x64,npp.7.7.1.bin.x64.7z,themes/Vibrant Ink.xml,Vibrant Ink.xml,,88705,2019-05-30T15:39:11.861810+00:00,217f09b407a364a5b1653462e175ad6a,26b9523586e0bac5ba50ba63eedabb269065b2e9,277dfcc0e62f48e7e4de84cc39add1eaee03ad06809e6218fd100a66a2f04bb1,N/A,N/A,,https://github.com/notepad-plus-plus/notepad-plus-plus/releases/download/v7.7.1/npp.7.7.1.bin.x64.7z
7.7.1,github,x64,npp.7.7.1.bin.x64.7z,localization/vietnamese.xml,vietnamese.xml,,52737,2017-08-20T17:42:26.208032+00:00,4648aecae4e9d1df3ca32d9a0cba8fed,ace0c0282c1e0dc6facfd3277994a50410e619c8,747d88fd1df6f7a703fdd0904b50ff32c3d6d2d26203e0ae07b44786b44a9961,N/A,N/A,,https://github.com/notepad-plus-plus/notepad-plus-plus/releases/download/v7.7.1/npp.7.7.1.bin.x64.7z
7.7.1,github,x64,npp.7.7.1.bin.x64.7z,themes/vim Dark Blue.xml,vim Dark Blue.xml,,88366,2019-05-30T15:39:11.874775+00:00,1e6513926f3335ad64f15ee75d8c023a,de600f9e06fe45b40d91471048084ff0a485700f,83f56b02df1a2a82251139d8b3b889045da183fe091e2318c2e405f868646f6d,N/A,N/A,,https://github.com/notepad-plus-plus/notepad-plus-plus/releases/download/v7.7.1/npp.7.7.1.bin.x64.7z
7.7.1,github,x64,npp.7.7.1.bin.x64.7z,localization/welsh.xml,welsh.xml,,53261,2017-08-20T17:42:26.222941+00:00,538acafd2ef4e67581a908f970838626,98c8498903c60d46035a3ec22a3c559311451754,11fd56a75e14493a7305d6cd2aa79dd6990465eb0dec8bdf6354dd6e5db35634,N/A,N/A,,https://github.com/notepad-plus-plus/notepad-plus-plus/releases/download/v7.7.1/npp.7.7.1.bin.x64.7z
7.7.1,github,x64,npp.7.7.1.bin.x64.7z,autoCompletion/xml.xml,xml.xml,,12024,2016-12-26T22:10:43.676850+00:00,432b0a7d34b59ad7512c347f8670ff23,d4ff6d0b283f7b2b8d1792b0c9671d9afb43d3f7,7cdfb59901b0dbda488745f9bd749ce9a1c3e228931162e3a5764c5674330601,N/A,N/A,,https://github.com/notepad-plus-plus/notepad-plus-plus/releases/download/v7.7.1/npp.7.7.1.bin.x64.7z
7.7.1,github,x64,npp.7.7.1.bin.x64.7z,themes/Zenburn.xml,Zenburn.xml,,103292,2019-05-30T15:39:11.863805+00:00,e0d1534ff8d9b51f00e74b56478d3f1a,358cbd9739b16fd178b890ece324222fa5e42bc5,e33ee6192cde94095af4bb6c5cfe23437f52dd771fbee26b19b943161a211523,N/A,N/A,,https://github.com/notepad-plus-plus/notepad-plus-plus/releases/download/v7.7.1/npp.7.7.1.bin.x64.7z
7.7.1,github,x64,npp.7.7.1.bin.x64.7z,localization/zulu.xml,zulu.xml,,72870,2019-03-26T23:11:19.879946+00:00,9440a55f71dac040b123de16d6557951,3c418d94e534013fe52e2a85ddac821b3ae89b40,16ef44efd21a556cfed5aa07b70437a16016754fcd3ce2a9e7048061716591df,N/A,N/A,,https://github.com/notepad-plus-plus/notepad-plus-plus/releases/download/v7.7.1/npp.7.7.1.bin.x64.7z
7.7.1,github,x64,npp.7.7.1.bin.x64.zip,,npp.7.7.1.bin.x64.zip,,4472133,2021-12-07T19:40:04+00:00,0e308597e753f7f171b3543c6dba237d,7510a5df52d0cb0f988f92e591ddce8a199529bf,0ec1b16b42bcfbb37d7f9d25b2ec09162f833e86be322c14f31a6cc2196d8042,MATCH,MATCH,,https://github.com/notepad-plus-plus/notepad-plus-plus/releases/download/v7.7.1/npp.7.7.1.bin.x64.zip
7.7.1,github,x64,npp.7.7.1.bin.x64.zip,autoCompletion/actionscript.xml,actionscript.xml,,20752,2017-12-28T02:55:00.321495+00:00,f8876462309eeb4204eaaf5777dc4eea,167b0f169340f0cf7d2a53d0f4c4b20f694ff12a,7bdab6f3b572773331a17bfbb6cc4bbd71dfd89e4f11e404b7466925678a3a26,N/A,N/A,,https://github.com/notepad-plus-plus/notepad-plus-plus/releases/download/v7.7.1/npp.7.7.1.bin.x64.zip
7.7.1,github,x64,npp.7.7.1.bin.x64.zip,localization/afrikaans.xml,afrikaans.xml,,29077,2016-12-26T22:10:43.769673+00:00,c2f475cc2b49d3aee490c9059529744a,621e81e87c6c8d45a6be6bc69108d8ab13e2d5a6,5d285d98f8891bcf73a770fde00c3215062842224b81c4e70537569712f84570,N/A,N/A,,https://github.com/notepad-plus-plus/notepad-plus-plus/releases/download/v7.7.1/npp.7.7.1.bin.x64.zip
7.7.1,github,x64,npp.7.7.1.bin.x64.zip,localization/albanian.xml,albanian.xml,,57197,2017-08-20T17:42:25.395692+00:00,5803d49d9a1320f50394a0ab36c427b6,6f29668d5d3101d86a6ec34d3087c7cd5e5fdc64,508ddd0bd359666186a34b1249b55de31062f2eb4323bce01409e602e7fc0b64,N/A,N/A,,https://github.com/notepad-plus-plus/notepad-plus-plus/releases/download/v7.7.1/npp.7.7.1.bin.x64.zip
7.7.1,github,x64,npp.7.7.1.bin.x64.zip,localization/arabic.xml,arabic.xml,,86770,2018-10-05T00:32:05.819137+00:00,4c43fa51c53e259e9c0df42eab235849,6af39eb260e24144dc3491e9083a3d615e977775,f4bb70b47614e639d2035ecf94e4f74413312f7ae593d60a916d940cf3639554,N/A,N/A,,https://github.com/notepad-plus-plus/notepad-plus-plus/releases/download/v7.7.1/npp.7.7.1.bin.x64.zip
7.7.1,github,x64,npp.7.7.1.bin.x64.zip,localization/aragonese.xml,aragonese.xml,,49810,2017-08-20T17:42:25.412736+00:00,ff161db746ade330439882ba0640d2ea,1a9109c96486d1f4ee48336f66c0be93cf2725a3,1db8eeb9c6cae8705cacfc3043a7556678e9ed52162fb8ec536c5befc19343a9,N/A,N/A,,https://github.com/notepad-plus-plus/notepad-plus-plus/releases/download/v7.7.1/npp.7.7.1.bin.x64.zip
7.7.1,github,x64,npp.7.7.1.bin.x64.zip,localization/aranese.xml,aranese.xml,,20821,2016-12-26T22:10:43.795718+00:00,333a18acb93ba083e86679c065b69d15,cb874355fb8e495a2b0b0dcf8868df287ec6a342,de5da809aa6e44c4e6a01c3b5fb7da5a66d9683cb905416f3fcff2ed413ea7c6,N/A,N/A,,https://github.com/notepad-plus-plus/notepad-plus-plus/releases/download/v7.7.1/npp.7.7.1.bin.x64.zip
7.7.1,github,x64,npp.7.7.1.bin.x64.zip,autoCompletion/autoit.xml,autoit.xml,,738721,2018-12-09T18:22:22.898518+00:00,24091974377d7e76106add1210d5853a,7663d568323f753fb62c15f684eea1ff9014ce5b,07cb7ea3f8d1eee1142bcdf876e29f14e6ae2a72ef28f2310263da531c7e8711,N/A,N/A,,https://github.com/notepad-plus-plus/notepad-plus-plus/releases/download/v7.7.1/npp.7.7.1.bin.x64.zip
7.7.1,github,x64,npp.7.7.1.bin.x64.zip,localization/azerbaijani.xml,azerbaijani.xml,,35482,2017-08-20T17:40:40.621097+00:00,8cd5c70b03ef9c48585c06fa149f9fcd,4fb0a331d184579444326c6910742ad4b0cbb5a1,d2e185e9c8b1e7d994dcb3b44748f1b499f18ca22a573f452a9b0d791344c448,N/A,N/A,,https://github.com/notepad-plus-plus/notepad-plus-plus/releases/download/v7.7.1/npp.7.7.1.bin.x64.zip
7.7.1,github,x64,npp.7.7.1.bin.x64.zip,autoCompletion/BaanC.xml,BaanC.xml,,18490,2017-12-28T22:22:51.984891+00:00,2537a01a4619a19962fb1b85cbee9a13,adaf66583cc60a53f0a08b030e63cc2652badd17,9780d21f36eca4cb7f85c67fe9113c3c223822662812f6ab533c011cd2f56e7e,N/A,N/A,,https://github.com/notepad-plus-plus/notepad-plus-plus/releases/download/v7.7.1/npp.7.7.1.bin.x64.zip
7.7.1,github,x64,npp.7.7.1.bin.x64.zip,localization/basque.xml,basque.xml,,59732,2018-02-17T07:05:11.303084+00:00,7ef1dd1b3280122bac0a69063249fd46,83730aee38e42a5aee4c7daf0390833761208709,1047a56b9ea18bafbb7fd03daa190cb980883694dfd7fc1556136ab81834d489,N/A,N/A,,https://github.com/notepad-plus-plus/notepad-plus-plus/releases/download/v7.7.1/npp.7.7.1.bin.x64.zip
7.7.1,github,x64,npp.7.7.1.bin.x64.zip,autoCompletion/batch.xml,batch.xml,,3784,2017-12-28T02:55:00.327011+00:00,713831a4916810500b39efbdb41435a2,6b9c9d965f73f71fafb786d547be09f5ef398643,d43ce011aa2d5a946c36b4c3a6a0a98fd9570253bc461a267d3b44aaec3cb6b0,N/A,N/A,,https://github.com/notepad-plus-plus/notepad-plus-plus/releases/download/v7.7.1/npp.7.7.1.bin.x64.zip
7.7.1,github,x64,npp.7.7.1.bin.x64.zip,localization/belarusian.xml,belarusian.xml,,95099,2018-12-30T17:41:19.305996+00:00,fd060d45654fa3adec00f943349a535b,7732a8a924e84a218ac710a3c2a829438481c761,1c616bcd978b6f7feb5035c232024baa895f9787183898e4672f70ea3d1ded9c,N/A,N/A,,https://github.com/notepad-plus-plus/notepad-plus-plus/releases/download/v7.7.1/npp.7.7.1.bin.x64.zip
7.7.1,github,x64,npp.7.7.1.bin.x64.zip,localization/bengali.xml,bengali.xml,,70025,2017-08-20T17:42:25.457657+00:00,d081b39bf7a87b8ccd3caa5e9d15087c,02fad366321e3bb823bfb46ab966ac919dd227c8,5ecd5febabcb4b4616035fab1b567bf2a0ff8b2ded72d74e6ea5511671814484,N/A,N/A,,https://github.com/notepad-plus-plus/notepad-plus-plus/releases/download/v7.7.1/npp.7.7.1.bin.x64.zip
7.7.1,github,x64,npp.7.7.1.bin.x64.zip,themes/Bespin.xml,Bespin.xml,,92253,2019-05-30T15:39:11.766067+00:00,21af6f29dd8427b5efece9e633cb8705,d2f47b0da1dd5aa35e21e64d8687b61b0e93abab,883168e15e1456225fde8dddb797ba72d40be00bfe3732567bab3b1dc42dea0b,N/A,N/A,,https://github.com/notepad-plus-plus/notepad-plus-plus/releases/download/v7.7.1/npp.7.7.1.bin.x64.zip
7.7.1,github,x64,npp.7.7.1.bin.x64.zip,themes/Black board.xml,Black board.xml,,90619,2019-05-30T15:39:11.769059+00:00,7f6385ca1245cfcf3e5807828f1bb76b,321e713ff6b50199f1153d0e2a5351859373f9dc,98a5c5be43ad06bd391792cf04cda9461895a4cfe53968c8ec38c2f6fe4a3b5e,N/A,N/A,,https://github.com/notepad-plus-plus/notepad-plus-plus/releases/download/v7.7.1/npp.7.7.1.bin.x64.zip
7.7.1,github,x64,npp.7.7.1.bin.x64.zip,localization/bosnian.xml,bosnian.xml,,32084,2016-12-26T22:10:43.820980+00:00,6b036835ed9d1ee92cd9bd4c76f41bbd,faeb76f93f4228832c7cc952833c717f3614a38d,06ce39e85fc9acd72888da5871fae4d18aa2c5bb6a9fa0c9eca459cf0e949a63,N/A,N/A,,https://github.com/notepad-plus-plus/notepad-plus-plus/releases/download/v7.7.1/npp.7.7.1.bin.x64.zip
7.7.1,github,x64,npp.7.7.1.bin.x64.zip,localization/brazilian_portuguese.xml,brazilian_portuguese.xml,,78673,2019-03-26T23:11:19.856317+00:00,c5ac706ffe3cc6abb54272e49d42de5d,d5a9bee2ce2cff235179ea19dfc8207661d40e3d,690897901b9880c4b4247d5a75140f4ef9804fddd4b1ffe6fbc89d4f9952e520,N/A,N/A,,https://github.com/notepad-plus-plus/notepad-plus-plus/releases/download/v7.7.1/npp.7.7.1.bin.x64.zip
7.7.1,github,x64,npp.7.7.1.bin.x64.zip,localization/breton.xml,breton.xml,,56124,2017-08-20T17:42:25.485730+00:00,a28d31b3147d47670455aa249df9e3a8,ae276de79ca796b74345a8b3dbcf53e4972b6eaa,7d8569dca0eef5ccd411287ed72f70da19f92b96e05e2bfd294263098e3ed38d,N/A,N/A,,https://github.com/notepad-plus-plus/notepad-plus-plus/releases/download/v7.7.1/npp.7.7.1.bin.x64.zip
7.7.1,github,x64,npp.7.7.1.bin.x64.zip,localization/bulgarian.xml,bulgarian.xml,,90231,2019-06-15T12:22:06.736618+00:00,01672d373b82117e742b61dd94897777,61d7f23418f1581e83d7ad9ece9954c87ee191a1,72dd265c9ecca8d6630fef06215b6886f0a1991aa3f0fa5d1115cd761e1d0cbb,N/A,N/A,,https://github.com/notepad-plus-plus/notepad-plus-plus/releases/download/v7.7.1/npp.7.7.1.bin.x64.zip
7.7.1,github,x64,npp.7.7.1.bin.x64.zip,autoCompletion/c.xml,c.xml,,44390,2016-12-26T22:10:43.575360+00:00,c92c0a8fa14eb590fdc13287b26689db,b6010b4b59128f9d16abd9e8d8ccf521ed6e4eb8,2ad09d23098049d7541c703684bca446ccf6f1024a182e7dc30c378efb1b2109,N/A,N/A,,https://github.com/notepad-plus-plus/notepad-plus-plus/releases/download/v7.7.1/npp.7.7.1.bin.x64.zip
7.7.1,github,x64,npp.7.7.1.bin.x64.zip,localization/catalan.xml,catalan.xml,,65728,2019-05-08T23:22:36.215786+00:00,be294c1890b57df605d743846802e835,5425db4f87a254e3438a73aaf4d4e3a46d3bf9fa,03e2d93f71ae1b27d0695c14af7b820862737b4bf32ccc5fa29e68006ce32e32,N/A,N/A,,https://github.com/notepad-plus-plus/notepad-plus-plus/releases/download/v7.7.1/npp.7.7.1.bin.x64.zip
7.7.1,github,x64,npp.7.7.1.bin.x64.zip,change.log,change.log,,956,2019-06-16T17:40:34.876877+00:00,a22774dd659f1995936abf93a601b052,f4dec5090224a4d1f2d764555973e9ed47d30f0b,66c4cc847e2f75699b54b54edbc5625d425a1b0856cf991153b9d167dae8540d,N/A,N/A,,https://github.com/notepad-plus-plus/notepad-plus-plus/releases/download/v7.7.1/npp.7.7.1.bin.x64.zip
7.7.1,github,x64,npp.7.7.1.bin.x64.zip,localization/chinese.xml,chinese.xml,,75052,2019-05-30T15:39:11.754098+00:00,adfe78c0a6a1f7f940f0ffd5658b7a77,aee6152c8c04878dc7265f691dbb21a1dffd829f,09ebf7a1fddcffecf9c678509112abdf049497494b933a4afd4cf8693b424d37,N/A,N/A,,https://github.com/notepad-plus-plus/notepad-plus-plus/releases/download/v7.7.1/npp.7.7.1.bin.x64.zip
7.7.1,github,x64,npp.7.7.1.bin.x64.zip,localization/chineseSimplified.xml,chineseSimplified.xml,,73985,2019-05-13T21:05:14.357532+00:00,8b1fd4c62d772ff4e2e8cd86f9daa996,2351b7c17a69365db44b5b4f9e89f75e07ab4d61,db470e2927688c424ba8a3838d673b8fe42699e51a4e1b4e9c8824089b3b337d,N/A,N/A,,https://github.com/notepad-plus-plus/notepad-plus-plus/releases/download/v7.7.1/npp.7.7.1.bin.x64.zip
7.7.1,github,x64,npp.7.7.1.bin.x64.zip,themes/Choco.xml,Choco.xml,,90930,2019-05-30T15:39:11.771053+00:00,849611f521423fe1f1a1d6cd265f611f,d62201d68e9d449da3c7c24fa41a4e788c7bbc9e,f600678def8151cddcceaa7870718b9c0637209e626310ed44472e1b6c8f953c,N/A,N/A,,https://github.com/notepad-plus-plus/notepad-plus-plus/releases/download/v7.7.1/npp.7.7.1.bin.x64.zip
7.7.1,github,x64,npp.7.7.1.bin.x64.zip,autoCompletion/cmake.xml,cmake.xml,,7891,2019-05-30T15:39:11.751107+00:00,6c33239d9a59e3b2aa74913b117b2342,b3b685494715c4a1ec9c71fc4ea45e89cf0d5457,55f04796c0dfb130cf438a01ae8e7f96d99a9320a2d9c8e66a9a670640ca5cc9,N/A,N/A,,https://github.com/notepad-plus-plus/notepad-plus-plus/releases/download/v7.7.1/npp.7.7.1.bin.x64.zip
7.7.1,github,x64,npp.7.7.1.bin.x64.zip,autoCompletion/coffee.xml,coffee.xml,,1510,2017-12-28T22:05:30.759151+00:00,633f1e56a9f5b7e1c7c75e6dff944b25,55f1f86306161a2b743fe13927e852c2570bfaf7,46d379e7ad5565fc197a32b62d04ceb1be4452af2ae45663415809bc7badb0bd,N/A,N/A,,https://github.com/notepad-plus-plus/notepad-plus-plus/releases/download/v7.7.1/npp.7.7.1.bin.x64.zip
7.7.1,github,x64,npp.7.7.1.bin.x64.zip,config.xml,config.xml,,5114,2019-03-30T10:38:48.831842+00:00,b56d4fa38548cf7206a700c580d529ad,5e334fa5d1310ba15a81436aa3bb2ad2e7e65be8,a831c5da7fdcacaad454585459003a44cc4c00bda0242337a9a046ba05c02f42,N/A,N/A,,https://github.com/notepad-plus-plus/notepad-plus-plus/releases/download/v7.7.1/npp.7.7.1.bin.x64.zip
7.7.1,github,x64,npp.7.7.1.bin.x64.zip,contextMenu.xml,contextMenu.xml,,3512,2018-05-25T21:58:05.896518+00:00,a7998766b85ee71ff1d82a1198988529,acaf62b48d9307b319105109121d82ccefe46c65,aa48a7c2ec3ed377c42c293f732807572f2ea305c9771b6ea210e7b92ef2c199,N/A,N/A,,https://github.com/notepad-plus-plus/notepad-plus-plus/releases/download/v7.7.1/npp.7.7.1.bin.x64.zip
7.7.1,github,x64,npp.7.7.1.bin.x64.zip,localization/corsican.xml,corsican.xml,,83266,2019-04-03T19:06:20.452465+00:00,2762c8551adc0138beb86c304bd678df,465883c3db9c3982e0202b20ff31f3c5dc02cfb2,9cc651eca1140c53634b1106a00bf8df96c8b4db49b68dbf165e1feae0740ee5,N/A,N/A,,https://github.com/notepad-plus-plus/notepad-plus-plus/releases/download/v7.7.1/npp.7.7.1.bin.x64.zip
7.7.1,github,x64,npp.7.7.1.bin.x64.zip,autoCompletion/cpp.xml,cpp.xml,,61530,2018-12-09T18:22:22.900548+00:00,e60ca42b12a8e816892894d321ab8d00,bf1dc910f6cab97f99e23d08e084837fc7de17c6,b97ffa556f93ec4c51208b2aea4f3d69411404c27f6ea12608ae84bedbd76418,N/A,N/A,,https://github.com/notepad-plus-plus/notepad-plus-plus/releases/download/v7.7.1/npp.7.7.1.bin.x64.zip
7.7.1,github,x64,npp.7.7.1.bin.x64.zip,localization/croatian.xml,croatian.xml,,85184,2019-05-08T23:22:36.218778+00:00,cec164119c1295583fe3326f6710253c,52feae919ddb150a3bad58f5d6f1071027eeebcb,12fe4e0941c20088f10a19487aeddc57ca96ff8ace34ccfbc2cfcb2388c17173,N/A,N/A,,https://github.com/notepad-plus-plus/notepad-plus-plus/releases/download/v7.7.1/npp.7.7.1.bin.x64.zip
7.7.1,github,x64,npp.7.7.1.bin.x64.zip,autoCompletion/cs.xml,cs.xml,,33726,2018-12-09T18:22:22.902508+00:00,c9bc2acde59532d2a9b65e7f9cd55d4f,d4a0e2d2b20e0b0cc40a0bf3a5274800d1eb6ea7,32076a244afd75a07cd38f1fa27b08eea3a4a697111cde8a1cb636c46c708c17,N/A,N/A,,https://github.com/notepad-plus-plus/notepad-plus-plus/releases/download/v7.7.1/npp.7.7.1.bin.x64.zip
7.7.1,github,x64,npp.7.7.1.bin.x64.zip,autoCompletion/css.xml,css.xml,,11522,2016-12-26T22:10:43.597241+00:00,d2affd6da8aa4fd9457db7b0dcb87517,427e170083be87d570df3f9ea4b0eff0eb60a8f4,776187ab9beec87648e5701137f153adeef88c579b15b181c5d4eee2f02262f8,N/A,N/A,,https://github.com/notepad-plus-plus/notepad-plus-plus/releases/download/v7.7.1/npp.7.7.1.bin.x64.zip
7.7.1,github,x64,npp.7.7.1.bin.x64.zip,localization/czech.xml,czech.xml,,72315,2019-05-13T21:05:14.360523+00:00,40fb19e6e72098f1fcc013562e210d4c,d637d786b7eb88d281dec513fd0a7854d5ad5610,e2f164416ddf1f6c09bbc8c33600886f35116c170a9837c940bf1c4e1a75eafa,N/A,N/A,,https://github.com/notepad-plus-plus/notepad-plus-plus/releases/download/v7.7.1/npp.7.7.1.bin.x64.zip
7.7.1,github,x64,npp.7.7.1.bin.x64.zip,localization/danish.xml,danish.xml,,75208,2019-03-05T01:52:36.641982+00:00,afdca23414d2fa05e0edfed63dc68bd1,4d5cb126c3f86dc907f315ae38ccc3ec07619fd3,3ce52cb27a70640c8f4578ff52f71de18282d54ab91d1db7658be64c6a316d6c,N/A,N/A,,https://github.com/notepad-plus-plus/notepad-plus-plus/releases/download/v7.7.1/npp.7.7.1.bin.x64.zip
7.7.1,github,x64,npp.7.7.1.bin.x64.zip,themes/Deep Black.xml,Deep Black.xml,,89184,2019-05-30T15:39:11.778035+00:00,df63f60979df497e82b908ae4b01e461,4a47e15196b9f853e65e73733af05fd846663ac5,c11dc6da0d6efb69e43725233a6b570c6830fe436731b91f58c48ab8b4ca175b,N/A,N/A,,https://github.com/notepad-plus-plus/notepad-plus-plus/releases/download/v7.7.1/npp.7.7.1.bin.x64.zip
7.7.1,github,x64,npp.7.7.1.bin.x64.zip,doLocalConf.xml,doLocalConf.xml,,0,2017-08-16T07:23:53.663879+00:00,d41d8cd98f00b204e9800998ecf8427e,da39a3ee5e6b4b0d3255bfef95601890afd80709,e3b0c44298fc1c149afbf4c8996fb92427ae41e4649b934ca495991b7852b855,N/A,N/A,,https://github.com/notepad-plus-plus/notepad-plus-plus/releases/download/v7.7.1/npp.7.7.1.bin.x64.zip
7.7.1,github,x64,npp.7.7.1.bin.x64.zip,localization/dutch.xml,dutch.xml,,61604,2018-10-05T00:32:05.860027+00:00,6ce9f0ae41286f01ccf83b64d48cc238,cad9570ecd9252768231c07c37c162e3b291ae97,4dc9faf1ba2806b6ff3f70264c46e2d70007af6f5dafe6fe9d306c3c07eda610,N/A,N/A,,https://github.com/notepad-plus-plus/notepad-plus-plus/releases/download/v7.7.1/npp.7.7.1.bin.x64.zip
7.7.1,github,x64,npp.7.7.1.bin.x64.zip,localization/english.xml,english.xml,,74750,2019-05-30T17:13:23.335757+00:00,d8a7706a2beecb30ac7c3d3746a484b3,cedf846b2ae38f45fe467f35a0328619c9678891,658973437807ed8450fbdf34b265ff0b9db7381a71888baeb0d42a72f6614111,N/A,N/A,,https://github.com/notepad-plus-plus/notepad-plus-plus/releases/download/v7.7.1/npp.7.7.1.bin.x64.zip
7.7.1,github,x64,npp.7.7.1.bin.x64.zip,localization/english_customizable.xml,english_customizable.xml,,71799,2018-10-05T00:32:05.871996+00:00,ba660fd5e124a627e7b5b1d53a6ceae5,81228dc178e012002db96c72c1e2f0e812123b6e,db1c55427bf83385e8713460d515d05aa79b9829be85515f1e46ab1a2cdc198b,N/A,N/A,,https://github.com/notepad-plus-plus/notepad-plus-plus/releases/download/v7.7.1/npp.7.7.1.bin.x64.zip
7.7.1,github,x64,npp.7.7.1.bin.x64.zip,localization/esperanto.xml,esperanto.xml,,48285,2017-08-20T17:42:25.630120+00:00,4abf56d03e149ee0569619bbc11815a5,bca30606a47cae3f06685f01795613d1fce626eb,e1486a8120d1ef7998b5335536a3a4877fdcb630f87ed9ca7b307ac075b313c6,N/A,N/A,,https://github.com/notepad-plus-plus/notepad-plus-plus/releases/download/v7.7.1/npp.7.7.1.bin.x64.zip
7.7.1,github,x64,npp.7.7.1.bin.x64.zip,localization/estonian.xml,estonian.xml,,60812,2017-08-20T17:42:25.642927+00:00,a12e2854f772938fd4ccd55345dadd4b,20f9c4d026a1bff3934560c45a6956143070e99e,f71e4b0ba4fbf616af8f1568f2160d527b78fcf711132c4a38e0bd5378902237,N/A,N/A,,https://github.com/notepad-plus-plus/notepad-plus-plus/releases/download/v7.7.1/npp.7.7.1.bin.x64.zip
7.7.1,github,x64,npp.7.7.1.bin.x64.zip,localization/extremaduran.xml,extremaduran.xml,,25399,2016-12-26T22:10:43.910594+00:00,896b0f1f0854f3bcc23a80c99dcebd47,ee5d3a7de7503e18b2929d96dc164dd0671a841d,87e0372bfd2b84316adf2c7d3130fcf2415a96ec2c8bcd5da6f1a8a3a807c8d2,N/A,N/A,,https://github.com/notepad-plus-plus/notepad-plus-plus/releases/download/v7.7.1/npp.7.7.1.bin.x64.zip
7.7.1,github,x64,npp.7.7.1.bin.x64.zip,localization/farsi.xml,farsi.xml,,65927,2018-01-28T21:48:40.463836+00:00,9ddc0ac1e17a56703a3e0a7acb8d0e2a,3735a864f2c265811e478b8f1b7876ec7e73a1a9,d0acda01c7bb500072f00af882297d08a14821811931e862b5225bef97ab6336,N/A,N/A,,https://github.com/notepad-plus-plus/notepad-plus-plus/releases/download/v7.7.1/npp.7.7.1.bin.x64.zip
7.7.1,github,x64,npp.7.7.1.bin.x64.zip,localization/finnish.xml,finnish.xml,,44055,2017-08-20T17:42:25.673023+00:00,99d18eeaa47569147a0395948cb9c7d6,9b3488593fa1002a827698db2eec91b4eadba8ea,691d523b2a8c2ea14eb5e5259eed9e9de1853b2c2fd8badc77164f2cca2dd006,N/A,N/A,,https://github.com/notepad-plus-plus/notepad-plus-plus/releases/download/v7.7.1/npp.7.7.1.bin.x64.zip
7.7.1,github,x64,npp.7.7.1.bin.x64.zip,localization/french.xml,french.xml,,77647,2019-05-13T21:05:14.364512+00:00,9f90a6c8c9db6894bb578f39014ecea0,796cef14cfb541c2f9fb520a07330818c74e9394,497f8bf1660f90a8f0cd7f409c7a7df3cf2e040a8594bb039edf54e399fe61d2,N/A,N/A,,https://github.com/notepad-plus-plus/notepad-plus-plus/releases/download/v7.7.1/npp.7.7.1.bin.x64.zip
7.7.1,github,x64,npp.7.7.1.bin.x64.zip,localization/friulian.xml,friulian.xml,,34362,2017-08-20T17:40:40.917620+00:00,6d4c069b4c4517f68657be1641bec299,cc5384f29594b19822a805f8d5888ff328e169a1,d4ffe0a2b5e35fede7e6244be9823e1e946c60db1635e6d3f753e6df938e4b3d,N/A,N/A,,https://github.com/notepad-plus-plus/notepad-plus-plus/releases/download/v7.7.1/npp.7.7.1.bin.x64.zip
7.7.1,github,x64,npp.7.7.1.bin.x64.zip,functionList.xml,functionList.xml,,61820,2018-04-13T00:16:35.700332+00:00,bd8d804a62a5b9392885a6904033f0bf,e82bdad59f7f75736999520c3f27da7f05ee677e,ea1e92c06735a137cd03c36a252027c013e9224dd3013fbe3ddd5c5c0098b2b9,N/A,N/A,,https://github.com/notepad-plus-plus/notepad-plus-plus/releases/download/v7.7.1/npp.7.7.1.bin.x64.zip
7.7.1,github,x64,npp.7.7.1.bin.x64.zip,localization/galician.xml,galician.xml,,25339,2016-12-26T22:10:43.936632+00:00,191cc6b7ed37fad274f985d7329bd048,a8b7750901614323318923833a2fb7ac021e8c34,89a20e547d17b1006698cd35fbad772403033420808c8299206a8e299961d83e,N/A,N/A,,https://github.com/notepad-plus-plus/notepad-plus-plus/releases/download/v7.7.1/npp.7.7.1.bin.x64.zip
7.7.1,github,x64,npp.7.7.1.bin.x64.zip,localization/georgian.xml,georgian.xml,,60005,2017-08-20T17:40:40.935670+00:00,cada78594c9838103c479dbda55c9e05,7cdc3fd1b8a7ede96101badacf68281e3432bfbb,b319b96cb4eece88c0cf88b557ce56ce5abe85bdf0a6a1007b64310a708a6572,N/A,N/A,,https://github.com/notepad-plus-plus/notepad-plus-plus/releases/download/v7.7.1/npp.7.7.1.bin.x64.zip
7.7.1,github,x64,npp.7.7.1.bin.x64.zip,localization/german.xml,german.xml,,66297,2019-04-03T19:06:20.468422+00:00,355b310c4e264a059f7ace7bf26ed8fa,7585f0eb3efd56130e0542bebc9227936805e646,95ebc8459d0c7e217e45a2062221832d0bae29eca359ec38b2e450913d16590e,N/A,N/A,,https://github.com/notepad-plus-plus/notepad-plus-plus/releases/download/v7.7.1/npp.7.7.1.bin.x64.zip
7.7.1,github,x64,npp.7.7.1.bin.x64.zip,localization/greek.xml,greek.xml,,41094,2017-08-20T17:40:40.960334+00:00,109f64488a006665d76621dcd30e7ef7,b2167ac130ee2af4822861148dce561a5d1625fe,d65afc086673dc165ce82dd831b5f04c75d7d43c50957475e1c90f25766ad5da,N/A,N/A,,https://github.com/notepad-plus-plus/notepad-plus-plus/releases/download/v7.7.1/npp.7.7.1.bin.x64.zip
7.7.1,github,x64,npp.7.7.1.bin.x64.zip,localization/gujarati.xml,gujarati.xml,,69803,2017-08-20T17:42:25.733569+00:00,5e8d9609900189b29b660d673a78e015,ca4524f065e8bba6a5dc1dc2659233e4fd13c3dc,50c0e7a18c922bef1a758cff70d55df46913dddc22ca792e1b55b05a5b29c502,N/A,N/A,,https://github.com/notepad-plus-plus/notepad-plus-plus/releases/download/v7.7.1/npp.7.7.1.bin.x64.zip
7.7.1,github,x64,npp.7.7.1.bin.x64.zip,updater/GUP.exe,GUP.exe,,726160,2019-06-16T22:27:28.214174+00:00,af625555a66f9aecc9c7efd64f3b9116,dc9936b9b8fdfb360735d15736298ca61e792885,4ab155a2d163c63022c781743c50389944cc4764fabe20408af67ca2020e5dbe,N/A,N/A,,https://github.com/notepad-plus-plus/notepad-plus-plus/releases/download/v7.7.1/npp.7.7.1.bin.x64.zip
7.7.1,github,x64,npp.7.7.1.bin.x64.zip,updater/gup.xml,gup.xml,,4267,2018-12-27T00:44:15.868335+00:00,b023cc4d768b34a5401f317479740a53,4ca45db707b120bca9cb6cd8404b9e6ecabdb2d2,d3e6404c7286961cbab82d4c49f82bcb166db9b5a13eacaa0eeb59a0709a0c14,N/A,N/A,,https://github.com/notepad-plus-plus/notepad-plus-plus/releases/download/v7.7.1/npp.7.7.1.bin.x64.zip
7.7.1,github,x64,npp.7.7.1.bin.x64.zip,localization/hebrew.xml,hebrew.xml,,22740,2018-12-09T18:22:22.918496+00:00,07c8ebe76b6352401c0e9c84956d727f,fb14d93db71d0d4b3f25c275fc57d615ce7446c4,58585868a8164b247c53ad3646076e3404a4fd854ee3632ca9841c1ba3d210d6,N/A,N/A,,https://github.com/notepad-plus-plus/notepad-plus-plus/releases/download/v7.7.1/npp.7.7.1.bin.x64.zip
7.7.1,github,x64,npp.7.7.1.bin.x64.zip,themes/Hello Kitty.xml,Hello Kitty.xml,,89486,2019-05-30T15:39:11.784019+00:00,d0786bd3b5540140c6ca051b2ecca8fd,761dc48ba0eadfb962bb4358bde82b79cf8c5d0b,075d70d996662a584558ee4cb39510b36411aeed7cf2de2c8b189f9d7b2f765d,N/A,N/A,,https://github.com/notepad-plus-plus/notepad-plus-plus/releases/download/v7.7.1/npp.7.7.1.bin.x64.zip
7.7.1,github,x64,npp.7.7.1.bin.x64.zip,localization/hindi.xml,hindi.xml,,99799,2019-05-30T17:13:23.339747+00:00,4325a5b17ec69576fd080ebf39829c88,8fd97fb056842ccc73e81221a2293d0878d995cd,73dcf8bd373d63df5919aab42bb1bf0763b245d1a2b7ef31142b7d6cda7e5dc8,N/A,N/A,,https://github.com/notepad-plus-plus/notepad-plus-plus/releases/download/v7.7.1/npp.7.7.1.bin.x64.zip
7.7.1,github,x64,npp.7.7.1.bin.x64.zip,themes/HotFudgeSundae.xml,HotFudgeSundae.xml,,110071,2019-05-30T15:39:11.789005+00:00,5f22267bed83c68de08e966d94d454b1,e8b439269c725e911be3ac934d704078f415a705,9d4e75d868ff6187b64f7755b17e21a09651e12fe1e8a0c80815845434ff7760,N/A,N/A,,https://github.com/notepad-plus-plus/notepad-plus-plus/releases/download/v7.7.1/npp.7.7.1.bin.x64.zip
7.7.1,github,x64,npp.7.7.1.bin.x64.zip,autoCompletion/html.xml,html.xml,,19497,2018-12-25T17:16:55.601803+00:00,4025e1158c027cf56c2625e65eb724ec,439fea1f13f3a35d2c3176d99db0327a6d216d3f,4300b3a71f387c91548984d017033884e176546ad5b74bac2e4df59caa163530,N/A,N/A,,https://github.com/notepad-plus-plus/notepad-plus-plus/releases/download/v7.7.1/npp.7.7.1.bin.x64.zip
7.7.1,github,x64,npp.7.7.1.bin.x64.zip,localization/hungarian.xml,hungarian.xml,,79901,2019-03-01T00:05:47.191790+00:00,b49cd98b5a75f5a2320427653a1a1782,0b627a98f94832eea57dd0dd0e90eb191d0030ab,951a0bd8e663bf9a43dbc7e083d7de92defab68836a07422033e4915765b1a86,N/A,N/A,,https://github.com/notepad-plus-plus/notepad-plus-plus/releases/download/v7.7.1/npp.7.7.1.bin.x64.zip
7.7.1,github,x64,npp.7.7.1.bin.x64.zip,localization/indonesian.xml,indonesian.xml,,64183,2018-10-05T00:32:05.883964+00:00,258f097d09f9878310e7900bb35cbff3,ea2c9449f1e95c545b20d9c42df9cdbdaf2de2ab,bf7292893bd1700d22e328c4b542929122a027e504a179d7270637e5476befe5,N/A,N/A,,https://github.com/notepad-plus-plus/notepad-plus-plus/releases/download/v7.7.1/npp.7.7.1.bin.x64.zip
7.7.1,github,x64,npp.7.7.1.bin.x64.zip,localization/italian.xml,italian.xml,,84637,2019-03-26T23:11:19.870247+00:00,384f12abbc790c175e57f873f3becfb2,db7ed9fce3a9494d5d11116827615b9961b6b13f,500cfbf34b04f1299e61fe1473b73e0963024c53e6435e719b23298138d1d338,N/A,N/A,,https://github.com/notepad-plus-plus/notepad-plus-plus/releases/download/v7.7.1/npp.7.7.1.bin.x64.zip
7.7.1,github,x64,npp.7.7.1.bin.x64.zip,localization/japanese.xml,japanese.xml,,84903,2019-04-03T19:06:20.480392+00:00,76e62d9c62bea373eb90bebf31da09e8,7514df99a12775853ae30a5d37e4167f865ee262,5333dbb1359c8428750442aa18279a4eb1f72e4568f1d43a4c2277ca825a5420,N/A,N/A,,https://github.com/notepad-plus-plus/notepad-plus-plus/releases/download/v7.7.1/npp.7.7.1.bin.x64.zip
7.7.1,github,x64,npp.7.7.1.bin.x64.zip,autoCompletion/java.xml,java.xml,,205366,2017-05-09T07:28:59.549744+00:00,4690cead3d2bffe2ed519f6ea5002266,dabc1ba868dc058b06dd426365c83bf5ff5bf716,862a83be2906ce28b6d3f1fdfb589d18cd6e971a7eaa51a1c7096cfff929b35b,N/A,N/A,,https://github.com/notepad-plus-plus/notepad-plus-plus/releases/download/v7.7.1/npp.7.7.1.bin.x64.zip
7.7.1,github,x64,npp.7.7.1.bin.x64.zip,autoCompletion/javascript.xml,javascript.xml,,23318,2018-12-09T18:22:22.903537+00:00,30fc91a7c5194ef8d67e1c7e2fd6f697,f9e48cccfa5df44219a6d4a9a1af6083679f097e,7f0564f983478207754a58e66ee6865b8699bd3b9f4fd5c385126d46d7148831,N/A,N/A,,https://github.com/notepad-plus-plus/notepad-plus-plus/releases/download/v7.7.1/npp.7.7.1.bin.x64.zip
7.7.1,github,x64,npp.7.7.1.bin.x64.zip,localization/kabyle.xml,kabyle.xml,,50327,2017-08-20T17:42:25.813696+00:00,ec924dd39f1e36164ef4e93cd5883a2d,3a159ce0c072be9094b589d6711a4b6dfe878487,56714b11409a13fcd706f2d73674919a0bb70c80c7ec18eccf865ad67ad7b48f,N/A,N/A,,https://github.com/notepad-plus-plus/notepad-plus-plus/releases/download/v7.7.1/npp.7.7.1.bin.x64.zip
7.7.1,github,x64,npp.7.7.1.bin.x64.zip,localization/kannada.xml,kannada.xml,,74866,2017-08-20T17:42:25.828578+00:00,f0baf174376d1811fd49d05ace8eb0c6,8ca7735e04fd0ef605adc26912dc9b2fc54982a4,99f75ff79aad8084802bf1d52e7dc78eef18194d399c5248eb205db85348955d,N/A,N/A,,https://github.com/notepad-plus-plus/notepad-plus-plus/releases/download/v7.7.1/npp.7.7.1.bin.x64.zip
7.7.1,github,x64,npp.7.7.1.bin.x64.zip,localization/kazakh.xml,kazakh.xml,,33034,2017-08-20T17:40:41.076773+00:00,42d3d22d81645a44258aa730177896db,65593cc51fa72d9715c4c37028a2a95e84b3dcdb,3942e9c344acae7caa9d28a758b4df80c1211bab80ac88d81449101f9b943c66,N/A,N/A,,https://github.com/notepad-plus-plus/notepad-plus-plus/releases/download/v7.7.1/npp.7.7.1.bin.x64.zip
7.7.1,github,x64,npp.7.7.1.bin.x64.zip,themes/khaki.xml,khaki.xml,,107825,2019-05-30T15:39:11.867795+00:00,3d79493becec1876554827c2a870e203,788ba50a804458e5875aa6c3db5ee420f066b241,da65bab52eed47e378ded955f881a8720b1ea7f309a3532c0c8243b6439c6894,N/A,N/A,,https://github.com/notepad-plus-plus/notepad-plus-plus/releases/download/v7.7.1/npp.7.7.1.bin.x64.zip
7.7.1,github,x64,npp.7.7.1.bin.x64.zip,localization/korean.xml,korean.xml,,47363,2017-08-20T17:42:25.869315+00:00,a81c00ae49aeb5c5ded60220e6e42199,39ac3b19b7f7917aab593fc1f157225b5575910a,50b2b6820683551838ea1533d21624dac75daded6ce9d4227153a4f2986cdf4d,N/A,N/A,,https://github.com/notepad-plus-plus/notepad-plus-plus/releases/download/v7.7.1/npp.7.7.1.bin.x64.zip
7.7.1,github,x64,npp.7.7.1.bin.x64.zip,localization/kurdish.xml,kurdish.xml,,62866,2019-03-26T23:11:19.873271+00:00,713c7613217038dead56ba13741d70b5,3d5216e5e8fafbab894def07aa312a466e1ee789,6a54a7235f8f4cbf5cb4c34f6bdf0bf9ee0d7e3ac62654d5c46e2fdf71868593,N/A,N/A,,https://github.com/notepad-plus-plus/notepad-plus-plus/releases/download/v7.7.1/npp.7.7.1.bin.x64.zip
7.7.1,github,x64,npp.7.7.1.bin.x64.zip,localization/kyrgyz.xml,kyrgyz.xml,,38731,2017-08-20T17:40:41.099834+00:00,ad3a31d477ad1e09dc3f6911c1f50d1e,cefc20836cbc0e78eb0291948eadbdf09b21a838,4964c0b9f36b7fec44ec0805ba153d88293311cd703680719187cdaa68fbd090,N/A,N/A,,https://github.com/notepad-plus-plus/notepad-plus-plus/releases/download/v7.7.1/npp.7.7.1.bin.x64.zip
7.7.1,github,x64,npp.7.7.1.bin.x64.zip,langs.model.xml,langs.model.xml,,329543,2019-05-30T15:39:11.907688+00:00,e77c570ce893a40a76ac0f1b75d8c9f7,b25b34ad18ea2b3bdc112520f27873c0bfc43a46,edfd1ba2ed1f8b75aa95c4eed0a574f88787b60c8f5466182a90141819dc1d68,N/A,N/A,,https://github.com/notepad-plus-plus/notepad-plus-plus/releases/download/v7.7.1/npp.7.7.1.bin.x64.zip
7.7.1,github,x64,npp.7.7.1.bin.x64.zip,localization/latvian.xml,latvian.xml,,46317,2017-08-20T17:42:25.890348+00:00,170d9e9a92a604a309259d3d6f3b9bb6,b782debe9d50b17d2124295befc43bf8b0349eac,bbaa6bc087ab351b182d204a60eab8bc93bd5e75ca2a4a4eaf80b1d5e0fec59b,N/A,N/A,,https://github.com/notepad-plus-plus/notepad-plus-plus/releases/download/v7.7.1/npp.7.7.1.bin.x64.zip
7.7.1,github,x64,npp.7.7.1.bin.x64.zip,updater/libcurl.dll,libcurl.dll,,545936,2019-06-16T22:27:32.866288+00:00,bdffce4e2e9f208adba99f5177e60fb4,655f73b950b0f36cafc47563f2e8cd87cbd65854,99c78ebfc40b3c26e1e1515966aa67241a787873caf6454c93e181ec218c3995,N/A,N/A,,https://github.com/notepad-plus-plus/notepad-plus-plus/releases/download/v7.7.1/npp.7.7.1.bin.x64.zip
7.7.1,github,x64,npp.7.7.1.bin.x64.zip,updater/LICENSE,LICENSE,,7804,2018-12-27T00:44:16.015949+00:00,8e3494bf8cf1967afd3b1016fbbe5bb0,b1608abb6e19ef60f4b9c52f6e05bf81cc97d0c2,319917f5ccd09878db6f67c9a77dee846055644ca49eb535628b9e020a87261e,N/A,N/A,,https://github.com/notepad-plus-plus/notepad-plus-plus/releases/download/v7.7.1/npp.7.7.1.bin.x64.zip
7.7.1,github,x64,npp.7.7.1.bin.x64.zip,license.txt,license.txt,,16885,2016-12-26T22:10:43.405127+00:00,6a0438c04e6553dfb631636dbdb199a1,1fb5eb9da193f6a474ea1ae754d69cbe6fcd2b48,da59bed2b60d1ba57830d1bb71e5993de37c6085b2d86e41ec43938467234c55,N/A,N/A,,https://github.com/notepad-plus-plus/notepad-plus-plus/releases/download/v7.7.1/npp.7.7.1.bin.x64.zip
7.7.1,github,x64,npp.7.7.1.bin.x64.zip,localization/ligurian.xml,ligurian.xml,,34480,2017-08-20T17:40:41.121866+00:00,58a86031153e6bd8ae1ad5bf80fcc894,656cedf73e8d40797a43980fd1801f6501b036c4,5fad85ea1c785dca218106e2b409c20b3cb103e8cdc87c542aae5d630599c33b,N/A,N/A,,https://github.com/notepad-plus-plus/notepad-plus-plus/releases/download/v7.7.1/npp.7.7.1.bin.x64.zip
7.7.1,github,x64,npp.7.7.1.bin.x64.zip,autoCompletion/lisp.xml,lisp.xml,,16208,2016-12-26T22:10:43.620377+00:00,310ae71e554b99a4c71b546097de55c0,8433177f8656755b0f79d96188f3de085520d75e,83478867f319bf093ce02f0c98a88b183862c235025580cca9ec7a9515521833,N/A,N/A,,https://github.com/notepad-plus-plus/notepad-plus-plus/releases/download/v7.7.1/npp.7.7.1.bin.x64.zip
7.7.1,github,x64,npp.7.7.1.bin.x64.zip,localization/lithuanian.xml,lithuanian.xml,,76856,2018-10-05T00:32:05.898928+00:00,98f5a618f8cf3ca48774c15ca95bc2bb,0b7d75e1c4f5bf67e31c44cd26b01a5cee1765f5,fb94b9381592015b27e12358c44a522409ec5c180fec694b2ddceff960294d0c,N/A,N/A,,https://github.com/notepad-plus-plus/notepad-plus-plus/releases/download/v7.7.1/npp.7.7.1.bin.x64.zip
7.7.1,github,x64,npp.7.7.1.bin.x64.zip,autoCompletion/lua.xml,lua.xml,,90490,2018-11-10T18:55:12.357412+00:00,bdb4f044ba52f6a83953ffd659c9252a,25ca6e9f4be716377126ca21f332beefef8f1549,3daa67cc9dd0370566566ce0492597a3698b7d9edd361a759c58e1fbd7abb349,N/A,N/A,,https://github.com/notepad-plus-plus/notepad-plus-plus/releases/download/v7.7.1/npp.7.7.1.bin.x64.zip
7.7.1,github,x64,npp.7.7.1.bin.x64.zip,localization/luxembourgish.xml,luxembourgish.xml,,25260,2017-08-20T17:40:41.142960+00:00,cc2d7d26c9d221def534845ec7453ddb,b40b675c5a5c10c8a393714f483aa515be4a5f8d,b73cb0703537af9d58c2e1f040f2e7f741199eef954d5e109eb301fc4498ffe0,N/A,N/A,,https://github.com/notepad-plus-plus/notepad-plus-plus/releases/download/v7.7.1/npp.7.7.1.bin.x64.zip
7.7.1,github,x64,npp.7.7.1.bin.x64.zip,localization/macedonian.xml,macedonian.xml,,36460,2016-12-26T22:10:44.046439+00:00,59f590ee75294f37ccb5ed1c7a441a11,7432c800018216193273b59666f26c4a81540ee6,59dbcc4618fa64eebd71808b16b4736b7af8855bef760aec3eb31c6f8f5f470e,N/A,N/A,,https://github.com/notepad-plus-plus/notepad-plus-plus/releases/download/v7.7.1/npp.7.7.1.bin.x64.zip
7.7.1,github,x64,npp.7.7.1.bin.x64.zip,localization/malay.xml,malay.xml,,19084,2016-12-26T22:10:44.052465+00:00,3158e10e8a9b3c0e84a770f5f11aaa1f,418a6c52704b6c832b80b36adbba45682725c76f,690416e418c9821bfe71805f76d9e18ee39fd092742d173cc9fe595268b131fa,N/A,N/A,,https://github.com/notepad-plus-plus/notepad-plus-plus/releases/download/v7.7.1/npp.7.7.1.bin.x64.zip
7.7.1,github,x64,npp.7.7.1.bin.x64.zip,localization/marathi.xml,marathi.xml,,48181,2019-06-01T16:07:32.531979+00:00,ce4757e3935343d472515cf9b936d7e4,c9ba81eb7b9f1ec2c0ac70e948846ba434d2ac7c,8b7545558bc73329f6caa27b5aa6203220d7a58ea3b37e9c346e636aaf70146c,N/A,N/A,,https://github.com/notepad-plus-plus/notepad-plus-plus/releases/download/v7.7.1/npp.7.7.1.bin.x64.zip
7.7.1,github,x64,npp.7.7.1.bin.x64.zip,plugins/mimeTools/mimeTools.dll,mimeTools.dll,,120464,2019-06-16T22:27:39.864603+00:00,289ecb2c17536265c6f820c3987ba54f,10f8a347e7cb2d12395a643c4ce35a08c80ba7fa,d33d1946e2825af6438df40df3eab7ff40cd55427d8f122380684e6c8156c46a,N/A,N/A,,https://github.com/notepad-plus-plus/notepad-plus-plus/releases/download/v7.7.1/npp.7.7.1.bin.x64.zip
7.7.1,github,x64,npp.7.7.1.bin.x64.zip,localization/mongolian.xml,mongolian.xml,,64376,2017-08-20T17:42:25.932074+00:00,7ff28b9242fe6bd774fcd71fbed5563d,e6de73bce5edb47ebc766bf9818c8fcbf77c8555,5d35c3c2f10b6f6923c0b11bd7d82f569ba6a0a8fb854aac20988c77d35bf934,N/A,N/A,,https://github.com/notepad-plus-plus/notepad-plus-plus/releases/download/v7.7.1/npp.7.7.1.bin.x64.zip
7.7.1,github,x64,npp.7.7.1.bin.x64.zip,themes/Mono Industrial.xml,Mono Industrial.xml,,90927,2019-05-30T15:39:11.793991+00:00,7bfad44061fd2b045f61ed2d2558253e,23d6d5b91a53ec1f94c9e8cd2758564ff62a1912,b889a6bae8fb974c3aef44ce3fca7c25d7520743a1a4546867baf1db1090e32b,N/A,N/A,,https://github.com/notepad-plus-plus/notepad-plus-plus/releases/download/v7.7.1/npp.7.7.1.bin.x64.zip
7.7.1,github,x64,npp.7.7.1.bin.x64.zip,themes/Monokai.xml,Monokai.xml,,89664,2019-05-30T15:39:11.799975+00:00,06781ea16464af849cae19ce1e30de82,c52a9c94ba45b02585246c1106f9293c1b3f2cf6,94c64acc04be0415d547212b44c793e885842701899f87410b95ffec04ef0ee9,N/A,N/A,,https://github.com/notepad-plus-plus/notepad-plus-plus/releases/download/v7.7.1/npp.7.7.1.bin.x64.zip
7.7.1,github,x64,npp.7.7.1.bin.x64.zip,themes/MossyLawn.xml,MossyLawn.xml,,107930,2019-05-30T15:39:11.803968+00:00,28823fba483e45146a29451ba95680a2,2d41d6b9ccd38d289689e6bb1eaa9b1ac4f5ab00,64ba41815c56c982e2149bd0d705b2883a44ea63e0f61f5c610439f7a2724877,N/A,N/A,,https://github.com/notepad-plus-plus/notepad-plus-plus/releases/download/v7.7.1/npp.7.7.1.bin.x64.zip
7.7.1,github,x64,npp.7.7.1.bin.x64.zip,themes/Navajo.xml,Navajo.xml,,107739,2019-05-30T15:39:11.810946+00:00,c8ccfee05923c3d0fcf909ddb00f5422,85af19a8cce8a412bb217214458a5ba94dfca06d,6749ecf56b86b5a6d1b4fda1218359dc7fec837f48f2ce1480a286b7530071c2,N/A,N/A,,https://github.com/notepad-plus-plus/notepad-plus-plus/releases/download/v7.7.1/npp.7.7.1.bin.x64.zip
7.7.1,github,x64,npp.7.7.1.bin.x64.zip,localization/norwegian.xml,norwegian.xml,,27778,2016-12-26T22:10:44.066320+00:00,f5519b853316445aab668c1dfd480f87,0f7aab54733b22d514b36ea68e39b0fe215afcbc,bb9a79755d37d449acff570c20e78a9e0c58482414435cf0f493e15e6216fce3,N/A,N/A,,https://github.com/notepad-plus-plus/notepad-plus-plus/releases/download/v7.7.1/npp.7.7.1.bin.x64.zip
7.7.1,github,x64,npp.7.7.1.bin.x64.zip,notepad++.exe,notepad++.exe,,3454608,2019-06-16T22:27:09.533601+00:00,88cdac82a0981be7d343b3362f87a456,47364e864c1501dd6e41c6cb13068951040ec596,8cea262975162ce534303e8a1009d3db1723c8f19d0cb47aa2511666f2fd8fe5,N/A,N/A,,https://github.com/notepad-plus-plus/notepad-plus-plus/releases/download/v7.7.1/npp.7.7.1.bin.x64.zip
7.7.1,github,x64,npp.7.7.1.bin.x64.zip,plugins/NppConverter/NppConverter.dll,NppConverter.dll,,157328,2019-06-16T22:27:44.573419+00:00,da4c3ca96bfb64fdfa5cf1269e8f16d5,a4b97c3e87d97a98b65e21d9f9c036db68827d0e,b0738979440dcdf114bff45ce1b5a359cec26bfd861bde482ddaac42e845a35f,N/A,N/A,,https://github.com/notepad-plus-plus/notepad-plus-plus/releases/download/v7.7.1/npp.7.7.1.bin.x64.zip
7.7.1,github,x64,npp.7.7.1.bin.x64.zip,plugins/Config/nppPluginList.dll,nppPluginList.dll,,147088,2019-06-16T22:27:23.470457+00:00,de714e1c12e11dcdc0629e2e9fb0811d,de0c402058e4ddd57cbf98e9e60a52caef408371,ff1ecaee229d9d4683665bece9e1b1668d66f23dd260984e331b706758a199ea,N/A,N/A,,https://github.com/notepad-plus-plus/notepad-plus-plus/releases/download/v7.7.1/npp.7.7.1.bin.x64.zip
7.7.1,github,x64,npp.7.7.1.bin.x64.zip,autoCompletion/nsis.xml,nsis.xml,,8183,2016-12-26T22:10:43.625372+00:00,7985ac923ccbf94742d29d96c405c843,e77f9a3ef026127de4d47538c1f121c771eb7727,5c1482f16fc8a1b99ec87eb4edef5c1d3f2d1c750f1647416369c6124498ad3e,N/A,N/A,,https://github.com/notepad-plus-plus/notepad-plus-plus/releases/download/v7.7.1/npp.7.7.1.bin.x64.zip
7.7.1,github,x64,npp.7.7.1.bin.x64.zip,localization/nynorsk.xml,nynorsk.xml,,41202,2017-08-20T17:40:41.189943+00:00,694867a6ade700da42a55da24da74200,d6115de129aa535bc83cce55e1c1ad5a001a5fac,319a9e846a610811fdf12b96bf352e4e07f2d7de5a6bec3000cebc1b1e21a1fe,N/A,N/A,,https://github.com/notepad-plus-plus/notepad-plus-plus/releases/download/v7.7.1/npp.7.7.1.bin.x64.zip
7.7.1,github,x64,npp.7.7.1.bin.x64.zip,themes/Obsidian.xml,Obsidian.xml,,93305,2019-05-30T15:39:11.812941+00:00,df1ad472007aa51d35f640cdca7cc3cb,f6c4f1c114e10bcf2ba2bf5d0283636bb52df13d,d0c73806ad243121839f2854d7ee55eb4c2962ddb98bef9c402dfb7c4e6f5e07,N/A,N/A,,https://github.com/notepad-plus-plus/notepad-plus-plus/releases/download/v7.7.1/npp.7.7.1.bin.x64.zip
7.7.1,github,x64,npp.7.7.1.bin.x64.zip,localization/occitan.xml,occitan.xml,,61127,2019-03-26T23:11:19.875935+00:00,282135aa211f86afebb1be689de3480c,80f66a9a2b3ced83c3ddbdd4865734c61a4c0a60,a65ef81488df5ddd0cdcc6e65be1b6992b79197fb7980740a750d2f5f5def463,N/A,N/A,,https://github.com/notepad-plus-plus/notepad-plus-plus/releases/download/v7.7.1/npp.7.7.1.bin.x64.zip
7.7.1,github,x64,npp.7.7.1.bin.x64.zip,autoCompletion/perl.xml,perl.xml,,14269,2017-12-28T02:55:00.344057+00:00,244eb5c1e91dc112130252fe58e49b13,28ca0a12b3fbc905cd20ebb62199cdb8d03684a5,e38a882b09330b6dbd56a2a4a90882c371a3c3eb7d29ceae9520a647c185b627,N/A,N/A,,https://github.com/notepad-plus-plus/notepad-plus-plus/releases/download/v7.7.1/npp.7.7.1.bin.x64.zip
7.7.1,github,x64,npp.7.7.1.bin.x64.zip,autoCompletion/php.xml,php.xml,,427929,2016-12-26T22:10:43.642433+00:00,1e9d31476dddc00249463ede7ba491d7,7d6f0047913e58aecf891f24c1e712d269e78bad,43391307f2829b77df05725a13670f6ad0650f8b92b4503cba65d7901e1dda10,N/A,N/A,,https://github.com/notepad-plus-plus/notepad-plus-plus/releases/download/v7.7.1/npp.7.7.1.bin.x64.zip
7.7.1,github,x64,npp.7.7.1.bin.x64.zip,localization/piglatin.xml,piglatin.xml,,79304,2019-03-05T01:52:36.655945+00:00,e57e7d60833241e6307f5666fb7682cc,bead4f333a93d10902ef227f2295815c533597a8,1fec93f265e064820f37cc450b8cb8c60b9250bffb4bf1612a70e81527068010,N/A,N/A,,https://github.com/notepad-plus-plus/notepad-plus-plus/releases/download/v7.7.1/npp.7.7.1.bin.x64.zip
7.7.1,github,x64,npp.7.7.1.bin.x64.zip,themes/Plastic Code Wrap.xml,Plastic Code Wrap.xml,,92421,2019-05-30T15:39:11.831891+00:00,fee7ab321482f225e0000afba772bb3a,1d29938d8462987c6a36538d48bf0cc6e377a1df,0f5cbbb15d3a3b9fea2a7a0ee6df258d99423eb4095fee117870a1cc5650f394,N/A,N/A,,https://github.com/notepad-plus-plus/notepad-plus-plus/releases/download/v7.7.1/npp.7.7.1.bin.x64.zip
7.7.1,github,x64,npp.7.7.1.bin.x64.zip,localization/polish.xml,polish.xml,,58814,2018-11-10T18:55:12.361393+00:00,b6fe2b47e9118deeedba46078bad74d3,95172e8b5462aac9493525115564f45314b1fd67,aab6f7be1c52762cd91d7424adeec856beb2aead9051f62b2591657b82618681,N/A,N/A,,https://github.com/notepad-plus-plus/notepad-plus-plus/releases/download/v7.7.1/npp.7.7.1.bin.x64.zip
7.7.1,github,x64,npp.7.7.1.bin.x64.zip,localization/portuguese.xml,portuguese.xml,,52588,2018-12-09T18:22:22.930436+00:00,bbdcaf6faf7f8548c07f2bb8e617a15e,44c4471d3c963037ce63605e9a7124a0ac36afbf,80b8d3026279141c07722981cc3c6f356674099fd02b8f82b74104fe625e2236,N/A,N/A,,https://github.com/notepad-plus-plus/notepad-plus-plus/releases/download/v7.7.1/npp.7.7.1.bin.x64.zip
7.7.1,github,x64,npp.7.7.1.bin.x64.zip,localization/punjabi.xml,punjabi.xml,,71006,2017-08-20T17:42:25.988152+00:00,1b2298a7b847f23751010f2b01e7a2ab,adeb00513bc79d24dac85640ac1463988a454a15,e3e009b986ed53654ea1c89d828ba3998039db4fae20a877f097e41a2ebb7771,N/A,N/A,,https://github.com/notepad-plus-plus/notepad-plus-plus/releases/download/v7.7.1/npp.7.7.1.bin.x64.zip
7.7.1,github,x64,npp.7.7.1.bin.x64.zip,autoCompletion/python.xml,python.xml,,61585,2016-12-26T22:10:43.648414+00:00,7bedd66d0b8a71da1467f63db6184420,c425dd0d93cd23e091ad0623c82d2edde21dbe06,cc27e0ea6542eb7bb249d169f42f9ac6fcbb794c2ef5d85f2b502e124ceef916,N/A,N/A,,https://github.com/notepad-plus-plus/notepad-plus-plus/releases/download/v7.7.1/npp.7.7.1.bin.x64.zip
7.7.1,github,x64,npp.7.7.1.bin.x64.zip,autoCompletion/rc.xml,rc.xml,,1642,2016-12-26T22:10:43.652428+00:00,12b972b69130e664e50ac111d298379b,413141253cf170a010f7f3a05a9ee1cfd4d37e25,12ad067aa1227b92141bbf9faca8efa74549cff6dabde85899db9272eb7e2dff,N/A,N/A,,https://github.com/notepad-plus-plus/notepad-plus-plus/releases/download/v7.7.1/npp.7.7.1.bin.x64.zip
7.7.1,github,x64,npp.7.7.1.bin.x64.zip,updater/README.md,README.md,,2991,2018-12-27T00:44:16.110687+00:00,9f56b12cbffcfad543fb1f91e3955f1b,406e1423549a8f5e97d8d8e37d5e7f6f4da8194b,aef40520cf12a0842097e8cfbeb9d9128f52573e5f90ca12d4a0a9045978547e,N/A,N/A,,https://github.com/notepad-plus-plus/notepad-plus-plus/releases/download/v7.7.1/npp.7.7.1.bin.x64.zip
7.7.1,github,x64,npp.7.7.1.bin.x64.zip,readme.txt,readme.txt,,1450,2016-12-26T22:10:43.409172+00:00,5c52adcd2bcc000a8b4bd5eb36b84cde,b51da3c7700102dad5d71b2a8551320b2529322a,f09758a2c953bdd2b817441e9a00255d3685c99369468c2695f0ca39aaaa5e6b,N/A,N/A,,https://github.com/notepad-plus-plus/notepad-plus-plus/releases/download/v7.7.1/npp.7.7.1.bin.x64.zip
7.7.1,github,x64,npp.7.7.1.bin.x64.zip,localization/romanian.xml,romanian.xml,,79037,2019-05-30T15:39:11.758087+00:00,b9ef29e90195ced6138e3c780858d024,c89ff4bae248732bdb4b279d39f04124714d70f2,511e3b29f50c46324b636c8ebbe02d2c9c3dc0839b7f3fa5ebaff422c387f5aa,N/A,N/A,,https://github.com/notepad-plus-plus/notepad-plus-plus/releases/download/v7.7.1/npp.7.7.1.bin.x64.zip
7.7.1,github,x64,npp.7.7.1.bin.x64.zip,themes/Ruby Blue.xml,Ruby Blue.xml,,72157,2019-05-30T15:39:11.834883+00:00,ba8a57e2cca530a51c4b497b0a1ecb9e,b120fa127856a4ef429cdc9f4234ea71bb157421,f5351278ed5957758d7882fd488d2c58fba695fd2f435bf99739eb430346dc28,N/A,N/A,,https://github.com/notepad-plus-plus/notepad-plus-plus/releases/download/v7.7.1/npp.7.7.1.bin.x64.zip
7.7.1,github,x64,npp.7.7.1.bin.x64.zip,localization/russian.xml,russian.xml,,83344,2019-05-13T21:05:14.368502+00:00,435f3d4ae5cff009d5e5ec356042cbe7,57782ad06e3cd108a6e22d58927f04fefd7a8b0c,ab2423bff4feb6c11b5dccf2d35adc4bb4a7046db00e24a66d697540d9519612,N/A,N/A,,https://github.com/notepad-plus-plus/notepad-plus-plus/releases/download/v7.7.1/npp.7.7.1.bin.x64.zip
7.7.1,github,x64,npp.7.7.1.bin.x64.zip,localization/samogitian.xml,samogitian.xml,,10160,2016-12-26T22:10:44.114584+00:00,ebba131558f344afe63e1c5718d0f7ad,65ba510db37a5d8ef74d1c77ede30fa9cccad299,75eca9974de1fca41651975a92f374660e1a7c273a3d1dab0ef6dd573230878b,N/A,N/A,,https://github.com/notepad-plus-plus/notepad-plus-plus/releases/download/v7.7.1/npp.7.7.1.bin.x64.zip
7.7.1,github,x64,npp.7.7.1.bin.x64.zip,localization/sardinian.xml,sardinian.xml,,40982,2017-08-20T17:40:41.271018+00:00,064889342004d04b1de62578aa733216,30b21b176b1c031ec472d45ccad41eba239efc52,0169ebd43b3cec4a4f3b0143a2af6f07ec9bf73cb04882a3d4507f01931c08de,N/A,N/A,,https://github.com/notepad-plus-plus/notepad-plus-plus/releases/download/v7.7.1/npp.7.7.1.bin.x64.zip
7.7.1,github,x64,npp.7.7.1.bin.x64.zip,SciLexer.dll,SciLexer.dll,,1788560,2019-06-16T22:27:14.255907+00:00,7fde51a51f52dfa11b1227f0867a1fad,b770100e44e4dd590c4205a3975ef8d901f90848,ecf0cc71753c2a411d0ab0f59fc75c16dafa80d1daff5338e7639876bf65542d,N/A,N/A,,https://github.com/notepad-plus-plus/notepad-plus-plus/releases/download/v7.7.1/npp.7.7.1.bin.x64.zip
7.7.1,github,x64,npp.7.7.1.bin.x64.zip,localization/serbian.xml,serbian.xml,,24098,2016-12-26T22:10:44.125648+00:00,174e7dc367ff1c213432b891f11d25bb,e199d3a723bcbb176e9f79969f502658efab0ac7,1a07c6a9c2639fa12bb000f599498ddf84827449afbb7952f4bdc4cf526c2117,N/A,N/A,,https://github.com/notepad-plus-plus/notepad-plus-plus/releases/download/v7.7.1/npp.7.7.1.bin.x64.zip
7.7.1,github,x64,npp.7.7.1.bin.x64.zip,localization/serbianCyrillic.xml,serbianCyrillic.xml,,47833,2017-08-20T17:40:41.289358+00:00,e6c94316e6d065533305b94e7d5af2bc,3b6f4b424d7321bae1d643bef50ee952d7990ddd,289d7cdd9d9af5b2992e3b0ac38022f91e3d9dc0051e40733983e26e2ddcf594,N/A,N/A,,https://github.com/notepad-plus-plus/notepad-plus-plus/releases/download/v7.7.1/npp.7.7.1.bin.x64.zip
7.7.1,github,x64,npp.7.7.1.bin.x64.zip,shortcuts.xml,shortcuts.xml,,1800,2019-01-27T02:00:52.459055+00:00,7055e239de97ab9c2ac0b1a5e72325ad,cac8aa8f244dfd955a9a66e5be7da123e6076de8,867759aa7241cb97e982215cea0907e5193e938da8bf188da913ca021ada0d00,N/A,N/A,,https://github.com/notepad-plus-plus/notepad-plus-plus/releases/download/v7.7.1/npp.7.7.1.bin.x64.zip
7.7.1,github,x64,npp.7.7.1.bin.x64.zip,localization/sinhala.xml,sinhala.xml,,56893,2017-08-20T17:40:41.304229+00:00,9986ce0334af5335ae8c7e5a3cbc818b,384de56d2af7c4941c266bfba7d69518b2b1879d,a8b55a8115a50bd3b7b07c359c49fe7da48a5acf1dacc2c0e3708f6f48636fd6,N/A,N/A,,https://github.com/notepad-plus-plus/notepad-plus-plus/releases/download/v7.7.1/npp.7.7.1.bin.x64.zip
7.7.1,github,x64,npp.7.7.1.bin.x64.zip,localization/slovak.xml,slovak.xml,,74133,2019-03-05T01:52:36.662924+00:00,e56b5a5257bf4e743e9abb688b9e7215,9807a05639ca5262da524d1d1639e2b98c17d805,52b86604adc29058a0efe7109857cc37cb452fd46f6210467543af2bf81b8b3e,N/A,N/A,,https://github.com/notepad-plus-plus/notepad-plus-plus/releases/download/v7.7.1/npp.7.7.1.bin.x64.zip
7.7.1,github,x64,npp.7.7.1.bin.x64.zip,localization/slovenian.xml,slovenian.xml,,72270,2019-05-08T23:22:36.226757+00:00,2d0d8cdcb5375130e8cba2061df596ea,2013ad247c515fa341789ec660cccbd5c0a857e0,7b06c50ce90928f455131c070486e2f6f2d6e6ab71fdf7b703ee81ee211bb51e,N/A,N/A,,https://github.com/notepad-plus-plus/notepad-plus-plus/releases/download/v7.7.1/npp.7.7.1.bin.x64.zip
7.7.1,github,x64,npp.7.7.1.bin.x64.zip,themes/Solarized-light.xml,Solarized-light.xml,,108375,2019-05-30T15:39:11.837874+00:00,d7d187c6b7768f0c6b297a5c3c4bc166,60c4a0d7cc616199cd6d5bd9a091fed9da994550,c073c57ebcb8a15b2c2bcd59024496c462d85340b3e870ce0e18e525613af4f6,N/A,N/A,,https://github.com/notepad-plus-plus/notepad-plus-plus/releases/download/v7.7.1/npp.7.7.1.bin.x64.zip
7.7.1,github,x64,npp.7.7.1.bin.x64.zip,themes/Solarized.xml,Solarized.xml,,108363,2019-05-30T15:39:11.840867+00:00,9fe03156c870d1da5def22bd674195c9,adbe6952195ada932039f3ebb1ffc1e929d948b8,ad20f7e74695163519f860b9f3979d128e0501ba04f8123dd531ef39197a0f94,N/A,N/A,,https://github.com/notepad-plus-plus/notepad-plus-plus/releases/download/v7.7.1/npp.7.7.1.bin.x64.zip
7.7.1,github,x64,npp.7.7.1.bin.x64.zip,localization/spanish.xml,spanish.xml,,61773,2019-05-08T23:22:36.235734+00:00,822489dc4c8085d014fb508c76289747,f32f69839fe6fa2f15cb6481344b571be132e642,23b6520c0d7b3d7e80086b0714f0668a08e6b0dbea7a493cb0e320b8c552be02,N/A,N/A,,https://github.com/notepad-plus-plus/notepad-plus-plus/releases/download/v7.7.1/npp.7.7.1.bin.x64.zip
7.7.1,github,x64,npp.7.7.1.bin.x64.zip,localization/spanish_ar.xml,spanish_ar.xml,,45235,2017-08-20T17:42:26.087522+00:00,e6e44ee7c6b6a0ff89f0fe490f3c11fc,a3cc69b4ea7148ab45a5c907d3b0a45da166b65a,2fadeca7c44132ef9a9243bd67eee23c93a25f96bc6c80b81d527d18128d284d,N/A,N/A,,https://github.com/notepad-plus-plus/notepad-plus-plus/releases/download/v7.7.1/npp.7.7.1.bin.x64.zip
7.7.1,github,x64,npp.7.7.1.bin.x64.zip,autoCompletion/sql.xml,sql.xml,,67952,2016-12-26T22:10:43.658459+00:00,056b92b4d2e16984505990cf379b5486,7571c99732917dad3dd465f29d5bf28619a09fa7,620fe159db5ce323b78b4768f9f6a3a95ca2c4fa4806ea5145afadac21dcc74d,N/A,N/A,,https://github.com/notepad-plus-plus/notepad-plus-plus/releases/download/v7.7.1/npp.7.7.1.bin.x64.zip
7.7.1,github,x64,npp.7.7.1.bin.x64.zip,stylers.model.xml,stylers.model.xml,,166357,2019-05-30T15:39:11.911682+00:00,46fc329be6615da0c27f5bbc80fad64c,04babccbc1e82af74a24354ef7711c277cb6af17,5f57890b3f39889ac6ca376ab1debf5d2ae2df531c5284f70e13f6106204cb83,N/A,N/A,,https://github.com/notepad-plus-plus/notepad-plus-plus/releases/download/v7.7.1/npp.7.7.1.bin.x64.zip
7.7.1,github,x64,npp.7.7.1.bin.x64.zip,localization/swedish.xml,swedish.xml,,59422,2019-05-30T15:39:11.761080+00:00,a41e0bfa49dd28206c2e9fd65880e2d5,8c1e56f022f22cb2d18c1864c775389632edf8ab,b5123cd6d4764f901b4387119df5a738451afe9625a68e9c4ab7f992f533d9f1,N/A,N/A,,https://github.com/notepad-plus-plus/notepad-plus-plus/releases/download/v7.7.1/npp.7.7.1.bin.x64.zip
7.7.1,github,x64,npp.7.7.1.bin.x64.zip,localization/tagalog.xml,tagalog.xml,,30395,2016-12-26T22:10:44.167583+00:00,04e3e27d9d635c6b23c8e40dcbbdd442,c66e2dc153c22a445dae0df2bdf3c1693b4ad03e,047c63c449c5e2a9a4f97637c741eb07e6ec034bc829d85c6565bb0292c1cd72,N/A,N/A,,https://github.com/notepad-plus-plus/notepad-plus-plus/releases/download/v7.7.1/npp.7.7.1.bin.x64.zip
7.7.1,github,x64,npp.7.7.1.bin.x64.zip,localization/tajikCyrillic.xml,tajikCyrillic.xml,,66798,2017-08-20T17:42:26.121326+00:00,c28fc035726b0fe6f56c129d87c2aabc,3cdcfd5e06e905032f0119b5cec8dd8e011fa21c,70a7f699ee317a25cb74524995037b145477b4df0c39d674381ff5c8895fb63f,N/A,N/A,,https://github.com/notepad-plus-plus/notepad-plus-plus/releases/download/v7.7.1/npp.7.7.1.bin.x64.zip
7.7.1,github,x64,npp.7.7.1.bin.x64.zip,localization/tamil.xml,tamil.xml,,54196,2017-08-20T17:40:41.427488+00:00,abc0ae5ed0002512221d682263e41204,7a7533274855ceff9a604d6cd36192cc68f2c416,e23759fd6d60ef9728b620a1a8316fc049ccbf93445a91a1a85d27c4e25f3f15,N/A,N/A,,https://github.com/notepad-plus-plus/notepad-plus-plus/releases/download/v7.7.1/npp.7.7.1.bin.x64.zip
7.7.1,github,x64,npp.7.7.1.bin.x64.zip,localization/tatar.xml,tatar.xml,,71641,2017-08-20T17:42:26.139525+00:00,84c32874e0fbc009202c86781cf6a6b6,93f81be4ed8bd098f4384290f0286b55abbd5885,0b20a37e6512a5a3e0c92075db9eb179a156e5e20f9fe52c3260daf8c77825a3,N/A,N/A,,https://github.com/notepad-plus-plus/notepad-plus-plus/releases/download/v7.7.1/npp.7.7.1.bin.x64.zip
7.7.1,github,x64,npp.7.7.1.bin.x64.zip,localization/telugu.xml,telugu.xml,,53577,2017-08-20T17:40:41.456494+00:00,a8b6a302f3bda0eeae95e5214df33ec4,975e8e7ac8258c4f8c4050743debe980a9864e4f,82b4b16ee06e668e4ff30e71fcbf42623cf30dc14177c570a7ad1f47c0284e0c,N/A,N/A,,https://github.com/notepad-plus-plus/notepad-plus-plus/releases/download/v7.7.1/npp.7.7.1.bin.x64.zip
7.7.1,github,x64,npp.7.7.1.bin.x64.zip,autoCompletion/tex.xml,tex.xml,,67871,2017-12-28T02:55:00.351580+00:00,03f74d2063099160e73faa1a5dee7f9a,89a19baacde3f98c9439861a52239df8c5e964ba,d19fe5a6b68b50e0820641489fd73368ba4ba58adb07948e39073ddce8e08d37,N/A,N/A,,https://github.com/notepad-plus-plus/notepad-plus-plus/releases/download/v7.7.1/npp.7.7.1.bin.x64.zip
7.7.1,github,x64,npp.7.7.1.bin.x64.zip,localization/thai.xml,thai.xml,,41406,2017-08-20T17:40:41.469535+00:00,8d02b72cdcce6c5a4db56eebba394824,259babbea022717b773d10704f61fb285e800730,8ce450bcfd9b9617f4e0969ad4e201480b255d473cb1383c90761cc28cbd7ecc,N/A,N/A,,https://github.com/notepad-plus-plus/notepad-plus-plus/releases/download/v7.7.1/npp.7.7.1.bin.x64.zip
7.7.1,github,x64,npp.7.7.1.bin.x64.zip,localization/turkish.xml,turkish.xml,,65738,2019-05-08T23:22:36.246703+00:00,6b5d7190e9af58c43afcbe80807b3e0f,280fea4a7f6ac9469965f2e726bfda2c24091bef,e315dadbca8df57b80ba1ee3f2c685b201a29399e736c97debf82a9789183ba9,N/A,N/A,,https://github.com/notepad-plus-plus/notepad-plus-plus/releases/download/v7.7.1/npp.7.7.1.bin.x64.zip
7.7.1,github,x64,npp.7.7.1.bin.x64.zip,themes/Twilight.xml,Twilight.xml,,90732,2019-05-30T15:39:11.851837+00:00,72e285158a0e99b081dacc32f61d99a2,9d4bf6efe5a341af42858be6e956c1e559a4e987,1204d968790d1b771def95698794349975ae317e7593a9597c12564aa67c80dd,N/A,N/A,,https://github.com/notepad-plus-plus/notepad-plus-plus/releases/download/v7.7.1/npp.7.7.1.bin.x64.zip
7.7.1,github,x64,npp.7.7.1.bin.x64.zip,localization/ukrainian.xml,ukrainian.xml,,95203,2019-05-13T21:05:14.371493+00:00,2ad1d6c0d74e402c854df769a8196880,f985b2e0d9e86d0dfe39d87edab71eff961cc895,38d0e8cccb1030ba3314511573ed58fcf9ad24d32de8110f6fced82262585b4d,N/A,N/A,,https://github.com/notepad-plus-plus/notepad-plus-plus/releases/download/v7.7.1/npp.7.7.1.bin.x64.zip
7.7.1,github,x64,npp.7.7.1.bin.x64.zip,localization/urdu.xml,urdu.xml,,15657,2016-12-26T22:10:44.210970+00:00,cf965dfcf2257d8046c453ac36fcf65e,ac650afe9e15fec6e0e3e87bc999c2d9350ab461,0b685abaea6232f3e99d563f01613161251e51aba6a62d83cb306aa5f2d396d5,N/A,N/A,,https://github.com/notepad-plus-plus/notepad-plus-plus/releases/download/v7.7.1/npp.7.7.1.bin.x64.zip
7.7.1,github,x64,npp.7.7.1.bin.x64.zip,userDefineLangs/userDefinedLang-markdown.default.modern.xml,userDefinedLang-markdown.default.modern.xml,,5440,2019-03-05T01:52:36.627021+00:00,e6edb9c859b5b97800da9c664a0606c8,a0529bfe949f37d87349f89e44ac03a0f39d90c6,b7a3e70c69f661e76cc7b6279db21fb32f275a8a3c205a75ae22e40224136031,N/A,N/A,,https://github.com/notepad-plus-plus/notepad-plus-plus/releases/download/v7.7.1/npp.7.7.1.bin.x64.zip
7.7.1,github,x64,npp.7.7.1.bin.x64.zip,localization/uyghur.xml,uyghur.xml,,47848,2018-01-28T21:48:40.466342+00:00,a5d2661cab9fae284200b5cd84496b41,fa6cfe413495f354ad0d72e9660f04ce05a6556d,f5d24a6c678b1b54539adeafd2bc2697738f44cea6c184fa442980f1440e5afd,N/A,N/A,,https://github.com/notepad-plus-plus/notepad-plus-plus/releases/download/v7.7.1/npp.7.7.1.bin.x64.zip
7.7.1,github,x64,npp.7.7.1.bin.x64.zip,localization/uzbek.xml,uzbek.xml,,67937,2019-05-08T23:22:36.249695+00:00,8d5d53622c0bd306f5bcbd785328ead3,3aeda8d64f29c15efcbc270ea06bb8100245087f,1e94b2d6c7a0f3a29ed7065a592fab68ffcb442f6b6eb7a78f4f875c689dadd6,N/A,N/A,,https://github.com/notepad-plus-plus/notepad-plus-plus/releases/download/v7.7.1/npp.7.7.1.bin.x64.zip
7.7.1,github,x64,npp.7.7.1.bin.x64.zip,localization/uzbekCyrillic.xml,uzbekCyrillic.xml,,35714,2017-08-20T17:40:41.544199+00:00,71b7ce4804f337f3d5c4fea4a0733691,f4446df6fbeb19c93869205750991261d3a1ac7b,380e17fd360658921ea937043e540b2af642a7307be691f5c58b825623b61a99,N/A,N/A,,https://github.com/notepad-plus-plus/notepad-plus-plus/releases/download/v7.7.1/npp.7.7.1.bin.x64.zip
7.7.1,github,x64,npp.7.7.1.bin.x64.zip,autoCompletion/vb.xml,vb.xml,,17197,2017-12-28T02:55:00.358594+00:00,cb6d0cff9916fa1eae0a4faafc9db82a,0bb7663a45ac8a0e8ed5ee3296f7fedc24c4a3e6,74b6701e0c8f2c92eedd563165b61d4813f519f3747b67b3a043a4b85de41401,N/A,N/A,,https://github.com/notepad-plus-plus/notepad-plus-plus/releases/download/v7.7.1/npp.7.7.1.bin.x64.zip
7.7.1,github,x64,npp.7.7.1.bin.x64.zip,autoCompletion/vhdl.xml,vhdl.xml,,2632,2016-12-26T22:10:43.671560+00:00,1ba07e9e9c7ccbf095fee8c248375527,668325f597bb9fa517e41f304f07c5d0a0421160,29967c6650ce9fce73b7b9dda3390ae3b5cff4ad8ef2265f2c6980da55f42f97,N/A,N/A,,https://github.com/notepad-plus-plus/notepad-plus-plus/releases/download/v7.7.1/npp.7.7.1.bin.x64.zip
7.7.1,github,x64,npp.7.7.1.bin.x64.zip,themes/Vibrant Ink.xml,Vibrant Ink.xml,,88705,2019-05-30T15:39:11.861810+00:00,217f09b407a364a5b1653462e175ad6a,26b9523586e0bac5ba50ba63eedabb269065b2e9,277dfcc0e62f48e7e4de84cc39add1eaee03ad06809e6218fd100a66a2f04bb1,N/A,N/A,,https://github.com/notepad-plus-plus/notepad-plus-plus/releases/download/v7.7.1/npp.7.7.1.bin.x64.zip
7.7.1,github,x64,npp.7.7.1.bin.x64.zip,localization/vietnamese.xml,vietnamese.xml,,52737,2017-08-20T17:42:26.208032+00:00,4648aecae4e9d1df3ca32d9a0cba8fed,ace0c0282c1e0dc6facfd3277994a50410e619c8,747d88fd1df6f7a703fdd0904b50ff32c3d6d2d26203e0ae07b44786b44a9961,N/A,N/A,,https://github.com/notepad-plus-plus/notepad-plus-plus/releases/download/v7.7.1/npp.7.7.1.bin.x64.zip
7.7.1,github,x64,npp.7.7.1.bin.x64.zip,themes/vim Dark Blue.xml,vim Dark Blue.xml,,88366,2019-05-30T15:39:11.874775+00:00,1e6513926f3335ad64f15ee75d8c023a,de600f9e06fe45b40d91471048084ff0a485700f,83f56b02df1a2a82251139d8b3b889045da183fe091e2318c2e405f868646f6d,N/A,N/A,,https://github.com/notepad-plus-plus/notepad-plus-plus/releases/download/v7.7.1/npp.7.7.1.bin.x64.zip
7.7.1,github,x64,npp.7.7.1.bin.x64.zip,localization/welsh.xml,welsh.xml,,53261,2017-08-20T17:42:26.222941+00:00,538acafd2ef4e67581a908f970838626,98c8498903c60d46035a3ec22a3c559311451754,11fd56a75e14493a7305d6cd2aa79dd6990465eb0dec8bdf6354dd6e5db35634,N/A,N/A,,https://github.com/notepad-plus-plus/notepad-plus-plus/releases/download/v7.7.1/npp.7.7.1.bin.x64.zip
7.7.1,github,x64,npp.7.7.1.bin.x64.zip,autoCompletion/xml.xml,xml.xml,,12024,2016-12-26T22:10:43.676850+00:00,432b0a7d34b59ad7512c347f8670ff23,d4ff6d0b283f7b2b8d1792b0c9671d9afb43d3f7,7cdfb59901b0dbda488745f9bd749ce9a1c3e228931162e3a5764c5674330601,N/A,N/A,,https://github.com/notepad-plus-plus/notepad-plus-plus/releases/download/v7.7.1/npp.7.7.1.bin.x64.zip
7.7.1,github,x64,npp.7.7.1.bin.x64.zip,themes/Zenburn.xml,Zenburn.xml,,103292,2019-05-30T15:39:11.863805+00:00,e0d1534ff8d9b51f00e74b56478d3f1a,358cbd9739b16fd178b890ece324222fa5e42bc5,e33ee6192cde94095af4bb6c5cfe23437f52dd771fbee26b19b943161a211523,N/A,N/A,,https://github.com/notepad-plus-plus/notepad-plus-plus/releases/download/v7.7.1/npp.7.7.1.bin.x64.zip
7.7.1,github,x64,npp.7.7.1.bin.x64.zip,localization/zulu.xml,zulu.xml,,72870,2019-03-26T23:11:19.879946+00:00,9440a55f71dac040b123de16d6557951,3c418d94e534013fe52e2a85ddac821b3ae89b40,16ef44efd21a556cfed5aa07b70437a16016754fcd3ce2a9e7048061716591df,N/A,N/A,,https://github.com/notepad-plus-plus/notepad-plus-plus/releases/download/v7.7.1/npp.7.7.1.bin.x64.zip
7.7.1,github,x86,npp.7.7.1.bin.zip,,npp.7.7.1.bin.zip,,4027820,2021-12-07T19:40:17+00:00,4ce082ed717aacbe3e146df27dc951ba,f19d07c5dca73fd9baa1e5a2b4470a639e0126f6,afbb90eca1e8100cc6a2611ab8a4251fc366161178bea364d4799acd671678cf,MATCH,MATCH,,https://github.com/notepad-plus-plus/notepad-plus-plus/releases/download/v7.7.1/npp.7.7.1.bin.zip
7.7.1,github,x86,npp.7.7.1.bin.zip,autoCompletion/actionscript.xml,actionscript.xml,,20752,2017-12-28T02:55:00.321495+00:00,f8876462309eeb4204eaaf5777dc4eea,167b0f169340f0cf7d2a53d0f4c4b20f694ff12a,7bdab6f3b572773331a17bfbb6cc4bbd71dfd89e4f11e404b7466925678a3a26,N/A,N/A,,https://github.com/notepad-plus-plus/notepad-plus-plus/releases/download/v7.7.1/npp.7.7.1.bin.zip
7.7.1,github,x86,npp.7.7.1.bin.zip,localization/afrikaans.xml,afrikaans.xml,,29077,2016-12-26T22:10:43.769673+00:00,c2f475cc2b49d3aee490c9059529744a,621e81e87c6c8d45a6be6bc69108d8ab13e2d5a6,5d285d98f8891bcf73a770fde00c3215062842224b81c4e70537569712f84570,N/A,N/A,,https://github.com/notepad-plus-plus/notepad-plus-plus/releases/download/v7.7.1/npp.7.7.1.bin.zip
7.7.1,github,x86,npp.7.7.1.bin.zip,localization/albanian.xml,albanian.xml,,57197,2017-08-20T17:42:25.395692+00:00,5803d49d9a1320f50394a0ab36c427b6,6f29668d5d3101d86a6ec34d3087c7cd5e5fdc64,508ddd0bd359666186a34b1249b55de31062f2eb4323bce01409e602e7fc0b64,N/A,N/A,,https://github.com/notepad-plus-plus/notepad-plus-plus/releases/download/v7.7.1/npp.7.7.1.bin.zip
7.7.1,github,x86,npp.7.7.1.bin.zip,localization/arabic.xml,arabic.xml,,86770,2018-10-05T00:32:05.819137+00:00,4c43fa51c53e259e9c0df42eab235849,6af39eb260e24144dc3491e9083a3d615e977775,f4bb70b47614e639d2035ecf94e4f74413312f7ae593d60a916d940cf3639554,N/A,N/A,,https://github.com/notepad-plus-plus/notepad-plus-plus/releases/download/v7.7.1/npp.7.7.1.bin.zip
7.7.1,github,x86,npp.7.7.1.bin.zip,localization/aragonese.xml,aragonese.xml,,49810,2017-08-20T17:42:25.412736+00:00,ff161db746ade330439882ba0640d2ea,1a9109c96486d1f4ee48336f66c0be93cf2725a3,1db8eeb9c6cae8705cacfc3043a7556678e9ed52162fb8ec536c5befc19343a9,N/A,N/A,,https://github.com/notepad-plus-plus/notepad-plus-plus/releases/download/v7.7.1/npp.7.7.1.bin.zip
7.7.1,github,x86,npp.7.7.1.bin.zip,localization/aranese.xml,aranese.xml,,20821,2016-12-26T22:10:43.795718+00:00,333a18acb93ba083e86679c065b69d15,cb874355fb8e495a2b0b0dcf8868df287ec6a342,de5da809aa6e44c4e6a01c3b5fb7da5a66d9683cb905416f3fcff2ed413ea7c6,N/A,N/A,,https://github.com/notepad-plus-plus/notepad-plus-plus/releases/download/v7.7.1/npp.7.7.1.bin.zip
7.7.1,github,x86,npp.7.7.1.bin.zip,autoCompletion/autoit.xml,autoit.xml,,738721,2018-12-09T18:22:22.898518+00:00,24091974377d7e76106add1210d5853a,7663d568323f753fb62c15f684eea1ff9014ce5b,07cb7ea3f8d1eee1142bcdf876e29f14e6ae2a72ef28f2310263da531c7e8711,N/A,N/A,,https://github.com/notepad-plus-plus/notepad-plus-plus/releases/download/v7.7.1/npp.7.7.1.bin.zip
7.7.1,github,x86,npp.7.7.1.bin.zip,localization/azerbaijani.xml,azerbaijani.xml,,35482,2017-08-20T17:40:40.621097+00:00,8cd5c70b03ef9c48585c06fa149f9fcd,4fb0a331d184579444326c6910742ad4b0cbb5a1,d2e185e9c8b1e7d994dcb3b44748f1b499f18ca22a573f452a9b0d791344c448,N/A,N/A,,https://github.com/notepad-plus-plus/notepad-plus-plus/releases/download/v7.7.1/npp.7.7.1.bin.zip
7.7.1,github,x86,npp.7.7.1.bin.zip,autoCompletion/BaanC.xml,BaanC.xml,,18490,2017-12-28T22:22:51.984891+00:00,2537a01a4619a19962fb1b85cbee9a13,adaf66583cc60a53f0a08b030e63cc2652badd17,9780d21f36eca4cb7f85c67fe9113c3c223822662812f6ab533c011cd2f56e7e,N/A,N/A,,https://github.com/notepad-plus-plus/notepad-plus-plus/releases/download/v7.7.1/npp.7.7.1.bin.zip
7.7.1,github,x86,npp.7.7.1.bin.zip,localization/basque.xml,basque.xml,,59732,2018-02-17T07:05:11.303084+00:00,7ef1dd1b3280122bac0a69063249fd46,83730aee38e42a5aee4c7daf0390833761208709,1047a56b9ea18bafbb7fd03daa190cb980883694dfd7fc1556136ab81834d489,N/A,N/A,,https://github.com/notepad-plus-plus/notepad-plus-plus/releases/download/v7.7.1/npp.7.7.1.bin.zip
7.7.1,github,x86,npp.7.7.1.bin.zip,autoCompletion/batch.xml,batch.xml,,3784,2017-12-28T02:55:00.327011+00:00,713831a4916810500b39efbdb41435a2,6b9c9d965f73f71fafb786d547be09f5ef398643,d43ce011aa2d5a946c36b4c3a6a0a98fd9570253bc461a267d3b44aaec3cb6b0,N/A,N/A,,https://github.com/notepad-plus-plus/notepad-plus-plus/releases/download/v7.7.1/npp.7.7.1.bin.zip
7.7.1,github,x86,npp.7.7.1.bin.zip,localization/belarusian.xml,belarusian.xml,,95099,2018-12-30T17:41:19.305996+00:00,fd060d45654fa3adec00f943349a535b,7732a8a924e84a218ac710a3c2a829438481c761,1c616bcd978b6f7feb5035c232024baa895f9787183898e4672f70ea3d1ded9c,N/A,N/A,,https://github.com/notepad-plus-plus/notepad-plus-plus/releases/download/v7.7.1/npp.7.7.1.bin.zip
7.7.1,github,x86,npp.7.7.1.bin.zip,localization/bengali.xml,bengali.xml,,70025,2017-08-20T17:42:25.457657+00:00,d081b39bf7a87b8ccd3caa5e9d15087c,02fad366321e3bb823bfb46ab966ac919dd227c8,5ecd5febabcb4b4616035fab1b567bf2a0ff8b2ded72d74e6ea5511671814484,N/A,N/A,,https://github.com/notepad-plus-plus/notepad-plus-plus/releases/download/v7.7.1/npp.7.7.1.bin.zip
7.7.1,github,x86,npp.7.7.1.bin.zip,themes/Bespin.xml,Bespin.xml,,92253,2019-05-30T15:39:11.766067+00:00,21af6f29dd8427b5efece9e633cb8705,d2f47b0da1dd5aa35e21e64d8687b61b0e93abab,883168e15e1456225fde8dddb797ba72d40be00bfe3732567bab3b1dc42dea0b,N/A,N/A,,https://github.com/notepad-plus-plus/notepad-plus-plus/releases/download/v7.7.1/npp.7.7.1.bin.zip
7.7.1,github,x86,npp.7.7.1.bin.zip,themes/Black board.xml,Black board.xml,,90619,2019-05-30T15:39:11.769059+00:00,7f6385ca1245cfcf3e5807828f1bb76b,321e713ff6b50199f1153d0e2a5351859373f9dc,98a5c5be43ad06bd391792cf04cda9461895a4cfe53968c8ec38c2f6fe4a3b5e,N/A,N/A,,https://github.com/notepad-plus-plus/notepad-plus-plus/releases/download/v7.7.1/npp.7.7.1.bin.zip
7.7.1,github,x86,npp.7.7.1.bin.zip,localization/bosnian.xml,bosnian.xml,,32084,2016-12-26T22:10:43.820980+00:00,6b036835ed9d1ee92cd9bd4c76f41bbd,faeb76f93f4228832c7cc952833c717f3614a38d,06ce39e85fc9acd72888da5871fae4d18aa2c5bb6a9fa0c9eca459cf0e949a63,N/A,N/A,,https://github.com/notepad-plus-plus/notepad-plus-plus/releases/download/v7.7.1/npp.7.7.1.bin.zip
7.7.1,github,x86,npp.7.7.1.bin.zip,localization/brazilian_portuguese.xml,brazilian_portuguese.xml,,78673,2019-03-26T23:11:19.856317+00:00,c5ac706ffe3cc6abb54272e49d42de5d,d5a9bee2ce2cff235179ea19dfc8207661d40e3d,690897901b9880c4b4247d5a75140f4ef9804fddd4b1ffe6fbc89d4f9952e520,N/A,N/A,,https://github.com/notepad-plus-plus/notepad-plus-plus/releases/download/v7.7.1/npp.7.7.1.bin.zip
7.7.1,github,x86,npp.7.7.1.bin.zip,localization/breton.xml,breton.xml,,56124,2017-08-20T17:42:25.485730+00:00,a28d31b3147d47670455aa249df9e3a8,ae276de79ca796b74345a8b3dbcf53e4972b6eaa,7d8569dca0eef5ccd411287ed72f70da19f92b96e05e2bfd294263098e3ed38d,N/A,N/A,,https://github.com/notepad-plus-plus/notepad-plus-plus/releases/download/v7.7.1/npp.7.7.1.bin.zip
7.7.1,github,x86,npp.7.7.1.bin.zip,localization/bulgarian.xml,bulgarian.xml,,90231,2019-06-15T12:22:06.736618+00:00,01672d373b82117e742b61dd94897777,61d7f23418f1581e83d7ad9ece9954c87ee191a1,72dd265c9ecca8d6630fef06215b6886f0a1991aa3f0fa5d1115cd761e1d0cbb,N/A,N/A,,https://github.com/notepad-plus-plus/notepad-plus-plus/releases/download/v7.7.1/npp.7.7.1.bin.zip
7.7.1,github,x86,npp.7.7.1.bin.zip,autoCompletion/c.xml,c.xml,,44390,2016-12-26T22:10:43.575360+00:00,c92c0a8fa14eb590fdc13287b26689db,b6010b4b59128f9d16abd9e8d8ccf521ed6e4eb8,2ad09d23098049d7541c703684bca446ccf6f1024a182e7dc30c378efb1b2109,N/A,N/A,,https://github.com/notepad-plus-plus/notepad-plus-plus/releases/download/v7.7.1/npp.7.7.1.bin.zip
7.7.1,github,x86,npp.7.7.1.bin.zip,localization/catalan.xml,catalan.xml,,65728,2019-05-08T23:22:36.215786+00:00,be294c1890b57df605d743846802e835,5425db4f87a254e3438a73aaf4d4e3a46d3bf9fa,03e2d93f71ae1b27d0695c14af7b820862737b4bf32ccc5fa29e68006ce32e32,N/A,N/A,,https://github.com/notepad-plus-plus/notepad-plus-plus/releases/download/v7.7.1/npp.7.7.1.bin.zip
7.7.1,github,x86,npp.7.7.1.bin.zip,change.log,change.log,,956,2019-06-16T17:40:34.876877+00:00,a22774dd659f1995936abf93a601b052,f4dec5090224a4d1f2d764555973e9ed47d30f0b,66c4cc847e2f75699b54b54edbc5625d425a1b0856cf991153b9d167dae8540d,N/A,N/A,,https://github.com/notepad-plus-plus/notepad-plus-plus/releases/download/v7.7.1/npp.7.7.1.bin.zip
7.7.1,github,x86,npp.7.7.1.bin.zip,localization/chinese.xml,chinese.xml,,75052,2019-05-30T15:39:11.754098+00:00,adfe78c0a6a1f7f940f0ffd5658b7a77,aee6152c8c04878dc7265f691dbb21a1dffd829f,09ebf7a1fddcffecf9c678509112abdf049497494b933a4afd4cf8693b424d37,N/A,N/A,,https://github.com/notepad-plus-plus/notepad-plus-plus/releases/download/v7.7.1/npp.7.7.1.bin.zip
7.7.1,github,x86,npp.7.7.1.bin.zip,localization/chineseSimplified.xml,chineseSimplified.xml,,73985,2019-05-13T21:05:14.357532+00:00,8b1fd4c62d772ff4e2e8cd86f9daa996,2351b7c17a69365db44b5b4f9e89f75e07ab4d61,db470e2927688c424ba8a3838d673b8fe42699e51a4e1b4e9c8824089b3b337d,N/A,N/A,,https://github.com/notepad-plus-plus/notepad-plus-plus/releases/download/v7.7.1/npp.7.7.1.bin.zip
7.7.1,github,x86,npp.7.7.1.bin.zip,themes/Choco.xml,Choco.xml,,90930,2019-05-30T15:39:11.771053+00:00,849611f521423fe1f1a1d6cd265f611f,d62201d68e9d449da3c7c24fa41a4e788c7bbc9e,f600678def8151cddcceaa7870718b9c0637209e626310ed44472e1b6c8f953c,N/A,N/A,,https://github.com/notepad-plus-plus/notepad-plus-plus/releases/download/v7.7.1/npp.7.7.1.bin.zip
7.7.1,github,x86,npp.7.7.1.bin.zip,autoCompletion/cmake.xml,cmake.xml,,7891,2019-05-30T15:39:11.751107+00:00,6c33239d9a59e3b2aa74913b117b2342,b3b685494715c4a1ec9c71fc4ea45e89cf0d5457,55f04796c0dfb130cf438a01ae8e7f96d99a9320a2d9c8e66a9a670640ca5cc9,N/A,N/A,,https://github.com/notepad-plus-plus/notepad-plus-plus/releases/download/v7.7.1/npp.7.7.1.bin.zip
7.7.1,github,x86,npp.7.7.1.bin.zip,autoCompletion/coffee.xml,coffee.xml,,1510,2017-12-28T22:05:30.759151+00:00,633f1e56a9f5b7e1c7c75e6dff944b25,55f1f86306161a2b743fe13927e852c2570bfaf7,46d379e7ad5565fc197a32b62d04ceb1be4452af2ae45663415809bc7badb0bd,N/A,N/A,,https://github.com/notepad-plus-plus/notepad-plus-plus/releases/download/v7.7.1/npp.7.7.1.bin.zip
7.7.1,github,x86,npp.7.7.1.bin.zip,config.xml,config.xml,,5114,2019-03-30T10:38:48.831842+00:00,b56d4fa38548cf7206a700c580d529ad,5e334fa5d1310ba15a81436aa3bb2ad2e7e65be8,a831c5da7fdcacaad454585459003a44cc4c00bda0242337a9a046ba05c02f42,N/A,N/A,,https://github.com/notepad-plus-plus/notepad-plus-plus/releases/download/v7.7.1/npp.7.7.1.bin.zip
7.7.1,github,x86,npp.7.7.1.bin.zip,contextMenu.xml,contextMenu.xml,,3512,2018-05-25T21:58:05.896518+00:00,a7998766b85ee71ff1d82a1198988529,acaf62b48d9307b319105109121d82ccefe46c65,aa48a7c2ec3ed377c42c293f732807572f2ea305c9771b6ea210e7b92ef2c199,N/A,N/A,,https://github.com/notepad-plus-plus/notepad-plus-plus/releases/download/v7.7.1/npp.7.7.1.bin.zip
7.7.1,github,x86,npp.7.7.1.bin.zip,localization/corsican.xml,corsican.xml,,83266,2019-04-03T19:06:20.452465+00:00,2762c8551adc0138beb86c304bd678df,465883c3db9c3982e0202b20ff31f3c5dc02cfb2,9cc651eca1140c53634b1106a00bf8df96c8b4db49b68dbf165e1feae0740ee5,N/A,N/A,,https://github.com/notepad-plus-plus/notepad-plus-plus/releases/download/v7.7.1/npp.7.7.1.bin.zip
7.7.1,github,x86,npp.7.7.1.bin.zip,autoCompletion/cpp.xml,cpp.xml,,61530,2018-12-09T18:22:22.900548+00:00,e60ca42b12a8e816892894d321ab8d00,bf1dc910f6cab97f99e23d08e084837fc7de17c6,b97ffa556f93ec4c51208b2aea4f3d69411404c27f6ea12608ae84bedbd76418,N/A,N/A,,https://github.com/notepad-plus-plus/notepad-plus-plus/releases/download/v7.7.1/npp.7.7.1.bin.zip
7.7.1,github,x86,npp.7.7.1.bin.zip,localization/croatian.xml,croatian.xml,,85184,2019-05-08T23:22:36.218778+00:00,cec164119c1295583fe3326f6710253c,52feae919ddb150a3bad58f5d6f1071027eeebcb,12fe4e0941c20088f10a19487aeddc57ca96ff8ace34ccfbc2cfcb2388c17173,N/A,N/A,,https://github.com/notepad-plus-plus/notepad-plus-plus/releases/download/v7.7.1/npp.7.7.1.bin.zip
7.7.1,github,x86,npp.7.7.1.bin.zip,autoCompletion/cs.xml,cs.xml,,33726,2018-12-09T18:22:22.902508+00:00,c9bc2acde59532d2a9b65e7f9cd55d4f,d4a0e2d2b20e0b0cc40a0bf3a5274800d1eb6ea7,32076a244afd75a07cd38f1fa27b08eea3a4a697111cde8a1cb636c46c708c17,N/A,N/A,,https://github.com/notepad-plus-plus/notepad-plus-plus/releases/download/v7.7.1/npp.7.7.1.bin.zip
7.7.1,github,x86,npp.7.7.1.bin.zip,autoCompletion/css.xml,css.xml,,11522,2016-12-26T22:10:43.597241+00:00,d2affd6da8aa4fd9457db7b0dcb87517,427e170083be87d570df3f9ea4b0eff0eb60a8f4,776187ab9beec87648e5701137f153adeef88c579b15b181c5d4eee2f02262f8,N/A,N/A,,https://github.com/notepad-plus-plus/notepad-plus-plus/releases/download/v7.7.1/npp.7.7.1.bin.zip
7.7.1,github,x86,npp.7.7.1.bin.zip,localization/czech.xml,czech.xml,,72315,2019-05-13T21:05:14.360523+00:00,40fb19e6e72098f1fcc013562e210d4c,d637d786b7eb88d281dec513fd0a7854d5ad5610,e2f164416ddf1f6c09bbc8c33600886f35116c170a9837c940bf1c4e1a75eafa,N/A,N/A,,https://github.com/notepad-plus-plus/notepad-plus-plus/releases/download/v7.7.1/npp.7.7.1.bin.zip
7.7.1,github,x86,npp.7.7.1.bin.zip,localization/danish.xml,danish.xml,,75208,2019-03-05T01:52:36.641982+00:00,afdca23414d2fa05e0edfed63dc68bd1,4d5cb126c3f86dc907f315ae38ccc3ec07619fd3,3ce52cb27a70640c8f4578ff52f71de18282d54ab91d1db7658be64c6a316d6c,N/A,N/A,,https://github.com/notepad-plus-plus/notepad-plus-plus/releases/download/v7.7.1/npp.7.7.1.bin.zip
7.7.1,github,x86,npp.7.7.1.bin.zip,themes/Deep Black.xml,Deep Black.xml,,89184,2019-05-30T15:39:11.778035+00:00,df63f60979df497e82b908ae4b01e461,4a47e15196b9f853e65e73733af05fd846663ac5,c11dc6da0d6efb69e43725233a6b570c6830fe436731b91f58c48ab8b4ca175b,N/A,N/A,,https://github.com/notepad-plus-plus/notepad-plus-plus/releases/download/v7.7.1/npp.7.7.1.bin.zip
7.7.1,github,x86,npp.7.7.1.bin.zip,doLocalConf.xml,doLocalConf.xml,,0,2017-08-16T07:23:53.663879+00:00,d41d8cd98f00b204e9800998ecf8427e,da39a3ee5e6b4b0d3255bfef95601890afd80709,e3b0c44298fc1c149afbf4c8996fb92427ae41e4649b934ca495991b7852b855,N/A,N/A,,https://github.com/notepad-plus-plus/notepad-plus-plus/releases/download/v7.7.1/npp.7.7.1.bin.zip
7.7.1,github,x86,npp.7.7.1.bin.zip,localization/dutch.xml,dutch.xml,,61604,2018-10-05T00:32:05.860027+00:00,6ce9f0ae41286f01ccf83b64d48cc238,cad9570ecd9252768231c07c37c162e3b291ae97,4dc9faf1ba2806b6ff3f70264c46e2d70007af6f5dafe6fe9d306c3c07eda610,N/A,N/A,,https://github.com/notepad-plus-plus/notepad-plus-plus/releases/download/v7.7.1/npp.7.7.1.bin.zip
7.7.1,github,x86,npp.7.7.1.bin.zip,localization/english.xml,english.xml,,74750,2019-05-30T17:13:23.335757+00:00,d8a7706a2beecb30ac7c3d3746a484b3,cedf846b2ae38f45fe467f35a0328619c9678891,658973437807ed8450fbdf34b265ff0b9db7381a71888baeb0d42a72f6614111,N/A,N/A,,https://github.com/notepad-plus-plus/notepad-plus-plus/releases/download/v7.7.1/npp.7.7.1.bin.zip
7.7.1,github,x86,npp.7.7.1.bin.zip,localization/english_customizable.xml,english_customizable.xml,,71799,2018-10-05T00:32:05.871996+00:00,ba660fd5e124a627e7b5b1d53a6ceae5,81228dc178e012002db96c72c1e2f0e812123b6e,db1c55427bf83385e8713460d515d05aa79b9829be85515f1e46ab1a2cdc198b,N/A,N/A,,https://github.com/notepad-plus-plus/notepad-plus-plus/releases/download/v7.7.1/npp.7.7.1.bin.zip
7.7.1,github,x86,npp.7.7.1.bin.zip,localization/esperanto.xml,esperanto.xml,,48285,2017-08-20T17:42:25.630120+00:00,4abf56d03e149ee0569619bbc11815a5,bca30606a47cae3f06685f01795613d1fce626eb,e1486a8120d1ef7998b5335536a3a4877fdcb630f87ed9ca7b307ac075b313c6,N/A,N/A,,https://github.com/notepad-plus-plus/notepad-plus-plus/releases/download/v7.7.1/npp.7.7.1.bin.zip
7.7.1,github,x86,npp.7.7.1.bin.zip,localization/estonian.xml,estonian.xml,,60812,2017-08-20T17:42:25.642927+00:00,a12e2854f772938fd4ccd55345dadd4b,20f9c4d026a1bff3934560c45a6956143070e99e,f71e4b0ba4fbf616af8f1568f2160d527b78fcf711132c4a38e0bd5378902237,N/A,N/A,,https://github.com/notepad-plus-plus/notepad-plus-plus/releases/download/v7.7.1/npp.7.7.1.bin.zip
7.7.1,github,x86,npp.7.7.1.bin.zip,localization/extremaduran.xml,extremaduran.xml,,25399,2016-12-26T22:10:43.910594+00:00,896b0f1f0854f3bcc23a80c99dcebd47,ee5d3a7de7503e18b2929d96dc164dd0671a841d,87e0372bfd2b84316adf2c7d3130fcf2415a96ec2c8bcd5da6f1a8a3a807c8d2,N/A,N/A,,https://github.com/notepad-plus-plus/notepad-plus-plus/releases/download/v7.7.1/npp.7.7.1.bin.zip
7.7.1,github,x86,npp.7.7.1.bin.zip,localization/farsi.xml,farsi.xml,,65927,2018-01-28T21:48:40.463836+00:00,9ddc0ac1e17a56703a3e0a7acb8d0e2a,3735a864f2c265811e478b8f1b7876ec7e73a1a9,d0acda01c7bb500072f00af882297d08a14821811931e862b5225bef97ab6336,N/A,N/A,,https://github.com/notepad-plus-plus/notepad-plus-plus/releases/download/v7.7.1/npp.7.7.1.bin.zip
7.7.1,github,x86,npp.7.7.1.bin.zip,localization/finnish.xml,finnish.xml,,44055,2017-08-20T17:42:25.673023+00:00,99d18eeaa47569147a0395948cb9c7d6,9b3488593fa1002a827698db2eec91b4eadba8ea,691d523b2a8c2ea14eb5e5259eed9e9de1853b2c2fd8badc77164f2cca2dd006,N/A,N/A,,https://github.com/notepad-plus-plus/notepad-plus-plus/releases/download/v7.7.1/npp.7.7.1.bin.zip
7.7.1,github,x86,npp.7.7.1.bin.zip,localization/french.xml,french.xml,,77647,2019-05-13T21:05:14.364512+00:00,9f90a6c8c9db6894bb578f39014ecea0,796cef14cfb541c2f9fb520a07330818c74e9394,497f8bf1660f90a8f0cd7f409c7a7df3cf2e040a8594bb039edf54e399fe61d2,N/A,N/A,,https://github.com/notepad-plus-plus/notepad-plus-plus/releases/download/v7.7.1/npp.7.7.1.bin.zip
7.7.1,github,x86,npp.7.7.1.bin.zip,localization/friulian.xml,friulian.xml,,34362,2017-08-20T17:40:40.917620+00:00,6d4c069b4c4517f68657be1641bec299,cc5384f29594b19822a805f8d5888ff328e169a1,d4ffe0a2b5e35fede7e6244be9823e1e946c60db1635e6d3f753e6df938e4b3d,N/A,N/A,,https://github.com/notepad-plus-plus/notepad-plus-plus/releases/download/v7.7.1/npp.7.7.1.bin.zip
7.7.1,github,x86,npp.7.7.1.bin.zip,functionList.xml,functionList.xml,,61820,2018-04-13T00:16:35.700332+00:00,bd8d804a62a5b9392885a6904033f0bf,e82bdad59f7f75736999520c3f27da7f05ee677e,ea1e92c06735a137cd03c36a252027c013e9224dd3013fbe3ddd5c5c0098b2b9,N/A,N/A,,https://github.com/notepad-plus-plus/notepad-plus-plus/releases/download/v7.7.1/npp.7.7.1.bin.zip
7.7.1,github,x86,npp.7.7.1.bin.zip,localization/galician.xml,galician.xml,,25339,2016-12-26T22:10:43.936632+00:00,191cc6b7ed37fad274f985d7329bd048,a8b7750901614323318923833a2fb7ac021e8c34,89a20e547d17b1006698cd35fbad772403033420808c8299206a8e299961d83e,N/A,N/A,,https://github.com/notepad-plus-plus/notepad-plus-plus/releases/download/v7.7.1/npp.7.7.1.bin.zip
7.7.1,github,x86,npp.7.7.1.bin.zip,localization/georgian.xml,georgian.xml,,60005,2017-08-20T17:40:40.935670+00:00,cada78594c9838103c479dbda55c9e05,7cdc3fd1b8a7ede96101badacf68281e3432bfbb,b319b96cb4eece88c0cf88b557ce56ce5abe85bdf0a6a1007b64310a708a6572,N/A,N/A,,https://github.com/notepad-plus-plus/notepad-plus-plus/releases/download/v7.7.1/npp.7.7.1.bin.zip
7.7.1,github,x86,npp.7.7.1.bin.zip,localization/german.xml,german.xml,,66297,2019-04-03T19:06:20.468422+00:00,355b310c4e264a059f7ace7bf26ed8fa,7585f0eb3efd56130e0542bebc9227936805e646,95ebc8459d0c7e217e45a2062221832d0bae29eca359ec38b2e450913d16590e,N/A,N/A,,https://github.com/notepad-plus-plus/notepad-plus-plus/releases/download/v7.7.1/npp.7.7.1.bin.zip
7.7.1,github,x86,npp.7.7.1.bin.zip,localization/greek.xml,greek.xml,,41094,2017-08-20T17:40:40.960334+00:00,109f64488a006665d76621dcd30e7ef7,b2167ac130ee2af4822861148dce561a5d1625fe,d65afc086673dc165ce82dd831b5f04c75d7d43c50957475e1c90f25766ad5da,N/A,N/A,,https://github.com/notepad-plus-plus/notepad-plus-plus/releases/download/v7.7.1/npp.7.7.1.bin.zip
7.7.1,github,x86,npp.7.7.1.bin.zip,localization/gujarati.xml,gujarati.xml,,69803,2017-08-20T17:42:25.733569+00:00,5e8d9609900189b29b660d673a78e015,ca4524f065e8bba6a5dc1dc2659233e4fd13c3dc,50c0e7a18c922bef1a758cff70d55df46913dddc22ca792e1b55b05a5b29c502,N/A,N/A,,https://github.com/notepad-plus-plus/notepad-plus-plus/releases/download/v7.7.1/npp.7.7.1.bin.zip
7.7.1,github,x86,npp.7.7.1.bin.zip,updater/GUP.exe,GUP.exe,,580240,2019-06-16T22:27:25.891169+00:00,b3c2f7893c82e76fb1f977f8d0a275d2,c87d47dba8705fa6957491cf7da693692b8c6410,7961a3074719166a8cdd416ec57f49739666cd503a49605e0e31f5de33506e6d,N/A,N/A,,https://github.com/notepad-plus-plus/notepad-plus-plus/releases/download/v7.7.1/npp.7.7.1.bin.zip
7.7.1,github,x86,npp.7.7.1.bin.zip,updater/gup.xml,gup.xml,,4267,2018-12-27T00:45:13.826712+00:00,b023cc4d768b34a5401f317479740a53,4ca45db707b120bca9cb6cd8404b9e6ecabdb2d2,d3e6404c7286961cbab82d4c49f82bcb166db9b5a13eacaa0eeb59a0709a0c14,N/A,N/A,,https://github.com/notepad-plus-plus/notepad-plus-plus/releases/download/v7.7.1/npp.7.7.1.bin.zip
7.7.1,github,x86,npp.7.7.1.bin.zip,localization/hebrew.xml,hebrew.xml,,22740,2018-12-09T18:22:22.918496+00:00,07c8ebe76b6352401c0e9c84956d727f,fb14d93db71d0d4b3f25c275fc57d615ce7446c4,58585868a8164b247c53ad3646076e3404a4fd854ee3632ca9841c1ba3d210d6,N/A,N/A,,https://github.com/notepad-plus-plus/notepad-plus-plus/releases/download/v7.7.1/npp.7.7.1.bin.zip
7.7.1,github,x86,npp.7.7.1.bin.zip,themes/Hello Kitty.xml,Hello Kitty.xml,,89486,2019-05-30T15:39:11.784019+00:00,d0786bd3b5540140c6ca051b2ecca8fd,761dc48ba0eadfb962bb4358bde82b79cf8c5d0b,075d70d996662a584558ee4cb39510b36411aeed7cf2de2c8b189f9d7b2f765d,N/A,N/A,,https://github.com/notepad-plus-plus/notepad-plus-plus/releases/download/v7.7.1/npp.7.7.1.bin.zip
7.7.1,github,x86,npp.7.7.1.bin.zip,localization/hindi.xml,hindi.xml,,99799,2019-05-30T17:13:23.339747+00:00,4325a5b17ec69576fd080ebf39829c88,8fd97fb056842ccc73e81221a2293d0878d995cd,73dcf8bd373d63df5919aab42bb1bf0763b245d1a2b7ef31142b7d6cda7e5dc8,N/A,N/A,,https://github.com/notepad-plus-plus/notepad-plus-plus/releases/download/v7.7.1/npp.7.7.1.bin.zip
7.7.1,github,x86,npp.7.7.1.bin.zip,themes/HotFudgeSundae.xml,HotFudgeSundae.xml,,110071,2019-05-30T15:39:11.789005+00:00,5f22267bed83c68de08e966d94d454b1,e8b439269c725e911be3ac934d704078f415a705,9d4e75d868ff6187b64f7755b17e21a09651e12fe1e8a0c80815845434ff7760,N/A,N/A,,https://github.com/notepad-plus-plus/notepad-plus-plus/releases/download/v7.7.1/npp.7.7.1.bin.zip
7.7.1,github,x86,npp.7.7.1.bin.zip,autoCompletion/html.xml,html.xml,,19497,2018-12-25T17:16:55.601803+00:00,4025e1158c027cf56c2625e65eb724ec,439fea1f13f3a35d2c3176d99db0327a6d216d3f,4300b3a71f387c91548984d017033884e176546ad5b74bac2e4df59caa163530,N/A,N/A,,https://github.com/notepad-plus-plus/notepad-plus-plus/releases/download/v7.7.1/npp.7.7.1.bin.zip
7.7.1,github,x86,npp.7.7.1.bin.zip,localization/hungarian.xml,hungarian.xml,,79901,2019-03-01T00:05:47.191790+00:00,b49cd98b5a75f5a2320427653a1a1782,0b627a98f94832eea57dd0dd0e90eb191d0030ab,951a0bd8e663bf9a43dbc7e083d7de92defab68836a07422033e4915765b1a86,N/A,N/A,,https://github.com/notepad-plus-plus/notepad-plus-plus/releases/download/v7.7.1/npp.7.7.1.bin.zip
7.7.1,github,x86,npp.7.7.1.bin.zip,localization/indonesian.xml,indonesian.xml,,64183,2018-10-05T00:32:05.883964+00:00,258f097d09f9878310e7900bb35cbff3,ea2c9449f1e95c545b20d9c42df9cdbdaf2de2ab,bf7292893bd1700d22e328c4b542929122a027e504a179d7270637e5476befe5,N/A,N/A,,https://github.com/notepad-plus-plus/notepad-plus-plus/releases/download/v7.7.1/npp.7.7.1.bin.zip
7.7.1,github,x86,npp.7.7.1.bin.zip,localization/italian.xml,italian.xml,,84637,2019-03-26T23:11:19.870247+00:00,384f12abbc790c175e57f873f3becfb2,db7ed9fce3a9494d5d11116827615b9961b6b13f,500cfbf34b04f1299e61fe1473b73e0963024c53e6435e719b23298138d1d338,N/A,N/A,,https://github.com/notepad-plus-plus/notepad-plus-plus/releases/download/v7.7.1/npp.7.7.1.bin.zip
7.7.1,github,x86,npp.7.7.1.bin.zip,localization/japanese.xml,japanese.xml,,84903,2019-04-03T19:06:20.480392+00:00,76e62d9c62bea373eb90bebf31da09e8,7514df99a12775853ae30a5d37e4167f865ee262,5333dbb1359c8428750442aa18279a4eb1f72e4568f1d43a4c2277ca825a5420,N/A,N/A,,https://github.com/notepad-plus-plus/notepad-plus-plus/releases/download/v7.7.1/npp.7.7.1.bin.zip
7.7.1,github,x86,npp.7.7.1.bin.zip,autoCompletion/java.xml,java.xml,,205366,2017-05-09T07:28:59.549744+00:00,4690cead3d2bffe2ed519f6ea5002266,dabc1ba868dc058b06dd426365c83bf5ff5bf716,862a83be2906ce28b6d3f1fdfb589d18cd6e971a7eaa51a1c7096cfff929b35b,N/A,N/A,,https://github.com/notepad-plus-plus/notepad-plus-plus/releases/download/v7.7.1/npp.7.7.1.bin.zip
7.7.1,github,x86,npp.7.7.1.bin.zip,autoCompletion/javascript.xml,javascript.xml,,23318,2018-12-09T18:22:22.903537+00:00,30fc91a7c5194ef8d67e1c7e2fd6f697,f9e48cccfa5df44219a6d4a9a1af6083679f097e,7f0564f983478207754a58e66ee6865b8699bd3b9f4fd5c385126d46d7148831,N/A,N/A,,https://github.com/notepad-plus-plus/notepad-plus-plus/releases/download/v7.7.1/npp.7.7.1.bin.zip
7.7.1,github,x86,npp.7.7.1.bin.zip,localization/kabyle.xml,kabyle.xml,,50327,2017-08-20T17:42:25.813696+00:00,ec924dd39f1e36164ef4e93cd5883a2d,3a159ce0c072be9094b589d6711a4b6dfe878487,56714b11409a13fcd706f2d73674919a0bb70c80c7ec18eccf865ad67ad7b48f,N/A,N/A,,https://github.com/notepad-plus-plus/notepad-plus-plus/releases/download/v7.7.1/npp.7.7.1.bin.zip
7.7.1,github,x86,npp.7.7.1.bin.zip,localization/kannada.xml,kannada.xml,,74866,2017-08-20T17:42:25.828578+00:00,f0baf174376d1811fd49d05ace8eb0c6,8ca7735e04fd0ef605adc26912dc9b2fc54982a4,99f75ff79aad8084802bf1d52e7dc78eef18194d399c5248eb205db85348955d,N/A,N/A,,https://github.com/notepad-plus-plus/notepad-plus-plus/releases/download/v7.7.1/npp.7.7.1.bin.zip
7.7.1,github,x86,npp.7.7.1.bin.zip,localization/kazakh.xml,kazakh.xml,,33034,2017-08-20T17:40:41.076773+00:00,42d3d22d81645a44258aa730177896db,65593cc51fa72d9715c4c37028a2a95e84b3dcdb,3942e9c344acae7caa9d28a758b4df80c1211bab80ac88d81449101f9b943c66,N/A,N/A,,https://github.com/notepad-plus-plus/notepad-plus-plus/releases/download/v7.7.1/npp.7.7.1.bin.zip
7.7.1,github,x86,npp.7.7.1.bin.zip,themes/khaki.xml,khaki.xml,,107825,2019-05-30T15:39:11.867795+00:00,3d79493becec1876554827c2a870e203,788ba50a804458e5875aa6c3db5ee420f066b241,da65bab52eed47e378ded955f881a8720b1ea7f309a3532c0c8243b6439c6894,N/A,N/A,,https://github.com/notepad-plus-plus/notepad-plus-plus/releases/download/v7.7.1/npp.7.7.1.bin.zip
7.7.1,github,x86,npp.7.7.1.bin.zip,localization/korean.xml,korean.xml,,47363,2017-08-20T17:42:25.869315+00:00,a81c00ae49aeb5c5ded60220e6e42199,39ac3b19b7f7917aab593fc1f157225b5575910a,50b2b6820683551838ea1533d21624dac75daded6ce9d4227153a4f2986cdf4d,N/A,N/A,,https://github.com/notepad-plus-plus/notepad-plus-plus/releases/download/v7.7.1/npp.7.7.1.bin.zip
7.7.1,github,x86,npp.7.7.1.bin.zip,localization/kurdish.xml,kurdish.xml,,62866,2019-03-26T23:11:19.873271+00:00,713c7613217038dead56ba13741d70b5,3d5216e5e8fafbab894def07aa312a466e1ee789,6a54a7235f8f4cbf5cb4c34f6bdf0bf9ee0d7e3ac62654d5c46e2fdf71868593,N/A,N/A,,https://github.com/notepad-plus-plus/notepad-plus-plus/releases/download/v7.7.1/npp.7.7.1.bin.zip
7.7.1,github,x86,npp.7.7.1.bin.zip,localization/kyrgyz.xml,kyrgyz.xml,,38731,2017-08-20T17:40:41.099834+00:00,ad3a31d477ad1e09dc3f6911c1f50d1e,cefc20836cbc0e78eb0291948eadbdf09b21a838,4964c0b9f36b7fec44ec0805ba153d88293311cd703680719187cdaa68fbd090,N/A,N/A,,https://github.com/notepad-plus-plus/notepad-plus-plus/releases/download/v7.7.1/npp.7.7.1.bin.zip
7.7.1,github,x86,npp.7.7.1.bin.zip,langs.model.xml,langs.model.xml,,329543,2019-05-30T15:39:11.907688+00:00,e77c570ce893a40a76ac0f1b75d8c9f7,b25b34ad18ea2b3bdc112520f27873c0bfc43a46,edfd1ba2ed1f8b75aa95c4eed0a574f88787b60c8f5466182a90141819dc1d68,N/A,N/A,,https://github.com/notepad-plus-plus/notepad-plus-plus/releases/download/v7.7.1/npp.7.7.1.bin.zip
7.7.1,github,x86,npp.7.7.1.bin.zip,localization/latvian.xml,latvian.xml,,46317,2017-08-20T17:42:25.890348+00:00,170d9e9a92a604a309259d3d6f3b9bb6,b782debe9d50b17d2124295befc43bf8b0349eac,bbaa6bc087ab351b182d204a60eab8bc93bd5e75ca2a4a4eaf80b1d5e0fec59b,N/A,N/A,,https://github.com/notepad-plus-plus/notepad-plus-plus/releases/download/v7.7.1/npp.7.7.1.bin.zip
7.7.1,github,x86,npp.7.7.1.bin.zip,updater/libcurl.dll,libcurl.dll,,477328,2019-06-16T22:27:30.535734+00:00,5e7da2437af5dbeb5f5fb925b6502992,d93c4a3ca1cac07c79014513cc6559a00ac7b9e1,4f4c040500351065dfa2628b4c29ef0c2c63b7648e04e5ede68fc7dc2b98e421,N/A,N/A,,https://github.com/notepad-plus-plus/notepad-plus-plus/releases/download/v7.7.1/npp.7.7.1.bin.zip
7.7.1,github,x86,npp.7.7.1.bin.zip,updater/LICENSE,LICENSE,,7804,2018-12-27T00:45:13.930432+00:00,8e3494bf8cf1967afd3b1016fbbe5bb0,b1608abb6e19ef60f4b9c52f6e05bf81cc97d0c2,319917f5ccd09878db6f67c9a77dee846055644ca49eb535628b9e020a87261e,N/A,N/A,,https://github.com/notepad-plus-plus/notepad-plus-plus/releases/download/v7.7.1/npp.7.7.1.bin.zip
7.7.1,github,x86,npp.7.7.1.bin.zip,license.txt,license.txt,,16885,2016-12-26T22:10:43.405127+00:00,6a0438c04e6553dfb631636dbdb199a1,1fb5eb9da193f6a474ea1ae754d69cbe6fcd2b48,da59bed2b60d1ba57830d1bb71e5993de37c6085b2d86e41ec43938467234c55,N/A,N/A,,https://github.com/notepad-plus-plus/notepad-plus-plus/releases/download/v7.7.1/npp.7.7.1.bin.zip
7.7.1,github,x86,npp.7.7.1.bin.zip,localization/ligurian.xml,ligurian.xml,,34480,2017-08-20T17:40:41.121866+00:00,58a86031153e6bd8ae1ad5bf80fcc894,656cedf73e8d40797a43980fd1801f6501b036c4,5fad85ea1c785dca218106e2b409c20b3cb103e8cdc87c542aae5d630599c33b,N/A,N/A,,https://github.com/notepad-plus-plus/notepad-plus-plus/releases/download/v7.7.1/npp.7.7.1.bin.zip
7.7.1,github,x86,npp.7.7.1.bin.zip,autoCompletion/lisp.xml,lisp.xml,,16208,2016-12-26T22:10:43.620377+00:00,310ae71e554b99a4c71b546097de55c0,8433177f8656755b0f79d96188f3de085520d75e,83478867f319bf093ce02f0c98a88b183862c235025580cca9ec7a9515521833,N/A,N/A,,https://github.com/notepad-plus-plus/notepad-plus-plus/releases/download/v7.7.1/npp.7.7.1.bin.zip
7.7.1,github,x86,npp.7.7.1.bin.zip,localization/lithuanian.xml,lithuanian.xml,,76856,2018-10-05T00:32:05.898928+00:00,98f5a618f8cf3ca48774c15ca95bc2bb,0b7d75e1c4f5bf67e31c44cd26b01a5cee1765f5,fb94b9381592015b27e12358c44a522409ec5c180fec694b2ddceff960294d0c,N/A,N/A,,https://github.com/notepad-plus-plus/notepad-plus-plus/releases/download/v7.7.1/npp.7.7.1.bin.zip
7.7.1,github,x86,npp.7.7.1.bin.zip,autoCompletion/lua.xml,lua.xml,,90490,2018-11-10T18:55:12.357412+00:00,bdb4f044ba52f6a83953ffd659c9252a,25ca6e9f4be716377126ca21f332beefef8f1549,3daa67cc9dd0370566566ce0492597a3698b7d9edd361a759c58e1fbd7abb349,N/A,N/A,,https://github.com/notepad-plus-plus/notepad-plus-plus/releases/download/v7.7.1/npp.7.7.1.bin.zip
7.7.1,github,x86,npp.7.7.1.bin.zip,localization/luxembourgish.xml,luxembourgish.xml,,25260,2017-08-20T17:40:41.142960+00:00,cc2d7d26c9d221def534845ec7453ddb,b40b675c5a5c10c8a393714f483aa515be4a5f8d,b73cb0703537af9d58c2e1f040f2e7f741199eef954d5e109eb301fc4498ffe0,N/A,N/A,,https://github.com/notepad-plus-plus/notepad-plus-plus/releases/download/v7.7.1/npp.7.7.1.bin.zip
7.7.1,github,x86,npp.7.7.1.bin.zip,localization/macedonian.xml,macedonian.xml,,36460,2016-12-26T22:10:44.046439+00:00,59f590ee75294f37ccb5ed1c7a441a11,7432c800018216193273b59666f26c4a81540ee6,59dbcc4618fa64eebd71808b16b4736b7af8855bef760aec3eb31c6f8f5f470e,N/A,N/A,,https://github.com/notepad-plus-plus/notepad-plus-plus/releases/download/v7.7.1/npp.7.7.1.bin.zip
7.7.1,github,x86,npp.7.7.1.bin.zip,localization/malay.xml,malay.xml,,19084,2016-12-26T22:10:44.052465+00:00,3158e10e8a9b3c0e84a770f5f11aaa1f,418a6c52704b6c832b80b36adbba45682725c76f,690416e418c9821bfe71805f76d9e18ee39fd092742d173cc9fe595268b131fa,N/A,N/A,,https://github.com/notepad-plus-plus/notepad-plus-plus/releases/download/v7.7.1/npp.7.7.1.bin.zip
7.7.1,github,x86,npp.7.7.1.bin.zip,localization/marathi.xml,marathi.xml,,48181,2019-06-01T16:07:32.531979+00:00,ce4757e3935343d472515cf9b936d7e4,c9ba81eb7b9f1ec2c0ac70e948846ba434d2ac7c,8b7545558bc73329f6caa27b5aa6203220d7a58ea3b37e9c346e636aaf70146c,N/A,N/A,,https://github.com/notepad-plus-plus/notepad-plus-plus/releases/download/v7.7.1/npp.7.7.1.bin.zip
7.7.1,github,x86,npp.7.7.1.bin.zip,plugins/mimeTools/mimeTools.dll,mimeTools.dll,,98448,2019-06-16T22:27:37.474465+00:00,c6f9848553c00503e27f103bb3677a98,cb185d73a00c197d1b48527c7ddb0b9de8c12fc6,bbefbea628d78a7a42228b2fd2bee0166b5c5bba2af23e413a0893095a8e6421,N/A,N/A,,https://github.com/notepad-plus-plus/notepad-plus-plus/releases/download/v7.7.1/npp.7.7.1.bin.zip
7.7.1,github,x86,npp.7.7.1.bin.zip,localization/mongolian.xml,mongolian.xml,,64376,2017-08-20T17:42:25.932074+00:00,7ff28b9242fe6bd774fcd71fbed5563d,e6de73bce5edb47ebc766bf9818c8fcbf77c8555,5d35c3c2f10b6f6923c0b11bd7d82f569ba6a0a8fb854aac20988c77d35bf934,N/A,N/A,,https://github.com/notepad-plus-plus/notepad-plus-plus/releases/download/v7.7.1/npp.7.7.1.bin.zip
7.7.1,github,x86,npp.7.7.1.bin.zip,themes/Mono Industrial.xml,Mono Industrial.xml,,90927,2019-05-30T15:39:11.793991+00:00,7bfad44061fd2b045f61ed2d2558253e,23d6d5b91a53ec1f94c9e8cd2758564ff62a1912,b889a6bae8fb974c3aef44ce3fca7c25d7520743a1a4546867baf1db1090e32b,N/A,N/A,,https://github.com/notepad-plus-plus/notepad-plus-plus/releases/download/v7.7.1/npp.7.7.1.bin.zip
7.7.1,github,x86,npp.7.7.1.bin.zip,themes/Monokai.xml,Monokai.xml,,89664,2019-05-30T15:39:11.799975+00:00,06781ea16464af849cae19ce1e30de82,c52a9c94ba45b02585246c1106f9293c1b3f2cf6,94c64acc04be0415d547212b44c793e885842701899f87410b95ffec04ef0ee9,N/A,N/A,,https://github.com/notepad-plus-plus/notepad-plus-plus/releases/download/v7.7.1/npp.7.7.1.bin.zip
7.7.1,github,x86,npp.7.7.1.bin.zip,themes/MossyLawn.xml,MossyLawn.xml,,107930,2019-05-30T15:39:11.803968+00:00,28823fba483e45146a29451ba95680a2,2d41d6b9ccd38d289689e6bb1eaa9b1ac4f5ab00,64ba41815c56c982e2149bd0d705b2883a44ea63e0f61f5c610439f7a2724877,N/A,N/A,,https://github.com/notepad-plus-plus/notepad-plus-plus/releases/download/v7.7.1/npp.7.7.1.bin.zip
7.7.1,github,x86,npp.7.7.1.bin.zip,themes/Navajo.xml,Navajo.xml,,107739,2019-05-30T15:39:11.810946+00:00,c8ccfee05923c3d0fcf909ddb00f5422,85af19a8cce8a412bb217214458a5ba94dfca06d,6749ecf56b86b5a6d1b4fda1218359dc7fec837f48f2ce1480a286b7530071c2,N/A,N/A,,https://github.com/notepad-plus-plus/notepad-plus-plus/releases/download/v7.7.1/npp.7.7.1.bin.zip
7.7.1,github,x86,npp.7.7.1.bin.zip,localization/norwegian.xml,norwegian.xml,,27778,2016-12-26T22:10:44.066320+00:00,f5519b853316445aab668c1dfd480f87,0f7aab54733b22d514b36ea68e39b0fe215afcbc,bb9a79755d37d449acff570c20e78a9e0c58482414435cf0f493e15e6216fce3,N/A,N/A,,https://github.com/notepad-plus-plus/notepad-plus-plus/releases/download/v7.7.1/npp.7.7.1.bin.zip
7.7.1,github,x86,npp.7.7.1.bin.zip,notepad++.exe,notepad++.exe,,2858640,2019-06-16T22:27:07.190652+00:00,0251a839e38ecbe73a5b52e6c7926b47,021fa49e912e1a76248225bd946b00b2a4f741e8,360b12ccfa33c6d2021bf34162b111ffc2f5939b0524b2e045cd682d93318d69,N/A,N/A,,https://github.com/notepad-plus-plus/notepad-plus-plus/releases/download/v7.7.1/npp.7.7.1.bin.zip
7.7.1,github,x86,npp.7.7.1.bin.zip,plugins/NppConverter/NppConverter.dll,NppConverter.dll,,135312,2019-06-16T22:27:42.256070+00:00,b09d236a685cf78936040ddddd2d92e2,ba44baba9148380844d1eb178a61b204fe3ac3d5,1f94d389a06453b6d470d0aef05565901a41918b322a1c36f3c72ea0dcacb2d1,N/A,N/A,,https://github.com/notepad-plus-plus/notepad-plus-plus/releases/download/v7.7.1/npp.7.7.1.bin.zip
7.7.1,github,x86,npp.7.7.1.bin.zip,plugins/NppExport/NppExport.dll,NppExport.dll,,21648,2019-06-16T22:27:35.148298+00:00,9db561b8e19541f5d58e1ceae971c1fa,fba3a0cde7a6d32a4e0641e46fbc7abc80271cd1,3c0b56fd66aee3f3f02ea3998c6d4e9fa053faaa055e08fd44d8f0d62100934d,N/A,N/A,,https://github.com/notepad-plus-plus/notepad-plus-plus/releases/download/v7.7.1/npp.7.7.1.bin.zip
7.7.1,github,x86,npp.7.7.1.bin.zip,plugins/Config/nppPluginList.dll,nppPluginList.dll,,164496,2019-06-16T22:27:21.198324+00:00,e2e112c8e40eb34b9c99e46d0e2c9b26,172ec72c5d10043eca7de7d6c4754d2f8e70ce92,08e33daa11f590ac3b8384680453a614cd4bbe983b3d2712844c62ba2e70f252,N/A,N/A,,https://github.com/notepad-plus-plus/notepad-plus-plus/releases/download/v7.7.1/npp.7.7.1.bin.zip
7.7.1,github,x86,npp.7.7.1.bin.zip,autoCompletion/nsis.xml,nsis.xml,,8183,2016-12-26T22:10:43.625372+00:00,7985ac923ccbf94742d29d96c405c843,e77f9a3ef026127de4d47538c1f121c771eb7727,5c1482f16fc8a1b99ec87eb4edef5c1d3f2d1c750f1647416369c6124498ad3e,N/A,N/A,,https://github.com/notepad-plus-plus/notepad-plus-plus/releases/download/v7.7.1/npp.7.7.1.bin.zip
7.7.1,github,x86,npp.7.7.1.bin.zip,localization/nynorsk.xml,nynorsk.xml,,41202,2017-08-20T17:40:41.189943+00:00,694867a6ade700da42a55da24da74200,d6115de129aa535bc83cce55e1c1ad5a001a5fac,319a9e846a610811fdf12b96bf352e4e07f2d7de5a6bec3000cebc1b1e21a1fe,N/A,N/A,,https://github.com/notepad-plus-plus/notepad-plus-plus/releases/download/v7.7.1/npp.7.7.1.bin.zip
7.7.1,github,x86,npp.7.7.1.bin.zip,themes/Obsidian.xml,Obsidian.xml,,93305,2019-05-30T15:39:11.812941+00:00,df1ad472007aa51d35f640cdca7cc3cb,f6c4f1c114e10bcf2ba2bf5d0283636bb52df13d,d0c73806ad243121839f2854d7ee55eb4c2962ddb98bef9c402dfb7c4e6f5e07,N/A,N/A,,https://github.com/notepad-plus-plus/notepad-plus-plus/releases/download/v7.7.1/npp.7.7.1.bin.zip
7.7.1,github,x86,npp.7.7.1.bin.zip,localization/occitan.xml,occitan.xml,,61127,2019-03-26T23:11:19.875935+00:00,282135aa211f86afebb1be689de3480c,80f66a9a2b3ced83c3ddbdd4865734c61a4c0a60,a65ef81488df5ddd0cdcc6e65be1b6992b79197fb7980740a750d2f5f5def463,N/A,N/A,,https://github.com/notepad-plus-plus/notepad-plus-plus/releases/download/v7.7.1/npp.7.7.1.bin.zip
7.7.1,github,x86,npp.7.7.1.bin.zip,autoCompletion/perl.xml,perl.xml,,14269,2017-12-28T02:55:00.344057+00:00,244eb5c1e91dc112130252fe58e49b13,28ca0a12b3fbc905cd20ebb62199cdb8d03684a5,e38a882b09330b6dbd56a2a4a90882c371a3c3eb7d29ceae9520a647c185b627,N/A,N/A,,https://github.com/notepad-plus-plus/notepad-plus-plus/releases/download/v7.7.1/npp.7.7.1.bin.zip
7.7.1,github,x86,npp.7.7.1.bin.zip,autoCompletion/php.xml,php.xml,,427929,2016-12-26T22:10:43.642433+00:00,1e9d31476dddc00249463ede7ba491d7,7d6f0047913e58aecf891f24c1e712d269e78bad,43391307f2829b77df05725a13670f6ad0650f8b92b4503cba65d7901e1dda10,N/A,N/A,,https://github.com/notepad-plus-plus/notepad-plus-plus/releases/download/v7.7.1/npp.7.7.1.bin.zip
7.7.1,github,x86,npp.7.7.1.bin.zip,localization/piglatin.xml,piglatin.xml,,79304,2019-03-05T01:52:36.655945+00:00,e57e7d60833241e6307f5666fb7682cc,bead4f333a93d10902ef227f2295815c533597a8,1fec93f265e064820f37cc450b8cb8c60b9250bffb4bf1612a70e81527068010,N/A,N/A,,https://github.com/notepad-plus-plus/notepad-plus-plus/releases/download/v7.7.1/npp.7.7.1.bin.zip
7.7.1,github,x86,npp.7.7.1.bin.zip,themes/Plastic Code Wrap.xml,Plastic Code Wrap.xml,,92421,2019-05-30T15:39:11.831891+00:00,fee7ab321482f225e0000afba772bb3a,1d29938d8462987c6a36538d48bf0cc6e377a1df,0f5cbbb15d3a3b9fea2a7a0ee6df258d99423eb4095fee117870a1cc5650f394,N/A,N/A,,https://github.com/notepad-plus-plus/notepad-plus-plus/releases/download/v7.7.1/npp.7.7.1.bin.zip
7.7.1,github,x86,npp.7.7.1.bin.zip,localization/polish.xml,polish.xml,,58814,2018-11-10T18:55:12.361393+00:00,b6fe2b47e9118deeedba46078bad74d3,95172e8b5462aac9493525115564f45314b1fd67,aab6f7be1c52762cd91d7424adeec856beb2aead9051f62b2591657b82618681,N/A,N/A,,https://github.com/notepad-plus-plus/notepad-plus-plus/releases/download/v7.7.1/npp.7.7.1.bin.zip
7.7.1,github,x86,npp.7.7.1.bin.zip,localization/portuguese.xml,portuguese.xml,,52588,2018-12-09T18:22:22.930436+00:00,bbdcaf6faf7f8548c07f2bb8e617a15e,44c4471d3c963037ce63605e9a7124a0ac36afbf,80b8d3026279141c07722981cc3c6f356674099fd02b8f82b74104fe625e2236,N/A,N/A,,https://github.com/notepad-plus-plus/notepad-plus-plus/releases/download/v7.7.1/npp.7.7.1.bin.zip
7.7.1,github,x86,npp.7.7.1.bin.zip,localization/punjabi.xml,punjabi.xml,,71006,2017-08-20T17:42:25.988152+00:00,1b2298a7b847f23751010f2b01e7a2ab,adeb00513bc79d24dac85640ac1463988a454a15,e3e009b986ed53654ea1c89d828ba3998039db4fae20a877f097e41a2ebb7771,N/A,N/A,,https://github.com/notepad-plus-plus/notepad-plus-plus/releases/download/v7.7.1/npp.7.7.1.bin.zip
7.7.1,github,x86,npp.7.7.1.bin.zip,autoCompletion/python.xml,python.xml,,61585,2016-12-26T22:10:43.648414+00:00,7bedd66d0b8a71da1467f63db6184420,c425dd0d93cd23e091ad0623c82d2edde21dbe06,cc27e0ea6542eb7bb249d169f42f9ac6fcbb794c2ef5d85f2b502e124ceef916,N/A,N/A,,https://github.com/notepad-plus-plus/notepad-plus-plus/releases/download/v7.7.1/npp.7.7.1.bin.zip
7.7.1,github,x86,npp.7.7.1.bin.zip,autoCompletion/rc.xml,rc.xml,,1642,2016-12-26T22:10:43.652428+00:00,12b972b69130e664e50ac111d298379b,413141253cf170a010f7f3a05a9ee1cfd4d37e25,12ad067aa1227b92141bbf9faca8efa74549cff6dabde85899db9272eb7e2dff,N/A,N/A,,https://github.com/notepad-plus-plus/notepad-plus-plus/releases/download/v7.7.1/npp.7.7.1.bin.zip
7.7.1,github,x86,npp.7.7.1.bin.zip,updater/README.md,README.md,,2991,2018-12-27T00:45:13.960355+00:00,9f56b12cbffcfad543fb1f91e3955f1b,406e1423549a8f5e97d8d8e37d5e7f6f4da8194b,aef40520cf12a0842097e8cfbeb9d9128f52573e5f90ca12d4a0a9045978547e,N/A,N/A,,https://github.com/notepad-plus-plus/notepad-plus-plus/releases/download/v7.7.1/npp.7.7.1.bin.zip
7.7.1,github,x86,npp.7.7.1.bin.zip,readme.txt,readme.txt,,1450,2016-12-26T22:10:43.409172+00:00,5c52adcd2bcc000a8b4bd5eb36b84cde,b51da3c7700102dad5d71b2a8551320b2529322a,f09758a2c953bdd2b817441e9a00255d3685c99369468c2695f0ca39aaaa5e6b,N/A,N/A,,https://github.com/notepad-plus-plus/notepad-plus-plus/releases/download/v7.7.1/npp.7.7.1.bin.zip
7.7.1,github,x86,npp.7.7.1.bin.zip,localization/romanian.xml,romanian.xml,,79037,2019-05-30T15:39:11.758087+00:00,b9ef29e90195ced6138e3c780858d024,c89ff4bae248732bdb4b279d39f04124714d70f2,511e3b29f50c46324b636c8ebbe02d2c9c3dc0839b7f3fa5ebaff422c387f5aa,N/A,N/A,,https://github.com/notepad-plus-plus/notepad-plus-plus/releases/download/v7.7.1/npp.7.7.1.bin.zip
7.7.1,github,x86,npp.7.7.1.bin.zip,themes/Ruby Blue.xml,Ruby Blue.xml,,72157,2019-05-30T15:39:11.834883+00:00,ba8a57e2cca530a51c4b497b0a1ecb9e,b120fa127856a4ef429cdc9f4234ea71bb157421,f5351278ed5957758d7882fd488d2c58fba695fd2f435bf99739eb430346dc28,N/A,N/A,,https://github.com/notepad-plus-plus/notepad-plus-plus/releases/download/v7.7.1/npp.7.7.1.bin.zip
7.7.1,github,x86,npp.7.7.1.bin.zip,localization/russian.xml,russian.xml,,83344,2019-05-13T21:05:14.368502+00:00,435f3d4ae5cff009d5e5ec356042cbe7,57782ad06e3cd108a6e22d58927f04fefd7a8b0c,ab2423bff4feb6c11b5dccf2d35adc4bb4a7046db00e24a66d697540d9519612,N/A,N/A,,https://github.com/notepad-plus-plus/notepad-plus-plus/releases/download/v7.7.1/npp.7.7.1.bin.zip
7.7.1,github,x86,npp.7.7.1.bin.zip,localization/samogitian.xml,samogitian.xml,,10160,2016-12-26T22:10:44.114584+00:00,ebba131558f344afe63e1c5718d0f7ad,65ba510db37a5d8ef74d1c77ede30fa9cccad299,75eca9974de1fca41651975a92f374660e1a7c273a3d1dab0ef6dd573230878b,N/A,N/A,,https://github.com/notepad-plus-plus/notepad-plus-plus/releases/download/v7.7.1/npp.7.7.1.bin.zip
7.7.1,github,x86,npp.7.7.1.bin.zip,localization/sardinian.xml,sardinian.xml,,40982,2017-08-20T17:40:41.271018+00:00,064889342004d04b1de62578aa733216,30b21b176b1c031ec472d45ccad41eba239efc52,0169ebd43b3cec4a4f3b0143a2af6f07ec9bf73cb04882a3d4507f01931c08de,N/A,N/A,,https://github.com/notepad-plus-plus/notepad-plus-plus/releases/download/v7.7.1/npp.7.7.1.bin.zip
7.7.1,github,x86,npp.7.7.1.bin.zip,SciLexer.dll,SciLexer.dll,,1255056,2019-06-16T22:27:11.954083+00:00,5922e6d5399bfd40a076352ccf54c348,cf5dd568935df3ad7adb4c93f05e4de56f517a46,1a05072095113ceeb31c7c50720f42049b149952c3327702f134dd491a1c0ef2,N/A,N/A,,https://github.com/notepad-plus-plus/notepad-plus-plus/releases/download/v7.7.1/npp.7.7.1.bin.zip
7.7.1,github,x86,npp.7.7.1.bin.zip,localization/serbian.xml,serbian.xml,,24098,2016-12-26T22:10:44.125648+00:00,174e7dc367ff1c213432b891f11d25bb,e199d3a723bcbb176e9f79969f502658efab0ac7,1a07c6a9c2639fa12bb000f599498ddf84827449afbb7952f4bdc4cf526c2117,N/A,N/A,,https://github.com/notepad-plus-plus/notepad-plus-plus/releases/download/v7.7.1/npp.7.7.1.bin.zip
7.7.1,github,x86,npp.7.7.1.bin.zip,localization/serbianCyrillic.xml,serbianCyrillic.xml,,47833,2017-08-20T17:40:41.289358+00:00,e6c94316e6d065533305b94e7d5af2bc,3b6f4b424d7321bae1d643bef50ee952d7990ddd,289d7cdd9d9af5b2992e3b0ac38022f91e3d9dc0051e40733983e26e2ddcf594,N/A,N/A,,https://github.com/notepad-plus-plus/notepad-plus-plus/releases/download/v7.7.1/npp.7.7.1.bin.zip
7.7.1,github,x86,npp.7.7.1.bin.zip,shortcuts.xml,shortcuts.xml,,1800,2019-01-27T02:00:52.459055+00:00,7055e239de97ab9c2ac0b1a5e72325ad,cac8aa8f244dfd955a9a66e5be7da123e6076de8,867759aa7241cb97e982215cea0907e5193e938da8bf188da913ca021ada0d00,N/A,N/A,,https://github.com/notepad-plus-plus/notepad-plus-plus/releases/download/v7.7.1/npp.7.7.1.bin.zip
7.7.1,github,x86,npp.7.7.1.bin.zip,localization/sinhala.xml,sinhala.xml,,56893,2017-08-20T17:40:41.304229+00:00,9986ce0334af5335ae8c7e5a3cbc818b,384de56d2af7c4941c266bfba7d69518b2b1879d,a8b55a8115a50bd3b7b07c359c49fe7da48a5acf1dacc2c0e3708f6f48636fd6,N/A,N/A,,https://github.com/notepad-plus-plus/notepad-plus-plus/releases/download/v7.7.1/npp.7.7.1.bin.zip
7.7.1,github,x86,npp.7.7.1.bin.zip,localization/slovak.xml,slovak.xml,,74133,2019-03-05T01:52:36.662924+00:00,e56b5a5257bf4e743e9abb688b9e7215,9807a05639ca5262da524d1d1639e2b98c17d805,52b86604adc29058a0efe7109857cc37cb452fd46f6210467543af2bf81b8b3e,N/A,N/A,,https://github.com/notepad-plus-plus/notepad-plus-plus/releases/download/v7.7.1/npp.7.7.1.bin.zip
7.7.1,github,x86,npp.7.7.1.bin.zip,localization/slovenian.xml,slovenian.xml,,72270,2019-05-08T23:22:36.226757+00:00,2d0d8cdcb5375130e8cba2061df596ea,2013ad247c515fa341789ec660cccbd5c0a857e0,7b06c50ce90928f455131c070486e2f6f2d6e6ab71fdf7b703ee81ee211bb51e,N/A,N/A,,https://github.com/notepad-plus-plus/notepad-plus-plus/releases/download/v7.7.1/npp.7.7.1.bin.zip
7.7.1,github,x86,npp.7.7.1.bin.zip,themes/Solarized-light.xml,Solarized-light.xml,,108375,2019-05-30T15:39:11.837874+00:00,d7d187c6b7768f0c6b297a5c3c4bc166,60c4a0d7cc616199cd6d5bd9a091fed9da994550,c073c57ebcb8a15b2c2bcd59024496c462d85340b3e870ce0e18e525613af4f6,N/A,N/A,,https://github.com/notepad-plus-plus/notepad-plus-plus/releases/download/v7.7.1/npp.7.7.1.bin.zip
7.7.1,github,x86,npp.7.7.1.bin.zip,themes/Solarized.xml,Solarized.xml,,108363,2019-05-30T15:39:11.840867+00:00,9fe03156c870d1da5def22bd674195c9,adbe6952195ada932039f3ebb1ffc1e929d948b8,ad20f7e74695163519f860b9f3979d128e0501ba04f8123dd531ef39197a0f94,N/A,N/A,,https://github.com/notepad-plus-plus/notepad-plus-plus/releases/download/v7.7.1/npp.7.7.1.bin.zip
7.7.1,github,x86,npp.7.7.1.bin.zip,localization/spanish.xml,spanish.xml,,61773,2019-05-08T23:22:36.235734+00:00,822489dc4c8085d014fb508c76289747,f32f69839fe6fa2f15cb6481344b571be132e642,23b6520c0d7b3d7e80086b0714f0668a08e6b0dbea7a493cb0e320b8c552be02,N/A,N/A,,https://github.com/notepad-plus-plus/notepad-plus-plus/releases/download/v7.7.1/npp.7.7.1.bin.zip
7.7.1,github,x86,npp.7.7.1.bin.zip,localization/spanish_ar.xml,spanish_ar.xml,,45235,2017-08-20T17:42:26.087522+00:00,e6e44ee7c6b6a0ff89f0fe490f3c11fc,a3cc69b4ea7148ab45a5c907d3b0a45da166b65a,2fadeca7c44132ef9a9243bd67eee23c93a25f96bc6c80b81d527d18128d284d,N/A,N/A,,https://github.com/notepad-plus-plus/notepad-plus-plus/releases/download/v7.7.1/npp.7.7.1.bin.zip
7.7.1,github,x86,npp.7.7.1.bin.zip,autoCompletion/sql.xml,sql.xml,,67952,2016-12-26T22:10:43.658459+00:00,056b92b4d2e16984505990cf379b5486,7571c99732917dad3dd465f29d5bf28619a09fa7,620fe159db5ce323b78b4768f9f6a3a95ca2c4fa4806ea5145afadac21dcc74d,N/A,N/A,,https://github.com/notepad-plus-plus/notepad-plus-plus/releases/download/v7.7.1/npp.7.7.1.bin.zip
7.7.1,github,x86,npp.7.7.1.bin.zip,stylers.model.xml,stylers.model.xml,,166357,2019-05-30T15:39:11.911682+00:00,46fc329be6615da0c27f5bbc80fad64c,04babccbc1e82af74a24354ef7711c277cb6af17,5f57890b3f39889ac6ca376ab1debf5d2ae2df531c5284f70e13f6106204cb83,N/A,N/A,,https://github.com/notepad-plus-plus/notepad-plus-plus/releases/download/v7.7.1/npp.7.7.1.bin.zip
7.7.1,github,x86,npp.7.7.1.bin.zip,localization/swedish.xml,swedish.xml,,59422,2019-05-30T15:39:11.761080+00:00,a41e0bfa49dd28206c2e9fd65880e2d5,8c1e56f022f22cb2d18c1864c775389632edf8ab,b5123cd6d4764f901b4387119df5a738451afe9625a68e9c4ab7f992f533d9f1,N/A,N/A,,https://github.com/notepad-plus-plus/notepad-plus-plus/releases/download/v7.7.1/npp.7.7.1.bin.zip
7.7.1,github,x86,npp.7.7.1.bin.zip,localization/tagalog.xml,tagalog.xml,,30395,2016-12-26T22:10:44.167583+00:00,04e3e27d9d635c6b23c8e40dcbbdd442,c66e2dc153c22a445dae0df2bdf3c1693b4ad03e,047c63c449c5e2a9a4f97637c741eb07e6ec034bc829d85c6565bb0292c1cd72,N/A,N/A,,https://github.com/notepad-plus-plus/notepad-plus-plus/releases/download/v7.7.1/npp.7.7.1.bin.zip
7.7.1,github,x86,npp.7.7.1.bin.zip,localization/tajikCyrillic.xml,tajikCyrillic.xml,,66798,2017-08-20T17:42:26.121326+00:00,c28fc035726b0fe6f56c129d87c2aabc,3cdcfd5e06e905032f0119b5cec8dd8e011fa21c,70a7f699ee317a25cb74524995037b145477b4df0c39d674381ff5c8895fb63f,N/A,N/A,,https://github.com/notepad-plus-plus/notepad-plus-plus/releases/download/v7.7.1/npp.7.7.1.bin.zip
7.7.1,github,x86,npp.7.7.1.bin.zip,localization/tamil.xml,tamil.xml,,54196,2017-08-20T17:40:41.427488+00:00,abc0ae5ed0002512221d682263e41204,7a7533274855ceff9a604d6cd36192cc68f2c416,e23759fd6d60ef9728b620a1a8316fc049ccbf93445a91a1a85d27c4e25f3f15,N/A,N/A,,https://github.com/notepad-plus-plus/notepad-plus-plus/releases/download/v7.7.1/npp.7.7.1.bin.zip
7.7.1,github,x86,npp.7.7.1.bin.zip,localization/tatar.xml,tatar.xml,,71641,2017-08-20T17:42:26.139525+00:00,84c32874e0fbc009202c86781cf6a6b6,93f81be4ed8bd098f4384290f0286b55abbd5885,0b20a37e6512a5a3e0c92075db9eb179a156e5e20f9fe52c3260daf8c77825a3,N/A,N/A,,https://github.com/notepad-plus-plus/notepad-plus-plus/releases/download/v7.7.1/npp.7.7.1.bin.zip
7.7.1,github,x86,npp.7.7.1.bin.zip,localization/telugu.xml,telugu.xml,,53577,2017-08-20T17:40:41.456494+00:00,a8b6a302f3bda0eeae95e5214df33ec4,975e8e7ac8258c4f8c4050743debe980a9864e4f,82b4b16ee06e668e4ff30e71fcbf42623cf30dc14177c570a7ad1f47c0284e0c,N/A,N/A,,https://github.com/notepad-plus-plus/notepad-plus-plus/releases/download/v7.7.1/npp.7.7.1.bin.zip
7.7.1,github,x86,npp.7.7.1.bin.zip,autoCompletion/tex.xml,tex.xml,,67871,2017-12-28T02:55:00.351580+00:00,03f74d2063099160e73faa1a5dee7f9a,89a19baacde3f98c9439861a52239df8c5e964ba,d19fe5a6b68b50e0820641489fd73368ba4ba58adb07948e39073ddce8e08d37,N/A,N/A,,https://github.com/notepad-plus-plus/notepad-plus-plus/releases/download/v7.7.1/npp.7.7.1.bin.zip
7.7.1,github,x86,npp.7.7.1.bin.zip,localization/thai.xml,thai.xml,,41406,2017-08-20T17:40:41.469535+00:00,8d02b72cdcce6c5a4db56eebba394824,259babbea022717b773d10704f61fb285e800730,8ce450bcfd9b9617f4e0969ad4e201480b255d473cb1383c90761cc28cbd7ecc,N/A,N/A,,https://github.com/notepad-plus-plus/notepad-plus-plus/releases/download/v7.7.1/npp.7.7.1.bin.zip
7.7.1,github,x86,npp.7.7.1.bin.zip,localization/turkish.xml,turkish.xml,,65738,2019-05-08T23:22:36.246703+00:00,6b5d7190e9af58c43afcbe80807b3e0f,280fea4a7f6ac9469965f2e726bfda2c24091bef,e315dadbca8df57b80ba1ee3f2c685b201a29399e736c97debf82a9789183ba9,N/A,N/A,,https://github.com/notepad-plus-plus/notepad-plus-plus/releases/download/v7.7.1/npp.7.7.1.bin.zip
7.7.1,github,x86,npp.7.7.1.bin.zip,themes/Twilight.xml,Twilight.xml,,90732,2019-05-30T15:39:11.851837+00:00,72e285158a0e99b081dacc32f61d99a2,9d4bf6efe5a341af42858be6e956c1e559a4e987,1204d968790d1b771def95698794349975ae317e7593a9597c12564aa67c80dd,N/A,N/A,,https://github.com/notepad-plus-plus/notepad-plus-plus/releases/download/v7.7.1/npp.7.7.1.bin.zip
7.7.1,github,x86,npp.7.7.1.bin.zip,localization/ukrainian.xml,ukrainian.xml,,95203,2019-05-13T21:05:14.371493+00:00,2ad1d6c0d74e402c854df769a8196880,f985b2e0d9e86d0dfe39d87edab71eff961cc895,38d0e8cccb1030ba3314511573ed58fcf9ad24d32de8110f6fced82262585b4d,N/A,N/A,,https://github.com/notepad-plus-plus/notepad-plus-plus/releases/download/v7.7.1/npp.7.7.1.bin.zip
7.7.1,github,x86,npp.7.7.1.bin.zip,localization/urdu.xml,urdu.xml,,15657,2016-12-26T22:10:44.210970+00:00,cf965dfcf2257d8046c453ac36fcf65e,ac650afe9e15fec6e0e3e87bc999c2d9350ab461,0b685abaea6232f3e99d563f01613161251e51aba6a62d83cb306aa5f2d396d5,N/A,N/A,,https://github.com/notepad-plus-plus/notepad-plus-plus/releases/download/v7.7.1/npp.7.7.1.bin.zip
7.7.1,github,x86,npp.7.7.1.bin.zip,userDefineLangs/userDefinedLang-markdown.default.modern.xml,userDefinedLang-markdown.default.modern.xml,,5440,2019-03-05T01:52:36.627021+00:00,e6edb9c859b5b97800da9c664a0606c8,a0529bfe949f37d87349f89e44ac03a0f39d90c6,b7a3e70c69f661e76cc7b6279db21fb32f275a8a3c205a75ae22e40224136031,N/A,N/A,,https://github.com/notepad-plus-plus/notepad-plus-plus/releases/download/v7.7.1/npp.7.7.1.bin.zip
7.7.1,github,x86,npp.7.7.1.bin.zip,localization/uyghur.xml,uyghur.xml,,47848,2018-01-28T21:48:40.466342+00:00,a5d2661cab9fae284200b5cd84496b41,fa6cfe413495f354ad0d72e9660f04ce05a6556d,f5d24a6c678b1b54539adeafd2bc2697738f44cea6c184fa442980f1440e5afd,N/A,N/A,,https://github.com/notepad-plus-plus/notepad-plus-plus/releases/download/v7.7.1/npp.7.7.1.bin.zip
7.7.1,github,x86,npp.7.7.1.bin.zip,localization/uzbek.xml,uzbek.xml,,67937,2019-05-08T23:22:36.249695+00:00,8d5d53622c0bd306f5bcbd785328ead3,3aeda8d64f29c15efcbc270ea06bb8100245087f,1e94b2d6c7a0f3a29ed7065a592fab68ffcb442f6b6eb7a78f4f875c689dadd6,N/A,N/A,,https://github.com/notepad-plus-plus/notepad-plus-plus/releases/download/v7.7.1/npp.7.7.1.bin.zip
7.7.1,github,x86,npp.7.7.1.bin.zip,localization/uzbekCyrillic.xml,uzbekCyrillic.xml,,35714,2017-08-20T17:40:41.544199+00:00,71b7ce4804f337f3d5c4fea4a0733691,f4446df6fbeb19c93869205750991261d3a1ac7b,380e17fd360658921ea937043e540b2af642a7307be691f5c58b825623b61a99,N/A,N/A,,https://github.com/notepad-plus-plus/notepad-plus-plus/releases/download/v7.7.1/npp.7.7.1.bin.zip
7.7.1,github,x86,npp.7.7.1.bin.zip,autoCompletion/vb.xml,vb.xml,,17197,2017-12-28T02:55:00.358594+00:00,cb6d0cff9916fa1eae0a4faafc9db82a,0bb7663a45ac8a0e8ed5ee3296f7fedc24c4a3e6,74b6701e0c8f2c92eedd563165b61d4813f519f3747b67b3a043a4b85de41401,N/A,N/A,,https://github.com/notepad-plus-plus/notepad-plus-plus/releases/download/v7.7.1/npp.7.7.1.bin.zip
7.7.1,github,x86,npp.7.7.1.bin.zip,autoCompletion/vhdl.xml,vhdl.xml,,2632,2016-12-26T22:10:43.671560+00:00,1ba07e9e9c7ccbf095fee8c248375527,668325f597bb9fa517e41f304f07c5d0a0421160,29967c6650ce9fce73b7b9dda3390ae3b5cff4ad8ef2265f2c6980da55f42f97,N/A,N/A,,https://github.com/notepad-plus-plus/notepad-plus-plus/releases/download/v7.7.1/npp.7.7.1.bin.zip
7.7.1,github,x86,npp.7.7.1.bin.zip,themes/Vibrant Ink.xml,Vibrant Ink.xml,,88705,2019-05-30T15:39:11.861810+00:00,217f09b407a364a5b1653462e175ad6a,26b9523586e0bac5ba50ba63eedabb269065b2e9,277dfcc0e62f48e7e4de84cc39add1eaee03ad06809e6218fd100a66a2f04bb1,N/A,N/A,,https://github.com/notepad-plus-plus/notepad-plus-plus/releases/download/v7.7.1/npp.7.7.1.bin.zip
7.7.1,github,x86,npp.7.7.1.bin.zip,localization/vietnamese.xml,vietnamese.xml,,52737,2017-08-20T17:42:26.208032+00:00,4648aecae4e9d1df3ca32d9a0cba8fed,ace0c0282c1e0dc6facfd3277994a50410e619c8,747d88fd1df6f7a703fdd0904b50ff32c3d6d2d26203e0ae07b44786b44a9961,N/A,N/A,,https://github.com/notepad-plus-plus/notepad-plus-plus/releases/download/v7.7.1/npp.7.7.1.bin.zip
7.7.1,github,x86,npp.7.7.1.bin.zip,themes/vim Dark Blue.xml,vim Dark Blue.xml,,88366,2019-05-30T15:39:11.874775+00:00,1e6513926f3335ad64f15ee75d8c023a,de600f9e06fe45b40d91471048084ff0a485700f,83f56b02df1a2a82251139d8b3b889045da183fe091e2318c2e405f868646f6d,N/A,N/A,,https://github.com/notepad-plus-plus/notepad-plus-plus/releases/download/v7.7.1/npp.7.7.1.bin.zip
7.7.1,github,x86,npp.7.7.1.bin.zip,localization/welsh.xml,welsh.xml,,53261,2017-08-20T17:42:26.222941+00:00,538acafd2ef4e67581a908f970838626,98c8498903c60d46035a3ec22a3c559311451754,11fd56a75e14493a7305d6cd2aa79dd6990465eb0dec8bdf6354dd6e5db35634,N/A,N/A,,https://github.com/notepad-plus-plus/notepad-plus-plus/releases/download/v7.7.1/npp.7.7.1.bin.zip
7.7.1,github,x86,npp.7.7.1.bin.zip,autoCompletion/xml.xml,xml.xml,,12024,2016-12-26T22:10:43.676850+00:00,432b0a7d34b59ad7512c347f8670ff23,d4ff6d0b283f7b2b8d1792b0c9671d9afb43d3f7,7cdfb59901b0dbda488745f9bd749ce9a1c3e228931162e3a5764c5674330601,N/A,N/A,,https://github.com/notepad-plus-plus/notepad-plus-plus/releases/download/v7.7.1/npp.7.7.1.bin.zip
7.7.1,github,x86,npp.7.7.1.bin.zip,themes/Zenburn.xml,Zenburn.xml,,103292,2019-05-30T15:39:11.863805+00:00,e0d1534ff8d9b51f00e74b56478d3f1a,358cbd9739b16fd178b890ece324222fa5e42bc5,e33ee6192cde94095af4bb6c5cfe23437f52dd771fbee26b19b943161a211523,N/A,N/A,,https://github.com/notepad-plus-plus/notepad-plus-plus/releases/download/v7.7.1/npp.7.7.1.bin.zip
7.7.1,github,x86,npp.7.7.1.bin.zip,localization/zulu.xml,zulu.xml,,72870,2019-03-26T23:11:19.879946+00:00,9440a55f71dac040b123de16d6557951,3c418d94e534013fe52e2a85ddac821b3ae89b40,16ef44efd21a556cfed5aa07b70437a16016754fcd3ce2a9e7048061716591df,N/A,N/A,,https://github.com/notepad-plus-plus/notepad-plus-plus/releases/download/v7.7.1/npp.7.7.1.bin.zip
7.7.1,github,x86,npp.7.7.1.Installer.exe,,npp.7.7.1.Installer.exe,,3667704,2021-12-07T19:40:06+00:00,a327dd44a4e2f0e35364bde7c4a59718,071a81782d88810b0084bd2162c67cf0ff3ad13f,6787c524b0ac30a698237ffb035f932d7132343671b8fe8f0388ed380d19a51c,MATCH,MATCH,,https://github.com/notepad-plus-plus/notepad-plus-plus/releases/download/v7.7.1/npp.7.7.1.Installer.exe
7.7.1,github,x86,npp.7.7.1.Installer.exe,autoCompletion/actionscript.xml,actionscript.xml,,20752,2021-12-07T19:40:06+00:00,f8876462309eeb4204eaaf5777dc4eea,167b0f169340f0cf7d2a53d0f4c4b20f694ff12a,7bdab6f3b572773331a17bfbb6cc4bbd71dfd89e4f11e404b7466925678a3a26,N/A,N/A,,https://github.com/notepad-plus-plus/notepad-plus-plus/releases/download/v7.7.1/npp.7.7.1.Installer.exe
7.7.1,github,x86,npp.7.7.1.Installer.exe,$PLUGINSDIR/nppLocalization/afrikaans.xml,afrikaans.xml,,29077,2021-12-07T19:40:06+00:00,c2f475cc2b49d3aee490c9059529744a,621e81e87c6c8d45a6be6bc69108d8ab13e2d5a6,5d285d98f8891bcf73a770fde00c3215062842224b81c4e70537569712f84570,N/A,N/A,,https://github.com/notepad-plus-plus/notepad-plus-plus/releases/download/v7.7.1/npp.7.7.1.Installer.exe
7.7.1,github,x86,npp.7.7.1.Installer.exe,$PLUGINSDIR/nppLocalization/albanian.xml,albanian.xml,,57197,2021-12-07T19:40:06+00:00,5803d49d9a1320f50394a0ab36c427b6,6f29668d5d3101d86a6ec34d3087c7cd5e5fdc64,508ddd0bd359666186a34b1249b55de31062f2eb4323bce01409e602e7fc0b64,N/A,N/A,,https://github.com/notepad-plus-plus/notepad-plus-plus/releases/download/v7.7.1/npp.7.7.1.Installer.exe
7.7.1,github,x86,npp.7.7.1.Installer.exe,$PLUGINSDIR/nppLocalization/arabic.xml,arabic.xml,,86770,2021-12-07T19:40:06+00:00,4c43fa51c53e259e9c0df42eab235849,6af39eb260e24144dc3491e9083a3d615e977775,f4bb70b47614e639d2035ecf94e4f74413312f7ae593d60a916d940cf3639554,N/A,N/A,,https://github.com/notepad-plus-plus/notepad-plus-plus/releases/download/v7.7.1/npp.7.7.1.Installer.exe
7.7.1,github,x86,npp.7.7.1.Installer.exe,$PLUGINSDIR/nppLocalization/aragonese.xml,aragonese.xml,,49810,2021-12-07T19:40:06+00:00,ff161db746ade330439882ba0640d2ea,1a9109c96486d1f4ee48336f66c0be93cf2725a3,1db8eeb9c6cae8705cacfc3043a7556678e9ed52162fb8ec536c5befc19343a9,N/A,N/A,,https://github.com/notepad-plus-plus/notepad-plus-plus/releases/download/v7.7.1/npp.7.7.1.Installer.exe
7.7.1,github,x86,npp.7.7.1.Installer.exe,$PLUGINSDIR/nppLocalization/aranese.xml,aranese.xml,,20821,2021-12-07T19:40:06+00:00,333a18acb93ba083e86679c065b69d15,cb874355fb8e495a2b0b0dcf8868df287ec6a342,de5da809aa6e44c4e6a01c3b5fb7da5a66d9683cb905416f3fcff2ed413ea7c6,N/A,N/A,,https://github.com/notepad-plus-plus/notepad-plus-plus/releases/download/v7.7.1/npp.7.7.1.Installer.exe
7.7.1,github,x86,npp.7.7.1.Installer.exe,autoCompletion/autoit.xml,autoit.xml,,738721,2021-12-07T19:40:06+00:00,24091974377d7e76106add1210d5853a,7663d568323f753fb62c15f684eea1ff9014ce5b,07cb7ea3f8d1eee1142bcdf876e29f14e6ae2a72ef28f2310263da531c7e8711,N/A,N/A,,https://github.com/notepad-plus-plus/notepad-plus-plus/releases/download/v7.7.1/npp.7.7.1.Installer.exe
7.7.1,github,x86,npp.7.7.1.Installer.exe,$PLUGINSDIR/nppLocalization/azerbaijani.xml,azerbaijani.xml,,35482,2021-12-07T19:40:06+00:00,8cd5c70b03ef9c48585c06fa149f9fcd,4fb0a331d184579444326c6910742ad4b0cbb5a1,d2e185e9c8b1e7d994dcb3b44748f1b499f18ca22a573f452a9b0d791344c448,N/A,N/A,,https://github.com/notepad-plus-plus/notepad-plus-plus/releases/download/v7.7.1/npp.7.7.1.Installer.exe
7.7.1,github,x86,npp.7.7.1.Installer.exe,autoCompletion/BaanC.xml,BaanC.xml,,18490,2021-12-07T19:40:06+00:00,2537a01a4619a19962fb1b85cbee9a13,adaf66583cc60a53f0a08b030e63cc2652badd17,9780d21f36eca4cb7f85c67fe9113c3c223822662812f6ab533c011cd2f56e7e,N/A,N/A,,https://github.com/notepad-plus-plus/notepad-plus-plus/releases/download/v7.7.1/npp.7.7.1.Installer.exe
7.7.1,github,x86,npp.7.7.1.Installer.exe,$PLUGINSDIR/nppLocalization/basque.xml,basque.xml,,59732,2021-12-07T19:40:06+00:00,7ef1dd1b3280122bac0a69063249fd46,83730aee38e42a5aee4c7daf0390833761208709,1047a56b9ea18bafbb7fd03daa190cb980883694dfd7fc1556136ab81834d489,N/A,N/A,,https://github.com/notepad-plus-plus/notepad-plus-plus/releases/download/v7.7.1/npp.7.7.1.Installer.exe
7.7.1,github,x86,npp.7.7.1.Installer.exe,autoCompletion/batch.xml,batch.xml,,3784,2021-12-07T19:40:06+00:00,713831a4916810500b39efbdb41435a2,6b9c9d965f73f71fafb786d547be09f5ef398643,d43ce011aa2d5a946c36b4c3a6a0a98fd9570253bc461a267d3b44aaec3cb6b0,N/A,N/A,,https://github.com/notepad-plus-plus/notepad-plus-plus/releases/download/v7.7.1/npp.7.7.1.Installer.exe
7.7.1,github,x86,npp.7.7.1.Installer.exe,$PLUGINSDIR/nppLocalization/belarusian.xml,belarusian.xml,,95099,2021-12-07T19:40:06+00:00,fd060d45654fa3adec00f943349a535b,7732a8a924e84a218ac710a3c2a829438481c761,1c616bcd978b6f7feb5035c232024baa895f9787183898e4672f70ea3d1ded9c,N/A,N/A,,https://github.com/notepad-plus-plus/notepad-plus-plus/releases/download/v7.7.1/npp.7.7.1.Installer.exe
7.7.1,github,x86,npp.7.7.1.Installer.exe,$PLUGINSDIR/nppLocalization/bengali.xml,bengali.xml,,70025,2021-12-07T19:40:06+00:00,d081b39bf7a87b8ccd3caa5e9d15087c,02fad366321e3bb823bfb46ab966ac919dd227c8,5ecd5febabcb4b4616035fab1b567bf2a0ff8b2ded72d74e6ea5511671814484,N/A,N/A,,https://github.com/notepad-plus-plus/notepad-plus-plus/releases/download/v7.7.1/npp.7.7.1.Installer.exe
7.7.1,github,x86,npp.7.7.1.Installer.exe,$_14_/themes/Bespin.xml,Bespin.xml,,92253,2021-12-07T19:40:06+00:00,21af6f29dd8427b5efece9e633cb8705,d2f47b0da1dd5aa35e21e64d8687b61b0e93abab,883168e15e1456225fde8dddb797ba72d40be00bfe3732567bab3b1dc42dea0b,N/A,N/A,,https://github.com/notepad-plus-plus/notepad-plus-plus/releases/download/v7.7.1/npp.7.7.1.Installer.exe
7.7.1,github,x86,npp.7.7.1.Installer.exe,$_14_/themes/Black board.xml,Black board.xml,,90619,2021-12-07T19:40:06+00:00,7f6385ca1245cfcf3e5807828f1bb76b,321e713ff6b50199f1153d0e2a5351859373f9dc,98a5c5be43ad06bd391792cf04cda9461895a4cfe53968c8ec38c2f6fe4a3b5e,N/A,N/A,,https://github.com/notepad-plus-plus/notepad-plus-plus/releases/download/v7.7.1/npp.7.7.1.Installer.exe
7.7.1,github,x86,npp.7.7.1.Installer.exe,$PLUGINSDIR/nppLocalization/bosnian.xml,bosnian.xml,,32084,2021-12-07T19:40:06+00:00,6b036835ed9d1ee92cd9bd4c76f41bbd,faeb76f93f4228832c7cc952833c717f3614a38d,06ce39e85fc9acd72888da5871fae4d18aa2c5bb6a9fa0c9eca459cf0e949a63,N/A,N/A,,https://github.com/notepad-plus-plus/notepad-plus-plus/releases/download/v7.7.1/npp.7.7.1.Installer.exe
7.7.1,github,x86,npp.7.7.1.Installer.exe,$PLUGINSDIR/nppLocalization/brazilian_portuguese.xml,brazilian_portuguese.xml,,78673,2021-12-07T19:40:06+00:00,c5ac706ffe3cc6abb54272e49d42de5d,d5a9bee2ce2cff235179ea19dfc8207661d40e3d,690897901b9880c4b4247d5a75140f4ef9804fddd4b1ffe6fbc89d4f9952e520,N/A,N/A,,https://github.com/notepad-plus-plus/notepad-plus-plus/releases/download/v7.7.1/npp.7.7.1.Installer.exe
7.7.1,github,x86,npp.7.7.1.Installer.exe,$PLUGINSDIR/nppLocalization/breton.xml,breton.xml,,56124,2021-12-07T19:40:06+00:00,a28d31b3147d47670455aa249df9e3a8,ae276de79ca796b74345a8b3dbcf53e4972b6eaa,7d8569dca0eef5ccd411287ed72f70da19f92b96e05e2bfd294263098e3ed38d,N/A,N/A,,https://github.com/notepad-plus-plus/notepad-plus-plus/releases/download/v7.7.1/npp.7.7.1.Installer.exe
7.7.1,github,x86,npp.7.7.1.Installer.exe,$PLUGINSDIR/nppLocalization/bulgarian.xml,bulgarian.xml,,90231,2021-12-07T19:40:06+00:00,01672d373b82117e742b61dd94897777,61d7f23418f1581e83d7ad9ece9954c87ee191a1,72dd265c9ecca8d6630fef06215b6886f0a1991aa3f0fa5d1115cd761e1d0cbb,N/A,N/A,,https://github.com/notepad-plus-plus/notepad-plus-plus/releases/download/v7.7.1/npp.7.7.1.Installer.exe
7.7.1,github,x86,npp.7.7.1.Installer.exe,autoCompletion/c.xml,c.xml,,44390,2021-12-07T19:40:06+00:00,c92c0a8fa14eb590fdc13287b26689db,b6010b4b59128f9d16abd9e8d8ccf521ed6e4eb8,2ad09d23098049d7541c703684bca446ccf6f1024a182e7dc30c378efb1b2109,N/A,N/A,,https://github.com/notepad-plus-plus/notepad-plus-plus/releases/download/v7.7.1/npp.7.7.1.Installer.exe
7.7.1,github,x86,npp.7.7.1.Installer.exe,$PLUGINSDIR/nppLocalization/catalan.xml,catalan.xml,,65728,2021-12-07T19:40:06+00:00,be294c1890b57df605d743846802e835,5425db4f87a254e3438a73aaf4d4e3a46d3bf9fa,03e2d93f71ae1b27d0695c14af7b820862737b4bf32ccc5fa29e68006ce32e32,N/A,N/A,,https://github.com/notepad-plus-plus/notepad-plus-plus/releases/download/v7.7.1/npp.7.7.1.Installer.exe
7.7.1,github,x86,npp.7.7.1.Installer.exe,change.log,change.log,,956,2021-12-07T19:40:06+00:00,a22774dd659f1995936abf93a601b052,f4dec5090224a4d1f2d764555973e9ed47d30f0b,66c4cc847e2f75699b54b54edbc5625d425a1b0856cf991153b9d167dae8540d,N/A,N/A,,https://github.com/notepad-plus-plus/notepad-plus-plus/releases/download/v7.7.1/npp.7.7.1.Installer.exe
7.7.1,github,x86,npp.7.7.1.Installer.exe,$PLUGINSDIR/nppLocalization/chinese.xml,chinese.xml,,75052,2021-12-07T19:40:06+00:00,adfe78c0a6a1f7f940f0ffd5658b7a77,aee6152c8c04878dc7265f691dbb21a1dffd829f,09ebf7a1fddcffecf9c678509112abdf049497494b933a4afd4cf8693b424d37,N/A,N/A,,https://github.com/notepad-plus-plus/notepad-plus-plus/releases/download/v7.7.1/npp.7.7.1.Installer.exe
7.7.1,github,x86,npp.7.7.1.Installer.exe,$PLUGINSDIR/nppLocalization/chineseSimplified.xml,chineseSimplified.xml,,73985,2021-12-07T19:40:06+00:00,8b1fd4c62d772ff4e2e8cd86f9daa996,2351b7c17a69365db44b5b4f9e89f75e07ab4d61,db470e2927688c424ba8a3838d673b8fe42699e51a4e1b4e9c8824089b3b337d,N/A,N/A,,https://github.com/notepad-plus-plus/notepad-plus-plus/releases/download/v7.7.1/npp.7.7.1.Installer.exe
7.7.1,github,x86,npp.7.7.1.Installer.exe,$_14_/themes/Choco.xml,Choco.xml,,90930,2021-12-07T19:40:06+00:00,849611f521423fe1f1a1d6cd265f611f,d62201d68e9d449da3c7c24fa41a4e788c7bbc9e,f600678def8151cddcceaa7870718b9c0637209e626310ed44472e1b6c8f953c,N/A,N/A,,https://github.com/notepad-plus-plus/notepad-plus-plus/releases/download/v7.7.1/npp.7.7.1.Installer.exe
7.7.1,github,x86,npp.7.7.1.Installer.exe,autoCompletion/cmake.xml,cmake.xml,,7891,2021-12-07T19:40:06+00:00,6c33239d9a59e3b2aa74913b117b2342,b3b685494715c4a1ec9c71fc4ea45e89cf0d5457,55f04796c0dfb130cf438a01ae8e7f96d99a9320a2d9c8e66a9a670640ca5cc9,N/A,N/A,,https://github.com/notepad-plus-plus/notepad-plus-plus/releases/download/v7.7.1/npp.7.7.1.Installer.exe
7.7.1,github,x86,npp.7.7.1.Installer.exe,autoCompletion/coffee.xml,coffee.xml,,1510,2021-12-07T19:40:06+00:00,633f1e56a9f5b7e1c7c75e6dff944b25,55f1f86306161a2b743fe13927e852c2570bfaf7,46d379e7ad5565fc197a32b62d04ceb1be4452af2ae45663415809bc7badb0bd,N/A,N/A,,https://github.com/notepad-plus-plus/notepad-plus-plus/releases/download/v7.7.1/npp.7.7.1.Installer.exe
7.7.1,github,x86,npp.7.7.1.Installer.exe,contextMenu.xml,contextMenu.xml,,3512,2021-12-07T19:40:06+00:00,a7998766b85ee71ff1d82a1198988529,acaf62b48d9307b319105109121d82ccefe46c65,aa48a7c2ec3ed377c42c293f732807572f2ea305c9771b6ea210e7b92ef2c199,N/A,N/A,,https://github.com/notepad-plus-plus/notepad-plus-plus/releases/download/v7.7.1/npp.7.7.1.Installer.exe
7.7.1,github,x86,npp.7.7.1.Installer.exe,$_14_/contextMenu.xml,contextMenu.xml,,3512,2021-12-07T19:40:06+00:00,a7998766b85ee71ff1d82a1198988529,acaf62b48d9307b319105109121d82ccefe46c65,aa48a7c2ec3ed377c42c293f732807572f2ea305c9771b6ea210e7b92ef2c199,N/A,N/A,,https://github.com/notepad-plus-plus/notepad-plus-plus/releases/download/v7.7.1/npp.7.7.1.Installer.exe
7.7.1,github,x86,npp.7.7.1.Installer.exe,$PLUGINSDIR/nppLocalization/corsican.xml,corsican.xml,,83266,2021-12-07T19:40:06+00:00,2762c8551adc0138beb86c304bd678df,465883c3db9c3982e0202b20ff31f3c5dc02cfb2,9cc651eca1140c53634b1106a00bf8df96c8b4db49b68dbf165e1feae0740ee5,N/A,N/A,,https://github.com/notepad-plus-plus/notepad-plus-plus/releases/download/v7.7.1/npp.7.7.1.Installer.exe
7.7.1,github,x86,npp.7.7.1.Installer.exe,autoCompletion/cpp.xml,cpp.xml,,61530,2021-12-07T19:40:06+00:00,e60ca42b12a8e816892894d321ab8d00,bf1dc910f6cab97f99e23d08e084837fc7de17c6,b97ffa556f93ec4c51208b2aea4f3d69411404c27f6ea12608ae84bedbd76418,N/A,N/A,,https://github.com/notepad-plus-plus/notepad-plus-plus/releases/download/v7.7.1/npp.7.7.1.Installer.exe
7.7.1,github,x86,npp.7.7.1.Installer.exe,$PLUGINSDIR/nppLocalization/croatian.xml,croatian.xml,,85184,2021-12-07T19:40:06+00:00,cec164119c1295583fe3326f6710253c,52feae919ddb150a3bad58f5d6f1071027eeebcb,12fe4e0941c20088f10a19487aeddc57ca96ff8ace34ccfbc2cfcb2388c17173,N/A,N/A,,https://github.com/notepad-plus-plus/notepad-plus-plus/releases/download/v7.7.1/npp.7.7.1.Installer.exe
7.7.1,github,x86,npp.7.7.1.Installer.exe,autoCompletion/cs.xml,cs.xml,,33726,2021-12-07T19:40:06+00:00,c9bc2acde59532d2a9b65e7f9cd55d4f,d4a0e2d2b20e0b0cc40a0bf3a5274800d1eb6ea7,32076a244afd75a07cd38f1fa27b08eea3a4a697111cde8a1cb636c46c708c17,N/A,N/A,,https://github.com/notepad-plus-plus/notepad-plus-plus/releases/download/v7.7.1/npp.7.7.1.Installer.exe
7.7.1,github,x86,npp.7.7.1.Installer.exe,autoCompletion/css.xml,css.xml,,11522,2021-12-07T19:40:06+00:00,d2affd6da8aa4fd9457db7b0dcb87517,427e170083be87d570df3f9ea4b0eff0eb60a8f4,776187ab9beec87648e5701137f153adeef88c579b15b181c5d4eee2f02262f8,N/A,N/A,,https://github.com/notepad-plus-plus/notepad-plus-plus/releases/download/v7.7.1/npp.7.7.1.Installer.exe
7.7.1,github,x86,npp.7.7.1.Installer.exe,$PLUGINSDIR/nppLocalization/czech.xml,czech.xml,,72315,2021-12-07T19:40:06+00:00,40fb19e6e72098f1fcc013562e210d4c,d637d786b7eb88d281dec513fd0a7854d5ad5610,e2f164416ddf1f6c09bbc8c33600886f35116c170a9837c940bf1c4e1a75eafa,N/A,N/A,,https://github.com/notepad-plus-plus/notepad-plus-plus/releases/download/v7.7.1/npp.7.7.1.Installer.exe
7.7.1,github,x86,npp.7.7.1.Installer.exe,$PLUGINSDIR/nppLocalization/danish.xml,danish.xml,,75208,2021-12-07T19:40:06+00:00,afdca23414d2fa05e0edfed63dc68bd1,4d5cb126c3f86dc907f315ae38ccc3ec07619fd3,3ce52cb27a70640c8f4578ff52f71de18282d54ab91d1db7658be64c6a316d6c,N/A,N/A,,https://github.com/notepad-plus-plus/notepad-plus-plus/releases/download/v7.7.1/npp.7.7.1.Installer.exe
7.7.1,github,x86,npp.7.7.1.Installer.exe,$_14_/themes/Deep Black.xml,Deep Black.xml,,89184,2021-12-07T19:40:06+00:00,df63f60979df497e82b908ae4b01e461,4a47e15196b9f853e65e73733af05fd846663ac5,c11dc6da0d6efb69e43725233a6b570c6830fe436731b91f58c48ab8b4ca175b,N/A,N/A,,https://github.com/notepad-plus-plus/notepad-plus-plus/releases/download/v7.7.1/npp.7.7.1.Installer.exe
7.7.1,github,x86,npp.7.7.1.Installer.exe,doLocalConf.xml,doLocalConf.xml,,0,2021-12-07T19:40:06+00:00,d41d8cd98f00b204e9800998ecf8427e,da39a3ee5e6b4b0d3255bfef95601890afd80709,e3b0c44298fc1c149afbf4c8996fb92427ae41e4649b934ca495991b7852b855,N/A,N/A,,https://github.com/notepad-plus-plus/notepad-plus-plus/releases/download/v7.7.1/npp.7.7.1.Installer.exe
7.7.1,github,x86,npp.7.7.1.Installer.exe,$PLUGINSDIR/nppLocalization/dutch.xml,dutch.xml,,61604,2021-12-07T19:40:06+00:00,6ce9f0ae41286f01ccf83b64d48cc238,cad9570ecd9252768231c07c37c162e3b291ae97,4dc9faf1ba2806b6ff3f70264c46e2d70007af6f5dafe6fe9d306c3c07eda610,N/A,N/A,,https://github.com/notepad-plus-plus/notepad-plus-plus/releases/download/v7.7.1/npp.7.7.1.Installer.exe
7.7.1,github,x86,npp.7.7.1.Installer.exe,localization/english.xml,english.xml,,74750,2021-12-07T19:40:06+00:00,d8a7706a2beecb30ac7c3d3746a484b3,cedf846b2ae38f45fe467f35a0328619c9678891,658973437807ed8450fbdf34b265ff0b9db7381a71888baeb0d42a72f6614111,N/A,N/A,,https://github.com/notepad-plus-plus/notepad-plus-plus/releases/download/v7.7.1/npp.7.7.1.Installer.exe
7.7.1,github,x86,npp.7.7.1.Installer.exe,$PLUGINSDIR/nppLocalization/english.xml,english.xml,,74750,2021-12-07T19:40:06+00:00,d8a7706a2beecb30ac7c3d3746a484b3,cedf846b2ae38f45fe467f35a0328619c9678891,658973437807ed8450fbdf34b265ff0b9db7381a71888baeb0d42a72f6614111,N/A,N/A,,https://github.com/notepad-plus-plus/notepad-plus-plus/releases/download/v7.7.1/npp.7.7.1.Installer.exe
7.7.1,github,x86,npp.7.7.1.Installer.exe,$PLUGINSDIR/nppLocalization/english_customizable.xml,english_customizable.xml,,71799,2021-12-07T19:40:06+00:00,ba660fd5e124a627e7b5b1d53a6ceae5,81228dc178e012002db96c72c1e2f0e812123b6e,db1c55427bf83385e8713460d515d05aa79b9829be85515f1e46ab1a2cdc198b,N/A,N/A,,https://github.com/notepad-plus-plus/notepad-plus-plus/releases/download/v7.7.1/npp.7.7.1.Installer.exe
7.7.1,github,x86,npp.7.7.1.Installer.exe,$PLUGINSDIR/nppLocalization/esperanto.xml,esperanto.xml,,48285,2021-12-07T19:40:06+00:00,4abf56d03e149ee0569619bbc11815a5,bca30606a47cae3f06685f01795613d1fce626eb,e1486a8120d1ef7998b5335536a3a4877fdcb630f87ed9ca7b307ac075b313c6,N/A,N/A,,https://github.com/notepad-plus-plus/notepad-plus-plus/releases/download/v7.7.1/npp.7.7.1.Installer.exe
7.7.1,github,x86,npp.7.7.1.Installer.exe,$PLUGINSDIR/nppLocalization/estonian.xml,estonian.xml,,60812,2021-12-07T19:40:06+00:00,a12e2854f772938fd4ccd55345dadd4b,20f9c4d026a1bff3934560c45a6956143070e99e,f71e4b0ba4fbf616af8f1568f2160d527b78fcf711132c4a38e0bd5378902237,N/A,N/A,,https://github.com/notepad-plus-plus/notepad-plus-plus/releases/download/v7.7.1/npp.7.7.1.Installer.exe
7.7.1,github,x86,npp.7.7.1.Installer.exe,$PLUGINSDIR/nppLocalization/extremaduran.xml,extremaduran.xml,,25399,2021-12-07T19:40:06+00:00,896b0f1f0854f3bcc23a80c99dcebd47,ee5d3a7de7503e18b2929d96dc164dd0671a841d,87e0372bfd2b84316adf2c7d3130fcf2415a96ec2c8bcd5da6f1a8a3a807c8d2,N/A,N/A,,https://github.com/notepad-plus-plus/notepad-plus-plus/releases/download/v7.7.1/npp.7.7.1.Installer.exe
7.7.1,github,x86,npp.7.7.1.Installer.exe,$PLUGINSDIR/nppLocalization/farsi.xml,farsi.xml,,65927,2021-12-07T19:40:06+00:00,9ddc0ac1e17a56703a3e0a7acb8d0e2a,3735a864f2c265811e478b8f1b7876ec7e73a1a9,d0acda01c7bb500072f00af882297d08a14821811931e862b5225bef97ab6336,N/A,N/A,,https://github.com/notepad-plus-plus/notepad-plus-plus/releases/download/v7.7.1/npp.7.7.1.Installer.exe
7.7.1,github,x86,npp.7.7.1.Installer.exe,$PLUGINSDIR/nppLocalization/finnish.xml,finnish.xml,,44055,2021-12-07T19:40:06+00:00,99d18eeaa47569147a0395948cb9c7d6,9b3488593fa1002a827698db2eec91b4eadba8ea,691d523b2a8c2ea14eb5e5259eed9e9de1853b2c2fd8badc77164f2cca2dd006,N/A,N/A,,https://github.com/notepad-plus-plus/notepad-plus-plus/releases/download/v7.7.1/npp.7.7.1.Installer.exe
7.7.1,github,x86,npp.7.7.1.Installer.exe,$PLUGINSDIR/nppLocalization/french.xml,french.xml,,77647,2021-12-07T19:40:06+00:00,9f90a6c8c9db6894bb578f39014ecea0,796cef14cfb541c2f9fb520a07330818c74e9394,497f8bf1660f90a8f0cd7f409c7a7df3cf2e040a8594bb039edf54e399fe61d2,N/A,N/A,,https://github.com/notepad-plus-plus/notepad-plus-plus/releases/download/v7.7.1/npp.7.7.1.Installer.exe
7.7.1,github,x86,npp.7.7.1.Installer.exe,$PLUGINSDIR/nppLocalization/friulian.xml,friulian.xml,,34362,2021-12-07T19:40:06+00:00,6d4c069b4c4517f68657be1641bec299,cc5384f29594b19822a805f8d5888ff328e169a1,d4ffe0a2b5e35fede7e6244be9823e1e946c60db1635e6d3f753e6df938e4b3d,N/A,N/A,,https://github.com/notepad-plus-plus/notepad-plus-plus/releases/download/v7.7.1/npp.7.7.1.Installer.exe
7.7.1,github,x86,npp.7.7.1.Installer.exe,functionList.xml,functionList.xml,,61820,2021-12-07T19:40:06+00:00,bd8d804a62a5b9392885a6904033f0bf,e82bdad59f7f75736999520c3f27da7f05ee677e,ea1e92c06735a137cd03c36a252027c013e9224dd3013fbe3ddd5c5c0098b2b9,N/A,N/A,,https://github.com/notepad-plus-plus/notepad-plus-plus/releases/download/v7.7.1/npp.7.7.1.Installer.exe
7.7.1,github,x86,npp.7.7.1.Installer.exe,$_14_/functionList.xml,functionList.xml,,61820,2021-12-07T19:40:06+00:00,bd8d804a62a5b9392885a6904033f0bf,e82bdad59f7f75736999520c3f27da7f05ee677e,ea1e92c06735a137cd03c36a252027c013e9224dd3013fbe3ddd5c5c0098b2b9,N/A,N/A,,https://github.com/notepad-plus-plus/notepad-plus-plus/releases/download/v7.7.1/npp.7.7.1.Installer.exe
7.7.1,github,x86,npp.7.7.1.Installer.exe,$PLUGINSDIR/nppLocalization/galician.xml,galician.xml,,25339,2021-12-07T19:40:06+00:00,191cc6b7ed37fad274f985d7329bd048,a8b7750901614323318923833a2fb7ac021e8c34,89a20e547d17b1006698cd35fbad772403033420808c8299206a8e299961d83e,N/A,N/A,,https://github.com/notepad-plus-plus/notepad-plus-plus/releases/download/v7.7.1/npp.7.7.1.Installer.exe
7.7.1,github,x86,npp.7.7.1.Installer.exe,$PLUGINSDIR/nppLocalization/georgian.xml,georgian.xml,,60005,2021-12-07T19:40:06+00:00,cada78594c9838103c479dbda55c9e05,7cdc3fd1b8a7ede96101badacf68281e3432bfbb,b319b96cb4eece88c0cf88b557ce56ce5abe85bdf0a6a1007b64310a708a6572,N/A,N/A,,https://github.com/notepad-plus-plus/notepad-plus-plus/releases/download/v7.7.1/npp.7.7.1.Installer.exe
7.7.1,github,x86,npp.7.7.1.Installer.exe,$PLUGINSDIR/nppLocalization/german.xml,german.xml,,66297,2021-12-07T19:40:06+00:00,355b310c4e264a059f7ace7bf26ed8fa,7585f0eb3efd56130e0542bebc9227936805e646,95ebc8459d0c7e217e45a2062221832d0bae29eca359ec38b2e450913d16590e,N/A,N/A,,https://github.com/notepad-plus-plus/notepad-plus-plus/releases/download/v7.7.1/npp.7.7.1.Installer.exe
7.7.1,github,x86,npp.7.7.1.Installer.exe,$PLUGINSDIR/nppLocalization/greek.xml,greek.xml,,41094,2021-12-07T19:40:06+00:00,109f64488a006665d76621dcd30e7ef7,b2167ac130ee2af4822861148dce561a5d1625fe,d65afc086673dc165ce82dd831b5f04c75d7d43c50957475e1c90f25766ad5da,N/A,N/A,,https://github.com/notepad-plus-plus/notepad-plus-plus/releases/download/v7.7.1/npp.7.7.1.Installer.exe
7.7.1,github,x86,npp.7.7.1.Installer.exe,$PLUGINSDIR/nppLocalization/gujarati.xml,gujarati.xml,,69803,2021-12-07T19:40:06+00:00,5e8d9609900189b29b660d673a78e015,ca4524f065e8bba6a5dc1dc2659233e4fd13c3dc,50c0e7a18c922bef1a758cff70d55df46913dddc22ca792e1b55b05a5b29c502,N/A,N/A,,https://github.com/notepad-plus-plus/notepad-plus-plus/releases/download/v7.7.1/npp.7.7.1.Installer.exe
7.7.1,github,x86,npp.7.7.1.Installer.exe,updater/GUP.exe,GUP.exe,,580240,2021-12-07T19:40:06+00:00,b3c2f7893c82e76fb1f977f8d0a275d2,c87d47dba8705fa6957491cf7da693692b8c6410,7961a3074719166a8cdd416ec57f49739666cd503a49605e0e31f5de33506e6d,N/A,N/A,,https://github.com/notepad-plus-plus/notepad-plus-plus/releases/download/v7.7.1/npp.7.7.1.Installer.exe
7.7.1,github,x86,npp.7.7.1.Installer.exe,updater/gup.xml,gup.xml,,4267,2021-12-07T19:40:06+00:00,b023cc4d768b34a5401f317479740a53,4ca45db707b120bca9cb6cd8404b9e6ecabdb2d2,d3e6404c7286961cbab82d4c49f82bcb166db9b5a13eacaa0eeb59a0709a0c14,N/A,N/A,,https://github.com/notepad-plus-plus/notepad-plus-plus/releases/download/v7.7.1/npp.7.7.1.Installer.exe
7.7.1,github,x86,npp.7.7.1.Installer.exe,$PLUGINSDIR/nppLocalization/hebrew.xml,hebrew.xml,,22740,2021-12-07T19:40:06+00:00,07c8ebe76b6352401c0e9c84956d727f,fb14d93db71d0d4b3f25c275fc57d615ce7446c4,58585868a8164b247c53ad3646076e3404a4fd854ee3632ca9841c1ba3d210d6,N/A,N/A,,https://github.com/notepad-plus-plus/notepad-plus-plus/releases/download/v7.7.1/npp.7.7.1.Installer.exe
7.7.1,github,x86,npp.7.7.1.Installer.exe,$_14_/themes/Hello Kitty.xml,Hello Kitty.xml,,89486,2021-12-07T19:40:06+00:00,d0786bd3b5540140c6ca051b2ecca8fd,761dc48ba0eadfb962bb4358bde82b79cf8c5d0b,075d70d996662a584558ee4cb39510b36411aeed7cf2de2c8b189f9d7b2f765d,N/A,N/A,,https://github.com/notepad-plus-plus/notepad-plus-plus/releases/download/v7.7.1/npp.7.7.1.Installer.exe
7.7.1,github,x86,npp.7.7.1.Installer.exe,$PLUGINSDIR/nppLocalization/hindi.xml,hindi.xml,,99799,2021-12-07T19:40:06+00:00,4325a5b17ec69576fd080ebf39829c88,8fd97fb056842ccc73e81221a2293d0878d995cd,73dcf8bd373d63df5919aab42bb1bf0763b245d1a2b7ef31142b7d6cda7e5dc8,N/A,N/A,,https://github.com/notepad-plus-plus/notepad-plus-plus/releases/download/v7.7.1/npp.7.7.1.Installer.exe
7.7.1,github,x86,npp.7.7.1.Installer.exe,$_14_/themes/HotFudgeSundae.xml,HotFudgeSundae.xml,,110071,2021-12-07T19:40:06+00:00,5f22267bed83c68de08e966d94d454b1,e8b439269c725e911be3ac934d704078f415a705,9d4e75d868ff6187b64f7755b17e21a09651e12fe1e8a0c80815845434ff7760,N/A,N/A,,https://github.com/notepad-plus-plus/notepad-plus-plus/releases/download/v7.7.1/npp.7.7.1.Installer.exe
7.7.1,github,x86,npp.7.7.1.Installer.exe,autoCompletion/html.xml,html.xml,,19497,2021-12-07T19:40:06+00:00,4025e1158c027cf56c2625e65eb724ec,439fea1f13f3a35d2c3176d99db0327a6d216d3f,4300b3a71f387c91548984d017033884e176546ad5b74bac2e4df59caa163530,N/A,N/A,,https://github.com/notepad-plus-plus/notepad-plus-plus/releases/download/v7.7.1/npp.7.7.1.Installer.exe
7.7.1,github,x86,npp.7.7.1.Installer.exe,$PLUGINSDIR/nppLocalization/hungarian.xml,hungarian.xml,,79901,2021-12-07T19:40:06+00:00,b49cd98b5a75f5a2320427653a1a1782,0b627a98f94832eea57dd0dd0e90eb191d0030ab,951a0bd8e663bf9a43dbc7e083d7de92defab68836a07422033e4915765b1a86,N/A,N/A,,https://github.com/notepad-plus-plus/notepad-plus-plus/releases/download/v7.7.1/npp.7.7.1.Installer.exe
7.7.1,github,x86,npp.7.7.1.Installer.exe,$PLUGINSDIR/nppLocalization/indonesian.xml,indonesian.xml,,64183,2021-12-07T19:40:06+00:00,258f097d09f9878310e7900bb35cbff3,ea2c9449f1e95c545b20d9c42df9cdbdaf2de2ab,bf7292893bd1700d22e328c4b542929122a027e504a179d7270637e5476befe5,N/A,N/A,,https://github.com/notepad-plus-plus/notepad-plus-plus/releases/download/v7.7.1/npp.7.7.1.Installer.exe
7.7.1,github,x86,npp.7.7.1.Installer.exe,$PLUGINSDIR/InstallOptions.dll,InstallOptions.dll,,15872,2021-12-07T19:40:06+00:00,05bf02da51e717f79f6b5cbea7bc0710,07471a64ef4dba9dc19ce68ae6cce683af7df86d,ca092ba7f275b0c9000098cdd1a9876fe8dc050fcb40a0e8a1ab8335236e9dc5,N/A,N/A,,https://github.com/notepad-plus-plus/notepad-plus-plus/releases/download/v7.7.1/npp.7.7.1.Installer.exe
7.7.1,github,x86,npp.7.7.1.Installer.exe,$PLUGINSDIR/ioSpecial.ini,ioSpecial.ini,,211,2021-12-07T19:40:06+00:00,e2d5070bc28db1ac745613689ff86067,282e080b4cf847174c5c11e4f9157b8c338ecb19,d95aed234f932a1c48a2b1b0d98c60ca31f962310c03158e2884ab4ddd3ea1e0,N/A,N/A,,https://github.com/notepad-plus-plus/notepad-plus-plus/releases/download/v7.7.1/npp.7.7.1.Installer.exe
7.7.1,github,x86,npp.7.7.1.Installer.exe,$PLUGINSDIR/nppLocalization/italian.xml,italian.xml,,84637,2021-12-07T19:40:06+00:00,384f12abbc790c175e57f873f3becfb2,db7ed9fce3a9494d5d11116827615b9961b6b13f,500cfbf34b04f1299e61fe1473b73e0963024c53e6435e719b23298138d1d338,N/A,N/A,,https://github.com/notepad-plus-plus/notepad-plus-plus/releases/download/v7.7.1/npp.7.7.1.Installer.exe
7.7.1,github,x86,npp.7.7.1.Installer.exe,$PLUGINSDIR/nppLocalization/japanese.xml,japanese.xml,,84903,2021-12-07T19:40:06+00:00,76e62d9c62bea373eb90bebf31da09e8,7514df99a12775853ae30a5d37e4167f865ee262,5333dbb1359c8428750442aa18279a4eb1f72e4568f1d43a4c2277ca825a5420,N/A,N/A,,https://github.com/notepad-plus-plus/notepad-plus-plus/releases/download/v7.7.1/npp.7.7.1.Installer.exe
7.7.1,github,x86,npp.7.7.1.Installer.exe,autoCompletion/java.xml,java.xml,,205366,2021-12-07T19:40:06+00:00,4690cead3d2bffe2ed519f6ea5002266,dabc1ba868dc058b06dd426365c83bf5ff5bf716,862a83be2906ce28b6d3f1fdfb589d18cd6e971a7eaa51a1c7096cfff929b35b,N/A,N/A,,https://github.com/notepad-plus-plus/notepad-plus-plus/releases/download/v7.7.1/npp.7.7.1.Installer.exe
7.7.1,github,x86,npp.7.7.1.Installer.exe,autoCompletion/javascript.xml,javascript.xml,,23318,2021-12-07T19:40:06+00:00,30fc91a7c5194ef8d67e1c7e2fd6f697,f9e48cccfa5df44219a6d4a9a1af6083679f097e,7f0564f983478207754a58e66ee6865b8699bd3b9f4fd5c385126d46d7148831,N/A,N/A,,https://github.com/notepad-plus-plus/notepad-plus-plus/releases/download/v7.7.1/npp.7.7.1.Installer.exe
7.7.1,github,x86,npp.7.7.1.Installer.exe,$PLUGINSDIR/nppLocalization/kabyle.xml,kabyle.xml,,50327,2021-12-07T19:40:06+00:00,ec924dd39f1e36164ef4e93cd5883a2d,3a159ce0c072be9094b589d6711a4b6dfe878487,56714b11409a13fcd706f2d73674919a0bb70c80c7ec18eccf865ad67ad7b48f,N/A,N/A,,https://github.com/notepad-plus-plus/notepad-plus-plus/releases/download/v7.7.1/npp.7.7.1.Installer.exe
7.7.1,github,x86,npp.7.7.1.Installer.exe,$PLUGINSDIR/nppLocalization/kannada.xml,kannada.xml,,74866,2021-12-07T19:40:06+00:00,f0baf174376d1811fd49d05ace8eb0c6,8ca7735e04fd0ef605adc26912dc9b2fc54982a4,99f75ff79aad8084802bf1d52e7dc78eef18194d399c5248eb205db85348955d,N/A,N/A,,https://github.com/notepad-plus-plus/notepad-plus-plus/releases/download/v7.7.1/npp.7.7.1.Installer.exe
7.7.1,github,x86,npp.7.7.1.Installer.exe,$PLUGINSDIR/nppLocalization/kazakh.xml,kazakh.xml,,33034,2021-12-07T19:40:06+00:00,42d3d22d81645a44258aa730177896db,65593cc51fa72d9715c4c37028a2a95e84b3dcdb,3942e9c344acae7caa9d28a758b4df80c1211bab80ac88d81449101f9b943c66,N/A,N/A,,https://github.com/notepad-plus-plus/notepad-plus-plus/releases/download/v7.7.1/npp.7.7.1.Installer.exe
7.7.1,github,x86,npp.7.7.1.Installer.exe,$_14_/themes/khaki.xml,khaki.xml,,107825,2021-12-07T19:40:06+00:00,3d79493becec1876554827c2a870e203,788ba50a804458e5875aa6c3db5ee420f066b241,da65bab52eed47e378ded955f881a8720b1ea7f309a3532c0c8243b6439c6894,N/A,N/A,,https://github.com/notepad-plus-plus/notepad-plus-plus/releases/download/v7.7.1/npp.7.7.1.Installer.exe
7.7.1,github,x86,npp.7.7.1.Installer.exe,$PLUGINSDIR/nppLocalization/korean.xml,korean.xml,,47363,2021-12-07T19:40:06+00:00,a81c00ae49aeb5c5ded60220e6e42199,39ac3b19b7f7917aab593fc1f157225b5575910a,50b2b6820683551838ea1533d21624dac75daded6ce9d4227153a4f2986cdf4d,N/A,N/A,,https://github.com/notepad-plus-plus/notepad-plus-plus/releases/download/v7.7.1/npp.7.7.1.Installer.exe
7.7.1,github,x86,npp.7.7.1.Installer.exe,$PLUGINSDIR/nppLocalization/kurdish.xml,kurdish.xml,,62866,2021-12-07T19:40:06+00:00,713c7613217038dead56ba13741d70b5,3d5216e5e8fafbab894def07aa312a466e1ee789,6a54a7235f8f4cbf5cb4c34f6bdf0bf9ee0d7e3ac62654d5c46e2fdf71868593,N/A,N/A,,https://github.com/notepad-plus-plus/notepad-plus-plus/releases/download/v7.7.1/npp.7.7.1.Installer.exe
7.7.1,github,x86,npp.7.7.1.Installer.exe,$PLUGINSDIR/nppLocalization/kyrgyz.xml,kyrgyz.xml,,38731,2021-12-07T19:40:06+00:00,ad3a31d477ad1e09dc3f6911c1f50d1e,cefc20836cbc0e78eb0291948eadbdf09b21a838,4964c0b9f36b7fec44ec0805ba153d88293311cd703680719187cdaa68fbd090,N/A,N/A,,https://github.com/notepad-plus-plus/notepad-plus-plus/releases/download/v7.7.1/npp.7.7.1.Installer.exe
7.7.1,github,x86,npp.7.7.1.Installer.exe,$PLUGINSDIR/LangDLL.dll,LangDLL.dll,,5632,2021-12-07T19:40:06+00:00,ab1db56369412fe8476fefffd11e4cc0,daad036a83b2ee2fa86d840a34a341100552e723,6f14c8f01f50a30743dac68c5ac813451463dfb427eb4e35fcdfe2410e1a913b,N/A,N/A,,https://github.com/notepad-plus-plus/notepad-plus-plus/releases/download/v7.7.1/npp.7.7.1.Installer.exe
7.7.1,github,x86,npp.7.7.1.Installer.exe,langs.model.xml,langs.model.xml,,329543,2021-12-07T19:40:06+00:00,e77c570ce893a40a76ac0f1b75d8c9f7,b25b34ad18ea2b3bdc112520f27873c0bfc43a46,edfd1ba2ed1f8b75aa95c4eed0a574f88787b60c8f5466182a90141819dc1d68,N/A,N/A,,https://github.com/notepad-plus-plus/notepad-plus-plus/releases/download/v7.7.1/npp.7.7.1.Installer.exe
7.7.1,github,x86,npp.7.7.1.Installer.exe,$PLUGINSDIR/nppLocalization/latvian.xml,latvian.xml,,46317,2021-12-07T19:40:06+00:00,170d9e9a92a604a309259d3d6f3b9bb6,b782debe9d50b17d2124295befc43bf8b0349eac,bbaa6bc087ab351b182d204a60eab8bc93bd5e75ca2a4a4eaf80b1d5e0fec59b,N/A,N/A,,https://github.com/notepad-plus-plus/notepad-plus-plus/releases/download/v7.7.1/npp.7.7.1.Installer.exe
7.7.1,github,x86,npp.7.7.1.Installer.exe,updater/libcurl.dll,libcurl.dll,,477328,2021-12-07T19:40:06+00:00,5e7da2437af5dbeb5f5fb925b6502992,d93c4a3ca1cac07c79014513cc6559a00ac7b9e1,4f4c040500351065dfa2628b4c29ef0c2c63b7648e04e5ede68fc7dc2b98e421,N/A,N/A,,https://github.com/notepad-plus-plus/notepad-plus-plus/releases/download/v7.7.1/npp.7.7.1.Installer.exe
7.7.1,github,x86,npp.7.7.1.Installer.exe,LICENSE,LICENSE,,16198,2021-12-07T19:40:06+00:00,397ad6fd5743ecc1826add6ea0fb0af4,986137060fffc2231d2e692ea330a6d1b9bdd560,b2a74140769dc8bd34cb72bd2d177e58522e69427f39651b738011f244f835bd,N/A,N/A,,https://github.com/notepad-plus-plus/notepad-plus-plus/releases/download/v7.7.1/npp.7.7.1.Installer.exe
7.7.1,github,x86,npp.7.7.1.Installer.exe,updater/LICENSE,LICENSE,,7804,2021-12-07T19:40:06+00:00,8e3494bf8cf1967afd3b1016fbbe5bb0,b1608abb6e19ef60f4b9c52f6e05bf81cc97d0c2,319917f5ccd09878db6f67c9a77dee846055644ca49eb535628b9e020a87261e,N/A,N/A,,https://github.com/notepad-plus-plus/notepad-plus-plus/releases/download/v7.7.1/npp.7.7.1.Installer.exe
7.7.1,github,x86,npp.7.7.1.Installer.exe,$PLUGINSDIR/nppLocalization/ligurian.xml,ligurian.xml,,34480,2021-12-07T19:40:06+00:00,58a86031153e6bd8ae1ad5bf80fcc894,656cedf73e8d40797a43980fd1801f6501b036c4,5fad85ea1c785dca218106e2b409c20b3cb103e8cdc87c542aae5d630599c33b,N/A,N/A,,https://github.com/notepad-plus-plus/notepad-plus-plus/releases/download/v7.7.1/npp.7.7.1.Installer.exe
7.7.1,github,x86,npp.7.7.1.Installer.exe,autoCompletion/lisp.xml,lisp.xml,,16208,2021-12-07T19:40:06+00:00,310ae71e554b99a4c71b546097de55c0,8433177f8656755b0f79d96188f3de085520d75e,83478867f319bf093ce02f0c98a88b183862c235025580cca9ec7a9515521833,N/A,N/A,,https://github.com/notepad-plus-plus/notepad-plus-plus/releases/download/v7.7.1/npp.7.7.1.Installer.exe
7.7.1,github,x86,npp.7.7.1.Installer.exe,$PLUGINSDIR/nppLocalization/lithuanian.xml,lithuanian.xml,,76856,2021-12-07T19:40:06+00:00,98f5a618f8cf3ca48774c15ca95bc2bb,0b7d75e1c4f5bf67e31c44cd26b01a5cee1765f5,fb94b9381592015b27e12358c44a522409ec5c180fec694b2ddceff960294d0c,N/A,N/A,,https://github.com/notepad-plus-plus/notepad-plus-plus/releases/download/v7.7.1/npp.7.7.1.Installer.exe
7.7.1,github,x86,npp.7.7.1.Installer.exe,autoCompletion/lua.xml,lua.xml,,90490,2021-12-07T19:40:06+00:00,bdb4f044ba52f6a83953ffd659c9252a,25ca6e9f4be716377126ca21f332beefef8f1549,3daa67cc9dd0370566566ce0492597a3698b7d9edd361a759c58e1fbd7abb349,N/A,N/A,,https://github.com/notepad-plus-plus/notepad-plus-plus/releases/download/v7.7.1/npp.7.7.1.Installer.exe
7.7.1,github,x86,npp.7.7.1.Installer.exe,$PLUGINSDIR/nppLocalization/luxembourgish.xml,luxembourgish.xml,,25260,2021-12-07T19:40:06+00:00,cc2d7d26c9d221def534845ec7453ddb,b40b675c5a5c10c8a393714f483aa515be4a5f8d,b73cb0703537af9d58c2e1f040f2e7f741199eef954d5e109eb301fc4498ffe0,N/A,N/A,,https://github.com/notepad-plus-plus/notepad-plus-plus/releases/download/v7.7.1/npp.7.7.1.Installer.exe
7.7.1,github,x86,npp.7.7.1.Installer.exe,$PLUGINSDIR/nppLocalization/macedonian.xml,macedonian.xml,,36460,2021-12-07T19:40:06+00:00,59f590ee75294f37ccb5ed1c7a441a11,7432c800018216193273b59666f26c4a81540ee6,59dbcc4618fa64eebd71808b16b4736b7af8855bef760aec3eb31c6f8f5f470e,N/A,N/A,,https://github.com/notepad-plus-plus/notepad-plus-plus/releases/download/v7.7.1/npp.7.7.1.Installer.exe
7.7.1,github,x86,npp.7.7.1.Installer.exe,$PLUGINSDIR/nppLocalization/malay.xml,malay.xml,,19084,2021-12-07T19:40:06+00:00,3158e10e8a9b3c0e84a770f5f11aaa1f,418a6c52704b6c832b80b36adbba45682725c76f,690416e418c9821bfe71805f76d9e18ee39fd092742d173cc9fe595268b131fa,N/A,N/A,,https://github.com/notepad-plus-plus/notepad-plus-plus/releases/download/v7.7.1/npp.7.7.1.Installer.exe
7.7.1,github,x86,npp.7.7.1.Installer.exe,$PLUGINSDIR/nppLocalization/marathi.xml,marathi.xml,,48181,2021-12-07T19:40:06+00:00,ce4757e3935343d472515cf9b936d7e4,c9ba81eb7b9f1ec2c0ac70e948846ba434d2ac7c,8b7545558bc73329f6caa27b5aa6203220d7a58ea3b37e9c346e636aaf70146c,N/A,N/A,,https://github.com/notepad-plus-plus/notepad-plus-plus/releases/download/v7.7.1/npp.7.7.1.Installer.exe
7.7.1,github,x86,npp.7.7.1.Installer.exe,$_15_/mimeTools/mimeTools.dll,mimeTools.dll,,98448,2021-12-07T19:40:06+00:00,c6f9848553c00503e27f103bb3677a98,cb185d73a00c197d1b48527c7ddb0b9de8c12fc6,bbefbea628d78a7a42228b2fd2bee0166b5c5bba2af23e413a0893095a8e6421,N/A,N/A,,https://github.com/notepad-plus-plus/notepad-plus-plus/releases/download/v7.7.1/npp.7.7.1.Installer.exe
7.7.1,github,x86,npp.7.7.1.Installer.exe,$PLUGINSDIR/modern-header.bmp,modern-header.bmp,,26272,2021-12-07T19:40:06+00:00,56da15fdb8d96f8f5c649dcb5e79d775,157e19e89c5fc690a67e3e3e4786edfce917949c,bb90d4338d2474138473e6b16e94b0237ee847bea45019ed0dd4439c71bd233e,N/A,N/A,,https://github.com/notepad-plus-plus/notepad-plus-plus/releases/download/v7.7.1/npp.7.7.1.Installer.exe
7.7.1,github,x86,npp.7.7.1.Installer.exe,$PLUGINSDIR/modern-wizard.bmp,modern-wizard.bmp,,154544,2021-12-07T19:40:06+00:00,c2cf6928a3ab574a5548b4dc1c38b6c0,8860ff529f60b38a93912f88f234d46eebcf664f,2125550c12fa512782f2016e802d70bc51f4a06017cfbd4176b4a994eb2542f0,N/A,N/A,,https://github.com/notepad-plus-plus/notepad-plus-plus/releases/download/v7.7.1/npp.7.7.1.Installer.exe
7.7.1,github,x86,npp.7.7.1.Installer.exe,$PLUGINSDIR/nppLocalization/mongolian.xml,mongolian.xml,,64376,2021-12-07T19:40:06+00:00,7ff28b9242fe6bd774fcd71fbed5563d,e6de73bce5edb47ebc766bf9818c8fcbf77c8555,5d35c3c2f10b6f6923c0b11bd7d82f569ba6a0a8fb854aac20988c77d35bf934,N/A,N/A,,https://github.com/notepad-plus-plus/notepad-plus-plus/releases/download/v7.7.1/npp.7.7.1.Installer.exe
7.7.1,github,x86,npp.7.7.1.Installer.exe,$_14_/themes/Mono Industrial.xml,Mono Industrial.xml,,90927,2021-12-07T19:40:06+00:00,7bfad44061fd2b045f61ed2d2558253e,23d6d5b91a53ec1f94c9e8cd2758564ff62a1912,b889a6bae8fb974c3aef44ce3fca7c25d7520743a1a4546867baf1db1090e32b,N/A,N/A,,https://github.com/notepad-plus-plus/notepad-plus-plus/releases/download/v7.7.1/npp.7.7.1.Installer.exe
7.7.1,github,x86,npp.7.7.1.Installer.exe,$_14_/themes/Monokai.xml,Monokai.xml,,89664,2021-12-07T19:40:06+00:00,06781ea16464af849cae19ce1e30de82,c52a9c94ba45b02585246c1106f9293c1b3f2cf6,94c64acc04be0415d547212b44c793e885842701899f87410b95ffec04ef0ee9,N/A,N/A,,https://github.com/notepad-plus-plus/notepad-plus-plus/releases/download/v7.7.1/npp.7.7.1.Installer.exe
7.7.1,github,x86,npp.7.7.1.Installer.exe,$_14_/themes/MossyLawn.xml,MossyLawn.xml,,107930,2021-12-07T19:40:06+00:00,28823fba483e45146a29451ba95680a2,2d41d6b9ccd38d289689e6bb1eaa9b1ac4f5ab00,64ba41815c56c982e2149bd0d705b2883a44ea63e0f61f5c610439f7a2724877,N/A,N/A,,https://github.com/notepad-plus-plus/notepad-plus-plus/releases/download/v7.7.1/npp.7.7.1.Installer.exe
7.7.1,github,x86,npp.7.7.1.Installer.exe,$_14_/themes/Navajo.xml,Navajo.xml,,107739,2021-12-07T19:40:06+00:00,c8ccfee05923c3d0fcf909ddb00f5422,85af19a8cce8a412bb217214458a5ba94dfca06d,6749ecf56b86b5a6d1b4fda1218359dc7fec837f48f2ce1480a286b7530071c2,N/A,N/A,,https://github.com/notepad-plus-plus/notepad-plus-plus/releases/download/v7.7.1/npp.7.7.1.Installer.exe
7.7.1,github,x86,npp.7.7.1.Installer.exe,$PLUGINSDIR/nppLocalization/norwegian.xml,norwegian.xml,,27778,2021-12-07T19:40:06+00:00,f5519b853316445aab668c1dfd480f87,0f7aab54733b22d514b36ea68e39b0fe215afcbc,bb9a79755d37d449acff570c20e78a9e0c58482414435cf0f493e15e6216fce3,N/A,N/A,,https://github.com/notepad-plus-plus/notepad-plus-plus/releases/download/v7.7.1/npp.7.7.1.Installer.exe
7.7.1,github,x86,npp.7.7.1.Installer.exe,notepad++.exe,notepad++.exe,,2858640,2021-12-07T19:40:06+00:00,0251a839e38ecbe73a5b52e6c7926b47,021fa49e912e1a76248225bd946b00b2a4f741e8,360b12ccfa33c6d2021bf34162b111ffc2f5939b0524b2e045cd682d93318d69,N/A,N/A,,https://github.com/notepad-plus-plus/notepad-plus-plus/releases/download/v7.7.1/npp.7.7.1.Installer.exe
7.7.1,github,x86,npp.7.7.1.Installer.exe,$_15_/NppConverter/NppConverter.dll,NppConverter.dll,,135312,2021-12-07T19:40:06+00:00,b09d236a685cf78936040ddddd2d92e2,ba44baba9148380844d1eb178a61b204fe3ac3d5,1f94d389a06453b6d470d0aef05565901a41918b322a1c36f3c72ea0dcacb2d1,N/A,N/A,,https://github.com/notepad-plus-plus/notepad-plus-plus/releases/download/v7.7.1/npp.7.7.1.Installer.exe
7.7.1,github,x86,npp.7.7.1.Installer.exe,$_15_/NppExport/NppExport.dll,NppExport.dll,,21648,2021-12-07T19:40:06+00:00,9db561b8e19541f5d58e1ceae971c1fa,fba3a0cde7a6d32a4e0641e46fbc7abc80271cd1,3c0b56fd66aee3f3f02ea3998c6d4e9fa053faaa055e08fd44d8f0d62100934d,N/A,N/A,,https://github.com/notepad-plus-plus/notepad-plus-plus/releases/download/v7.7.1/npp.7.7.1.Installer.exe
7.7.1,github,x86,npp.7.7.1.Installer.exe,$_17_/nppPluginList.dll,nppPluginList.dll,,164496,2021-12-07T19:40:06+00:00,e2e112c8e40eb34b9c99e46d0e2c9b26,172ec72c5d10043eca7de7d6c4754d2f8e70ce92,08e33daa11f590ac3b8384680453a614cd4bbe983b3d2712844c62ba2e70f252,N/A,N/A,,https://github.com/notepad-plus-plus/notepad-plus-plus/releases/download/v7.7.1/npp.7.7.1.Installer.exe
7.7.1,github,x86,npp.7.7.1.Installer.exe,NppShell_06.dll,NppShell_06.dll,,267920,2021-12-07T19:40:06+00:00,1f37145219c34952b1cfbac4e0ed7a8d,a075404dee7263a8b1f358975984e3feb306abda,c0a08629c4fb173bd6a8facfa1e5925aa08b017be8e69605eab7100618d54437,N/A,N/A,,https://github.com/notepad-plus-plus/notepad-plus-plus/releases/download/v7.7.1/npp.7.7.1.Installer.exe
7.7.1,github,x86,npp.7.7.1.Installer.exe,$PLUGINSDIR/nsDialogs.dll,nsDialogs.dll,,9728,2021-12-07T19:40:06+00:00,466179e1c8ee8a1ff5e4427dbb6c4a01,eb607467009074278e4bd50c7eab400e95ae48f7,1e40211af65923c2f4fd02ce021458a7745d28e2f383835e3015e96575632172,N/A,N/A,,https://github.com/notepad-plus-plus/notepad-plus-plus/releases/download/v7.7.1/npp.7.7.1.Installer.exe
7.7.1,github,x86,npp.7.7.1.Installer.exe,autoCompletion/nsis.xml,nsis.xml,,8183,2021-12-07T19:40:06+00:00,7985ac923ccbf94742d29d96c405c843,e77f9a3ef026127de4d47538c1f121c771eb7727,5c1482f16fc8a1b99ec87eb4edef5c1d3f2d1c750f1647416369c6124498ad3e,N/A,N/A,,https://github.com/notepad-plus-plus/notepad-plus-plus/releases/download/v7.7.1/npp.7.7.1.Installer.exe
7.7.1,github,x86,npp.7.7.1.Installer.exe,$PLUGINSDIR/nppLocalization/nynorsk.xml,nynorsk.xml,,41202,2021-12-07T19:40:06+00:00,694867a6ade700da42a55da24da74200,d6115de129aa535bc83cce55e1c1ad5a001a5fac,319a9e846a610811fdf12b96bf352e4e07f2d7de5a6bec3000cebc1b1e21a1fe,N/A,N/A,,https://github.com/notepad-plus-plus/notepad-plus-plus/releases/download/v7.7.1/npp.7.7.1.Installer.exe
7.7.1,github,x86,npp.7.7.1.Installer.exe,$_14_/themes/Obsidian.xml,Obsidian.xml,,93305,2021-12-07T19:40:06+00:00,df1ad472007aa51d35f640cdca7cc3cb,f6c4f1c114e10bcf2ba2bf5d0283636bb52df13d,d0c73806ad243121839f2854d7ee55eb4c2962ddb98bef9c402dfb7c4e6f5e07,N/A,N/A,,https://github.com/notepad-plus-plus/notepad-plus-plus/releases/download/v7.7.1/npp.7.7.1.Installer.exe
7.7.1,github,x86,npp.7.7.1.Installer.exe,$PLUGINSDIR/nppLocalization/occitan.xml,occitan.xml,,61127,2021-12-07T19:40:06+00:00,282135aa211f86afebb1be689de3480c,80f66a9a2b3ced83c3ddbdd4865734c61a4c0a60,a65ef81488df5ddd0cdcc6e65be1b6992b79197fb7980740a750d2f5f5def463,N/A,N/A,,https://github.com/notepad-plus-plus/notepad-plus-plus/releases/download/v7.7.1/npp.7.7.1.Installer.exe
7.7.1,github,x86,npp.7.7.1.Installer.exe,autoCompletion/perl.xml,perl.xml,,14269,2021-12-07T19:40:06+00:00,244eb5c1e91dc112130252fe58e49b13,28ca0a12b3fbc905cd20ebb62199cdb8d03684a5,e38a882b09330b6dbd56a2a4a90882c371a3c3eb7d29ceae9520a647c185b627,N/A,N/A,,https://github.com/notepad-plus-plus/notepad-plus-plus/releases/download/v7.7.1/npp.7.7.1.Installer.exe
7.7.1,github,x86,npp.7.7.1.Installer.exe,autoCompletion/php.xml,php.xml,,427929,2021-12-07T19:40:06+00:00,1e9d31476dddc00249463ede7ba491d7,7d6f0047913e58aecf891f24c1e712d269e78bad,43391307f2829b77df05725a13670f6ad0650f8b92b4503cba65d7901e1dda10,N/A,N/A,,https://github.com/notepad-plus-plus/notepad-plus-plus/releases/download/v7.7.1/npp.7.7.1.Installer.exe
7.7.1,github,x86,npp.7.7.1.Installer.exe,$PLUGINSDIR/nppLocalization/piglatin.xml,piglatin.xml,,79304,2021-12-07T19:40:06+00:00,e57e7d60833241e6307f5666fb7682cc,bead4f333a93d10902ef227f2295815c533597a8,1fec93f265e064820f37cc450b8cb8c60b9250bffb4bf1612a70e81527068010,N/A,N/A,,https://github.com/notepad-plus-plus/notepad-plus-plus/releases/download/v7.7.1/npp.7.7.1.Installer.exe
7.7.1,github,x86,npp.7.7.1.Installer.exe,$_14_/themes/Plastic Code Wrap.xml,Plastic Code Wrap.xml,,92421,2021-12-07T19:40:06+00:00,fee7ab321482f225e0000afba772bb3a,1d29938d8462987c6a36538d48bf0cc6e377a1df,0f5cbbb15d3a3b9fea2a7a0ee6df258d99423eb4095fee117870a1cc5650f394,N/A,N/A,,https://github.com/notepad-plus-plus/notepad-plus-plus/releases/download/v7.7.1/npp.7.7.1.Installer.exe
7.7.1,github,x86,npp.7.7.1.Installer.exe,$PLUGINSDIR/nppLocalization/polish.xml,polish.xml,,58814,2021-12-07T19:40:06+00:00,b6fe2b47e9118deeedba46078bad74d3,95172e8b5462aac9493525115564f45314b1fd67,aab6f7be1c52762cd91d7424adeec856beb2aead9051f62b2591657b82618681,N/A,N/A,,https://github.com/notepad-plus-plus/notepad-plus-plus/releases/download/v7.7.1/npp.7.7.1.Installer.exe
7.7.1,github,x86,npp.7.7.1.Installer.exe,$PLUGINSDIR/nppLocalization/portuguese.xml,portuguese.xml,,52588,2021-12-07T19:40:06+00:00,bbdcaf6faf7f8548c07f2bb8e617a15e,44c4471d3c963037ce63605e9a7124a0ac36afbf,80b8d3026279141c07722981cc3c6f356674099fd02b8f82b74104fe625e2236,N/A,N/A,,https://github.com/notepad-plus-plus/notepad-plus-plus/releases/download/v7.7.1/npp.7.7.1.Installer.exe
7.7.1,github,x86,npp.7.7.1.Installer.exe,$PLUGINSDIR/nppLocalization/punjabi.xml,punjabi.xml,,71006,2021-12-07T19:40:06+00:00,1b2298a7b847f23751010f2b01e7a2ab,adeb00513bc79d24dac85640ac1463988a454a15,e3e009b986ed53654ea1c89d828ba3998039db4fae20a877f097e41a2ebb7771,N/A,N/A,,https://github.com/notepad-plus-plus/notepad-plus-plus/releases/download/v7.7.1/npp.7.7.1.Installer.exe
7.7.1,github,x86,npp.7.7.1.Installer.exe,autoCompletion/python.xml,python.xml,,61585,2021-12-07T19:40:06+00:00,7bedd66d0b8a71da1467f63db6184420,c425dd0d93cd23e091ad0623c82d2edde21dbe06,cc27e0ea6542eb7bb249d169f42f9ac6fcbb794c2ef5d85f2b502e124ceef916,N/A,N/A,,https://github.com/notepad-plus-plus/notepad-plus-plus/releases/download/v7.7.1/npp.7.7.1.Installer.exe
7.7.1,github,x86,npp.7.7.1.Installer.exe,autoCompletion/rc.xml,rc.xml,,1642,2021-12-07T19:40:06+00:00,12b972b69130e664e50ac111d298379b,413141253cf170a010f7f3a05a9ee1cfd4d37e25,12ad067aa1227b92141bbf9faca8efa74549cff6dabde85899db9272eb7e2dff,N/A,N/A,,https://github.com/notepad-plus-plus/notepad-plus-plus/releases/download/v7.7.1/npp.7.7.1.Installer.exe
7.7.1,github,x86,npp.7.7.1.Installer.exe,updater/README.md,README.md,,2991,2021-12-07T19:40:06+00:00,9f56b12cbffcfad543fb1f91e3955f1b,406e1423549a8f5e97d8d8e37d5e7f6f4da8194b,aef40520cf12a0842097e8cfbeb9d9128f52573e5f90ca12d4a0a9045978547e,N/A,N/A,,https://github.com/notepad-plus-plus/notepad-plus-plus/releases/download/v7.7.1/npp.7.7.1.Installer.exe
7.7.1,github,x86,npp.7.7.1.Installer.exe,readme.txt,readme.txt,,1450,2021-12-07T19:40:06+00:00,5c52adcd2bcc000a8b4bd5eb36b84cde,b51da3c7700102dad5d71b2a8551320b2529322a,f09758a2c953bdd2b817441e9a00255d3685c99369468c2695f0ca39aaaa5e6b,N/A,N/A,,https://github.com/notepad-plus-plus/notepad-plus-plus/releases/download/v7.7.1/npp.7.7.1.Installer.exe
7.7.1,github,x86,npp.7.7.1.Installer.exe,$PLUGINSDIR/nppLocalization/romanian.xml,romanian.xml,,79037,2021-12-07T19:40:06+00:00,b9ef29e90195ced6138e3c780858d024,c89ff4bae248732bdb4b279d39f04124714d70f2,511e3b29f50c46324b636c8ebbe02d2c9c3dc0839b7f3fa5ebaff422c387f5aa,N/A,N/A,,https://github.com/notepad-plus-plus/notepad-plus-plus/releases/download/v7.7.1/npp.7.7.1.Installer.exe
7.7.1,github,x86,npp.7.7.1.Installer.exe,$_14_/themes/Ruby Blue.xml,Ruby Blue.xml,,72157,2021-12-07T19:40:06+00:00,ba8a57e2cca530a51c4b497b0a1ecb9e,b120fa127856a4ef429cdc9f4234ea71bb157421,f5351278ed5957758d7882fd488d2c58fba695fd2f435bf99739eb430346dc28,N/A,N/A,,https://github.com/notepad-plus-plus/notepad-plus-plus/releases/download/v7.7.1/npp.7.7.1.Installer.exe
7.7.1,github,x86,npp.7.7.1.Installer.exe,$PLUGINSDIR/nppLocalization/russian.xml,russian.xml,,83344,2021-12-07T19:40:06+00:00,435f3d4ae5cff009d5e5ec356042cbe7,57782ad06e3cd108a6e22d58927f04fefd7a8b0c,ab2423bff4feb6c11b5dccf2d35adc4bb4a7046db00e24a66d697540d9519612,N/A,N/A,,https://github.com/notepad-plus-plus/notepad-plus-plus/releases/download/v7.7.1/npp.7.7.1.Installer.exe
7.7.1,github,x86,npp.7.7.1.Installer.exe,$PLUGINSDIR/nppLocalization/samogitian.xml,samogitian.xml,,10160,2021-12-07T19:40:06+00:00,ebba131558f344afe63e1c5718d0f7ad,65ba510db37a5d8ef74d1c77ede30fa9cccad299,75eca9974de1fca41651975a92f374660e1a7c273a3d1dab0ef6dd573230878b,N/A,N/A,,https://github.com/notepad-plus-plus/notepad-plus-plus/releases/download/v7.7.1/npp.7.7.1.Installer.exe
7.7.1,github,x86,npp.7.7.1.Installer.exe,$PLUGINSDIR/nppLocalization/sardinian.xml,sardinian.xml,,40982,2021-12-07T19:40:06+00:00,064889342004d04b1de62578aa733216,30b21b176b1c031ec472d45ccad41eba239efc52,0169ebd43b3cec4a4f3b0143a2af6f07ec9bf73cb04882a3d4507f01931c08de,N/A,N/A,,https://github.com/notepad-plus-plus/notepad-plus-plus/releases/download/v7.7.1/npp.7.7.1.Installer.exe
7.7.1,github,x86,npp.7.7.1.Installer.exe,SciLexer.dll,SciLexer.dll,,1255056,2021-12-07T19:40:06+00:00,5922e6d5399bfd40a076352ccf54c348,cf5dd568935df3ad7adb4c93f05e4de56f517a46,1a05072095113ceeb31c7c50720f42049b149952c3327702f134dd491a1c0ef2,N/A,N/A,,https://github.com/notepad-plus-plus/notepad-plus-plus/releases/download/v7.7.1/npp.7.7.1.Installer.exe
7.7.1,github,x86,npp.7.7.1.Installer.exe,$PLUGINSDIR/nppLocalization/serbian.xml,serbian.xml,,24098,2021-12-07T19:40:06+00:00,174e7dc367ff1c213432b891f11d25bb,e199d3a723bcbb176e9f79969f502658efab0ac7,1a07c6a9c2639fa12bb000f599498ddf84827449afbb7952f4bdc4cf526c2117,N/A,N/A,,https://github.com/notepad-plus-plus/notepad-plus-plus/releases/download/v7.7.1/npp.7.7.1.Installer.exe
7.7.1,github,x86,npp.7.7.1.Installer.exe,$PLUGINSDIR/nppLocalization/serbianCyrillic.xml,serbianCyrillic.xml,,47833,2021-12-07T19:40:06+00:00,e6c94316e6d065533305b94e7d5af2bc,3b6f4b424d7321bae1d643bef50ee952d7990ddd,289d7cdd9d9af5b2992e3b0ac38022f91e3d9dc0051e40733983e26e2ddcf594,N/A,N/A,,https://github.com/notepad-plus-plus/notepad-plus-plus/releases/download/v7.7.1/npp.7.7.1.Installer.exe
7.7.1,github,x86,npp.7.7.1.Installer.exe,shortcuts.xml,shortcuts.xml,,1800,2021-12-07T19:40:06+00:00,7055e239de97ab9c2ac0b1a5e72325ad,cac8aa8f244dfd955a9a66e5be7da123e6076de8,867759aa7241cb97e982215cea0907e5193e938da8bf188da913ca021ada0d00,N/A,N/A,,https://github.com/notepad-plus-plus/notepad-plus-plus/releases/download/v7.7.1/npp.7.7.1.Installer.exe
7.7.1,github,x86,npp.7.7.1.Installer.exe,$PLUGINSDIR/nppLocalization/sinhala.xml,sinhala.xml,,56893,2021-12-07T19:40:06+00:00,9986ce0334af5335ae8c7e5a3cbc818b,384de56d2af7c4941c266bfba7d69518b2b1879d,a8b55a8115a50bd3b7b07c359c49fe7da48a5acf1dacc2c0e3708f6f48636fd6,N/A,N/A,,https://github.com/notepad-plus-plus/notepad-plus-plus/releases/download/v7.7.1/npp.7.7.1.Installer.exe
7.7.1,github,x86,npp.7.7.1.Installer.exe,$PLUGINSDIR/nppLocalization/slovak.xml,slovak.xml,,74133,2021-12-07T19:40:06+00:00,e56b5a5257bf4e743e9abb688b9e7215,9807a05639ca5262da524d1d1639e2b98c17d805,52b86604adc29058a0efe7109857cc37cb452fd46f6210467543af2bf81b8b3e,N/A,N/A,,https://github.com/notepad-plus-plus/notepad-plus-plus/releases/download/v7.7.1/npp.7.7.1.Installer.exe
7.7.1,github,x86,npp.7.7.1.Installer.exe,$PLUGINSDIR/nppLocalization/slovenian.xml,slovenian.xml,,72270,2021-12-07T19:40:06+00:00,2d0d8cdcb5375130e8cba2061df596ea,2013ad247c515fa341789ec660cccbd5c0a857e0,7b06c50ce90928f455131c070486e2f6f2d6e6ab71fdf7b703ee81ee211bb51e,N/A,N/A,,https://github.com/notepad-plus-plus/notepad-plus-plus/releases/download/v7.7.1/npp.7.7.1.Installer.exe
7.7.1,github,x86,npp.7.7.1.Installer.exe,$_14_/themes/Solarized-light.xml,Solarized-light.xml,,108375,2021-12-07T19:40:06+00:00,d7d187c6b7768f0c6b297a5c3c4bc166,60c4a0d7cc616199cd6d5bd9a091fed9da994550,c073c57ebcb8a15b2c2bcd59024496c462d85340b3e870ce0e18e525613af4f6,N/A,N/A,,https://github.com/notepad-plus-plus/notepad-plus-plus/releases/download/v7.7.1/npp.7.7.1.Installer.exe
7.7.1,github,x86,npp.7.7.1.Installer.exe,$_14_/themes/Solarized.xml,Solarized.xml,,108363,2021-12-07T19:40:06+00:00,9fe03156c870d1da5def22bd674195c9,adbe6952195ada932039f3ebb1ffc1e929d948b8,ad20f7e74695163519f860b9f3979d128e0501ba04f8123dd531ef39197a0f94,N/A,N/A,,https://github.com/notepad-plus-plus/notepad-plus-plus/releases/download/v7.7.1/npp.7.7.1.Installer.exe
7.7.1,github,x86,npp.7.7.1.Installer.exe,$PLUGINSDIR/nppLocalization/spanish.xml,spanish.xml,,61773,2021-12-07T19:40:06+00:00,822489dc4c8085d014fb508c76289747,f32f69839fe6fa2f15cb6481344b571be132e642,23b6520c0d7b3d7e80086b0714f0668a08e6b0dbea7a493cb0e320b8c552be02,N/A,N/A,,https://github.com/notepad-plus-plus/notepad-plus-plus/releases/download/v7.7.1/npp.7.7.1.Installer.exe
7.7.1,github,x86,npp.7.7.1.Installer.exe,$PLUGINSDIR/nppLocalization/spanish_ar.xml,spanish_ar.xml,,45235,2021-12-07T19:40:06+00:00,e6e44ee7c6b6a0ff89f0fe490f3c11fc,a3cc69b4ea7148ab45a5c907d3b0a45da166b65a,2fadeca7c44132ef9a9243bd67eee23c93a25f96bc6c80b81d527d18128d284d,N/A,N/A,,https://github.com/notepad-plus-plus/notepad-plus-plus/releases/download/v7.7.1/npp.7.7.1.Installer.exe
7.7.1,github,x86,npp.7.7.1.Installer.exe,autoCompletion/sql.xml,sql.xml,,67952,2021-12-07T19:40:06+00:00,056b92b4d2e16984505990cf379b5486,7571c99732917dad3dd465f29d5bf28619a09fa7,620fe159db5ce323b78b4768f9f6a3a95ca2c4fa4806ea5145afadac21dcc74d,N/A,N/A,,https://github.com/notepad-plus-plus/notepad-plus-plus/releases/download/v7.7.1/npp.7.7.1.Installer.exe
7.7.1,github,x86,npp.7.7.1.Installer.exe,stylers.model.xml,stylers.model.xml,,166357,2021-12-07T19:40:06+00:00,46fc329be6615da0c27f5bbc80fad64c,04babccbc1e82af74a24354ef7711c277cb6af17,5f57890b3f39889ac6ca376ab1debf5d2ae2df531c5284f70e13f6106204cb83,N/A,N/A,,https://github.com/notepad-plus-plus/notepad-plus-plus/releases/download/v7.7.1/npp.7.7.1.Installer.exe
7.7.1,github,x86,npp.7.7.1.Installer.exe,$PLUGINSDIR/nppLocalization/swedish.xml,swedish.xml,,59422,2021-12-07T19:40:06+00:00,a41e0bfa49dd28206c2e9fd65880e2d5,8c1e56f022f22cb2d18c1864c775389632edf8ab,b5123cd6d4764f901b4387119df5a738451afe9625a68e9c4ab7f992f533d9f1,N/A,N/A,,https://github.com/notepad-plus-plus/notepad-plus-plus/releases/download/v7.7.1/npp.7.7.1.Installer.exe
7.7.1,github,x86,npp.7.7.1.Installer.exe,$PLUGINSDIR/System.dll,System.dll,,12288,2021-12-07T19:40:06+00:00,0d7ad4f45dc6f5aa87f606d0331c6901,48df0911f0484cbe2a8cdd5362140b63c41ee457,3eb38ae99653a7dbc724132ee240f6e5c4af4bfe7c01d31d23faf373f9f2eaca,N/A,N/A,,https://github.com/notepad-plus-plus/notepad-plus-plus/releases/download/v7.7.1/npp.7.7.1.Installer.exe
7.7.1,github,x86,npp.7.7.1.Installer.exe,$PLUGINSDIR/nppLocalization/tagalog.xml,tagalog.xml,,30395,2021-12-07T19:40:06+00:00,04e3e27d9d635c6b23c8e40dcbbdd442,c66e2dc153c22a445dae0df2bdf3c1693b4ad03e,047c63c449c5e2a9a4f97637c741eb07e6ec034bc829d85c6565bb0292c1cd72,N/A,N/A,,https://github.com/notepad-plus-plus/notepad-plus-plus/releases/download/v7.7.1/npp.7.7.1.Installer.exe
7.7.1,github,x86,npp.7.7.1.Installer.exe,$PLUGINSDIR/nppLocalization/tajikCyrillic.xml,tajikCyrillic.xml,,66798,2021-12-07T19:40:06+00:00,c28fc035726b0fe6f56c129d87c2aabc,3cdcfd5e06e905032f0119b5cec8dd8e011fa21c,70a7f699ee317a25cb74524995037b145477b4df0c39d674381ff5c8895fb63f,N/A,N/A,,https://github.com/notepad-plus-plus/notepad-plus-plus/releases/download/v7.7.1/npp.7.7.1.Installer.exe
7.7.1,github,x86,npp.7.7.1.Installer.exe,$PLUGINSDIR/nppLocalization/tamil.xml,tamil.xml,,54196,2021-12-07T19:40:06+00:00,abc0ae5ed0002512221d682263e41204,7a7533274855ceff9a604d6cd36192cc68f2c416,e23759fd6d60ef9728b620a1a8316fc049ccbf93445a91a1a85d27c4e25f3f15,N/A,N/A,,https://github.com/notepad-plus-plus/notepad-plus-plus/releases/download/v7.7.1/npp.7.7.1.Installer.exe
7.7.1,github,x86,npp.7.7.1.Installer.exe,$PLUGINSDIR/nppLocalization/tatar.xml,tatar.xml,,71641,2021-12-07T19:40:06+00:00,84c32874e0fbc009202c86781cf6a6b6,93f81be4ed8bd098f4384290f0286b55abbd5885,0b20a37e6512a5a3e0c92075db9eb179a156e5e20f9fe52c3260daf8c77825a3,N/A,N/A,,https://github.com/notepad-plus-plus/notepad-plus-plus/releases/download/v7.7.1/npp.7.7.1.Installer.exe
7.7.1,github,x86,npp.7.7.1.Installer.exe,$PLUGINSDIR/nppLocalization/telugu.xml,telugu.xml,,53577,2021-12-07T19:40:06+00:00,a8b6a302f3bda0eeae95e5214df33ec4,975e8e7ac8258c4f8c4050743debe980a9864e4f,82b4b16ee06e668e4ff30e71fcbf42623cf30dc14177c570a7ad1f47c0284e0c,N/A,N/A,,https://github.com/notepad-plus-plus/notepad-plus-plus/releases/download/v7.7.1/npp.7.7.1.Installer.exe
7.7.1,github,x86,npp.7.7.1.Installer.exe,autoCompletion/tex.xml,tex.xml,,67871,2021-12-07T19:40:06+00:00,03f74d2063099160e73faa1a5dee7f9a,89a19baacde3f98c9439861a52239df8c5e964ba,d19fe5a6b68b50e0820641489fd73368ba4ba58adb07948e39073ddce8e08d37,N/A,N/A,,https://github.com/notepad-plus-plus/notepad-plus-plus/releases/download/v7.7.1/npp.7.7.1.Installer.exe
7.7.1,github,x86,npp.7.7.1.Installer.exe,$PLUGINSDIR/nppLocalization/thai.xml,thai.xml,,41406,2021-12-07T19:40:06+00:00,8d02b72cdcce6c5a4db56eebba394824,259babbea022717b773d10704f61fb285e800730,8ce450bcfd9b9617f4e0969ad4e201480b255d473cb1383c90761cc28cbd7ecc,N/A,N/A,,https://github.com/notepad-plus-plus/notepad-plus-plus/releases/download/v7.7.1/npp.7.7.1.Installer.exe
7.7.1,github,x86,npp.7.7.1.Installer.exe,$PLUGINSDIR/nppLocalization/turkish.xml,turkish.xml,,65738,2021-12-07T19:40:06+00:00,6b5d7190e9af58c43afcbe80807b3e0f,280fea4a7f6ac9469965f2e726bfda2c24091bef,e315dadbca8df57b80ba1ee3f2c685b201a29399e736c97debf82a9789183ba9,N/A,N/A,,https://github.com/notepad-plus-plus/notepad-plus-plus/releases/download/v7.7.1/npp.7.7.1.Installer.exe
7.7.1,github,x86,npp.7.7.1.Installer.exe,$_14_/themes/Twilight.xml,Twilight.xml,,90732,2021-12-07T19:40:06+00:00,72e285158a0e99b081dacc32f61d99a2,9d4bf6efe5a341af42858be6e956c1e559a4e987,1204d968790d1b771def95698794349975ae317e7593a9597c12564aa67c80dd,N/A,N/A,,https://github.com/notepad-plus-plus/notepad-plus-plus/releases/download/v7.7.1/npp.7.7.1.Installer.exe
7.7.1,github,x86,npp.7.7.1.Installer.exe,$PLUGINSDIR/nppLocalization/ukrainian.xml,ukrainian.xml,,95203,2021-12-07T19:40:06+00:00,2ad1d6c0d74e402c854df769a8196880,f985b2e0d9e86d0dfe39d87edab71eff961cc895,38d0e8cccb1030ba3314511573ed58fcf9ad24d32de8110f6fced82262585b4d,N/A,N/A,,https://github.com/notepad-plus-plus/notepad-plus-plus/releases/download/v7.7.1/npp.7.7.1.Installer.exe
7.7.1,github,x86,npp.7.7.1.Installer.exe,uninstall.exe.nsis,uninstall.exe.nsis,,74210,2021-12-07T19:40:06+00:00,984202929e7e163fc0cb9f14fb85dc77,78f5608807f5be33bc1ef9726239c2d50248012c,a621c29c301c42dbd86e0de535b8a64f706fad29e1e33dd914795e09d3ac32cb,N/A,N/A,,https://github.com/notepad-plus-plus/notepad-plus-plus/releases/download/v7.7.1/npp.7.7.1.Installer.exe
7.7.1,github,x86,npp.7.7.1.Installer.exe,$PLUGINSDIR/nppLocalization/urdu.xml,urdu.xml,,15657,2021-12-07T19:40:06+00:00,cf965dfcf2257d8046c453ac36fcf65e,ac650afe9e15fec6e0e3e87bc999c2d9350ab461,0b685abaea6232f3e99d563f01613161251e51aba6a62d83cb306aa5f2d396d5,N/A,N/A,,https://github.com/notepad-plus-plus/notepad-plus-plus/releases/download/v7.7.1/npp.7.7.1.Installer.exe
7.7.1,github,x86,npp.7.7.1.Installer.exe,$_14_/userDefineLangs/userDefinedLang-markdown.default.modern.xml,userDefinedLang-markdown.default.modern.xml,,5440,2021-12-07T19:40:06+00:00,e6edb9c859b5b97800da9c664a0606c8,a0529bfe949f37d87349f89e44ac03a0f39d90c6,b7a3e70c69f661e76cc7b6279db21fb32f275a8a3c205a75ae22e40224136031,N/A,N/A,,https://github.com/notepad-plus-plus/notepad-plus-plus/releases/download/v7.7.1/npp.7.7.1.Installer.exe
7.7.1,github,x86,npp.7.7.1.Installer.exe,$PLUGINSDIR/UserInfo.dll,UserInfo.dll,,4096,2021-12-07T19:40:06+00:00,9eb662f3b5fbda28bffe020e0ab40519,0bd28183a9d8dbb98afbcf100fb1f4f6c5fc6c41,9aa388c7de8e96885adcb4325af871b470ac50edb60d4b0d876ad43f5332ffd1,N/A,N/A,,https://github.com/notepad-plus-plus/notepad-plus-plus/releases/download/v7.7.1/npp.7.7.1.Installer.exe
7.7.1,github,x86,npp.7.7.1.Installer.exe,$PLUGINSDIR/nppLocalization/uyghur.xml,uyghur.xml,,47848,2021-12-07T19:40:06+00:00,a5d2661cab9fae284200b5cd84496b41,fa6cfe413495f354ad0d72e9660f04ce05a6556d,f5d24a6c678b1b54539adeafd2bc2697738f44cea6c184fa442980f1440e5afd,N/A,N/A,,https://github.com/notepad-plus-plus/notepad-plus-plus/releases/download/v7.7.1/npp.7.7.1.Installer.exe
7.7.1,github,x86,npp.7.7.1.Installer.exe,$PLUGINSDIR/nppLocalization/uzbek.xml,uzbek.xml,,67937,2021-12-07T19:40:06+00:00,8d5d53622c0bd306f5bcbd785328ead3,3aeda8d64f29c15efcbc270ea06bb8100245087f,1e94b2d6c7a0f3a29ed7065a592fab68ffcb442f6b6eb7a78f4f875c689dadd6,N/A,N/A,,https://github.com/notepad-plus-plus/notepad-plus-plus/releases/download/v7.7.1/npp.7.7.1.Installer.exe
7.7.1,github,x86,npp.7.7.1.Installer.exe,$PLUGINSDIR/nppLocalization/uzbekCyrillic.xml,uzbekCyrillic.xml,,35714,2021-12-07T19:40:06+00:00,71b7ce4804f337f3d5c4fea4a0733691,f4446df6fbeb19c93869205750991261d3a1ac7b,380e17fd360658921ea937043e540b2af642a7307be691f5c58b825623b61a99,N/A,N/A,,https://github.com/notepad-plus-plus/notepad-plus-plus/releases/download/v7.7.1/npp.7.7.1.Installer.exe
7.7.1,github,x86,npp.7.7.1.Installer.exe,autoCompletion/vb.xml,vb.xml,,17197,2021-12-07T19:40:06+00:00,cb6d0cff9916fa1eae0a4faafc9db82a,0bb7663a45ac8a0e8ed5ee3296f7fedc24c4a3e6,74b6701e0c8f2c92eedd563165b61d4813f519f3747b67b3a043a4b85de41401,N/A,N/A,,https://github.com/notepad-plus-plus/notepad-plus-plus/releases/download/v7.7.1/npp.7.7.1.Installer.exe
7.7.1,github,x86,npp.7.7.1.Installer.exe,autoCompletion/vhdl.xml,vhdl.xml,,2632,2021-12-07T19:40:06+00:00,1ba07e9e9c7ccbf095fee8c248375527,668325f597bb9fa517e41f304f07c5d0a0421160,29967c6650ce9fce73b7b9dda3390ae3b5cff4ad8ef2265f2c6980da55f42f97,N/A,N/A,,https://github.com/notepad-plus-plus/notepad-plus-plus/releases/download/v7.7.1/npp.7.7.1.Installer.exe
7.7.1,github,x86,npp.7.7.1.Installer.exe,$_14_/themes/Vibrant Ink.xml,Vibrant Ink.xml,,88705,2021-12-07T19:40:06+00:00,217f09b407a364a5b1653462e175ad6a,26b9523586e0bac5ba50ba63eedabb269065b2e9,277dfcc0e62f48e7e4de84cc39add1eaee03ad06809e6218fd100a66a2f04bb1,N/A,N/A,,https://github.com/notepad-plus-plus/notepad-plus-plus/releases/download/v7.7.1/npp.7.7.1.Installer.exe
7.7.1,github,x86,npp.7.7.1.Installer.exe,$PLUGINSDIR/nppLocalization/vietnamese.xml,vietnamese.xml,,52737,2021-12-07T19:40:06+00:00,4648aecae4e9d1df3ca32d9a0cba8fed,ace0c0282c1e0dc6facfd3277994a50410e619c8,747d88fd1df6f7a703fdd0904b50ff32c3d6d2d26203e0ae07b44786b44a9961,N/A,N/A,,https://github.com/notepad-plus-plus/notepad-plus-plus/releases/download/v7.7.1/npp.7.7.1.Installer.exe
7.7.1,github,x86,npp.7.7.1.Installer.exe,$_14_/themes/vim Dark Blue.xml,vim Dark Blue.xml,,88366,2021-12-07T19:40:06+00:00,1e6513926f3335ad64f15ee75d8c023a,de600f9e06fe45b40d91471048084ff0a485700f,83f56b02df1a2a82251139d8b3b889045da183fe091e2318c2e405f868646f6d,N/A,N/A,,https://github.com/notepad-plus-plus/notepad-plus-plus/releases/download/v7.7.1/npp.7.7.1.Installer.exe
7.7.1,github,x86,npp.7.7.1.Installer.exe,$PLUGINSDIR/nppLocalization/welsh.xml,welsh.xml,,53261,2021-12-07T19:40:06+00:00,538acafd2ef4e67581a908f970838626,98c8498903c60d46035a3ec22a3c559311451754,11fd56a75e14493a7305d6cd2aa79dd6990465eb0dec8bdf6354dd6e5db35634,N/A,N/A,,https://github.com/notepad-plus-plus/notepad-plus-plus/releases/download/v7.7.1/npp.7.7.1.Installer.exe
7.7.1,github,x86,npp.7.7.1.Installer.exe,autoCompletion/xml.xml,xml.xml,,12024,2021-12-07T19:40:06+00:00,432b0a7d34b59ad7512c347f8670ff23,d4ff6d0b283f7b2b8d1792b0c9671d9afb43d3f7,7cdfb59901b0dbda488745f9bd749ce9a1c3e228931162e3a5764c5674330601,N/A,N/A,,https://github.com/notepad-plus-plus/notepad-plus-plus/releases/download/v7.7.1/npp.7.7.1.Installer.exe
7.7.1,github,x86,npp.7.7.1.Installer.exe,$_14_/themes/Zenburn.xml,Zenburn.xml,,103292,2021-12-07T19:40:06+00:00,e0d1534ff8d9b51f00e74b56478d3f1a,358cbd9739b16fd178b890ece324222fa5e42bc5,e33ee6192cde94095af4bb6c5cfe23437f52dd771fbee26b19b943161a211523,N/A,N/A,,https://github.com/notepad-plus-plus/notepad-plus-plus/releases/download/v7.7.1/npp.7.7.1.Installer.exe
7.7.1,github,x86,npp.7.7.1.Installer.exe,$PLUGINSDIR/nppLocalization/zulu.xml,zulu.xml,,72870,2021-12-07T19:40:06+00:00,9440a55f71dac040b123de16d6557951,3c418d94e534013fe52e2a85ddac821b3ae89b40,16ef44efd21a556cfed5aa07b70437a16016754fcd3ce2a9e7048061716591df,N/A,N/A,,https://github.com/notepad-plus-plus/notepad-plus-plus/releases/download/v7.7.1/npp.7.7.1.Installer.exe
7.7.1,github,x64,npp.7.7.1.Installer.x64.exe,,npp.7.7.1.Installer.x64.exe,,3929368,2021-12-07T19:40:22+00:00,2558c152a018c562f4d22e49f7207502,de4acf0613d619048b1c49eba410957306e4b575,0ef89d2a9c9b15cd4aab3f3772f62cbebb54c3856bc1bd9a4a5fb3180ea6140e,MATCH,MATCH,,https://github.com/notepad-plus-plus/notepad-plus-plus/releases/download/v7.7.1/npp.7.7.1.Installer.x64.exe
7.7.1,github,x64,npp.7.7.1.Installer.x64.exe,autoCompletion/actionscript.xml,actionscript.xml,,20752,2021-12-07T19:40:22+00:00,f8876462309eeb4204eaaf5777dc4eea,167b0f169340f0cf7d2a53d0f4c4b20f694ff12a,7bdab6f3b572773331a17bfbb6cc4bbd71dfd89e4f11e404b7466925678a3a26,N/A,N/A,,https://github.com/notepad-plus-plus/notepad-plus-plus/releases/download/v7.7.1/npp.7.7.1.Installer.x64.exe
7.7.1,github,x64,npp.7.7.1.Installer.x64.exe,$PLUGINSDIR/nppLocalization/afrikaans.xml,afrikaans.xml,,29077,2021-12-07T19:40:22+00:00,c2f475cc2b49d3aee490c9059529744a,621e81e87c6c8d45a6be6bc69108d8ab13e2d5a6,5d285d98f8891bcf73a770fde00c3215062842224b81c4e70537569712f84570,N/A,N/A,,https://github.com/notepad-plus-plus/notepad-plus-plus/releases/download/v7.7.1/npp.7.7.1.Installer.x64.exe
7.7.1,github,x64,npp.7.7.1.Installer.x64.exe,$PLUGINSDIR/nppLocalization/albanian.xml,albanian.xml,,57197,2021-12-07T19:40:22+00:00,5803d49d9a1320f50394a0ab36c427b6,6f29668d5d3101d86a6ec34d3087c7cd5e5fdc64,508ddd0bd359666186a34b1249b55de31062f2eb4323bce01409e602e7fc0b64,N/A,N/A,,https://github.com/notepad-plus-plus/notepad-plus-plus/releases/download/v7.7.1/npp.7.7.1.Installer.x64.exe
7.7.1,github,x64,npp.7.7.1.Installer.x64.exe,$PLUGINSDIR/nppLocalization/arabic.xml,arabic.xml,,86770,2021-12-07T19:40:22+00:00,4c43fa51c53e259e9c0df42eab235849,6af39eb260e24144dc3491e9083a3d615e977775,f4bb70b47614e639d2035ecf94e4f74413312f7ae593d60a916d940cf3639554,N/A,N/A,,https://github.com/notepad-plus-plus/notepad-plus-plus/releases/download/v7.7.1/npp.7.7.1.Installer.x64.exe
7.7.1,github,x64,npp.7.7.1.Installer.x64.exe,$PLUGINSDIR/nppLocalization/aragonese.xml,aragonese.xml,,49810,2021-12-07T19:40:22+00:00,ff161db746ade330439882ba0640d2ea,1a9109c96486d1f4ee48336f66c0be93cf2725a3,1db8eeb9c6cae8705cacfc3043a7556678e9ed52162fb8ec536c5befc19343a9,N/A,N/A,,https://github.com/notepad-plus-plus/notepad-plus-plus/releases/download/v7.7.1/npp.7.7.1.Installer.x64.exe
7.7.1,github,x64,npp.7.7.1.Installer.x64.exe,$PLUGINSDIR/nppLocalization/aranese.xml,aranese.xml,,20821,2021-12-07T19:40:22+00:00,333a18acb93ba083e86679c065b69d15,cb874355fb8e495a2b0b0dcf8868df287ec6a342,de5da809aa6e44c4e6a01c3b5fb7da5a66d9683cb905416f3fcff2ed413ea7c6,N/A,N/A,,https://github.com/notepad-plus-plus/notepad-plus-plus/releases/download/v7.7.1/npp.7.7.1.Installer.x64.exe
7.7.1,github,x64,npp.7.7.1.Installer.x64.exe,autoCompletion/autoit.xml,autoit.xml,,738721,2021-12-07T19:40:22+00:00,24091974377d7e76106add1210d5853a,7663d568323f753fb62c15f684eea1ff9014ce5b,07cb7ea3f8d1eee1142bcdf876e29f14e6ae2a72ef28f2310263da531c7e8711,N/A,N/A,,https://github.com/notepad-plus-plus/notepad-plus-plus/releases/download/v7.7.1/npp.7.7.1.Installer.x64.exe
7.7.1,github,x64,npp.7.7.1.Installer.x64.exe,$PLUGINSDIR/nppLocalization/azerbaijani.xml,azerbaijani.xml,,35482,2021-12-07T19:40:22+00:00,8cd5c70b03ef9c48585c06fa149f9fcd,4fb0a331d184579444326c6910742ad4b0cbb5a1,d2e185e9c8b1e7d994dcb3b44748f1b499f18ca22a573f452a9b0d791344c448,N/A,N/A,,https://github.com/notepad-plus-plus/notepad-plus-plus/releases/download/v7.7.1/npp.7.7.1.Installer.x64.exe
7.7.1,github,x64,npp.7.7.1.Installer.x64.exe,autoCompletion/BaanC.xml,BaanC.xml,,18490,2021-12-07T19:40:22+00:00,2537a01a4619a19962fb1b85cbee9a13,adaf66583cc60a53f0a08b030e63cc2652badd17,9780d21f36eca4cb7f85c67fe9113c3c223822662812f6ab533c011cd2f56e7e,N/A,N/A,,https://github.com/notepad-plus-plus/notepad-plus-plus/releases/download/v7.7.1/npp.7.7.1.Installer.x64.exe
7.7.1,github,x64,npp.7.7.1.Installer.x64.exe,$PLUGINSDIR/nppLocalization/basque.xml,basque.xml,,59732,2021-12-07T19:40:22+00:00,7ef1dd1b3280122bac0a69063249fd46,83730aee38e42a5aee4c7daf0390833761208709,1047a56b9ea18bafbb7fd03daa190cb980883694dfd7fc1556136ab81834d489,N/A,N/A,,https://github.com/notepad-plus-plus/notepad-plus-plus/releases/download/v7.7.1/npp.7.7.1.Installer.x64.exe
7.7.1,github,x64,npp.7.7.1.Installer.x64.exe,autoCompletion/batch.xml,batch.xml,,3784,2021-12-07T19:40:22+00:00,713831a4916810500b39efbdb41435a2,6b9c9d965f73f71fafb786d547be09f5ef398643,d43ce011aa2d5a946c36b4c3a6a0a98fd9570253bc461a267d3b44aaec3cb6b0,N/A,N/A,,https://github.com/notepad-plus-plus/notepad-plus-plus/releases/download/v7.7.1/npp.7.7.1.Installer.x64.exe
7.7.1,github,x64,npp.7.7.1.Installer.x64.exe,$PLUGINSDIR/nppLocalization/belarusian.xml,belarusian.xml,,95099,2021-12-07T19:40:22+00:00,fd060d45654fa3adec00f943349a535b,7732a8a924e84a218ac710a3c2a829438481c761,1c616bcd978b6f7feb5035c232024baa895f9787183898e4672f70ea3d1ded9c,N/A,N/A,,https://github.com/notepad-plus-plus/notepad-plus-plus/releases/download/v7.7.1/npp.7.7.1.Installer.x64.exe
7.7.1,github,x64,npp.7.7.1.Installer.x64.exe,$PLUGINSDIR/nppLocalization/bengali.xml,bengali.xml,,70025,2021-12-07T19:40:22+00:00,d081b39bf7a87b8ccd3caa5e9d15087c,02fad366321e3bb823bfb46ab966ac919dd227c8,5ecd5febabcb4b4616035fab1b567bf2a0ff8b2ded72d74e6ea5511671814484,N/A,N/A,,https://github.com/notepad-plus-plus/notepad-plus-plus/releases/download/v7.7.1/npp.7.7.1.Installer.x64.exe
7.7.1,github,x64,npp.7.7.1.Installer.x64.exe,$_14_/themes/Bespin.xml,Bespin.xml,,92253,2021-12-07T19:40:22+00:00,21af6f29dd8427b5efece9e633cb8705,d2f47b0da1dd5aa35e21e64d8687b61b0e93abab,883168e15e1456225fde8dddb797ba72d40be00bfe3732567bab3b1dc42dea0b,N/A,N/A,,https://github.com/notepad-plus-plus/notepad-plus-plus/releases/download/v7.7.1/npp.7.7.1.Installer.x64.exe
7.7.1,github,x64,npp.7.7.1.Installer.x64.exe,$_14_/themes/Black board.xml,Black board.xml,,90619,2021-12-07T19:40:22+00:00,7f6385ca1245cfcf3e5807828f1bb76b,321e713ff6b50199f1153d0e2a5351859373f9dc,98a5c5be43ad06bd391792cf04cda9461895a4cfe53968c8ec38c2f6fe4a3b5e,N/A,N/A,,https://github.com/notepad-plus-plus/notepad-plus-plus/releases/download/v7.7.1/npp.7.7.1.Installer.x64.exe
7.7.1,github,x64,npp.7.7.1.Installer.x64.exe,$PLUGINSDIR/nppLocalization/bosnian.xml,bosnian.xml,,32084,2021-12-07T19:40:22+00:00,6b036835ed9d1ee92cd9bd4c76f41bbd,faeb76f93f4228832c7cc952833c717f3614a38d,06ce39e85fc9acd72888da5871fae4d18aa2c5bb6a9fa0c9eca459cf0e949a63,N/A,N/A,,https://github.com/notepad-plus-plus/notepad-plus-plus/releases/download/v7.7.1/npp.7.7.1.Installer.x64.exe
7.7.1,github,x64,npp.7.7.1.Installer.x64.exe,$PLUGINSDIR/nppLocalization/brazilian_portuguese.xml,brazilian_portuguese.xml,,78673,2021-12-07T19:40:22+00:00,c5ac706ffe3cc6abb54272e49d42de5d,d5a9bee2ce2cff235179ea19dfc8207661d40e3d,690897901b9880c4b4247d5a75140f4ef9804fddd4b1ffe6fbc89d4f9952e520,N/A,N/A,,https://github.com/notepad-plus-plus/notepad-plus-plus/releases/download/v7.7.1/npp.7.7.1.Installer.x64.exe
7.7.1,github,x64,npp.7.7.1.Installer.x64.exe,$PLUGINSDIR/nppLocalization/breton.xml,breton.xml,,56124,2021-12-07T19:40:22+00:00,a28d31b3147d47670455aa249df9e3a8,ae276de79ca796b74345a8b3dbcf53e4972b6eaa,7d8569dca0eef5ccd411287ed72f70da19f92b96e05e2bfd294263098e3ed38d,N/A,N/A,,https://github.com/notepad-plus-plus/notepad-plus-plus/releases/download/v7.7.1/npp.7.7.1.Installer.x64.exe
7.7.1,github,x64,npp.7.7.1.Installer.x64.exe,$PLUGINSDIR/nppLocalization/bulgarian.xml,bulgarian.xml,,90231,2021-12-07T19:40:22+00:00,01672d373b82117e742b61dd94897777,61d7f23418f1581e83d7ad9ece9954c87ee191a1,72dd265c9ecca8d6630fef06215b6886f0a1991aa3f0fa5d1115cd761e1d0cbb,N/A,N/A,,https://github.com/notepad-plus-plus/notepad-plus-plus/releases/download/v7.7.1/npp.7.7.1.Installer.x64.exe
7.7.1,github,x64,npp.7.7.1.Installer.x64.exe,autoCompletion/c.xml,c.xml,,44390,2021-12-07T19:40:22+00:00,c92c0a8fa14eb590fdc13287b26689db,b6010b4b59128f9d16abd9e8d8ccf521ed6e4eb8,2ad09d23098049d7541c703684bca446ccf6f1024a182e7dc30c378efb1b2109,N/A,N/A,,https://github.com/notepad-plus-plus/notepad-plus-plus/releases/download/v7.7.1/npp.7.7.1.Installer.x64.exe
7.7.1,github,x64,npp.7.7.1.Installer.x64.exe,$PLUGINSDIR/nppLocalization/catalan.xml,catalan.xml,,65728,2021-12-07T19:40:22+00:00,be294c1890b57df605d743846802e835,5425db4f87a254e3438a73aaf4d4e3a46d3bf9fa,03e2d93f71ae1b27d0695c14af7b820862737b4bf32ccc5fa29e68006ce32e32,N/A,N/A,,https://github.com/notepad-plus-plus/notepad-plus-plus/releases/download/v7.7.1/npp.7.7.1.Installer.x64.exe
7.7.1,github,x64,npp.7.7.1.Installer.x64.exe,change.log,change.log,,956,2021-12-07T19:40:22+00:00,a22774dd659f1995936abf93a601b052,f4dec5090224a4d1f2d764555973e9ed47d30f0b,66c4cc847e2f75699b54b54edbc5625d425a1b0856cf991153b9d167dae8540d,N/A,N/A,,https://github.com/notepad-plus-plus/notepad-plus-plus/releases/download/v7.7.1/npp.7.7.1.Installer.x64.exe
7.7.1,github,x64,npp.7.7.1.Installer.x64.exe,$PLUGINSDIR/nppLocalization/chinese.xml,chinese.xml,,75052,2021-12-07T19:40:22+00:00,adfe78c0a6a1f7f940f0ffd5658b7a77,aee6152c8c04878dc7265f691dbb21a1dffd829f,09ebf7a1fddcffecf9c678509112abdf049497494b933a4afd4cf8693b424d37,N/A,N/A,,https://github.com/notepad-plus-plus/notepad-plus-plus/releases/download/v7.7.1/npp.7.7.1.Installer.x64.exe
7.7.1,github,x64,npp.7.7.1.Installer.x64.exe,$PLUGINSDIR/nppLocalization/chineseSimplified.xml,chineseSimplified.xml,,73985,2021-12-07T19:40:22+00:00,8b1fd4c62d772ff4e2e8cd86f9daa996,2351b7c17a69365db44b5b4f9e89f75e07ab4d61,db470e2927688c424ba8a3838d673b8fe42699e51a4e1b4e9c8824089b3b337d,N/A,N/A,,https://github.com/notepad-plus-plus/notepad-plus-plus/releases/download/v7.7.1/npp.7.7.1.Installer.x64.exe
7.7.1,github,x64,npp.7.7.1.Installer.x64.exe,$_14_/themes/Choco.xml,Choco.xml,,90930,2021-12-07T19:40:22+00:00,849611f521423fe1f1a1d6cd265f611f,d62201d68e9d449da3c7c24fa41a4e788c7bbc9e,f600678def8151cddcceaa7870718b9c0637209e626310ed44472e1b6c8f953c,N/A,N/A,,https://github.com/notepad-plus-plus/notepad-plus-plus/releases/download/v7.7.1/npp.7.7.1.Installer.x64.exe
7.7.1,github,x64,npp.7.7.1.Installer.x64.exe,autoCompletion/cmake.xml,cmake.xml,,7891,2021-12-07T19:40:22+00:00,6c33239d9a59e3b2aa74913b117b2342,b3b685494715c4a1ec9c71fc4ea45e89cf0d5457,55f04796c0dfb130cf438a01ae8e7f96d99a9320a2d9c8e66a9a670640ca5cc9,N/A,N/A,,https://github.com/notepad-plus-plus/notepad-plus-plus/releases/download/v7.7.1/npp.7.7.1.Installer.x64.exe
7.7.1,github,x64,npp.7.7.1.Installer.x64.exe,autoCompletion/coffee.xml,coffee.xml,,1510,2021-12-07T19:40:22+00:00,633f1e56a9f5b7e1c7c75e6dff944b25,55f1f86306161a2b743fe13927e852c2570bfaf7,46d379e7ad5565fc197a32b62d04ceb1be4452af2ae45663415809bc7badb0bd,N/A,N/A,,https://github.com/notepad-plus-plus/notepad-plus-plus/releases/download/v7.7.1/npp.7.7.1.Installer.x64.exe
7.7.1,github,x64,npp.7.7.1.Installer.x64.exe,contextMenu.xml,contextMenu.xml,,3512,2021-12-07T19:40:22+00:00,a7998766b85ee71ff1d82a1198988529,acaf62b48d9307b319105109121d82ccefe46c65,aa48a7c2ec3ed377c42c293f732807572f2ea305c9771b6ea210e7b92ef2c199,N/A,N/A,,https://github.com/notepad-plus-plus/notepad-plus-plus/releases/download/v7.7.1/npp.7.7.1.Installer.x64.exe
7.7.1,github,x64,npp.7.7.1.Installer.x64.exe,$_14_/contextMenu.xml,contextMenu.xml,,3512,2021-12-07T19:40:22+00:00,a7998766b85ee71ff1d82a1198988529,acaf62b48d9307b319105109121d82ccefe46c65,aa48a7c2ec3ed377c42c293f732807572f2ea305c9771b6ea210e7b92ef2c199,N/A,N/A,,https://github.com/notepad-plus-plus/notepad-plus-plus/releases/download/v7.7.1/npp.7.7.1.Installer.x64.exe
7.7.1,github,x64,npp.7.7.1.Installer.x64.exe,$PLUGINSDIR/nppLocalization/corsican.xml,corsican.xml,,83266,2021-12-07T19:40:22+00:00,2762c8551adc0138beb86c304bd678df,465883c3db9c3982e0202b20ff31f3c5dc02cfb2,9cc651eca1140c53634b1106a00bf8df96c8b4db49b68dbf165e1feae0740ee5,N/A,N/A,,https://github.com/notepad-plus-plus/notepad-plus-plus/releases/download/v7.7.1/npp.7.7.1.Installer.x64.exe
7.7.1,github,x64,npp.7.7.1.Installer.x64.exe,autoCompletion/cpp.xml,cpp.xml,,61530,2021-12-07T19:40:22+00:00,e60ca42b12a8e816892894d321ab8d00,bf1dc910f6cab97f99e23d08e084837fc7de17c6,b97ffa556f93ec4c51208b2aea4f3d69411404c27f6ea12608ae84bedbd76418,N/A,N/A,,https://github.com/notepad-plus-plus/notepad-plus-plus/releases/download/v7.7.1/npp.7.7.1.Installer.x64.exe
7.7.1,github,x64,npp.7.7.1.Installer.x64.exe,$PLUGINSDIR/nppLocalization/croatian.xml,croatian.xml,,85184,2021-12-07T19:40:22+00:00,cec164119c1295583fe3326f6710253c,52feae919ddb150a3bad58f5d6f1071027eeebcb,12fe4e0941c20088f10a19487aeddc57ca96ff8ace34ccfbc2cfcb2388c17173,N/A,N/A,,https://github.com/notepad-plus-plus/notepad-plus-plus/releases/download/v7.7.1/npp.7.7.1.Installer.x64.exe
7.7.1,github,x64,npp.7.7.1.Installer.x64.exe,autoCompletion/cs.xml,cs.xml,,33726,2021-12-07T19:40:22+00:00,c9bc2acde59532d2a9b65e7f9cd55d4f,d4a0e2d2b20e0b0cc40a0bf3a5274800d1eb6ea7,32076a244afd75a07cd38f1fa27b08eea3a4a697111cde8a1cb636c46c708c17,N/A,N/A,,https://github.com/notepad-plus-plus/notepad-plus-plus/releases/download/v7.7.1/npp.7.7.1.Installer.x64.exe
7.7.1,github,x64,npp.7.7.1.Installer.x64.exe,autoCompletion/css.xml,css.xml,,11522,2021-12-07T19:40:22+00:00,d2affd6da8aa4fd9457db7b0dcb87517,427e170083be87d570df3f9ea4b0eff0eb60a8f4,776187ab9beec87648e5701137f153adeef88c579b15b181c5d4eee2f02262f8,N/A,N/A,,https://github.com/notepad-plus-plus/notepad-plus-plus/releases/download/v7.7.1/npp.7.7.1.Installer.x64.exe
7.7.1,github,x64,npp.7.7.1.Installer.x64.exe,$PLUGINSDIR/nppLocalization/czech.xml,czech.xml,,72315,2021-12-07T19:40:22+00:00,40fb19e6e72098f1fcc013562e210d4c,d637d786b7eb88d281dec513fd0a7854d5ad5610,e2f164416ddf1f6c09bbc8c33600886f35116c170a9837c940bf1c4e1a75eafa,N/A,N/A,,https://github.com/notepad-plus-plus/notepad-plus-plus/releases/download/v7.7.1/npp.7.7.1.Installer.x64.exe
7.7.1,github,x64,npp.7.7.1.Installer.x64.exe,$PLUGINSDIR/nppLocalization/danish.xml,danish.xml,,75208,2021-12-07T19:40:22+00:00,afdca23414d2fa05e0edfed63dc68bd1,4d5cb126c3f86dc907f315ae38ccc3ec07619fd3,3ce52cb27a70640c8f4578ff52f71de18282d54ab91d1db7658be64c6a316d6c,N/A,N/A,,https://github.com/notepad-plus-plus/notepad-plus-plus/releases/download/v7.7.1/npp.7.7.1.Installer.x64.exe
7.7.1,github,x64,npp.7.7.1.Installer.x64.exe,$_14_/themes/Deep Black.xml,Deep Black.xml,,89184,2021-12-07T19:40:22+00:00,df63f60979df497e82b908ae4b01e461,4a47e15196b9f853e65e73733af05fd846663ac5,c11dc6da0d6efb69e43725233a6b570c6830fe436731b91f58c48ab8b4ca175b,N/A,N/A,,https://github.com/notepad-plus-plus/notepad-plus-plus/releases/download/v7.7.1/npp.7.7.1.Installer.x64.exe
7.7.1,github,x64,npp.7.7.1.Installer.x64.exe,doLocalConf.xml,doLocalConf.xml,,0,2021-12-07T19:40:22+00:00,d41d8cd98f00b204e9800998ecf8427e,da39a3ee5e6b4b0d3255bfef95601890afd80709,e3b0c44298fc1c149afbf4c8996fb92427ae41e4649b934ca495991b7852b855,N/A,N/A,,https://github.com/notepad-plus-plus/notepad-plus-plus/releases/download/v7.7.1/npp.7.7.1.Installer.x64.exe
7.7.1,github,x64,npp.7.7.1.Installer.x64.exe,$PLUGINSDIR/nppLocalization/dutch.xml,dutch.xml,,61604,2021-12-07T19:40:22+00:00,6ce9f0ae41286f01ccf83b64d48cc238,cad9570ecd9252768231c07c37c162e3b291ae97,4dc9faf1ba2806b6ff3f70264c46e2d70007af6f5dafe6fe9d306c3c07eda610,N/A,N/A,,https://github.com/notepad-plus-plus/notepad-plus-plus/releases/download/v7.7.1/npp.7.7.1.Installer.x64.exe
7.7.1,github,x64,npp.7.7.1.Installer.x64.exe,localization/english.xml,english.xml,,74750,2021-12-07T19:40:22+00:00,d8a7706a2beecb30ac7c3d3746a484b3,cedf846b2ae38f45fe467f35a0328619c9678891,658973437807ed8450fbdf34b265ff0b9db7381a71888baeb0d42a72f6614111,N/A,N/A,,https://github.com/notepad-plus-plus/notepad-plus-plus/releases/download/v7.7.1/npp.7.7.1.Installer.x64.exe
7.7.1,github,x64,npp.7.7.1.Installer.x64.exe,$PLUGINSDIR/nppLocalization/english.xml,english.xml,,74750,2021-12-07T19:40:22+00:00,d8a7706a2beecb30ac7c3d3746a484b3,cedf846b2ae38f45fe467f35a0328619c9678891,658973437807ed8450fbdf34b265ff0b9db7381a71888baeb0d42a72f6614111,N/A,N/A,,https://github.com/notepad-plus-plus/notepad-plus-plus/releases/download/v7.7.1/npp.7.7.1.Installer.x64.exe
7.7.1,github,x64,npp.7.7.1.Installer.x64.exe,$PLUGINSDIR/nppLocalization/english_customizable.xml,english_customizable.xml,,71799,2021-12-07T19:40:22+00:00,ba660fd5e124a627e7b5b1d53a6ceae5,81228dc178e012002db96c72c1e2f0e812123b6e,db1c55427bf83385e8713460d515d05aa79b9829be85515f1e46ab1a2cdc198b,N/A,N/A,,https://github.com/notepad-plus-plus/notepad-plus-plus/releases/download/v7.7.1/npp.7.7.1.Installer.x64.exe
7.7.1,github,x64,npp.7.7.1.Installer.x64.exe,$PLUGINSDIR/nppLocalization/esperanto.xml,esperanto.xml,,48285,2021-12-07T19:40:22+00:00,4abf56d03e149ee0569619bbc11815a5,bca30606a47cae3f06685f01795613d1fce626eb,e1486a8120d1ef7998b5335536a3a4877fdcb630f87ed9ca7b307ac075b313c6,N/A,N/A,,https://github.com/notepad-plus-plus/notepad-plus-plus/releases/download/v7.7.1/npp.7.7.1.Installer.x64.exe
7.7.1,github,x64,npp.7.7.1.Installer.x64.exe,$PLUGINSDIR/nppLocalization/estonian.xml,estonian.xml,,60812,2021-12-07T19:40:22+00:00,a12e2854f772938fd4ccd55345dadd4b,20f9c4d026a1bff3934560c45a6956143070e99e,f71e4b0ba4fbf616af8f1568f2160d527b78fcf711132c4a38e0bd5378902237,N/A,N/A,,https://github.com/notepad-plus-plus/notepad-plus-plus/releases/download/v7.7.1/npp.7.7.1.Installer.x64.exe
7.7.1,github,x64,npp.7.7.1.Installer.x64.exe,$PLUGINSDIR/nppLocalization/extremaduran.xml,extremaduran.xml,,25399,2021-12-07T19:40:22+00:00,896b0f1f0854f3bcc23a80c99dcebd47,ee5d3a7de7503e18b2929d96dc164dd0671a841d,87e0372bfd2b84316adf2c7d3130fcf2415a96ec2c8bcd5da6f1a8a3a807c8d2,N/A,N/A,,https://github.com/notepad-plus-plus/notepad-plus-plus/releases/download/v7.7.1/npp.7.7.1.Installer.x64.exe
7.7.1,github,x64,npp.7.7.1.Installer.x64.exe,$PLUGINSDIR/nppLocalization/farsi.xml,farsi.xml,,65927,2021-12-07T19:40:22+00:00,9ddc0ac1e17a56703a3e0a7acb8d0e2a,3735a864f2c265811e478b8f1b7876ec7e73a1a9,d0acda01c7bb500072f00af882297d08a14821811931e862b5225bef97ab6336,N/A,N/A,,https://github.com/notepad-plus-plus/notepad-plus-plus/releases/download/v7.7.1/npp.7.7.1.Installer.x64.exe
7.7.1,github,x64,npp.7.7.1.Installer.x64.exe,$PLUGINSDIR/nppLocalization/finnish.xml,finnish.xml,,44055,2021-12-07T19:40:22+00:00,99d18eeaa47569147a0395948cb9c7d6,9b3488593fa1002a827698db2eec91b4eadba8ea,691d523b2a8c2ea14eb5e5259eed9e9de1853b2c2fd8badc77164f2cca2dd006,N/A,N/A,,https://github.com/notepad-plus-plus/notepad-plus-plus/releases/download/v7.7.1/npp.7.7.1.Installer.x64.exe
7.7.1,github,x64,npp.7.7.1.Installer.x64.exe,$PLUGINSDIR/nppLocalization/french.xml,french.xml,,77647,2021-12-07T19:40:22+00:00,9f90a6c8c9db6894bb578f39014ecea0,796cef14cfb541c2f9fb520a07330818c74e9394,497f8bf1660f90a8f0cd7f409c7a7df3cf2e040a8594bb039edf54e399fe61d2,N/A,N/A,,https://github.com/notepad-plus-plus/notepad-plus-plus/releases/download/v7.7.1/npp.7.7.1.Installer.x64.exe
7.7.1,github,x64,npp.7.7.1.Installer.x64.exe,$PLUGINSDIR/nppLocalization/friulian.xml,friulian.xml,,34362,2021-12-07T19:40:22+00:00,6d4c069b4c4517f68657be1641bec299,cc5384f29594b19822a805f8d5888ff328e169a1,d4ffe0a2b5e35fede7e6244be9823e1e946c60db1635e6d3f753e6df938e4b3d,N/A,N/A,,https://github.com/notepad-plus-plus/notepad-plus-plus/releases/download/v7.7.1/npp.7.7.1.Installer.x64.exe
7.7.1,github,x64,npp.7.7.1.Installer.x64.exe,functionList.xml,functionList.xml,,61820,2021-12-07T19:40:22+00:00,bd8d804a62a5b9392885a6904033f0bf,e82bdad59f7f75736999520c3f27da7f05ee677e,ea1e92c06735a137cd03c36a252027c013e9224dd3013fbe3ddd5c5c0098b2b9,N/A,N/A,,https://github.com/notepad-plus-plus/notepad-plus-plus/releases/download/v7.7.1/npp.7.7.1.Installer.x64.exe
7.7.1,github,x64,npp.7.7.1.Installer.x64.exe,$_14_/functionList.xml,functionList.xml,,61820,2021-12-07T19:40:22+00:00,bd8d804a62a5b9392885a6904033f0bf,e82bdad59f7f75736999520c3f27da7f05ee677e,ea1e92c06735a137cd03c36a252027c013e9224dd3013fbe3ddd5c5c0098b2b9,N/A,N/A,,https://github.com/notepad-plus-plus/notepad-plus-plus/releases/download/v7.7.1/npp.7.7.1.Installer.x64.exe
7.7.1,github,x64,npp.7.7.1.Installer.x64.exe,$PLUGINSDIR/nppLocalization/galician.xml,galician.xml,,25339,2021-12-07T19:40:22+00:00,191cc6b7ed37fad274f985d7329bd048,a8b7750901614323318923833a2fb7ac021e8c34,89a20e547d17b1006698cd35fbad772403033420808c8299206a8e299961d83e,N/A,N/A,,https://github.com/notepad-plus-plus/notepad-plus-plus/releases/download/v7.7.1/npp.7.7.1.Installer.x64.exe
7.7.1,github,x64,npp.7.7.1.Installer.x64.exe,$PLUGINSDIR/nppLocalization/georgian.xml,georgian.xml,,60005,2021-12-07T19:40:22+00:00,cada78594c9838103c479dbda55c9e05,7cdc3fd1b8a7ede96101badacf68281e3432bfbb,b319b96cb4eece88c0cf88b557ce56ce5abe85bdf0a6a1007b64310a708a6572,N/A,N/A,,https://github.com/notepad-plus-plus/notepad-plus-plus/releases/download/v7.7.1/npp.7.7.1.Installer.x64.exe
7.7.1,github,x64,npp.7.7.1.Installer.x64.exe,$PLUGINSDIR/nppLocalization/german.xml,german.xml,,66297,2021-12-07T19:40:22+00:00,355b310c4e264a059f7ace7bf26ed8fa,7585f0eb3efd56130e0542bebc9227936805e646,95ebc8459d0c7e217e45a2062221832d0bae29eca359ec38b2e450913d16590e,N/A,N/A,,https://github.com/notepad-plus-plus/notepad-plus-plus/releases/download/v7.7.1/npp.7.7.1.Installer.x64.exe
7.7.1,github,x64,npp.7.7.1.Installer.x64.exe,$PLUGINSDIR/nppLocalization/greek.xml,greek.xml,,41094,2021-12-07T19:40:22+00:00,109f64488a006665d76621dcd30e7ef7,b2167ac130ee2af4822861148dce561a5d1625fe,d65afc086673dc165ce82dd831b5f04c75d7d43c50957475e1c90f25766ad5da,N/A,N/A,,https://github.com/notepad-plus-plus/notepad-plus-plus/releases/download/v7.7.1/npp.7.7.1.Installer.x64.exe
7.7.1,github,x64,npp.7.7.1.Installer.x64.exe,$PLUGINSDIR/nppLocalization/gujarati.xml,gujarati.xml,,69803,2021-12-07T19:40:22+00:00,5e8d9609900189b29b660d673a78e015,ca4524f065e8bba6a5dc1dc2659233e4fd13c3dc,50c0e7a18c922bef1a758cff70d55df46913dddc22ca792e1b55b05a5b29c502,N/A,N/A,,https://github.com/notepad-plus-plus/notepad-plus-plus/releases/download/v7.7.1/npp.7.7.1.Installer.x64.exe
7.7.1,github,x64,npp.7.7.1.Installer.x64.exe,updater/GUP.exe,GUP.exe,,726160,2021-12-07T19:40:22+00:00,af625555a66f9aecc9c7efd64f3b9116,dc9936b9b8fdfb360735d15736298ca61e792885,4ab155a2d163c63022c781743c50389944cc4764fabe20408af67ca2020e5dbe,N/A,N/A,,https://github.com/notepad-plus-plus/notepad-plus-plus/releases/download/v7.7.1/npp.7.7.1.Installer.x64.exe
7.7.1,github,x64,npp.7.7.1.Installer.x64.exe,updater/gup.xml,gup.xml,,4267,2021-12-07T19:40:22+00:00,b023cc4d768b34a5401f317479740a53,4ca45db707b120bca9cb6cd8404b9e6ecabdb2d2,d3e6404c7286961cbab82d4c49f82bcb166db9b5a13eacaa0eeb59a0709a0c14,N/A,N/A,,https://github.com/notepad-plus-plus/notepad-plus-plus/releases/download/v7.7.1/npp.7.7.1.Installer.x64.exe
7.7.1,github,x64,npp.7.7.1.Installer.x64.exe,$PLUGINSDIR/nppLocalization/hebrew.xml,hebrew.xml,,22740,2021-12-07T19:40:22+00:00,07c8ebe76b6352401c0e9c84956d727f,fb14d93db71d0d4b3f25c275fc57d615ce7446c4,58585868a8164b247c53ad3646076e3404a4fd854ee3632ca9841c1ba3d210d6,N/A,N/A,,https://github.com/notepad-plus-plus/notepad-plus-plus/releases/download/v7.7.1/npp.7.7.1.Installer.x64.exe
7.7.1,github,x64,npp.7.7.1.Installer.x64.exe,$_14_/themes/Hello Kitty.xml,Hello Kitty.xml,,89486,2021-12-07T19:40:22+00:00,d0786bd3b5540140c6ca051b2ecca8fd,761dc48ba0eadfb962bb4358bde82b79cf8c5d0b,075d70d996662a584558ee4cb39510b36411aeed7cf2de2c8b189f9d7b2f765d,N/A,N/A,,https://github.com/notepad-plus-plus/notepad-plus-plus/releases/download/v7.7.1/npp.7.7.1.Installer.x64.exe
7.7.1,github,x64,npp.7.7.1.Installer.x64.exe,$PLUGINSDIR/nppLocalization/hindi.xml,hindi.xml,,99799,2021-12-07T19:40:22+00:00,4325a5b17ec69576fd080ebf39829c88,8fd97fb056842ccc73e81221a2293d0878d995cd,73dcf8bd373d63df5919aab42bb1bf0763b245d1a2b7ef31142b7d6cda7e5dc8,N/A,N/A,,https://github.com/notepad-plus-plus/notepad-plus-plus/releases/download/v7.7.1/npp.7.7.1.Installer.x64.exe
7.7.1,github,x64,npp.7.7.1.Installer.x64.exe,$_14_/themes/HotFudgeSundae.xml,HotFudgeSundae.xml,,110071,2021-12-07T19:40:22+00:00,5f22267bed83c68de08e966d94d454b1,e8b439269c725e911be3ac934d704078f415a705,9d4e75d868ff6187b64f7755b17e21a09651e12fe1e8a0c80815845434ff7760,N/A,N/A,,https://github.com/notepad-plus-plus/notepad-plus-plus/releases/download/v7.7.1/npp.7.7.1.Installer.x64.exe
7.7.1,github,x64,npp.7.7.1.Installer.x64.exe,autoCompletion/html.xml,html.xml,,19497,2021-12-07T19:40:22+00:00,4025e1158c027cf56c2625e65eb724ec,439fea1f13f3a35d2c3176d99db0327a6d216d3f,4300b3a71f387c91548984d017033884e176546ad5b74bac2e4df59caa163530,N/A,N/A,,https://github.com/notepad-plus-plus/notepad-plus-plus/releases/download/v7.7.1/npp.7.7.1.Installer.x64.exe
7.7.1,github,x64,npp.7.7.1.Installer.x64.exe,$PLUGINSDIR/nppLocalization/hungarian.xml,hungarian.xml,,79901,2021-12-07T19:40:22+00:00,b49cd98b5a75f5a2320427653a1a1782,0b627a98f94832eea57dd0dd0e90eb191d0030ab,951a0bd8e663bf9a43dbc7e083d7de92defab68836a07422033e4915765b1a86,N/A,N/A,,https://github.com/notepad-plus-plus/notepad-plus-plus/releases/download/v7.7.1/npp.7.7.1.Installer.x64.exe
7.7.1,github,x64,npp.7.7.1.Installer.x64.exe,$PLUGINSDIR/nppLocalization/indonesian.xml,indonesian.xml,,64183,2021-12-07T19:40:22+00:00,258f097d09f9878310e7900bb35cbff3,ea2c9449f1e95c545b20d9c42df9cdbdaf2de2ab,bf7292893bd1700d22e328c4b542929122a027e504a179d7270637e5476befe5,N/A,N/A,,https://github.com/notepad-plus-plus/notepad-plus-plus/releases/download/v7.7.1/npp.7.7.1.Installer.x64.exe
7.7.1,github,x64,npp.7.7.1.Installer.x64.exe,$PLUGINSDIR/InstallOptions.dll,InstallOptions.dll,,15872,2021-12-07T19:40:22+00:00,05bf02da51e717f79f6b5cbea7bc0710,07471a64ef4dba9dc19ce68ae6cce683af7df86d,ca092ba7f275b0c9000098cdd1a9876fe8dc050fcb40a0e8a1ab8335236e9dc5,N/A,N/A,,https://github.com/notepad-plus-plus/notepad-plus-plus/releases/download/v7.7.1/npp.7.7.1.Installer.x64.exe
7.7.1,github,x64,npp.7.7.1.Installer.x64.exe,$PLUGINSDIR/ioSpecial.ini,ioSpecial.ini,,211,2021-12-07T19:40:22+00:00,e2d5070bc28db1ac745613689ff86067,282e080b4cf847174c5c11e4f9157b8c338ecb19,d95aed234f932a1c48a2b1b0d98c60ca31f962310c03158e2884ab4ddd3ea1e0,N/A,N/A,,https://github.com/notepad-plus-plus/notepad-plus-plus/releases/download/v7.7.1/npp.7.7.1.Installer.x64.exe
7.7.1,github,x64,npp.7.7.1.Installer.x64.exe,$PLUGINSDIR/nppLocalization/italian.xml,italian.xml,,84637,2021-12-07T19:40:22+00:00,384f12abbc790c175e57f873f3becfb2,db7ed9fce3a9494d5d11116827615b9961b6b13f,500cfbf34b04f1299e61fe1473b73e0963024c53e6435e719b23298138d1d338,N/A,N/A,,https://github.com/notepad-plus-plus/notepad-plus-plus/releases/download/v7.7.1/npp.7.7.1.Installer.x64.exe
7.7.1,github,x64,npp.7.7.1.Installer.x64.exe,$PLUGINSDIR/nppLocalization/japanese.xml,japanese.xml,,84903,2021-12-07T19:40:22+00:00,76e62d9c62bea373eb90bebf31da09e8,7514df99a12775853ae30a5d37e4167f865ee262,5333dbb1359c8428750442aa18279a4eb1f72e4568f1d43a4c2277ca825a5420,N/A,N/A,,https://github.com/notepad-plus-plus/notepad-plus-plus/releases/download/v7.7.1/npp.7.7.1.Installer.x64.exe
7.7.1,github,x64,npp.7.7.1.Installer.x64.exe,autoCompletion/java.xml,java.xml,,205366,2021-12-07T19:40:22+00:00,4690cead3d2bffe2ed519f6ea5002266,dabc1ba868dc058b06dd426365c83bf5ff5bf716,862a83be2906ce28b6d3f1fdfb589d18cd6e971a7eaa51a1c7096cfff929b35b,N/A,N/A,,https://github.com/notepad-plus-plus/notepad-plus-plus/releases/download/v7.7.1/npp.7.7.1.Installer.x64.exe
7.7.1,github,x64,npp.7.7.1.Installer.x64.exe,autoCompletion/javascript.xml,javascript.xml,,23318,2021-12-07T19:40:22+00:00,30fc91a7c5194ef8d67e1c7e2fd6f697,f9e48cccfa5df44219a6d4a9a1af6083679f097e,7f0564f983478207754a58e66ee6865b8699bd3b9f4fd5c385126d46d7148831,N/A,N/A,,https://github.com/notepad-plus-plus/notepad-plus-plus/releases/download/v7.7.1/npp.7.7.1.Installer.x64.exe
7.7.1,github,x64,npp.7.7.1.Installer.x64.exe,$PLUGINSDIR/nppLocalization/kabyle.xml,kabyle.xml,,50327,2021-12-07T19:40:22+00:00,ec924dd39f1e36164ef4e93cd5883a2d,3a159ce0c072be9094b589d6711a4b6dfe878487,56714b11409a13fcd706f2d73674919a0bb70c80c7ec18eccf865ad67ad7b48f,N/A,N/A,,https://github.com/notepad-plus-plus/notepad-plus-plus/releases/download/v7.7.1/npp.7.7.1.Installer.x64.exe
7.7.1,github,x64,npp.7.7.1.Installer.x64.exe,$PLUGINSDIR/nppLocalization/kannada.xml,kannada.xml,,74866,2021-12-07T19:40:22+00:00,f0baf174376d1811fd49d05ace8eb0c6,8ca7735e04fd0ef605adc26912dc9b2fc54982a4,99f75ff79aad8084802bf1d52e7dc78eef18194d399c5248eb205db85348955d,N/A,N/A,,https://github.com/notepad-plus-plus/notepad-plus-plus/releases/download/v7.7.1/npp.7.7.1.Installer.x64.exe
7.7.1,github,x64,npp.7.7.1.Installer.x64.exe,$PLUGINSDIR/nppLocalization/kazakh.xml,kazakh.xml,,33034,2021-12-07T19:40:22+00:00,42d3d22d81645a44258aa730177896db,65593cc51fa72d9715c4c37028a2a95e84b3dcdb,3942e9c344acae7caa9d28a758b4df80c1211bab80ac88d81449101f9b943c66,N/A,N/A,,https://github.com/notepad-plus-plus/notepad-plus-plus/releases/download/v7.7.1/npp.7.7.1.Installer.x64.exe
7.7.1,github,x64,npp.7.7.1.Installer.x64.exe,$_14_/themes/khaki.xml,khaki.xml,,107825,2021-12-07T19:40:22+00:00,3d79493becec1876554827c2a870e203,788ba50a804458e5875aa6c3db5ee420f066b241,da65bab52eed47e378ded955f881a8720b1ea7f309a3532c0c8243b6439c6894,N/A,N/A,,https://github.com/notepad-plus-plus/notepad-plus-plus/releases/download/v7.7.1/npp.7.7.1.Installer.x64.exe
7.7.1,github,x64,npp.7.7.1.Installer.x64.exe,$PLUGINSDIR/nppLocalization/korean.xml,korean.xml,,47363,2021-12-07T19:40:22+00:00,a81c00ae49aeb5c5ded60220e6e42199,39ac3b19b7f7917aab593fc1f157225b5575910a,50b2b6820683551838ea1533d21624dac75daded6ce9d4227153a4f2986cdf4d,N/A,N/A,,https://github.com/notepad-plus-plus/notepad-plus-plus/releases/download/v7.7.1/npp.7.7.1.Installer.x64.exe
7.7.1,github,x64,npp.7.7.1.Installer.x64.exe,$PLUGINSDIR/nppLocalization/kurdish.xml,kurdish.xml,,62866,2021-12-07T19:40:22+00:00,713c7613217038dead56ba13741d70b5,3d5216e5e8fafbab894def07aa312a466e1ee789,6a54a7235f8f4cbf5cb4c34f6bdf0bf9ee0d7e3ac62654d5c46e2fdf71868593,N/A,N/A,,https://github.com/notepad-plus-plus/notepad-plus-plus/releases/download/v7.7.1/npp.7.7.1.Installer.x64.exe
7.7.1,github,x64,npp.7.7.1.Installer.x64.exe,$PLUGINSDIR/nppLocalization/kyrgyz.xml,kyrgyz.xml,,38731,2021-12-07T19:40:22+00:00,ad3a31d477ad1e09dc3f6911c1f50d1e,cefc20836cbc0e78eb0291948eadbdf09b21a838,4964c0b9f36b7fec44ec0805ba153d88293311cd703680719187cdaa68fbd090,N/A,N/A,,https://github.com/notepad-plus-plus/notepad-plus-plus/releases/download/v7.7.1/npp.7.7.1.Installer.x64.exe
7.7.1,github,x64,npp.7.7.1.Installer.x64.exe,$PLUGINSDIR/LangDLL.dll,LangDLL.dll,,5632,2021-12-07T19:40:22+00:00,ab1db56369412fe8476fefffd11e4cc0,daad036a83b2ee2fa86d840a34a341100552e723,6f14c8f01f50a30743dac68c5ac813451463dfb427eb4e35fcdfe2410e1a913b,N/A,N/A,,https://github.com/notepad-plus-plus/notepad-plus-plus/releases/download/v7.7.1/npp.7.7.1.Installer.x64.exe
7.7.1,github,x64,npp.7.7.1.Installer.x64.exe,langs.model.xml,langs.model.xml,,329543,2021-12-07T19:40:22+00:00,e77c570ce893a40a76ac0f1b75d8c9f7,b25b34ad18ea2b3bdc112520f27873c0bfc43a46,edfd1ba2ed1f8b75aa95c4eed0a574f88787b60c8f5466182a90141819dc1d68,N/A,N/A,,https://github.com/notepad-plus-plus/notepad-plus-plus/releases/download/v7.7.1/npp.7.7.1.Installer.x64.exe
7.7.1,github,x64,npp.7.7.1.Installer.x64.exe,$PLUGINSDIR/nppLocalization/latvian.xml,latvian.xml,,46317,2021-12-07T19:40:22+00:00,170d9e9a92a604a309259d3d6f3b9bb6,b782debe9d50b17d2124295befc43bf8b0349eac,bbaa6bc087ab351b182d204a60eab8bc93bd5e75ca2a4a4eaf80b1d5e0fec59b,N/A,N/A,,https://github.com/notepad-plus-plus/notepad-plus-plus/releases/download/v7.7.1/npp.7.7.1.Installer.x64.exe
7.7.1,github,x64,npp.7.7.1.Installer.x64.exe,updater/libcurl.dll,libcurl.dll,,545936,2021-12-07T19:40:22+00:00,bdffce4e2e9f208adba99f5177e60fb4,655f73b950b0f36cafc47563f2e8cd87cbd65854,99c78ebfc40b3c26e1e1515966aa67241a787873caf6454c93e181ec218c3995,N/A,N/A,,https://github.com/notepad-plus-plus/notepad-plus-plus/releases/download/v7.7.1/npp.7.7.1.Installer.x64.exe
7.7.1,github,x64,npp.7.7.1.Installer.x64.exe,LICENSE,LICENSE,,16198,2021-12-07T19:40:22+00:00,397ad6fd5743ecc1826add6ea0fb0af4,986137060fffc2231d2e692ea330a6d1b9bdd560,b2a74140769dc8bd34cb72bd2d177e58522e69427f39651b738011f244f835bd,N/A,N/A,,https://github.com/notepad-plus-plus/notepad-plus-plus/releases/download/v7.7.1/npp.7.7.1.Installer.x64.exe
7.7.1,github,x64,npp.7.7.1.Installer.x64.exe,updater/LICENSE,LICENSE,,7804,2021-12-07T19:40:22+00:00,8e3494bf8cf1967afd3b1016fbbe5bb0,b1608abb6e19ef60f4b9c52f6e05bf81cc97d0c2,319917f5ccd09878db6f67c9a77dee846055644ca49eb535628b9e020a87261e,N/A,N/A,,https://github.com/notepad-plus-plus/notepad-plus-plus/releases/download/v7.7.1/npp.7.7.1.Installer.x64.exe
7.7.1,github,x64,npp.7.7.1.Installer.x64.exe,$PLUGINSDIR/nppLocalization/ligurian.xml,ligurian.xml,,34480,2021-12-07T19:40:22+00:00,58a86031153e6bd8ae1ad5bf80fcc894,656cedf73e8d40797a43980fd1801f6501b036c4,5fad85ea1c785dca218106e2b409c20b3cb103e8cdc87c542aae5d630599c33b,N/A,N/A,,https://github.com/notepad-plus-plus/notepad-plus-plus/releases/download/v7.7.1/npp.7.7.1.Installer.x64.exe
7.7.1,github,x64,npp.7.7.1.Installer.x64.exe,autoCompletion/lisp.xml,lisp.xml,,16208,2021-12-07T19:40:22+00:00,310ae71e554b99a4c71b546097de55c0,8433177f8656755b0f79d96188f3de085520d75e,83478867f319bf093ce02f0c98a88b183862c235025580cca9ec7a9515521833,N/A,N/A,,https://github.com/notepad-plus-plus/notepad-plus-plus/releases/download/v7.7.1/npp.7.7.1.Installer.x64.exe
7.7.1,github,x64,npp.7.7.1.Installer.x64.exe,$PLUGINSDIR/nppLocalization/lithuanian.xml,lithuanian.xml,,76856,2021-12-07T19:40:22+00:00,98f5a618f8cf3ca48774c15ca95bc2bb,0b7d75e1c4f5bf67e31c44cd26b01a5cee1765f5,fb94b9381592015b27e12358c44a522409ec5c180fec694b2ddceff960294d0c,N/A,N/A,,https://github.com/notepad-plus-plus/notepad-plus-plus/releases/download/v7.7.1/npp.7.7.1.Installer.x64.exe
7.7.1,github,x64,npp.7.7.1.Installer.x64.exe,autoCompletion/lua.xml,lua.xml,,90490,2021-12-07T19:40:22+00:00,bdb4f044ba52f6a83953ffd659c9252a,25ca6e9f4be716377126ca21f332beefef8f1549,3daa67cc9dd0370566566ce0492597a3698b7d9edd361a759c58e1fbd7abb349,N/A,N/A,,https://github.com/notepad-plus-plus/notepad-plus-plus/releases/download/v7.7.1/npp.7.7.1.Installer.x64.exe
7.7.1,github,x64,npp.7.7.1.Installer.x64.exe,$PLUGINSDIR/nppLocalization/luxembourgish.xml,luxembourgish.xml,,25260,2021-12-07T19:40:22+00:00,cc2d7d26c9d221def534845ec7453ddb,b40b675c5a5c10c8a393714f483aa515be4a5f8d,b73cb0703537af9d58c2e1f040f2e7f741199eef954d5e109eb301fc4498ffe0,N/A,N/A,,https://github.com/notepad-plus-plus/notepad-plus-plus/releases/download/v7.7.1/npp.7.7.1.Installer.x64.exe
7.7.1,github,x64,npp.7.7.1.Installer.x64.exe,$PLUGINSDIR/nppLocalization/macedonian.xml,macedonian.xml,,36460,2021-12-07T19:40:22+00:00,59f590ee75294f37ccb5ed1c7a441a11,7432c800018216193273b59666f26c4a81540ee6,59dbcc4618fa64eebd71808b16b4736b7af8855bef760aec3eb31c6f8f5f470e,N/A,N/A,,https://github.com/notepad-plus-plus/notepad-plus-plus/releases/download/v7.7.1/npp.7.7.1.Installer.x64.exe
7.7.1,github,x64,npp.7.7.1.Installer.x64.exe,$PLUGINSDIR/nppLocalization/malay.xml,malay.xml,,19084,2021-12-07T19:40:22+00:00,3158e10e8a9b3c0e84a770f5f11aaa1f,418a6c52704b6c832b80b36adbba45682725c76f,690416e418c9821bfe71805f76d9e18ee39fd092742d173cc9fe595268b131fa,N/A,N/A,,https://github.com/notepad-plus-plus/notepad-plus-plus/releases/download/v7.7.1/npp.7.7.1.Installer.x64.exe
7.7.1,github,x64,npp.7.7.1.Installer.x64.exe,$PLUGINSDIR/nppLocalization/marathi.xml,marathi.xml,,48181,2021-12-07T19:40:22+00:00,ce4757e3935343d472515cf9b936d7e4,c9ba81eb7b9f1ec2c0ac70e948846ba434d2ac7c,8b7545558bc73329f6caa27b5aa6203220d7a58ea3b37e9c346e636aaf70146c,N/A,N/A,,https://github.com/notepad-plus-plus/notepad-plus-plus/releases/download/v7.7.1/npp.7.7.1.Installer.x64.exe
7.7.1,github,x64,npp.7.7.1.Installer.x64.exe,$_15_/mimeTools/mimeTools.dll,mimeTools.dll,,120464,2021-12-07T19:40:22+00:00,289ecb2c17536265c6f820c3987ba54f,10f8a347e7cb2d12395a643c4ce35a08c80ba7fa,d33d1946e2825af6438df40df3eab7ff40cd55427d8f122380684e6c8156c46a,N/A,N/A,,https://github.com/notepad-plus-plus/notepad-plus-plus/releases/download/v7.7.1/npp.7.7.1.Installer.x64.exe
7.7.1,github,x64,npp.7.7.1.Installer.x64.exe,$PLUGINSDIR/modern-header.bmp,modern-header.bmp,,26272,2021-12-07T19:40:22+00:00,56da15fdb8d96f8f5c649dcb5e79d775,157e19e89c5fc690a67e3e3e4786edfce917949c,bb90d4338d2474138473e6b16e94b0237ee847bea45019ed0dd4439c71bd233e,N/A,N/A,,https://github.com/notepad-plus-plus/notepad-plus-plus/releases/download/v7.7.1/npp.7.7.1.Installer.x64.exe
7.7.1,github,x64,npp.7.7.1.Installer.x64.exe,$PLUGINSDIR/modern-wizard.bmp,modern-wizard.bmp,,154544,2021-12-07T19:40:22+00:00,c2cf6928a3ab574a5548b4dc1c38b6c0,8860ff529f60b38a93912f88f234d46eebcf664f,2125550c12fa512782f2016e802d70bc51f4a06017cfbd4176b4a994eb2542f0,N/A,N/A,,https://github.com/notepad-plus-plus/notepad-plus-plus/releases/download/v7.7.1/npp.7.7.1.Installer.x64.exe
7.7.1,github,x64,npp.7.7.1.Installer.x64.exe,$PLUGINSDIR/nppLocalization/mongolian.xml,mongolian.xml,,64376,2021-12-07T19:40:22+00:00,7ff28b9242fe6bd774fcd71fbed5563d,e6de73bce5edb47ebc766bf9818c8fcbf77c8555,5d35c3c2f10b6f6923c0b11bd7d82f569ba6a0a8fb854aac20988c77d35bf934,N/A,N/A,,https://github.com/notepad-plus-plus/notepad-plus-plus/releases/download/v7.7.1/npp.7.7.1.Installer.x64.exe
7.7.1,github,x64,npp.7.7.1.Installer.x64.exe,$_14_/themes/Mono Industrial.xml,Mono Industrial.xml,,90927,2021-12-07T19:40:22+00:00,7bfad44061fd2b045f61ed2d2558253e,23d6d5b91a53ec1f94c9e8cd2758564ff62a1912,b889a6bae8fb974c3aef44ce3fca7c25d7520743a1a4546867baf1db1090e32b,N/A,N/A,,https://github.com/notepad-plus-plus/notepad-plus-plus/releases/download/v7.7.1/npp.7.7.1.Installer.x64.exe
7.7.1,github,x64,npp.7.7.1.Installer.x64.exe,$_14_/themes/Monokai.xml,Monokai.xml,,89664,2021-12-07T19:40:22+00:00,06781ea16464af849cae19ce1e30de82,c52a9c94ba45b02585246c1106f9293c1b3f2cf6,94c64acc04be0415d547212b44c793e885842701899f87410b95ffec04ef0ee9,N/A,N/A,,https://github.com/notepad-plus-plus/notepad-plus-plus/releases/download/v7.7.1/npp.7.7.1.Installer.x64.exe
7.7.1,github,x64,npp.7.7.1.Installer.x64.exe,$_14_/themes/MossyLawn.xml,MossyLawn.xml,,107930,2021-12-07T19:40:22+00:00,28823fba483e45146a29451ba95680a2,2d41d6b9ccd38d289689e6bb1eaa9b1ac4f5ab00,64ba41815c56c982e2149bd0d705b2883a44ea63e0f61f5c610439f7a2724877,N/A,N/A,,https://github.com/notepad-plus-plus/notepad-plus-plus/releases/download/v7.7.1/npp.7.7.1.Installer.x64.exe
7.7.1,github,x64,npp.7.7.1.Installer.x64.exe,$_14_/themes/Navajo.xml,Navajo.xml,,107739,2021-12-07T19:40:22+00:00,c8ccfee05923c3d0fcf909ddb00f5422,85af19a8cce8a412bb217214458a5ba94dfca06d,6749ecf56b86b5a6d1b4fda1218359dc7fec837f48f2ce1480a286b7530071c2,N/A,N/A,,https://github.com/notepad-plus-plus/notepad-plus-plus/releases/download/v7.7.1/npp.7.7.1.Installer.x64.exe
7.7.1,github,x64,npp.7.7.1.Installer.x64.exe,$PLUGINSDIR/nppLocalization/norwegian.xml,norwegian.xml,,27778,2021-12-07T19:40:22+00:00,f5519b853316445aab668c1dfd480f87,0f7aab54733b22d514b36ea68e39b0fe215afcbc,bb9a79755d37d449acff570c20e78a9e0c58482414435cf0f493e15e6216fce3,N/A,N/A,,https://github.com/notepad-plus-plus/notepad-plus-plus/releases/download/v7.7.1/npp.7.7.1.Installer.x64.exe
7.7.1,github,x64,npp.7.7.1.Installer.x64.exe,notepad++.exe,notepad++.exe,,3454608,2021-12-07T19:40:22+00:00,88cdac82a0981be7d343b3362f87a456,47364e864c1501dd6e41c6cb13068951040ec596,8cea262975162ce534303e8a1009d3db1723c8f19d0cb47aa2511666f2fd8fe5,N/A,N/A,,https://github.com/notepad-plus-plus/notepad-plus-plus/releases/download/v7.7.1/npp.7.7.1.Installer.x64.exe
7.7.1,github,x64,npp.7.7.1.Installer.x64.exe,$_15_/NppConverter/NppConverter.dll,NppConverter.dll,,157328,2021-12-07T19:40:22+00:00,da4c3ca96bfb64fdfa5cf1269e8f16d5,a4b97c3e87d97a98b65e21d9f9c036db68827d0e,b0738979440dcdf114bff45ce1b5a359cec26bfd861bde482ddaac42e845a35f,N/A,N/A,,https://github.com/notepad-plus-plus/notepad-plus-plus/releases/download/v7.7.1/npp.7.7.1.Installer.x64.exe
7.7.1,github,x64,npp.7.7.1.Installer.x64.exe,$_17_/nppPluginList.dll,nppPluginList.dll,,147088,2021-12-07T19:40:22+00:00,de714e1c12e11dcdc0629e2e9fb0811d,de0c402058e4ddd57cbf98e9e60a52caef408371,ff1ecaee229d9d4683665bece9e1b1668d66f23dd260984e331b706758a199ea,N/A,N/A,,https://github.com/notepad-plus-plus/notepad-plus-plus/releases/download/v7.7.1/npp.7.7.1.Installer.x64.exe
7.7.1,github,x64,npp.7.7.1.Installer.x64.exe,NppShell_06.dll,NppShell_06.dll,,230032,2021-12-07T19:40:22+00:00,80989eaeed25ec31583c084ac9d7e016,1990812b0ba758fa855a1c53027ac89ee1d3c2c4,de7136721b539c62e809937fe898aea5767cb013780bd93bba31fe75769a007a,N/A,N/A,,https://github.com/notepad-plus-plus/notepad-plus-plus/releases/download/v7.7.1/npp.7.7.1.Installer.x64.exe
7.7.1,github,x64,npp.7.7.1.Installer.x64.exe,$PLUGINSDIR/nsDialogs.dll,nsDialogs.dll,,9728,2021-12-07T19:40:22+00:00,466179e1c8ee8a1ff5e4427dbb6c4a01,eb607467009074278e4bd50c7eab400e95ae48f7,1e40211af65923c2f4fd02ce021458a7745d28e2f383835e3015e96575632172,N/A,N/A,,https://github.com/notepad-plus-plus/notepad-plus-plus/releases/download/v7.7.1/npp.7.7.1.Installer.x64.exe
7.7.1,github,x64,npp.7.7.1.Installer.x64.exe,autoCompletion/nsis.xml,nsis.xml,,8183,2021-12-07T19:40:22+00:00,7985ac923ccbf94742d29d96c405c843,e77f9a3ef026127de4d47538c1f121c771eb7727,5c1482f16fc8a1b99ec87eb4edef5c1d3f2d1c750f1647416369c6124498ad3e,N/A,N/A,,https://github.com/notepad-plus-plus/notepad-plus-plus/releases/download/v7.7.1/npp.7.7.1.Installer.x64.exe
7.7.1,github,x64,npp.7.7.1.Installer.x64.exe,$PLUGINSDIR/nppLocalization/nynorsk.xml,nynorsk.xml,,41202,2021-12-07T19:40:22+00:00,694867a6ade700da42a55da24da74200,d6115de129aa535bc83cce55e1c1ad5a001a5fac,319a9e846a610811fdf12b96bf352e4e07f2d7de5a6bec3000cebc1b1e21a1fe,N/A,N/A,,https://github.com/notepad-plus-plus/notepad-plus-plus/releases/download/v7.7.1/npp.7.7.1.Installer.x64.exe
7.7.1,github,x64,npp.7.7.1.Installer.x64.exe,$_14_/themes/Obsidian.xml,Obsidian.xml,,93305,2021-12-07T19:40:22+00:00,df1ad472007aa51d35f640cdca7cc3cb,f6c4f1c114e10bcf2ba2bf5d0283636bb52df13d,d0c73806ad243121839f2854d7ee55eb4c2962ddb98bef9c402dfb7c4e6f5e07,N/A,N/A,,https://github.com/notepad-plus-plus/notepad-plus-plus/releases/download/v7.7.1/npp.7.7.1.Installer.x64.exe
7.7.1,github,x64,npp.7.7.1.Installer.x64.exe,$PLUGINSDIR/nppLocalization/occitan.xml,occitan.xml,,61127,2021-12-07T19:40:22+00:00,282135aa211f86afebb1be689de3480c,80f66a9a2b3ced83c3ddbdd4865734c61a4c0a60,a65ef81488df5ddd0cdcc6e65be1b6992b79197fb7980740a750d2f5f5def463,N/A,N/A,,https://github.com/notepad-plus-plus/notepad-plus-plus/releases/download/v7.7.1/npp.7.7.1.Installer.x64.exe
7.7.1,github,x64,npp.7.7.1.Installer.x64.exe,autoCompletion/perl.xml,perl.xml,,14269,2021-12-07T19:40:22+00:00,244eb5c1e91dc112130252fe58e49b13,28ca0a12b3fbc905cd20ebb62199cdb8d03684a5,e38a882b09330b6dbd56a2a4a90882c371a3c3eb7d29ceae9520a647c185b627,N/A,N/A,,https://github.com/notepad-plus-plus/notepad-plus-plus/releases/download/v7.7.1/npp.7.7.1.Installer.x64.exe
7.7.1,github,x64,npp.7.7.1.Installer.x64.exe,autoCompletion/php.xml,php.xml,,427929,2021-12-07T19:40:22+00:00,1e9d31476dddc00249463ede7ba491d7,7d6f0047913e58aecf891f24c1e712d269e78bad,43391307f2829b77df05725a13670f6ad0650f8b92b4503cba65d7901e1dda10,N/A,N/A,,https://github.com/notepad-plus-plus/notepad-plus-plus/releases/download/v7.7.1/npp.7.7.1.Installer.x64.exe
7.7.1,github,x64,npp.7.7.1.Installer.x64.exe,$PLUGINSDIR/nppLocalization/piglatin.xml,piglatin.xml,,79304,2021-12-07T19:40:22+00:00,e57e7d60833241e6307f5666fb7682cc,bead4f333a93d10902ef227f2295815c533597a8,1fec93f265e064820f37cc450b8cb8c60b9250bffb4bf1612a70e81527068010,N/A,N/A,,https://github.com/notepad-plus-plus/notepad-plus-plus/releases/download/v7.7.1/npp.7.7.1.Installer.x64.exe
7.7.1,github,x64,npp.7.7.1.Installer.x64.exe,$_14_/themes/Plastic Code Wrap.xml,Plastic Code Wrap.xml,,92421,2021-12-07T19:40:22+00:00,fee7ab321482f225e0000afba772bb3a,1d29938d8462987c6a36538d48bf0cc6e377a1df,0f5cbbb15d3a3b9fea2a7a0ee6df258d99423eb4095fee117870a1cc5650f394,N/A,N/A,,https://github.com/notepad-plus-plus/notepad-plus-plus/releases/download/v7.7.1/npp.7.7.1.Installer.x64.exe
7.7.1,github,x64,npp.7.7.1.Installer.x64.exe,$PLUGINSDIR/nppLocalization/polish.xml,polish.xml,,58814,2021-12-07T19:40:22+00:00,b6fe2b47e9118deeedba46078bad74d3,95172e8b5462aac9493525115564f45314b1fd67,aab6f7be1c52762cd91d7424adeec856beb2aead9051f62b2591657b82618681,N/A,N/A,,https://github.com/notepad-plus-plus/notepad-plus-plus/releases/download/v7.7.1/npp.7.7.1.Installer.x64.exe
7.7.1,github,x64,npp.7.7.1.Installer.x64.exe,$PLUGINSDIR/nppLocalization/portuguese.xml,portuguese.xml,,52588,2021-12-07T19:40:22+00:00,bbdcaf6faf7f8548c07f2bb8e617a15e,44c4471d3c963037ce63605e9a7124a0ac36afbf,80b8d3026279141c07722981cc3c6f356674099fd02b8f82b74104fe625e2236,N/A,N/A,,https://github.com/notepad-plus-plus/notepad-plus-plus/releases/download/v7.7.1/npp.7.7.1.Installer.x64.exe
7.7.1,github,x64,npp.7.7.1.Installer.x64.exe,$PLUGINSDIR/nppLocalization/punjabi.xml,punjabi.xml,,71006,2021-12-07T19:40:22+00:00,1b2298a7b847f23751010f2b01e7a2ab,adeb00513bc79d24dac85640ac1463988a454a15,e3e009b986ed53654ea1c89d828ba3998039db4fae20a877f097e41a2ebb7771,N/A,N/A,,https://github.com/notepad-plus-plus/notepad-plus-plus/releases/download/v7.7.1/npp.7.7.1.Installer.x64.exe
7.7.1,github,x64,npp.7.7.1.Installer.x64.exe,autoCompletion/python.xml,python.xml,,61585,2021-12-07T19:40:22+00:00,7bedd66d0b8a71da1467f63db6184420,c425dd0d93cd23e091ad0623c82d2edde21dbe06,cc27e0ea6542eb7bb249d169f42f9ac6fcbb794c2ef5d85f2b502e124ceef916,N/A,N/A,,https://github.com/notepad-plus-plus/notepad-plus-plus/releases/download/v7.7.1/npp.7.7.1.Installer.x64.exe
7.7.1,github,x64,npp.7.7.1.Installer.x64.exe,autoCompletion/rc.xml,rc.xml,,1642,2021-12-07T19:40:22+00:00,12b972b69130e664e50ac111d298379b,413141253cf170a010f7f3a05a9ee1cfd4d37e25,12ad067aa1227b92141bbf9faca8efa74549cff6dabde85899db9272eb7e2dff,N/A,N/A,,https://github.com/notepad-plus-plus/notepad-plus-plus/releases/download/v7.7.1/npp.7.7.1.Installer.x64.exe
7.7.1,github,x64,npp.7.7.1.Installer.x64.exe,updater/README.md,README.md,,2991,2021-12-07T19:40:22+00:00,9f56b12cbffcfad543fb1f91e3955f1b,406e1423549a8f5e97d8d8e37d5e7f6f4da8194b,aef40520cf12a0842097e8cfbeb9d9128f52573e5f90ca12d4a0a9045978547e,N/A,N/A,,https://github.com/notepad-plus-plus/notepad-plus-plus/releases/download/v7.7.1/npp.7.7.1.Installer.x64.exe
7.7.1,github,x64,npp.7.7.1.Installer.x64.exe,readme.txt,readme.txt,,1450,2021-12-07T19:40:22+00:00,5c52adcd2bcc000a8b4bd5eb36b84cde,b51da3c7700102dad5d71b2a8551320b2529322a,f09758a2c953bdd2b817441e9a00255d3685c99369468c2695f0ca39aaaa5e6b,N/A,N/A,,https://github.com/notepad-plus-plus/notepad-plus-plus/releases/download/v7.7.1/npp.7.7.1.Installer.x64.exe
7.7.1,github,x64,npp.7.7.1.Installer.x64.exe,$PLUGINSDIR/nppLocalization/romanian.xml,romanian.xml,,79037,2021-12-07T19:40:22+00:00,b9ef29e90195ced6138e3c780858d024,c89ff4bae248732bdb4b279d39f04124714d70f2,511e3b29f50c46324b636c8ebbe02d2c9c3dc0839b7f3fa5ebaff422c387f5aa,N/A,N/A,,https://github.com/notepad-plus-plus/notepad-plus-plus/releases/download/v7.7.1/npp.7.7.1.Installer.x64.exe
7.7.1,github,x64,npp.7.7.1.Installer.x64.exe,$_14_/themes/Ruby Blue.xml,Ruby Blue.xml,,72157,2021-12-07T19:40:22+00:00,ba8a57e2cca530a51c4b497b0a1ecb9e,b120fa127856a4ef429cdc9f4234ea71bb157421,f5351278ed5957758d7882fd488d2c58fba695fd2f435bf99739eb430346dc28,N/A,N/A,,https://github.com/notepad-plus-plus/notepad-plus-plus/releases/download/v7.7.1/npp.7.7.1.Installer.x64.exe
7.7.1,github,x64,npp.7.7.1.Installer.x64.exe,$PLUGINSDIR/nppLocalization/russian.xml,russian.xml,,83344,2021-12-07T19:40:22+00:00,435f3d4ae5cff009d5e5ec356042cbe7,57782ad06e3cd108a6e22d58927f04fefd7a8b0c,ab2423bff4feb6c11b5dccf2d35adc4bb4a7046db00e24a66d697540d9519612,N/A,N/A,,https://github.com/notepad-plus-plus/notepad-plus-plus/releases/download/v7.7.1/npp.7.7.1.Installer.x64.exe
7.7.1,github,x64,npp.7.7.1.Installer.x64.exe,$PLUGINSDIR/nppLocalization/samogitian.xml,samogitian.xml,,10160,2021-12-07T19:40:22+00:00,ebba131558f344afe63e1c5718d0f7ad,65ba510db37a5d8ef74d1c77ede30fa9cccad299,75eca9974de1fca41651975a92f374660e1a7c273a3d1dab0ef6dd573230878b,N/A,N/A,,https://github.com/notepad-plus-plus/notepad-plus-plus/releases/download/v7.7.1/npp.7.7.1.Installer.x64.exe
7.7.1,github,x64,npp.7.7.1.Installer.x64.exe,$PLUGINSDIR/nppLocalization/sardinian.xml,sardinian.xml,,40982,2021-12-07T19:40:22+00:00,064889342004d04b1de62578aa733216,30b21b176b1c031ec472d45ccad41eba239efc52,0169ebd43b3cec4a4f3b0143a2af6f07ec9bf73cb04882a3d4507f01931c08de,N/A,N/A,,https://github.com/notepad-plus-plus/notepad-plus-plus/releases/download/v7.7.1/npp.7.7.1.Installer.x64.exe
7.7.1,github,x64,npp.7.7.1.Installer.x64.exe,SciLexer.dll,SciLexer.dll,,1788560,2021-12-07T19:40:22+00:00,7fde51a51f52dfa11b1227f0867a1fad,b770100e44e4dd590c4205a3975ef8d901f90848,ecf0cc71753c2a411d0ab0f59fc75c16dafa80d1daff5338e7639876bf65542d,N/A,N/A,,https://github.com/notepad-plus-plus/notepad-plus-plus/releases/download/v7.7.1/npp.7.7.1.Installer.x64.exe
7.7.1,github,x64,npp.7.7.1.Installer.x64.exe,$PLUGINSDIR/nppLocalization/serbian.xml,serbian.xml,,24098,2021-12-07T19:40:22+00:00,174e7dc367ff1c213432b891f11d25bb,e199d3a723bcbb176e9f79969f502658efab0ac7,1a07c6a9c2639fa12bb000f599498ddf84827449afbb7952f4bdc4cf526c2117,N/A,N/A,,https://github.com/notepad-plus-plus/notepad-plus-plus/releases/download/v7.7.1/npp.7.7.1.Installer.x64.exe
7.7.1,github,x64,npp.7.7.1.Installer.x64.exe,$PLUGINSDIR/nppLocalization/serbianCyrillic.xml,serbianCyrillic.xml,,47833,2021-12-07T19:40:22+00:00,e6c94316e6d065533305b94e7d5af2bc,3b6f4b424d7321bae1d643bef50ee952d7990ddd,289d7cdd9d9af5b2992e3b0ac38022f91e3d9dc0051e40733983e26e2ddcf594,N/A,N/A,,https://github.com/notepad-plus-plus/notepad-plus-plus/releases/download/v7.7.1/npp.7.7.1.Installer.x64.exe
7.7.1,github,x64,npp.7.7.1.Installer.x64.exe,shortcuts.xml,shortcuts.xml,,1800,2021-12-07T19:40:22+00:00,7055e239de97ab9c2ac0b1a5e72325ad,cac8aa8f244dfd955a9a66e5be7da123e6076de8,867759aa7241cb97e982215cea0907e5193e938da8bf188da913ca021ada0d00,N/A,N/A,,https://github.com/notepad-plus-plus/notepad-plus-plus/releases/download/v7.7.1/npp.7.7.1.Installer.x64.exe
7.7.1,github,x64,npp.7.7.1.Installer.x64.exe,$PLUGINSDIR/nppLocalization/sinhala.xml,sinhala.xml,,56893,2021-12-07T19:40:22+00:00,9986ce0334af5335ae8c7e5a3cbc818b,384de56d2af7c4941c266bfba7d69518b2b1879d,a8b55a8115a50bd3b7b07c359c49fe7da48a5acf1dacc2c0e3708f6f48636fd6,N/A,N/A,,https://github.com/notepad-plus-plus/notepad-plus-plus/releases/download/v7.7.1/npp.7.7.1.Installer.x64.exe
7.7.1,github,x64,npp.7.7.1.Installer.x64.exe,$PLUGINSDIR/nppLocalization/slovak.xml,slovak.xml,,74133,2021-12-07T19:40:22+00:00,e56b5a5257bf4e743e9abb688b9e7215,9807a05639ca5262da524d1d1639e2b98c17d805,52b86604adc29058a0efe7109857cc37cb452fd46f6210467543af2bf81b8b3e,N/A,N/A,,https://github.com/notepad-plus-plus/notepad-plus-plus/releases/download/v7.7.1/npp.7.7.1.Installer.x64.exe
7.7.1,github,x64,npp.7.7.1.Installer.x64.exe,$PLUGINSDIR/nppLocalization/slovenian.xml,slovenian.xml,,72270,2021-12-07T19:40:22+00:00,2d0d8cdcb5375130e8cba2061df596ea,2013ad247c515fa341789ec660cccbd5c0a857e0,7b06c50ce90928f455131c070486e2f6f2d6e6ab71fdf7b703ee81ee211bb51e,N/A,N/A,,https://github.com/notepad-plus-plus/notepad-plus-plus/releases/download/v7.7.1/npp.7.7.1.Installer.x64.exe
7.7.1,github,x64,npp.7.7.1.Installer.x64.exe,$_14_/themes/Solarized-light.xml,Solarized-light.xml,,108375,2021-12-07T19:40:22+00:00,d7d187c6b7768f0c6b297a5c3c4bc166,60c4a0d7cc616199cd6d5bd9a091fed9da994550,c073c57ebcb8a15b2c2bcd59024496c462d85340b3e870ce0e18e525613af4f6,N/A,N/A,,https://github.com/notepad-plus-plus/notepad-plus-plus/releases/download/v7.7.1/npp.7.7.1.Installer.x64.exe
7.7.1,github,x64,npp.7.7.1.Installer.x64.exe,$_14_/themes/Solarized.xml,Solarized.xml,,108363,2021-12-07T19:40:22+00:00,9fe03156c870d1da5def22bd674195c9,adbe6952195ada932039f3ebb1ffc1e929d948b8,ad20f7e74695163519f860b9f3979d128e0501ba04f8123dd531ef39197a0f94,N/A,N/A,,https://github.com/notepad-plus-plus/notepad-plus-plus/releases/download/v7.7.1/npp.7.7.1.Installer.x64.exe
7.7.1,github,x64,npp.7.7.1.Installer.x64.exe,$PLUGINSDIR/nppLocalization/spanish.xml,spanish.xml,,61773,2021-12-07T19:40:22+00:00,822489dc4c8085d014fb508c76289747,f32f69839fe6fa2f15cb6481344b571be132e642,23b6520c0d7b3d7e80086b0714f0668a08e6b0dbea7a493cb0e320b8c552be02,N/A,N/A,,https://github.com/notepad-plus-plus/notepad-plus-plus/releases/download/v7.7.1/npp.7.7.1.Installer.x64.exe
7.7.1,github,x64,npp.7.7.1.Installer.x64.exe,$PLUGINSDIR/nppLocalization/spanish_ar.xml,spanish_ar.xml,,45235,2021-12-07T19:40:22+00:00,e6e44ee7c6b6a0ff89f0fe490f3c11fc,a3cc69b4ea7148ab45a5c907d3b0a45da166b65a,2fadeca7c44132ef9a9243bd67eee23c93a25f96bc6c80b81d527d18128d284d,N/A,N/A,,https://github.com/notepad-plus-plus/notepad-plus-plus/releases/download/v7.7.1/npp.7.7.1.Installer.x64.exe
7.7.1,github,x64,npp.7.7.1.Installer.x64.exe,autoCompletion/sql.xml,sql.xml,,67952,2021-12-07T19:40:22+00:00,056b92b4d2e16984505990cf379b5486,7571c99732917dad3dd465f29d5bf28619a09fa7,620fe159db5ce323b78b4768f9f6a3a95ca2c4fa4806ea5145afadac21dcc74d,N/A,N/A,,https://github.com/notepad-plus-plus/notepad-plus-plus/releases/download/v7.7.1/npp.7.7.1.Installer.x64.exe
7.7.1,github,x64,npp.7.7.1.Installer.x64.exe,stylers.model.xml,stylers.model.xml,,166357,2021-12-07T19:40:22+00:00,46fc329be6615da0c27f5bbc80fad64c,04babccbc1e82af74a24354ef7711c277cb6af17,5f57890b3f39889ac6ca376ab1debf5d2ae2df531c5284f70e13f6106204cb83,N/A,N/A,,https://github.com/notepad-plus-plus/notepad-plus-plus/releases/download/v7.7.1/npp.7.7.1.Installer.x64.exe
7.7.1,github,x64,npp.7.7.1.Installer.x64.exe,$PLUGINSDIR/nppLocalization/swedish.xml,swedish.xml,,59422,2021-12-07T19:40:22+00:00,a41e0bfa49dd28206c2e9fd65880e2d5,8c1e56f022f22cb2d18c1864c775389632edf8ab,b5123cd6d4764f901b4387119df5a738451afe9625a68e9c4ab7f992f533d9f1,N/A,N/A,,https://github.com/notepad-plus-plus/notepad-plus-plus/releases/download/v7.7.1/npp.7.7.1.Installer.x64.exe
7.7.1,github,x64,npp.7.7.1.Installer.x64.exe,$PLUGINSDIR/System.dll,System.dll,,12288,2021-12-07T19:40:22+00:00,0d7ad4f45dc6f5aa87f606d0331c6901,48df0911f0484cbe2a8cdd5362140b63c41ee457,3eb38ae99653a7dbc724132ee240f6e5c4af4bfe7c01d31d23faf373f9f2eaca,N/A,N/A,,https://github.com/notepad-plus-plus/notepad-plus-plus/releases/download/v7.7.1/npp.7.7.1.Installer.x64.exe
7.7.1,github,x64,npp.7.7.1.Installer.x64.exe,$PLUGINSDIR/nppLocalization/tagalog.xml,tagalog.xml,,30395,2021-12-07T19:40:22+00:00,04e3e27d9d635c6b23c8e40dcbbdd442,c66e2dc153c22a445dae0df2bdf3c1693b4ad03e,047c63c449c5e2a9a4f97637c741eb07e6ec034bc829d85c6565bb0292c1cd72,N/A,N/A,,https://github.com/notepad-plus-plus/notepad-plus-plus/releases/download/v7.7.1/npp.7.7.1.Installer.x64.exe
7.7.1,github,x64,npp.7.7.1.Installer.x64.exe,$PLUGINSDIR/nppLocalization/tajikCyrillic.xml,tajikCyrillic.xml,,66798,2021-12-07T19:40:22+00:00,c28fc035726b0fe6f56c129d87c2aabc,3cdcfd5e06e905032f0119b5cec8dd8e011fa21c,70a7f699ee317a25cb74524995037b145477b4df0c39d674381ff5c8895fb63f,N/A,N/A,,https://github.com/notepad-plus-plus/notepad-plus-plus/releases/download/v7.7.1/npp.7.7.1.Installer.x64.exe
7.7.1,github,x64,npp.7.7.1.Installer.x64.exe,$PLUGINSDIR/nppLocalization/tamil.xml,tamil.xml,,54196,2021-12-07T19:40:22+00:00,abc0ae5ed0002512221d682263e41204,7a7533274855ceff9a604d6cd36192cc68f2c416,e23759fd6d60ef9728b620a1a8316fc049ccbf93445a91a1a85d27c4e25f3f15,N/A,N/A,,https://github.com/notepad-plus-plus/notepad-plus-plus/releases/download/v7.7.1/npp.7.7.1.Installer.x64.exe
7.7.1,github,x64,npp.7.7.1.Installer.x64.exe,$PLUGINSDIR/nppLocalization/tatar.xml,tatar.xml,,71641,2021-12-07T19:40:22+00:00,84c32874e0fbc009202c86781cf6a6b6,93f81be4ed8bd098f4384290f0286b55abbd5885,0b20a37e6512a5a3e0c92075db9eb179a156e5e20f9fe52c3260daf8c77825a3,N/A,N/A,,https://github.com/notepad-plus-plus/notepad-plus-plus/releases/download/v7.7.1/npp.7.7.1.Installer.x64.exe
7.7.1,github,x64,npp.7.7.1.Installer.x64.exe,$PLUGINSDIR/nppLocalization/telugu.xml,telugu.xml,,53577,2021-12-07T19:40:22+00:00,a8b6a302f3bda0eeae95e5214df33ec4,975e8e7ac8258c4f8c4050743debe980a9864e4f,82b4b16ee06e668e4ff30e71fcbf42623cf30dc14177c570a7ad1f47c0284e0c,N/A,N/A,,https://github.com/notepad-plus-plus/notepad-plus-plus/releases/download/v7.7.1/npp.7.7.1.Installer.x64.exe
7.7.1,github,x64,npp.7.7.1.Installer.x64.exe,autoCompletion/tex.xml,tex.xml,,67871,2021-12-07T19:40:22+00:00,03f74d2063099160e73faa1a5dee7f9a,89a19baacde3f98c9439861a52239df8c5e964ba,d19fe5a6b68b50e0820641489fd73368ba4ba58adb07948e39073ddce8e08d37,N/A,N/A,,https://github.com/notepad-plus-plus/notepad-plus-plus/releases/download/v7.7.1/npp.7.7.1.Installer.x64.exe
7.7.1,github,x64,npp.7.7.1.Installer.x64.exe,$PLUGINSDIR/nppLocalization/thai.xml,thai.xml,,41406,2021-12-07T19:40:22+00:00,8d02b72cdcce6c5a4db56eebba394824,259babbea022717b773d10704f61fb285e800730,8ce450bcfd9b9617f4e0969ad4e201480b255d473cb1383c90761cc28cbd7ecc,N/A,N/A,,https://github.com/notepad-plus-plus/notepad-plus-plus/releases/download/v7.7.1/npp.7.7.1.Installer.x64.exe
7.7.1,github,x64,npp.7.7.1.Installer.x64.exe,$PLUGINSDIR/nppLocalization/turkish.xml,turkish.xml,,65738,2021-12-07T19:40:22+00:00,6b5d7190e9af58c43afcbe80807b3e0f,280fea4a7f6ac9469965f2e726bfda2c24091bef,e315dadbca8df57b80ba1ee3f2c685b201a29399e736c97debf82a9789183ba9,N/A,N/A,,https://github.com/notepad-plus-plus/notepad-plus-plus/releases/download/v7.7.1/npp.7.7.1.Installer.x64.exe
7.7.1,github,x64,npp.7.7.1.Installer.x64.exe,$_14_/themes/Twilight.xml,Twilight.xml,,90732,2021-12-07T19:40:22+00:00,72e285158a0e99b081dacc32f61d99a2,9d4bf6efe5a341af42858be6e956c1e559a4e987,1204d968790d1b771def95698794349975ae317e7593a9597c12564aa67c80dd,N/A,N/A,,https://github.com/notepad-plus-plus/notepad-plus-plus/releases/download/v7.7.1/npp.7.7.1.Installer.x64.exe
7.7.1,github,x64,npp.7.7.1.Installer.x64.exe,$PLUGINSDIR/nppLocalization/ukrainian.xml,ukrainian.xml,,95203,2021-12-07T19:40:22+00:00,2ad1d6c0d74e402c854df769a8196880,f985b2e0d9e86d0dfe39d87edab71eff961cc895,38d0e8cccb1030ba3314511573ed58fcf9ad24d32de8110f6fced82262585b4d,N/A,N/A,,https://github.com/notepad-plus-plus/notepad-plus-plus/releases/download/v7.7.1/npp.7.7.1.Installer.x64.exe
7.7.1,github,x64,npp.7.7.1.Installer.x64.exe,uninstall.exe.nsis,uninstall.exe.nsis,,74210,2021-12-07T19:40:22+00:00,5826be44107ca9926fb74c946ea42310,3546620f917a4bd7b9b42b098bfbc7beee100fbe,310a24f32b6427dd77f4ffe94f3ec7775aff8ed1fd667b067c7a8124ba0d9298,N/A,N/A,,https://github.com/notepad-plus-plus/notepad-plus-plus/releases/download/v7.7.1/npp.7.7.1.Installer.x64.exe
7.7.1,github,x64,npp.7.7.1.Installer.x64.exe,$PLUGINSDIR/nppLocalization/urdu.xml,urdu.xml,,15657,2021-12-07T19:40:22+00:00,cf965dfcf2257d8046c453ac36fcf65e,ac650afe9e15fec6e0e3e87bc999c2d9350ab461,0b685abaea6232f3e99d563f01613161251e51aba6a62d83cb306aa5f2d396d5,N/A,N/A,,https://github.com/notepad-plus-plus/notepad-plus-plus/releases/download/v7.7.1/npp.7.7.1.Installer.x64.exe
7.7.1,github,x64,npp.7.7.1.Installer.x64.exe,$_14_/userDefineLangs/userDefinedLang-markdown.default.modern.xml,userDefinedLang-markdown.default.modern.xml,,5440,2021-12-07T19:40:22+00:00,e6edb9c859b5b97800da9c664a0606c8,a0529bfe949f37d87349f89e44ac03a0f39d90c6,b7a3e70c69f661e76cc7b6279db21fb32f275a8a3c205a75ae22e40224136031,N/A,N/A,,https://github.com/notepad-plus-plus/notepad-plus-plus/releases/download/v7.7.1/npp.7.7.1.Installer.x64.exe
7.7.1,github,x64,npp.7.7.1.Installer.x64.exe,$PLUGINSDIR/UserInfo.dll,UserInfo.dll,,4096,2021-12-07T19:40:22+00:00,9eb662f3b5fbda28bffe020e0ab40519,0bd28183a9d8dbb98afbcf100fb1f4f6c5fc6c41,9aa388c7de8e96885adcb4325af871b470ac50edb60d4b0d876ad43f5332ffd1,N/A,N/A,,https://github.com/notepad-plus-plus/notepad-plus-plus/releases/download/v7.7.1/npp.7.7.1.Installer.x64.exe
7.7.1,github,x64,npp.7.7.1.Installer.x64.exe,$PLUGINSDIR/nppLocalization/uyghur.xml,uyghur.xml,,47848,2021-12-07T19:40:22+00:00,a5d2661cab9fae284200b5cd84496b41,fa6cfe413495f354ad0d72e9660f04ce05a6556d,f5d24a6c678b1b54539adeafd2bc2697738f44cea6c184fa442980f1440e5afd,N/A,N/A,,https://github.com/notepad-plus-plus/notepad-plus-plus/releases/download/v7.7.1/npp.7.7.1.Installer.x64.exe
7.7.1,github,x64,npp.7.7.1.Installer.x64.exe,$PLUGINSDIR/nppLocalization/uzbek.xml,uzbek.xml,,67937,2021-12-07T19:40:22+00:00,8d5d53622c0bd306f5bcbd785328ead3,3aeda8d64f29c15efcbc270ea06bb8100245087f,1e94b2d6c7a0f3a29ed7065a592fab68ffcb442f6b6eb7a78f4f875c689dadd6,N/A,N/A,,https://github.com/notepad-plus-plus/notepad-plus-plus/releases/download/v7.7.1/npp.7.7.1.Installer.x64.exe
7.7.1,github,x64,npp.7.7.1.Installer.x64.exe,$PLUGINSDIR/nppLocalization/uzbekCyrillic.xml,uzbekCyrillic.xml,,35714,2021-12-07T19:40:22+00:00,71b7ce4804f337f3d5c4fea4a0733691,f4446df6fbeb19c93869205750991261d3a1ac7b,380e17fd360658921ea937043e540b2af642a7307be691f5c58b825623b61a99,N/A,N/A,,https://github.com/notepad-plus-plus/notepad-plus-plus/releases/download/v7.7.1/npp.7.7.1.Installer.x64.exe
7.7.1,github,x64,npp.7.7.1.Installer.x64.exe,autoCompletion/vb.xml,vb.xml,,17197,2021-12-07T19:40:22+00:00,cb6d0cff9916fa1eae0a4faafc9db82a,0bb7663a45ac8a0e8ed5ee3296f7fedc24c4a3e6,74b6701e0c8f2c92eedd563165b61d4813f519f3747b67b3a043a4b85de41401,N/A,N/A,,https://github.com/notepad-plus-plus/notepad-plus-plus/releases/download/v7.7.1/npp.7.7.1.Installer.x64.exe
7.7.1,github,x64,npp.7.7.1.Installer.x64.exe,autoCompletion/vhdl.xml,vhdl.xml,,2632,2021-12-07T19:40:22+00:00,1ba07e9e9c7ccbf095fee8c248375527,668325f597bb9fa517e41f304f07c5d0a0421160,29967c6650ce9fce73b7b9dda3390ae3b5cff4ad8ef2265f2c6980da55f42f97,N/A,N/A,,https://github.com/notepad-plus-plus/notepad-plus-plus/releases/download/v7.7.1/npp.7.7.1.Installer.x64.exe
7.7.1,github,x64,npp.7.7.1.Installer.x64.exe,$_14_/themes/Vibrant Ink.xml,Vibrant Ink.xml,,88705,2021-12-07T19:40:22+00:00,217f09b407a364a5b1653462e175ad6a,26b9523586e0bac5ba50ba63eedabb269065b2e9,277dfcc0e62f48e7e4de84cc39add1eaee03ad06809e6218fd100a66a2f04bb1,N/A,N/A,,https://github.com/notepad-plus-plus/notepad-plus-plus/releases/download/v7.7.1/npp.7.7.1.Installer.x64.exe
7.7.1,github,x64,npp.7.7.1.Installer.x64.exe,$PLUGINSDIR/nppLocalization/vietnamese.xml,vietnamese.xml,,52737,2021-12-07T19:40:22+00:00,4648aecae4e9d1df3ca32d9a0cba8fed,ace0c0282c1e0dc6facfd3277994a50410e619c8,747d88fd1df6f7a703fdd0904b50ff32c3d6d2d26203e0ae07b44786b44a9961,N/A,N/A,,https://github.com/notepad-plus-plus/notepad-plus-plus/releases/download/v7.7.1/npp.7.7.1.Installer.x64.exe
7.7.1,github,x64,npp.7.7.1.Installer.x64.exe,$_14_/themes/vim Dark Blue.xml,vim Dark Blue.xml,,88366,2021-12-07T19:40:22+00:00,1e6513926f3335ad64f15ee75d8c023a,de600f9e06fe45b40d91471048084ff0a485700f,83f56b02df1a2a82251139d8b3b889045da183fe091e2318c2e405f868646f6d,N/A,N/A,,https://github.com/notepad-plus-plus/notepad-plus-plus/releases/download/v7.7.1/npp.7.7.1.Installer.x64.exe
7.7.1,github,x64,npp.7.7.1.Installer.x64.exe,$PLUGINSDIR/nppLocalization/welsh.xml,welsh.xml,,53261,2021-12-07T19:40:22+00:00,538acafd2ef4e67581a908f970838626,98c8498903c60d46035a3ec22a3c559311451754,11fd56a75e14493a7305d6cd2aa79dd6990465eb0dec8bdf6354dd6e5db35634,N/A,N/A,,https://github.com/notepad-plus-plus/notepad-plus-plus/releases/download/v7.7.1/npp.7.7.1.Installer.x64.exe
7.7.1,github,x64,npp.7.7.1.Installer.x64.exe,autoCompletion/xml.xml,xml.xml,,12024,2021-12-07T19:40:22+00:00,432b0a7d34b59ad7512c347f8670ff23,d4ff6d0b283f7b2b8d1792b0c9671d9afb43d3f7,7cdfb59901b0dbda488745f9bd749ce9a1c3e228931162e3a5764c5674330601,N/A,N/A,,https://github.com/notepad-plus-plus/notepad-plus-plus/releases/download/v7.7.1/npp.7.7.1.Installer.x64.exe
7.7.1,github,x64,npp.7.7.1.Installer.x64.exe,$_14_/themes/Zenburn.xml,Zenburn.xml,,103292,2021-12-07T19:40:22+00:00,e0d1534ff8d9b51f00e74b56478d3f1a,358cbd9739b16fd178b890ece324222fa5e42bc5,e33ee6192cde94095af4bb6c5cfe23437f52dd771fbee26b19b943161a211523,N/A,N/A,,https://github.com/notepad-plus-plus/notepad-plus-plus/releases/download/v7.7.1/npp.7.7.1.Installer.x64.exe
7.7.1,github,x64,npp.7.7.1.Installer.x64.exe,$PLUGINSDIR/nppLocalization/zulu.xml,zulu.xml,,72870,2021-12-07T19:40:22+00:00,9440a55f71dac040b123de16d6557951,3c418d94e534013fe52e2a85ddac821b3ae89b40,16ef44efd21a556cfed5aa07b70437a16016754fcd3ce2a9e7048061716591df,N/A,N/A,,https://github.com/notepad-plus-plus/notepad-plus-plus/releases/download/v7.7.1/npp.7.7.1.Installer.x64.exe
7.7,github,x86,npp.7.7.bin.7z,,npp.7.7.bin.7z,,2792379,2021-12-07T19:40:07+00:00,711392f4bb758866eed21432cd8e7481,7d8b12455417373e27cd16448067078d2bf2235e,a5068f28cb737f2a2182490e1761d01480f66d99735858e284becad2beaa7d30,MATCH,MATCH,,https://github.com/notepad-plus-plus/notepad-plus-plus/releases/download/v7.7/npp.7.7.bin.7z
7.7,github,x86,npp.7.7.bin.7z,autoCompletion/actionscript.xml,actionscript.xml,,20752,2017-12-28T02:55:00.321495+00:00,f8876462309eeb4204eaaf5777dc4eea,167b0f169340f0cf7d2a53d0f4c4b20f694ff12a,7bdab6f3b572773331a17bfbb6cc4bbd71dfd89e4f11e404b7466925678a3a26,N/A,N/A,,https://github.com/notepad-plus-plus/notepad-plus-plus/releases/download/v7.7/npp.7.7.bin.7z
7.7,github,x86,npp.7.7.bin.7z,localization/afrikaans.xml,afrikaans.xml,,29077,2016-12-26T22:10:43.769673+00:00,c2f475cc2b49d3aee490c9059529744a,621e81e87c6c8d45a6be6bc69108d8ab13e2d5a6,5d285d98f8891bcf73a770fde00c3215062842224b81c4e70537569712f84570,N/A,N/A,,https://github.com/notepad-plus-plus/notepad-plus-plus/releases/download/v7.7/npp.7.7.bin.7z
7.7,github,x86,npp.7.7.bin.7z,localization/albanian.xml,albanian.xml,,57197,2017-08-20T17:42:25.395692+00:00,5803d49d9a1320f50394a0ab36c427b6,6f29668d5d3101d86a6ec34d3087c7cd5e5fdc64,508ddd0bd359666186a34b1249b55de31062f2eb4323bce01409e602e7fc0b64,N/A,N/A,,https://github.com/notepad-plus-plus/notepad-plus-plus/releases/download/v7.7/npp.7.7.bin.7z
7.7,github,x86,npp.7.7.bin.7z,localization/arabic.xml,arabic.xml,,86770,2018-10-05T00:32:05.819137+00:00,4c43fa51c53e259e9c0df42eab235849,6af39eb260e24144dc3491e9083a3d615e977775,f4bb70b47614e639d2035ecf94e4f74413312f7ae593d60a916d940cf3639554,N/A,N/A,,https://github.com/notepad-plus-plus/notepad-plus-plus/releases/download/v7.7/npp.7.7.bin.7z
7.7,github,x86,npp.7.7.bin.7z,localization/aragonese.xml,aragonese.xml,,49810,2017-08-20T17:42:25.412736+00:00,ff161db746ade330439882ba0640d2ea,1a9109c96486d1f4ee48336f66c0be93cf2725a3,1db8eeb9c6cae8705cacfc3043a7556678e9ed52162fb8ec536c5befc19343a9,N/A,N/A,,https://github.com/notepad-plus-plus/notepad-plus-plus/releases/download/v7.7/npp.7.7.bin.7z
7.7,github,x86,npp.7.7.bin.7z,localization/aranese.xml,aranese.xml,,20821,2016-12-26T22:10:43.795718+00:00,333a18acb93ba083e86679c065b69d15,cb874355fb8e495a2b0b0dcf8868df287ec6a342,de5da809aa6e44c4e6a01c3b5fb7da5a66d9683cb905416f3fcff2ed413ea7c6,N/A,N/A,,https://github.com/notepad-plus-plus/notepad-plus-plus/releases/download/v7.7/npp.7.7.bin.7z
7.7,github,x86,npp.7.7.bin.7z,autoCompletion/autoit.xml,autoit.xml,,738721,2018-12-09T18:22:22.898518+00:00,24091974377d7e76106add1210d5853a,7663d568323f753fb62c15f684eea1ff9014ce5b,07cb7ea3f8d1eee1142bcdf876e29f14e6ae2a72ef28f2310263da531c7e8711,N/A,N/A,,https://github.com/notepad-plus-plus/notepad-plus-plus/releases/download/v7.7/npp.7.7.bin.7z
7.7,github,x86,npp.7.7.bin.7z,localization/azerbaijani.xml,azerbaijani.xml,,35482,2017-08-20T17:40:40.621097+00:00,8cd5c70b03ef9c48585c06fa149f9fcd,4fb0a331d184579444326c6910742ad4b0cbb5a1,d2e185e9c8b1e7d994dcb3b44748f1b499f18ca22a573f452a9b0d791344c448,N/A,N/A,,https://github.com/notepad-plus-plus/notepad-plus-plus/releases/download/v7.7/npp.7.7.bin.7z
7.7,github,x86,npp.7.7.bin.7z,autoCompletion/BaanC.xml,BaanC.xml,,18490,2017-12-28T22:22:51.984891+00:00,2537a01a4619a19962fb1b85cbee9a13,adaf66583cc60a53f0a08b030e63cc2652badd17,9780d21f36eca4cb7f85c67fe9113c3c223822662812f6ab533c011cd2f56e7e,N/A,N/A,,https://github.com/notepad-plus-plus/notepad-plus-plus/releases/download/v7.7/npp.7.7.bin.7z
7.7,github,x86,npp.7.7.bin.7z,localization/basque.xml,basque.xml,,59732,2018-02-17T07:05:11.303084+00:00,7ef1dd1b3280122bac0a69063249fd46,83730aee38e42a5aee4c7daf0390833761208709,1047a56b9ea18bafbb7fd03daa190cb980883694dfd7fc1556136ab81834d489,N/A,N/A,,https://github.com/notepad-plus-plus/notepad-plus-plus/releases/download/v7.7/npp.7.7.bin.7z
7.7,github,x86,npp.7.7.bin.7z,autoCompletion/batch.xml,batch.xml,,3784,2017-12-28T02:55:00.327011+00:00,713831a4916810500b39efbdb41435a2,6b9c9d965f73f71fafb786d547be09f5ef398643,d43ce011aa2d5a946c36b4c3a6a0a98fd9570253bc461a267d3b44aaec3cb6b0,N/A,N/A,,https://github.com/notepad-plus-plus/notepad-plus-plus/releases/download/v7.7/npp.7.7.bin.7z
7.7,github,x86,npp.7.7.bin.7z,localization/belarusian.xml,belarusian.xml,,95099,2018-12-30T17:41:19.305996+00:00,fd060d45654fa3adec00f943349a535b,7732a8a924e84a218ac710a3c2a829438481c761,1c616bcd978b6f7feb5035c232024baa895f9787183898e4672f70ea3d1ded9c,N/A,N/A,,https://github.com/notepad-plus-plus/notepad-plus-plus/releases/download/v7.7/npp.7.7.bin.7z
7.7,github,x86,npp.7.7.bin.7z,localization/bengali.xml,bengali.xml,,70025,2017-08-20T17:42:25.457657+00:00,d081b39bf7a87b8ccd3caa5e9d15087c,02fad366321e3bb823bfb46ab966ac919dd227c8,5ecd5febabcb4b4616035fab1b567bf2a0ff8b2ded72d74e6ea5511671814484,N/A,N/A,,https://github.com/notepad-plus-plus/notepad-plus-plus/releases/download/v7.7/npp.7.7.bin.7z
7.7,github,x86,npp.7.7.bin.7z,themes/Bespin.xml,Bespin.xml,,91987,2019-05-08T23:22:36.252596+00:00,821e643338c9129e0eade6fa9008f198,cdfb6a4ba9d186019f072e661a81050f8c5dbe7e,26234a54d2498693d08c462d0e8a61f7ef6df7b5a278c49716ae991183ee80d3,N/A,N/A,,https://github.com/notepad-plus-plus/notepad-plus-plus/releases/download/v7.7/npp.7.7.bin.7z
7.7,github,x86,npp.7.7.bin.7z,themes/Black board.xml,Black board.xml,,90353,2019-05-08T23:22:36.256586+00:00,b2c72f0861af9556500ffb5bd3e68b8b,5bfb5849e96e67cbe605d2618fb545e131a570a7,d043514f3c2c442b1f4a2a868fbfec53f53fcb61c9c6ab0f447e4934cb94ce57,N/A,N/A,,https://github.com/notepad-plus-plus/notepad-plus-plus/releases/download/v7.7/npp.7.7.bin.7z
7.7,github,x86,npp.7.7.bin.7z,localization/bosnian.xml,bosnian.xml,,32084,2016-12-26T22:10:43.820980+00:00,6b036835ed9d1ee92cd9bd4c76f41bbd,faeb76f93f4228832c7cc952833c717f3614a38d,06ce39e85fc9acd72888da5871fae4d18aa2c5bb6a9fa0c9eca459cf0e949a63,N/A,N/A,,https://github.com/notepad-plus-plus/notepad-plus-plus/releases/download/v7.7/npp.7.7.bin.7z
7.7,github,x86,npp.7.7.bin.7z,localization/brazilian_portuguese.xml,brazilian_portuguese.xml,,78673,2019-03-26T23:11:19.856317+00:00,c5ac706ffe3cc6abb54272e49d42de5d,d5a9bee2ce2cff235179ea19dfc8207661d40e3d,690897901b9880c4b4247d5a75140f4ef9804fddd4b1ffe6fbc89d4f9952e520,N/A,N/A,,https://github.com/notepad-plus-plus/notepad-plus-plus/releases/download/v7.7/npp.7.7.bin.7z
7.7,github,x86,npp.7.7.bin.7z,localization/breton.xml,breton.xml,,56124,2017-08-20T17:42:25.485730+00:00,a28d31b3147d47670455aa249df9e3a8,ae276de79ca796b74345a8b3dbcf53e4972b6eaa,7d8569dca0eef5ccd411287ed72f70da19f92b96e05e2bfd294263098e3ed38d,N/A,N/A,,https://github.com/notepad-plus-plus/notepad-plus-plus/releases/download/v7.7/npp.7.7.bin.7z
7.7,github,x86,npp.7.7.bin.7z,localization/bulgarian.xml,bulgarian.xml,,89854,2019-05-13T21:05:14.353542+00:00,4cfd349868f4f6f269789ed55a35a214,58048827fc5dd2c368b734d7d8d5004000e0d641,0240561bed98e46a001330fd3f9e52a868637319de4e5d69b4655444ff1e1c20,N/A,N/A,,https://github.com/notepad-plus-plus/notepad-plus-plus/releases/download/v7.7/npp.7.7.bin.7z
7.7,github,x86,npp.7.7.bin.7z,autoCompletion/c.xml,c.xml,,44390,2016-12-26T22:10:43.575360+00:00,c92c0a8fa14eb590fdc13287b26689db,b6010b4b59128f9d16abd9e8d8ccf521ed6e4eb8,2ad09d23098049d7541c703684bca446ccf6f1024a182e7dc30c378efb1b2109,N/A,N/A,,https://github.com/notepad-plus-plus/notepad-plus-plus/releases/download/v7.7/npp.7.7.bin.7z
7.7,github,x86,npp.7.7.bin.7z,localization/catalan.xml,catalan.xml,,65728,2019-05-08T23:22:36.215786+00:00,be294c1890b57df605d743846802e835,5425db4f87a254e3438a73aaf4d4e3a46d3bf9fa,03e2d93f71ae1b27d0695c14af7b820862737b4bf32ccc5fa29e68006ce32e32,N/A,N/A,,https://github.com/notepad-plus-plus/notepad-plus-plus/releases/download/v7.7/npp.7.7.bin.7z
7.7,github,x86,npp.7.7.bin.7z,change.log,change.log,,904,2019-05-19T11:04:50.408615+00:00,fba8943a74fcc546372a924e00be692f,6287588921b1ade9b1056719610bbbff050c72ad,cdc5dcb06affbb14f5a1efee382cb4ddb57bb4bc6aae9e49b059c8d2f8e76f64,N/A,N/A,,https://github.com/notepad-plus-plus/notepad-plus-plus/releases/download/v7.7/npp.7.7.bin.7z
7.7,github,x86,npp.7.7.bin.7z,localization/chinese.xml,chinese.xml,,75052,2019-03-26T23:11:19.860312+00:00,95c0eacb92d19a56ad3e9f114355b891,b2a693af9cd3029e79c2c719eb88a58f190f305d,6a6b8625fbe38f8ecd5f8205cefa66a7fb31c17826766c29dfc4494bf71602ad,N/A,N/A,,https://github.com/notepad-plus-plus/notepad-plus-plus/releases/download/v7.7/npp.7.7.bin.7z
7.7,github,x86,npp.7.7.bin.7z,localization/chineseSimplified.xml,chineseSimplified.xml,,73985,2019-05-13T21:05:14.357532+00:00,8b1fd4c62d772ff4e2e8cd86f9daa996,2351b7c17a69365db44b5b4f9e89f75e07ab4d61,db470e2927688c424ba8a3838d673b8fe42699e51a4e1b4e9c8824089b3b337d,N/A,N/A,,https://github.com/notepad-plus-plus/notepad-plus-plus/releases/download/v7.7/npp.7.7.bin.7z
7.7,github,x86,npp.7.7.bin.7z,themes/Choco.xml,Choco.xml,,90648,2019-05-08T23:22:36.259617+00:00,08bee836ff654869d212779577b0bbf6,21d606a57056351521787e1ce2f823307525b722,94fe9c0753a4d9b8352bc17c9785004b046d0afee8722de21609ef8938f327eb,N/A,N/A,,https://github.com/notepad-plus-plus/notepad-plus-plus/releases/download/v7.7/npp.7.7.bin.7z
7.7,github,x86,npp.7.7.bin.7z,autoCompletion/cmake.xml,cmake.xml,,7321,2018-03-02T19:22:54.672521+00:00,bb3c098e3c76d30df480e3e17abe5a7b,394ea38362db6dcaa12ebecb6813ed66d7729ea5,b5616caa363cd62310287f60e6c61eeed9297be5d2da913a390fedc26217cae0,N/A,N/A,,https://github.com/notepad-plus-plus/notepad-plus-plus/releases/download/v7.7/npp.7.7.bin.7z
7.7,github,x86,npp.7.7.bin.7z,autoCompletion/coffee.xml,coffee.xml,,1510,2017-12-28T22:05:30.759151+00:00,633f1e56a9f5b7e1c7c75e6dff944b25,55f1f86306161a2b743fe13927e852c2570bfaf7,46d379e7ad5565fc197a32b62d04ceb1be4452af2ae45663415809bc7badb0bd,N/A,N/A,,https://github.com/notepad-plus-plus/notepad-plus-plus/releases/download/v7.7/npp.7.7.bin.7z
7.7,github,x86,npp.7.7.bin.7z,config.xml,config.xml,,5114,2019-03-30T10:38:48.831842+00:00,b56d4fa38548cf7206a700c580d529ad,5e334fa5d1310ba15a81436aa3bb2ad2e7e65be8,a831c5da7fdcacaad454585459003a44cc4c00bda0242337a9a046ba05c02f42,N/A,N/A,,https://github.com/notepad-plus-plus/notepad-plus-plus/releases/download/v7.7/npp.7.7.bin.7z
7.7,github,x86,npp.7.7.bin.7z,contextMenu.xml,contextMenu.xml,,3512,2018-05-25T21:58:05.896518+00:00,a7998766b85ee71ff1d82a1198988529,acaf62b48d9307b319105109121d82ccefe46c65,aa48a7c2ec3ed377c42c293f732807572f2ea305c9771b6ea210e7b92ef2c199,N/A,N/A,,https://github.com/notepad-plus-plus/notepad-plus-plus/releases/download/v7.7/npp.7.7.bin.7z
7.7,github,x86,npp.7.7.bin.7z,localization/corsican.xml,corsican.xml,,83266,2019-04-03T19:06:20.452465+00:00,2762c8551adc0138beb86c304bd678df,465883c3db9c3982e0202b20ff31f3c5dc02cfb2,9cc651eca1140c53634b1106a00bf8df96c8b4db49b68dbf165e1feae0740ee5,N/A,N/A,,https://github.com/notepad-plus-plus/notepad-plus-plus/releases/download/v7.7/npp.7.7.bin.7z
7.7,github,x86,npp.7.7.bin.7z,autoCompletion/cpp.xml,cpp.xml,,61530,2018-12-09T18:22:22.900548+00:00,e60ca42b12a8e816892894d321ab8d00,bf1dc910f6cab97f99e23d08e084837fc7de17c6,b97ffa556f93ec4c51208b2aea4f3d69411404c27f6ea12608ae84bedbd76418,N/A,N/A,,https://github.com/notepad-plus-plus/notepad-plus-plus/releases/download/v7.7/npp.7.7.bin.7z
7.7,github,x86,npp.7.7.bin.7z,localization/croatian.xml,croatian.xml,,85184,2019-05-08T23:22:36.218778+00:00,cec164119c1295583fe3326f6710253c,52feae919ddb150a3bad58f5d6f1071027eeebcb,12fe4e0941c20088f10a19487aeddc57ca96ff8ace34ccfbc2cfcb2388c17173,N/A,N/A,,https://github.com/notepad-plus-plus/notepad-plus-plus/releases/download/v7.7/npp.7.7.bin.7z
7.7,github,x86,npp.7.7.bin.7z,autoCompletion/cs.xml,cs.xml,,33726,2018-12-09T18:22:22.902508+00:00,c9bc2acde59532d2a9b65e7f9cd55d4f,d4a0e2d2b20e0b0cc40a0bf3a5274800d1eb6ea7,32076a244afd75a07cd38f1fa27b08eea3a4a697111cde8a1cb636c46c708c17,N/A,N/A,,https://github.com/notepad-plus-plus/notepad-plus-plus/releases/download/v7.7/npp.7.7.bin.7z
7.7,github,x86,npp.7.7.bin.7z,autoCompletion/css.xml,css.xml,,11522,2016-12-26T22:10:43.597241+00:00,d2affd6da8aa4fd9457db7b0dcb87517,427e170083be87d570df3f9ea4b0eff0eb60a8f4,776187ab9beec87648e5701137f153adeef88c579b15b181c5d4eee2f02262f8,N/A,N/A,,https://github.com/notepad-plus-plus/notepad-plus-plus/releases/download/v7.7/npp.7.7.bin.7z
7.7,github,x86,npp.7.7.bin.7z,localization/czech.xml,czech.xml,,72315,2019-05-13T21:05:14.360523+00:00,40fb19e6e72098f1fcc013562e210d4c,d637d786b7eb88d281dec513fd0a7854d5ad5610,e2f164416ddf1f6c09bbc8c33600886f35116c170a9837c940bf1c4e1a75eafa,N/A,N/A,,https://github.com/notepad-plus-plus/notepad-plus-plus/releases/download/v7.7/npp.7.7.bin.7z
7.7,github,x86,npp.7.7.bin.7z,localization/danish.xml,danish.xml,,75208,2019-03-05T01:52:36.641982+00:00,afdca23414d2fa05e0edfed63dc68bd1,4d5cb126c3f86dc907f315ae38ccc3ec07619fd3,3ce52cb27a70640c8f4578ff52f71de18282d54ab91d1db7658be64c6a316d6c,N/A,N/A,,https://github.com/notepad-plus-plus/notepad-plus-plus/releases/download/v7.7/npp.7.7.bin.7z
7.7,github,x86,npp.7.7.bin.7z,themes/Deep Black.xml,Deep Black.xml,,88397,2019-05-08T23:22:36.265672+00:00,c0dfe7248b4651b3ead3d8ba219a529d,dddf5cb8366555f9510c7542476d6b0dd59102e8,6de4560d9ffd31ba5ab94de04c4fec2a2d3ca34cf136c0777598b24054dcf4f5,N/A,N/A,,https://github.com/notepad-plus-plus/notepad-plus-plus/releases/download/v7.7/npp.7.7.bin.7z
7.7,github,x86,npp.7.7.bin.7z,doLocalConf.xml,doLocalConf.xml,,0,2017-08-16T07:23:53.663879+00:00,d41d8cd98f00b204e9800998ecf8427e,da39a3ee5e6b4b0d3255bfef95601890afd80709,e3b0c44298fc1c149afbf4c8996fb92427ae41e4649b934ca495991b7852b855,N/A,N/A,,https://github.com/notepad-plus-plus/notepad-plus-plus/releases/download/v7.7/npp.7.7.bin.7z
7.7,github,x86,npp.7.7.bin.7z,localization/dutch.xml,dutch.xml,,61604,2018-10-05T00:32:05.860027+00:00,6ce9f0ae41286f01ccf83b64d48cc238,cad9570ecd9252768231c07c37c162e3b291ae97,4dc9faf1ba2806b6ff3f70264c46e2d70007af6f5dafe6fe9d306c3c07eda610,N/A,N/A,,https://github.com/notepad-plus-plus/notepad-plus-plus/releases/download/v7.7/npp.7.7.bin.7z
7.7,github,x86,npp.7.7.bin.7z,localization/english.xml,english.xml,,74693,2019-03-26T23:11:19.862270+00:00,03abae43e8e53d9594ced22fdb09965f,f9b7ed754eb38eed200ee20a68fbaf7fcc334867,6472da400162dc1aecba34146ab92c4d59be1b3629f72ca1e91b9e7d57e667eb,N/A,N/A,,https://github.com/notepad-plus-plus/notepad-plus-plus/releases/download/v7.7/npp.7.7.bin.7z
7.7,github,x86,npp.7.7.bin.7z,localization/english_customizable.xml,english_customizable.xml,,71799,2018-10-05T00:32:05.871996+00:00,ba660fd5e124a627e7b5b1d53a6ceae5,81228dc178e012002db96c72c1e2f0e812123b6e,db1c55427bf83385e8713460d515d05aa79b9829be85515f1e46ab1a2cdc198b,N/A,N/A,,https://github.com/notepad-plus-plus/notepad-plus-plus/releases/download/v7.7/npp.7.7.bin.7z
7.7,github,x86,npp.7.7.bin.7z,localization/esperanto.xml,esperanto.xml,,48285,2017-08-20T17:42:25.630120+00:00,4abf56d03e149ee0569619bbc11815a5,bca30606a47cae3f06685f01795613d1fce626eb,e1486a8120d1ef7998b5335536a3a4877fdcb630f87ed9ca7b307ac075b313c6,N/A,N/A,,https://github.com/notepad-plus-plus/notepad-plus-plus/releases/download/v7.7/npp.7.7.bin.7z
7.7,github,x86,npp.7.7.bin.7z,localization/estonian.xml,estonian.xml,,60812,2017-08-20T17:42:25.642927+00:00,a12e2854f772938fd4ccd55345dadd4b,20f9c4d026a1bff3934560c45a6956143070e99e,f71e4b0ba4fbf616af8f1568f2160d527b78fcf711132c4a38e0bd5378902237,N/A,N/A,,https://github.com/notepad-plus-plus/notepad-plus-plus/releases/download/v7.7/npp.7.7.bin.7z
7.7,github,x86,npp.7.7.bin.7z,localization/extremaduran.xml,extremaduran.xml,,25399,2016-12-26T22:10:43.910594+00:00,896b0f1f0854f3bcc23a80c99dcebd47,ee5d3a7de7503e18b2929d96dc164dd0671a841d,87e0372bfd2b84316adf2c7d3130fcf2415a96ec2c8bcd5da6f1a8a3a807c8d2,N/A,N/A,,https://github.com/notepad-plus-plus/notepad-plus-plus/releases/download/v7.7/npp.7.7.bin.7z
7.7,github,x86,npp.7.7.bin.7z,localization/farsi.xml,farsi.xml,,65927,2018-01-28T21:48:40.463836+00:00,9ddc0ac1e17a56703a3e0a7acb8d0e2a,3735a864f2c265811e478b8f1b7876ec7e73a1a9,d0acda01c7bb500072f00af882297d08a14821811931e862b5225bef97ab6336,N/A,N/A,,https://github.com/notepad-plus-plus/notepad-plus-plus/releases/download/v7.7/npp.7.7.bin.7z
7.7,github,x86,npp.7.7.bin.7z,localization/finnish.xml,finnish.xml,,44055,2017-08-20T17:42:25.673023+00:00,99d18eeaa47569147a0395948cb9c7d6,9b3488593fa1002a827698db2eec91b4eadba8ea,691d523b2a8c2ea14eb5e5259eed9e9de1853b2c2fd8badc77164f2cca2dd006,N/A,N/A,,https://github.com/notepad-plus-plus/notepad-plus-plus/releases/download/v7.7/npp.7.7.bin.7z
7.7,github,x86,npp.7.7.bin.7z,localization/french.xml,french.xml,,77647,2019-05-13T21:05:14.364512+00:00,9f90a6c8c9db6894bb578f39014ecea0,796cef14cfb541c2f9fb520a07330818c74e9394,497f8bf1660f90a8f0cd7f409c7a7df3cf2e040a8594bb039edf54e399fe61d2,N/A,N/A,,https://github.com/notepad-plus-plus/notepad-plus-plus/releases/download/v7.7/npp.7.7.bin.7z
7.7,github,x86,npp.7.7.bin.7z,localization/friulian.xml,friulian.xml,,34362,2017-08-20T17:40:40.917620+00:00,6d4c069b4c4517f68657be1641bec299,cc5384f29594b19822a805f8d5888ff328e169a1,d4ffe0a2b5e35fede7e6244be9823e1e946c60db1635e6d3f753e6df938e4b3d,N/A,N/A,,https://github.com/notepad-plus-plus/notepad-plus-plus/releases/download/v7.7/npp.7.7.bin.7z
7.7,github,x86,npp.7.7.bin.7z,functionList.xml,functionList.xml,,61820,2018-04-13T00:16:35.700332+00:00,bd8d804a62a5b9392885a6904033f0bf,e82bdad59f7f75736999520c3f27da7f05ee677e,ea1e92c06735a137cd03c36a252027c013e9224dd3013fbe3ddd5c5c0098b2b9,N/A,N/A,,https://github.com/notepad-plus-plus/notepad-plus-plus/releases/download/v7.7/npp.7.7.bin.7z
7.7,github,x86,npp.7.7.bin.7z,localization/galician.xml,galician.xml,,25339,2016-12-26T22:10:43.936632+00:00,191cc6b7ed37fad274f985d7329bd048,a8b7750901614323318923833a2fb7ac021e8c34,89a20e547d17b1006698cd35fbad772403033420808c8299206a8e299961d83e,N/A,N/A,,https://github.com/notepad-plus-plus/notepad-plus-plus/releases/download/v7.7/npp.7.7.bin.7z
7.7,github,x86,npp.7.7.bin.7z,localization/georgian.xml,georgian.xml,,60005,2017-08-20T17:40:40.935670+00:00,cada78594c9838103c479dbda55c9e05,7cdc3fd1b8a7ede96101badacf68281e3432bfbb,b319b96cb4eece88c0cf88b557ce56ce5abe85bdf0a6a1007b64310a708a6572,N/A,N/A,,https://github.com/notepad-plus-plus/notepad-plus-plus/releases/download/v7.7/npp.7.7.bin.7z
7.7,github,x86,npp.7.7.bin.7z,localization/german.xml,german.xml,,66297,2019-04-03T19:06:20.468422+00:00,355b310c4e264a059f7ace7bf26ed8fa,7585f0eb3efd56130e0542bebc9227936805e646,95ebc8459d0c7e217e45a2062221832d0bae29eca359ec38b2e450913d16590e,N/A,N/A,,https://github.com/notepad-plus-plus/notepad-plus-plus/releases/download/v7.7/npp.7.7.bin.7z
7.7,github,x86,npp.7.7.bin.7z,localization/greek.xml,greek.xml,,41094,2017-08-20T17:40:40.960334+00:00,109f64488a006665d76621dcd30e7ef7,b2167ac130ee2af4822861148dce561a5d1625fe,d65afc086673dc165ce82dd831b5f04c75d7d43c50957475e1c90f25766ad5da,N/A,N/A,,https://github.com/notepad-plus-plus/notepad-plus-plus/releases/download/v7.7/npp.7.7.bin.7z
7.7,github,x86,npp.7.7.bin.7z,localization/gujarati.xml,gujarati.xml,,69803,2017-08-20T17:42:25.733569+00:00,5e8d9609900189b29b660d673a78e015,ca4524f065e8bba6a5dc1dc2659233e4fd13c3dc,50c0e7a18c922bef1a758cff70d55df46913dddc22ca792e1b55b05a5b29c502,N/A,N/A,,https://github.com/notepad-plus-plus/notepad-plus-plus/releases/download/v7.7/npp.7.7.bin.7z
7.7,github,x86,npp.7.7.bin.7z,updater/GUP.exe,GUP.exe,,580240,2019-05-19T11:14:43.569839+00:00,58342e27dd360d9bd65cce92e16c9ed1,ddede09fbf041478ba4ebd3aef080fd7899b1a5d,83e825264a423b966c7cfd55e62e7db96be1b29d24e51d8aefabe8a3fd2eeea2,N/A,N/A,,https://github.com/notepad-plus-plus/notepad-plus-plus/releases/download/v7.7/npp.7.7.bin.7z
7.7,github,x86,npp.7.7.bin.7z,updater/gup.xml,gup.xml,,4267,2018-12-27T00:45:13.826712+00:00,b023cc4d768b34a5401f317479740a53,4ca45db707b120bca9cb6cd8404b9e6ecabdb2d2,d3e6404c7286961cbab82d4c49f82bcb166db9b5a13eacaa0eeb59a0709a0c14,N/A,N/A,,https://github.com/notepad-plus-plus/notepad-plus-plus/releases/download/v7.7/npp.7.7.bin.7z
7.7,github,x86,npp.7.7.bin.7z,localization/hebrew.xml,hebrew.xml,,22740,2018-12-09T18:22:22.918496+00:00,07c8ebe76b6352401c0e9c84956d727f,fb14d93db71d0d4b3f25c275fc57d615ce7446c4,58585868a8164b247c53ad3646076e3404a4fd854ee3632ca9841c1ba3d210d6,N/A,N/A,,https://github.com/notepad-plus-plus/notepad-plus-plus/releases/download/v7.7/npp.7.7.bin.7z
7.7,github,x86,npp.7.7.bin.7z,themes/Hello Kitty.xml,Hello Kitty.xml,,88699,2019-05-08T23:22:36.270591+00:00,e6b4071a8cd98356d4b31f8e0bfb5a96,3039f20b7679d0c4e54d1e2e2186d60be370a086,866a968dea85a427b7ef9b08c6cd93faf2c7c11472e95c9c6c529e0887b921b9,N/A,N/A,,https://github.com/notepad-plus-plus/notepad-plus-plus/releases/download/v7.7/npp.7.7.bin.7z
7.7,github,x86,npp.7.7.bin.7z,localization/hindi.xml,hindi.xml,,99515,2019-03-26T23:11:19.868253+00:00,f2926d2f1b4ebcd8d66b8ed0a3490763,895138e8bdadc7b3ee5b1e3f68292bb30c0f532f,22fa20d7c7d0f4f51574ae03bdd1e43c6d35b44242d72d65bec23f5a01164248,N/A,N/A,,https://github.com/notepad-plus-plus/notepad-plus-plus/releases/download/v7.7/npp.7.7.bin.7z
7.7,github,x86,npp.7.7.bin.7z,themes/HotFudgeSundae.xml,HotFudgeSundae.xml,,109386,2017-08-24T07:58:40.292904+00:00,08af674d077816afe25a544c5649fc02,8c7ae78900ee1dea982172be2697302301ee7014,25ee53a8faca5f8250a5180b620c579b747b803a2bc03bf4e0c5b8bc495c174f,N/A,N/A,,https://github.com/notepad-plus-plus/notepad-plus-plus/releases/download/v7.7/npp.7.7.bin.7z
7.7,github,x86,npp.7.7.bin.7z,autoCompletion/html.xml,html.xml,,19497,2018-12-25T17:16:55.601803+00:00,4025e1158c027cf56c2625e65eb724ec,439fea1f13f3a35d2c3176d99db0327a6d216d3f,4300b3a71f387c91548984d017033884e176546ad5b74bac2e4df59caa163530,N/A,N/A,,https://github.com/notepad-plus-plus/notepad-plus-plus/releases/download/v7.7/npp.7.7.bin.7z
7.7,github,x86,npp.7.7.bin.7z,localization/hungarian.xml,hungarian.xml,,79901,2019-03-01T00:05:47.191790+00:00,b49cd98b5a75f5a2320427653a1a1782,0b627a98f94832eea57dd0dd0e90eb191d0030ab,951a0bd8e663bf9a43dbc7e083d7de92defab68836a07422033e4915765b1a86,N/A,N/A,,https://github.com/notepad-plus-plus/notepad-plus-plus/releases/download/v7.7/npp.7.7.bin.7z
7.7,github,x86,npp.7.7.bin.7z,localization/indonesian.xml,indonesian.xml,,64183,2018-10-05T00:32:05.883964+00:00,258f097d09f9878310e7900bb35cbff3,ea2c9449f1e95c545b20d9c42df9cdbdaf2de2ab,bf7292893bd1700d22e328c4b542929122a027e504a179d7270637e5476befe5,N/A,N/A,,https://github.com/notepad-plus-plus/notepad-plus-plus/releases/download/v7.7/npp.7.7.bin.7z
7.7,github,x86,npp.7.7.bin.7z,localization/italian.xml,italian.xml,,84637,2019-03-26T23:11:19.870247+00:00,384f12abbc790c175e57f873f3becfb2,db7ed9fce3a9494d5d11116827615b9961b6b13f,500cfbf34b04f1299e61fe1473b73e0963024c53e6435e719b23298138d1d338,N/A,N/A,,https://github.com/notepad-plus-plus/notepad-plus-plus/releases/download/v7.7/npp.7.7.bin.7z
7.7,github,x86,npp.7.7.bin.7z,localization/japanese.xml,japanese.xml,,84903,2019-04-03T19:06:20.480392+00:00,76e62d9c62bea373eb90bebf31da09e8,7514df99a12775853ae30a5d37e4167f865ee262,5333dbb1359c8428750442aa18279a4eb1f72e4568f1d43a4c2277ca825a5420,N/A,N/A,,https://github.com/notepad-plus-plus/notepad-plus-plus/releases/download/v7.7/npp.7.7.bin.7z
7.7,github,x86,npp.7.7.bin.7z,autoCompletion/java.xml,java.xml,,205366,2017-05-09T07:28:59.549744+00:00,4690cead3d2bffe2ed519f6ea5002266,dabc1ba868dc058b06dd426365c83bf5ff5bf716,862a83be2906ce28b6d3f1fdfb589d18cd6e971a7eaa51a1c7096cfff929b35b,N/A,N/A,,https://github.com/notepad-plus-plus/notepad-plus-plus/releases/download/v7.7/npp.7.7.bin.7z
7.7,github,x86,npp.7.7.bin.7z,autoCompletion/javascript.xml,javascript.xml,,23318,2018-12-09T18:22:22.903537+00:00,30fc91a7c5194ef8d67e1c7e2fd6f697,f9e48cccfa5df44219a6d4a9a1af6083679f097e,7f0564f983478207754a58e66ee6865b8699bd3b9f4fd5c385126d46d7148831,N/A,N/A,,https://github.com/notepad-plus-plus/notepad-plus-plus/releases/download/v7.7/npp.7.7.bin.7z
7.7,github,x86,npp.7.7.bin.7z,localization/kabyle.xml,kabyle.xml,,50327,2017-08-20T17:42:25.813696+00:00,ec924dd39f1e36164ef4e93cd5883a2d,3a159ce0c072be9094b589d6711a4b6dfe878487,56714b11409a13fcd706f2d73674919a0bb70c80c7ec18eccf865ad67ad7b48f,N/A,N/A,,https://github.com/notepad-plus-plus/notepad-plus-plus/releases/download/v7.7/npp.7.7.bin.7z
7.7,github,x86,npp.7.7.bin.7z,localization/kannada.xml,kannada.xml,,74866,2017-08-20T17:42:25.828578+00:00,f0baf174376d1811fd49d05ace8eb0c6,8ca7735e04fd0ef605adc26912dc9b2fc54982a4,99f75ff79aad8084802bf1d52e7dc78eef18194d399c5248eb205db85348955d,N/A,N/A,,https://github.com/notepad-plus-plus/notepad-plus-plus/releases/download/v7.7/npp.7.7.bin.7z
7.7,github,x86,npp.7.7.bin.7z,localization/kazakh.xml,kazakh.xml,,33034,2017-08-20T17:40:41.076773+00:00,42d3d22d81645a44258aa730177896db,65593cc51fa72d9715c4c37028a2a95e84b3dcdb,3942e9c344acae7caa9d28a758b4df80c1211bab80ac88d81449101f9b943c66,N/A,N/A,,https://github.com/notepad-plus-plus/notepad-plus-plus/releases/download/v7.7/npp.7.7.bin.7z
7.7,github,x86,npp.7.7.bin.7z,themes/khaki.xml,khaki.xml,,107169,2017-08-24T07:58:40.314486+00:00,54ac8aa70fd79be9c96e5851c785b12d,8b79013088989dceacca425b34e3b489b22385f1,88ddd3505670b0ae2c707445fdb0f4b1ef87e0730c3e389e0e660ea3e5eec515,N/A,N/A,,https://github.com/notepad-plus-plus/notepad-plus-plus/releases/download/v7.7/npp.7.7.bin.7z
7.7,github,x86,npp.7.7.bin.7z,localization/korean.xml,korean.xml,,47363,2017-08-20T17:42:25.869315+00:00,a81c00ae49aeb5c5ded60220e6e42199,39ac3b19b7f7917aab593fc1f157225b5575910a,50b2b6820683551838ea1533d21624dac75daded6ce9d4227153a4f2986cdf4d,N/A,N/A,,https://github.com/notepad-plus-plus/notepad-plus-plus/releases/download/v7.7/npp.7.7.bin.7z
7.7,github,x86,npp.7.7.bin.7z,localization/kurdish.xml,kurdish.xml,,62866,2019-03-26T23:11:19.873271+00:00,713c7613217038dead56ba13741d70b5,3d5216e5e8fafbab894def07aa312a466e1ee789,6a54a7235f8f4cbf5cb4c34f6bdf0bf9ee0d7e3ac62654d5c46e2fdf71868593,N/A,N/A,,https://github.com/notepad-plus-plus/notepad-plus-plus/releases/download/v7.7/npp.7.7.bin.7z
7.7,github,x86,npp.7.7.bin.7z,localization/kyrgyz.xml,kyrgyz.xml,,38731,2017-08-20T17:40:41.099834+00:00,ad3a31d477ad1e09dc3f6911c1f50d1e,cefc20836cbc0e78eb0291948eadbdf09b21a838,4964c0b9f36b7fec44ec0805ba153d88293311cd703680719187cdaa68fbd090,N/A,N/A,,https://github.com/notepad-plus-plus/notepad-plus-plus/releases/download/v7.7/npp.7.7.bin.7z
7.7,github,x86,npp.7.7.bin.7z,langs.model.xml,langs.model.xml,,328230,2019-05-08T23:22:36.583611+00:00,f954e146e5899d06aa8f87f55b1a4b5e,1df9202eaa7f3f3e17dc7001e773b93e227aa9b7,4eafe54965ab3357d528614964d233d71c7c9daa41394b07d4c775b5c2979297,N/A,N/A,,https://github.com/notepad-plus-plus/notepad-plus-plus/releases/download/v7.7/npp.7.7.bin.7z
7.7,github,x86,npp.7.7.bin.7z,localization/latvian.xml,latvian.xml,,46317,2017-08-20T17:42:25.890348+00:00,170d9e9a92a604a309259d3d6f3b9bb6,b782debe9d50b17d2124295befc43bf8b0349eac,bbaa6bc087ab351b182d204a60eab8bc93bd5e75ca2a4a4eaf80b1d5e0fec59b,N/A,N/A,,https://github.com/notepad-plus-plus/notepad-plus-plus/releases/download/v7.7/npp.7.7.bin.7z
7.7,github,x86,npp.7.7.bin.7z,updater/libcurl.dll,libcurl.dll,,477328,2019-05-19T11:14:50.472812+00:00,c5777f29e4a231ddb2dae07df87306b5,d911cec98fd13c49b2c8319405db569c05e93374,e5a87fb2adac3d9b6b8d5236cba9d33bacbc98714942d30ab4dfbfb1b99a03bd,N/A,N/A,,https://github.com/notepad-plus-plus/notepad-plus-plus/releases/download/v7.7/npp.7.7.bin.7z
7.7,github,x86,npp.7.7.bin.7z,updater/LICENSE,LICENSE,,7804,2018-12-27T00:45:13.930432+00:00,8e3494bf8cf1967afd3b1016fbbe5bb0,b1608abb6e19ef60f4b9c52f6e05bf81cc97d0c2,319917f5ccd09878db6f67c9a77dee846055644ca49eb535628b9e020a87261e,N/A,N/A,,https://github.com/notepad-plus-plus/notepad-plus-plus/releases/download/v7.7/npp.7.7.bin.7z
7.7,github,x86,npp.7.7.bin.7z,license.txt,license.txt,,16885,2016-12-26T22:10:43.405127+00:00,6a0438c04e6553dfb631636dbdb199a1,1fb5eb9da193f6a474ea1ae754d69cbe6fcd2b48,da59bed2b60d1ba57830d1bb71e5993de37c6085b2d86e41ec43938467234c55,N/A,N/A,,https://github.com/notepad-plus-plus/notepad-plus-plus/releases/download/v7.7/npp.7.7.bin.7z
7.7,github,x86,npp.7.7.bin.7z,localization/ligurian.xml,ligurian.xml,,34480,2017-08-20T17:40:41.121866+00:00,58a86031153e6bd8ae1ad5bf80fcc894,656cedf73e8d40797a43980fd1801f6501b036c4,5fad85ea1c785dca218106e2b409c20b3cb103e8cdc87c542aae5d630599c33b,N/A,N/A,,https://github.com/notepad-plus-plus/notepad-plus-plus/releases/download/v7.7/npp.7.7.bin.7z
7.7,github,x86,npp.7.7.bin.7z,autoCompletion/lisp.xml,lisp.xml,,16208,2016-12-26T22:10:43.620377+00:00,310ae71e554b99a4c71b546097de55c0,8433177f8656755b0f79d96188f3de085520d75e,83478867f319bf093ce02f0c98a88b183862c235025580cca9ec7a9515521833,N/A,N/A,,https://github.com/notepad-plus-plus/notepad-plus-plus/releases/download/v7.7/npp.7.7.bin.7z
7.7,github,x86,npp.7.7.bin.7z,localization/lithuanian.xml,lithuanian.xml,,76856,2018-10-05T00:32:05.898928+00:00,98f5a618f8cf3ca48774c15ca95bc2bb,0b7d75e1c4f5bf67e31c44cd26b01a5cee1765f5,fb94b9381592015b27e12358c44a522409ec5c180fec694b2ddceff960294d0c,N/A,N/A,,https://github.com/notepad-plus-plus/notepad-plus-plus/releases/download/v7.7/npp.7.7.bin.7z
7.7,github,x86,npp.7.7.bin.7z,autoCompletion/lua.xml,lua.xml,,90490,2018-11-10T18:55:12.357412+00:00,bdb4f044ba52f6a83953ffd659c9252a,25ca6e9f4be716377126ca21f332beefef8f1549,3daa67cc9dd0370566566ce0492597a3698b7d9edd361a759c58e1fbd7abb349,N/A,N/A,,https://github.com/notepad-plus-plus/notepad-plus-plus/releases/download/v7.7/npp.7.7.bin.7z
7.7,github,x86,npp.7.7.bin.7z,localization/luxembourgish.xml,luxembourgish.xml,,25260,2017-08-20T17:40:41.142960+00:00,cc2d7d26c9d221def534845ec7453ddb,b40b675c5a5c10c8a393714f483aa515be4a5f8d,b73cb0703537af9d58c2e1f040f2e7f741199eef954d5e109eb301fc4498ffe0,N/A,N/A,,https://github.com/notepad-plus-plus/notepad-plus-plus/releases/download/v7.7/npp.7.7.bin.7z
7.7,github,x86,npp.7.7.bin.7z,localization/macedonian.xml,macedonian.xml,,36460,2016-12-26T22:10:44.046439+00:00,59f590ee75294f37ccb5ed1c7a441a11,7432c800018216193273b59666f26c4a81540ee6,59dbcc4618fa64eebd71808b16b4736b7af8855bef760aec3eb31c6f8f5f470e,N/A,N/A,,https://github.com/notepad-plus-plus/notepad-plus-plus/releases/download/v7.7/npp.7.7.bin.7z
7.7,github,x86,npp.7.7.bin.7z,localization/malay.xml,malay.xml,,19084,2016-12-26T22:10:44.052465+00:00,3158e10e8a9b3c0e84a770f5f11aaa1f,418a6c52704b6c832b80b36adbba45682725c76f,690416e418c9821bfe71805f76d9e18ee39fd092742d173cc9fe595268b131fa,N/A,N/A,,https://github.com/notepad-plus-plus/notepad-plus-plus/releases/download/v7.7/npp.7.7.bin.7z
7.7,github,x86,npp.7.7.bin.7z,localization/marathi.xml,marathi.xml,,48008,2017-08-20T17:40:41.162842+00:00,40a6d310ece1419315c5e98fa1bcc966,14f7f3db9b61845ce840f5af976e88185172afc0,907b949d2aa52365d84978a3c131bd2bad50227e6ecfd135ed112a8567628e25,N/A,N/A,,https://github.com/notepad-plus-plus/notepad-plus-plus/releases/download/v7.7/npp.7.7.bin.7z
7.7,github,x86,npp.7.7.bin.7z,plugins/mimeTools/mimeTools.dll,mimeTools.dll,,98448,2019-05-19T11:15:00.799678+00:00,6f01ab1c29189b29f7282d41ecbcbc24,0aa751e5921fc04d8fef7aafbba982509d1147f3,e5bb05640c143af96b79e2d0fd2e572fb3797b92862cc59fb6111d1aad2797ff,N/A,N/A,,https://github.com/notepad-plus-plus/notepad-plus-plus/releases/download/v7.7/npp.7.7.bin.7z
7.7,github,x86,npp.7.7.bin.7z,localization/mongolian.xml,mongolian.xml,,64376,2017-08-20T17:42:25.932074+00:00,7ff28b9242fe6bd774fcd71fbed5563d,e6de73bce5edb47ebc766bf9818c8fcbf77c8555,5d35c3c2f10b6f6923c0b11bd7d82f569ba6a0a8fb854aac20988c77d35bf934,N/A,N/A,,https://github.com/notepad-plus-plus/notepad-plus-plus/releases/download/v7.7/npp.7.7.bin.7z
7.7,github,x86,npp.7.7.bin.7z,themes/Mono Industrial.xml,Mono Industrial.xml,,90128,2019-05-08T23:22:36.273485+00:00,ecaade568e488c1f88fdc9eb5f4fbb3e,d37340fa4f7076844878c8076b56ecb20a2731f9,2279a563846a6e19b2d67d6a324b8d999c11aaafd9bc79102eb4ed34050fa09b,N/A,N/A,,https://github.com/notepad-plus-plus/notepad-plus-plus/releases/download/v7.7/npp.7.7.bin.7z
7.7,github,x86,npp.7.7.bin.7z,themes/Monokai.xml,Monokai.xml,,88883,2019-05-08T23:22:36.281463+00:00,88eeb7960613b966495fb2115da64c23,32eec0daa12379354700d1c0a2180050437d3711,54ffafe8fad014df7891e9d9a42fefaff45fd88e6c3cd10ccbcc0be3c47e7fff,N/A,N/A,,https://github.com/notepad-plus-plus/notepad-plus-plus/releases/download/v7.7/npp.7.7.bin.7z
7.7,github,x86,npp.7.7.bin.7z,themes/MossyLawn.xml,MossyLawn.xml,,107274,2017-08-24T07:58:40.297883+00:00,43cb3be55f32b17a24db760562375189,f458177d128782c5c8f532adf11ca3a622bcf968,1b19d3658db2e082798bbc52068647cd340331086386d3e1d32a92127e33f155,N/A,N/A,,https://github.com/notepad-plus-plus/notepad-plus-plus/releases/download/v7.7/npp.7.7.bin.7z
7.7,github,x86,npp.7.7.bin.7z,themes/Navajo.xml,Navajo.xml,,107083,2017-08-24T07:58:40.299893+00:00,59d9f682d1bb43b67808846b84d85406,b90b9d77fad09c5cb0e92520ac6b7f551e31d3a3,eaf07e9bb4e1df25759c4a2fbd0469d8dbe098386abeaeef56ada8913a32c7a0,N/A,N/A,,https://github.com/notepad-plus-plus/notepad-plus-plus/releases/download/v7.7/npp.7.7.bin.7z
7.7,github,x86,npp.7.7.bin.7z,localization/norwegian.xml,norwegian.xml,,27778,2016-12-26T22:10:44.066320+00:00,f5519b853316445aab668c1dfd480f87,0f7aab54733b22d514b36ea68e39b0fe215afcbc,bb9a79755d37d449acff570c20e78a9e0c58482414435cf0f493e15e6216fce3,N/A,N/A,,https://github.com/notepad-plus-plus/notepad-plus-plus/releases/download/v7.7/npp.7.7.bin.7z
7.7,github,x86,npp.7.7.bin.7z,notepad++.exe,notepad++.exe,,2963088,2019-05-19T11:14:16.152387+00:00,7a315871566161a76a5cbbb31a38c52e,02b8e13783bc4afac9d5e08da536a1d0238123fc,5745de4f781f1e9e2a0764536fc352ef9f1553633315e3a9d15c5b8119cd01a2,N/A,N/A,,https://github.com/notepad-plus-plus/notepad-plus-plus/releases/download/v7.7/npp.7.7.bin.7z
7.7,github,x86,npp.7.7.bin.7z,plugins/NppConverter/NppConverter.dll,NppConverter.dll,,135312,2019-05-19T11:15:08.679024+00:00,1ee0a04699af00382ec96282e352b7b5,43dd21b92b21cdd3bc2e5a81389dfc249e9b622a,d8919d0a135fe3ccb515a79de8c7f7ce7d907722dcb0cb9bffc6b40c281ed37d,N/A,N/A,,https://github.com/notepad-plus-plus/notepad-plus-plus/releases/download/v7.7/npp.7.7.bin.7z
7.7,github,x86,npp.7.7.bin.7z,plugins/NppExport/NppExport.dll,NppExport.dll,,21648,2019-05-19T11:14:57.345797+00:00,453fd4ac48adbed68a2108ab23c81297,c36e7bf8fcfef8613373c6c5493b974b933ea319,c097dbb567ce81551f80dc1969b51b486c7f9e261347081e4362d2b2c1ca98f6,N/A,N/A,,https://github.com/notepad-plus-plus/notepad-plus-plus/releases/download/v7.7/npp.7.7.bin.7z
7.7,github,x86,npp.7.7.bin.7z,plugins/Config/nppPluginList.dll,nppPluginList.dll,,158352,2019-05-19T11:14:36.723568+00:00,ab7f3919f18581755708e2c5e3992993,8d0fa384637ec811dffd093e4b8d6d7a9bd952b2,75f9e2f66b497058dbc5e890a69b9627d27b69e06c410fd167bf9d501e1d919c,N/A,N/A,,https://github.com/notepad-plus-plus/notepad-plus-plus/releases/download/v7.7/npp.7.7.bin.7z
7.7,github,x86,npp.7.7.bin.7z,autoCompletion/nsis.xml,nsis.xml,,8183,2016-12-26T22:10:43.625372+00:00,7985ac923ccbf94742d29d96c405c843,e77f9a3ef026127de4d47538c1f121c771eb7727,5c1482f16fc8a1b99ec87eb4edef5c1d3f2d1c750f1647416369c6124498ad3e,N/A,N/A,,https://github.com/notepad-plus-plus/notepad-plus-plus/releases/download/v7.7/npp.7.7.bin.7z
7.7,github,x86,npp.7.7.bin.7z,localization/nynorsk.xml,nynorsk.xml,,41202,2017-08-20T17:40:41.189943+00:00,694867a6ade700da42a55da24da74200,d6115de129aa535bc83cce55e1c1ad5a001a5fac,319a9e846a610811fdf12b96bf352e4e07f2d7de5a6bec3000cebc1b1e21a1fe,N/A,N/A,,https://github.com/notepad-plus-plus/notepad-plus-plus/releases/download/v7.7/npp.7.7.bin.7z
7.7,github,x86,npp.7.7.bin.7z,themes/Obsidian.xml,Obsidian.xml,,92518,2017-08-24T07:58:40.301895+00:00,e889bb724c4c0aaf72bd856614b51784,e377c5a899ec1aaec83ec25b88750d2e3460fb17,6964aa7a1a97b591ce974aeccbf889cac3d6068bf2fbe0575505b896e5af4ea0,N/A,N/A,,https://github.com/notepad-plus-plus/notepad-plus-plus/releases/download/v7.7/npp.7.7.bin.7z
7.7,github,x86,npp.7.7.bin.7z,localization/occitan.xml,occitan.xml,,61127,2019-03-26T23:11:19.875935+00:00,282135aa211f86afebb1be689de3480c,80f66a9a2b3ced83c3ddbdd4865734c61a4c0a60,a65ef81488df5ddd0cdcc6e65be1b6992b79197fb7980740a750d2f5f5def463,N/A,N/A,,https://github.com/notepad-plus-plus/notepad-plus-plus/releases/download/v7.7/npp.7.7.bin.7z
7.7,github,x86,npp.7.7.bin.7z,autoCompletion/perl.xml,perl.xml,,14269,2017-12-28T02:55:00.344057+00:00,244eb5c1e91dc112130252fe58e49b13,28ca0a12b3fbc905cd20ebb62199cdb8d03684a5,e38a882b09330b6dbd56a2a4a90882c371a3c3eb7d29ceae9520a647c185b627,N/A,N/A,,https://github.com/notepad-plus-plus/notepad-plus-plus/releases/download/v7.7/npp.7.7.bin.7z
7.7,github,x86,npp.7.7.bin.7z,autoCompletion/php.xml,php.xml,,427929,2016-12-26T22:10:43.642433+00:00,1e9d31476dddc00249463ede7ba491d7,7d6f0047913e58aecf891f24c1e712d269e78bad,43391307f2829b77df05725a13670f6ad0650f8b92b4503cba65d7901e1dda10,N/A,N/A,,https://github.com/notepad-plus-plus/notepad-plus-plus/releases/download/v7.7/npp.7.7.bin.7z
7.7,github,x86,npp.7.7.bin.7z,localization/piglatin.xml,piglatin.xml,,79304,2019-03-05T01:52:36.655945+00:00,e57e7d60833241e6307f5666fb7682cc,bead4f333a93d10902ef227f2295815c533597a8,1fec93f265e064820f37cc450b8cb8c60b9250bffb4bf1612a70e81527068010,N/A,N/A,,https://github.com/notepad-plus-plus/notepad-plus-plus/releases/download/v7.7/npp.7.7.bin.7z
7.7,github,x86,npp.7.7.bin.7z,themes/Plastic Code Wrap.xml,Plastic Code Wrap.xml,,91622,2019-05-08T23:22:36.285452+00:00,8c6532ad258097260613e8eee12e26be,813dee736623c209e6a43aaeccefb01c83efa8da,02ec4f3b24942b75aebfabc5c220bda95bbb95bd1c352a91197c16d4b4a38b35,N/A,N/A,,https://github.com/notepad-plus-plus/notepad-plus-plus/releases/download/v7.7/npp.7.7.bin.7z
7.7,github,x86,npp.7.7.bin.7z,localization/polish.xml,polish.xml,,58814,2018-11-10T18:55:12.361393+00:00,b6fe2b47e9118deeedba46078bad74d3,95172e8b5462aac9493525115564f45314b1fd67,aab6f7be1c52762cd91d7424adeec856beb2aead9051f62b2591657b82618681,N/A,N/A,,https://github.com/notepad-plus-plus/notepad-plus-plus/releases/download/v7.7/npp.7.7.bin.7z
7.7,github,x86,npp.7.7.bin.7z,localization/portuguese.xml,portuguese.xml,,52588,2018-12-09T18:22:22.930436+00:00,bbdcaf6faf7f8548c07f2bb8e617a15e,44c4471d3c963037ce63605e9a7124a0ac36afbf,80b8d3026279141c07722981cc3c6f356674099fd02b8f82b74104fe625e2236,N/A,N/A,,https://github.com/notepad-plus-plus/notepad-plus-plus/releases/download/v7.7/npp.7.7.bin.7z
7.7,github,x86,npp.7.7.bin.7z,localization/punjabi.xml,punjabi.xml,,71006,2017-08-20T17:42:25.988152+00:00,1b2298a7b847f23751010f2b01e7a2ab,adeb00513bc79d24dac85640ac1463988a454a15,e3e009b986ed53654ea1c89d828ba3998039db4fae20a877f097e41a2ebb7771,N/A,N/A,,https://github.com/notepad-plus-plus/notepad-plus-plus/releases/download/v7.7/npp.7.7.bin.7z
7.7,github,x86,npp.7.7.bin.7z,autoCompletion/python.xml,python.xml,,61585,2016-12-26T22:10:43.648414+00:00,7bedd66d0b8a71da1467f63db6184420,c425dd0d93cd23e091ad0623c82d2edde21dbe06,cc27e0ea6542eb7bb249d169f42f9ac6fcbb794c2ef5d85f2b502e124ceef916,N/A,N/A,,https://github.com/notepad-plus-plus/notepad-plus-plus/releases/download/v7.7/npp.7.7.bin.7z
7.7,github,x86,npp.7.7.bin.7z,autoCompletion/rc.xml,rc.xml,,1642,2016-12-26T22:10:43.652428+00:00,12b972b69130e664e50ac111d298379b,413141253cf170a010f7f3a05a9ee1cfd4d37e25,12ad067aa1227b92141bbf9faca8efa74549cff6dabde85899db9272eb7e2dff,N/A,N/A,,https://github.com/notepad-plus-plus/notepad-plus-plus/releases/download/v7.7/npp.7.7.bin.7z
7.7,github,x86,npp.7.7.bin.7z,updater/README.md,README.md,,2991,2018-12-27T00:45:13.960355+00:00,9f56b12cbffcfad543fb1f91e3955f1b,406e1423549a8f5e97d8d8e37d5e7f6f4da8194b,aef40520cf12a0842097e8cfbeb9d9128f52573e5f90ca12d4a0a9045978547e,N/A,N/A,,https://github.com/notepad-plus-plus/notepad-plus-plus/releases/download/v7.7/npp.7.7.bin.7z
7.7,github,x86,npp.7.7.bin.7z,readme.txt,readme.txt,,1450,2016-12-26T22:10:43.409172+00:00,5c52adcd2bcc000a8b4bd5eb36b84cde,b51da3c7700102dad5d71b2a8551320b2529322a,f09758a2c953bdd2b817441e9a00255d3685c99369468c2695f0ca39aaaa5e6b,N/A,N/A,,https://github.com/notepad-plus-plus/notepad-plus-plus/releases/download/v7.7/npp.7.7.bin.7z
7.7,github,x86,npp.7.7.bin.7z,localization/romanian.xml,romanian.xml,,77591,2019-03-05T01:52:36.657938+00:00,a05753edcaceaff2dfe5d6ee4d83bcdb,3da78e19202b218e25ffe95d49a786d256d0a063,955898e29c7a7594e14800ab81f62c5764724b4b2d5869a08e64fff87702601d,N/A,N/A,,https://github.com/notepad-plus-plus/notepad-plus-plus/releases/download/v7.7/npp.7.7.bin.7z
7.7,github,x86,npp.7.7.bin.7z,themes/Ruby Blue.xml,Ruby Blue.xml,,71370,2017-08-24T07:58:40.304954+00:00,10f81f708ea447cbaf4e747594778852,10fde544d8652a88de3929b7a35a744f161adccf,4ae04fc8b9ef5dbd3937031afe05234996b946a126eca0fda8a6294d599354f2,N/A,N/A,,https://github.com/notepad-plus-plus/notepad-plus-plus/releases/download/v7.7/npp.7.7.bin.7z
7.7,github,x86,npp.7.7.bin.7z,localization/russian.xml,russian.xml,,83344,2019-05-13T21:05:14.368502+00:00,435f3d4ae5cff009d5e5ec356042cbe7,57782ad06e3cd108a6e22d58927f04fefd7a8b0c,ab2423bff4feb6c11b5dccf2d35adc4bb4a7046db00e24a66d697540d9519612,N/A,N/A,,https://github.com/notepad-plus-plus/notepad-plus-plus/releases/download/v7.7/npp.7.7.bin.7z
7.7,github,x86,npp.7.7.bin.7z,localization/samogitian.xml,samogitian.xml,,10160,2016-12-26T22:10:44.114584+00:00,ebba131558f344afe63e1c5718d0f7ad,65ba510db37a5d8ef74d1c77ede30fa9cccad299,75eca9974de1fca41651975a92f374660e1a7c273a3d1dab0ef6dd573230878b,N/A,N/A,,https://github.com/notepad-plus-plus/notepad-plus-plus/releases/download/v7.7/npp.7.7.bin.7z
7.7,github,x86,npp.7.7.bin.7z,localization/sardinian.xml,sardinian.xml,,40982,2017-08-20T17:40:41.271018+00:00,064889342004d04b1de62578aa733216,30b21b176b1c031ec472d45ccad41eba239efc52,0169ebd43b3cec4a4f3b0143a2af6f07ec9bf73cb04882a3d4507f01931c08de,N/A,N/A,,https://github.com/notepad-plus-plus/notepad-plus-plus/releases/download/v7.7/npp.7.7.bin.7z
7.7,github,x86,npp.7.7.bin.7z,SciLexer.dll,SciLexer.dll,,1255056,2019-05-19T11:14:23.030296+00:00,bbbbc6bd92a00235f6793896d33c8f44,03ba905d8895e2855ade4ee5b0d2ccc7c97a36d1,66f3301eb552ab183dcb4727c74662c00f119fddaa8863e813c190fa6389b1c8,N/A,N/A,,https://github.com/notepad-plus-plus/notepad-plus-plus/releases/download/v7.7/npp.7.7.bin.7z
7.7,github,x86,npp.7.7.bin.7z,localization/serbian.xml,serbian.xml,,24098,2016-12-26T22:10:44.125648+00:00,174e7dc367ff1c213432b891f11d25bb,e199d3a723bcbb176e9f79969f502658efab0ac7,1a07c6a9c2639fa12bb000f599498ddf84827449afbb7952f4bdc4cf526c2117,N/A,N/A,,https://github.com/notepad-plus-plus/notepad-plus-plus/releases/download/v7.7/npp.7.7.bin.7z
7.7,github,x86,npp.7.7.bin.7z,localization/serbianCyrillic.xml,serbianCyrillic.xml,,47833,2017-08-20T17:40:41.289358+00:00,e6c94316e6d065533305b94e7d5af2bc,3b6f4b424d7321bae1d643bef50ee952d7990ddd,289d7cdd9d9af5b2992e3b0ac38022f91e3d9dc0051e40733983e26e2ddcf594,N/A,N/A,,https://github.com/notepad-plus-plus/notepad-plus-plus/releases/download/v7.7/npp.7.7.bin.7z
7.7,github,x86,npp.7.7.bin.7z,shortcuts.xml,shortcuts.xml,,1800,2019-01-27T02:00:52.459055+00:00,7055e239de97ab9c2ac0b1a5e72325ad,cac8aa8f244dfd955a9a66e5be7da123e6076de8,867759aa7241cb97e982215cea0907e5193e938da8bf188da913ca021ada0d00,N/A,N/A,,https://github.com/notepad-plus-plus/notepad-plus-plus/releases/download/v7.7/npp.7.7.bin.7z
7.7,github,x86,npp.7.7.bin.7z,localization/sinhala.xml,sinhala.xml,,56893,2017-08-20T17:40:41.304229+00:00,9986ce0334af5335ae8c7e5a3cbc818b,384de56d2af7c4941c266bfba7d69518b2b1879d,a8b55a8115a50bd3b7b07c359c49fe7da48a5acf1dacc2c0e3708f6f48636fd6,N/A,N/A,,https://github.com/notepad-plus-plus/notepad-plus-plus/releases/download/v7.7/npp.7.7.bin.7z
7.7,github,x86,npp.7.7.bin.7z,localization/slovak.xml,slovak.xml,,74133,2019-03-05T01:52:36.662924+00:00,e56b5a5257bf4e743e9abb688b9e7215,9807a05639ca5262da524d1d1639e2b98c17d805,52b86604adc29058a0efe7109857cc37cb452fd46f6210467543af2bf81b8b3e,N/A,N/A,,https://github.com/notepad-plus-plus/notepad-plus-plus/releases/download/v7.7/npp.7.7.bin.7z
7.7,github,x86,npp.7.7.bin.7z,localization/slovenian.xml,slovenian.xml,,72270,2019-05-08T23:22:36.226757+00:00,2d0d8cdcb5375130e8cba2061df596ea,2013ad247c515fa341789ec660cccbd5c0a857e0,7b06c50ce90928f455131c070486e2f6f2d6e6ab71fdf7b703ee81ee211bb51e,N/A,N/A,,https://github.com/notepad-plus-plus/notepad-plus-plus/releases/download/v7.7/npp.7.7.bin.7z
7.7,github,x86,npp.7.7.bin.7z,themes/Solarized-light.xml,Solarized-light.xml,,107719,2017-08-24T07:58:40.306462+00:00,d0aa217ea78964bcf9bc9bef90311345,682004951a6a674d19738126388cc252a79ebb9c,01c7d87fcac593bdf943470404cc3a807f6b057267091e7b45ee80b5ba6ef7ae,N/A,N/A,,https://github.com/notepad-plus-plus/notepad-plus-plus/releases/download/v7.7/npp.7.7.bin.7z
7.7,github,x86,npp.7.7.bin.7z,themes/Solarized.xml,Solarized.xml,,107707,2017-08-24T07:58:40.308467+00:00,95ea5938411fb1f1fac33b85482a1549,7b23de30c58535731367d0bc3d9dc14c1ebf8e5b,6cd0ec536d6f6ab2b967cb3968a47264a5b626b6541b57b028fb813806ce6ca6,N/A,N/A,,https://github.com/notepad-plus-plus/notepad-plus-plus/releases/download/v7.7/npp.7.7.bin.7z
7.7,github,x86,npp.7.7.bin.7z,localization/spanish.xml,spanish.xml,,61773,2019-05-08T23:22:36.235734+00:00,822489dc4c8085d014fb508c76289747,f32f69839fe6fa2f15cb6481344b571be132e642,23b6520c0d7b3d7e80086b0714f0668a08e6b0dbea7a493cb0e320b8c552be02,N/A,N/A,,https://github.com/notepad-plus-plus/notepad-plus-plus/releases/download/v7.7/npp.7.7.bin.7z
7.7,github,x86,npp.7.7.bin.7z,localization/spanish_ar.xml,spanish_ar.xml,,45235,2017-08-20T17:42:26.087522+00:00,e6e44ee7c6b6a0ff89f0fe490f3c11fc,a3cc69b4ea7148ab45a5c907d3b0a45da166b65a,2fadeca7c44132ef9a9243bd67eee23c93a25f96bc6c80b81d527d18128d284d,N/A,N/A,,https://github.com/notepad-plus-plus/notepad-plus-plus/releases/download/v7.7/npp.7.7.bin.7z
7.7,github,x86,npp.7.7.bin.7z,autoCompletion/sql.xml,sql.xml,,67952,2016-12-26T22:10:43.658459+00:00,056b92b4d2e16984505990cf379b5486,7571c99732917dad3dd465f29d5bf28619a09fa7,620fe159db5ce323b78b4768f9f6a3a95ca2c4fa4806ea5145afadac21dcc74d,N/A,N/A,,https://github.com/notepad-plus-plus/notepad-plus-plus/releases/download/v7.7/npp.7.7.bin.7z
7.7,github,x86,npp.7.7.bin.7z,stylers.model.xml,stylers.model.xml,,165570,2018-12-09T18:22:22.991284+00:00,cb27bdda10cb78aa57032f34f0edc3a2,2da713efbfcf94e319306a8da0a8b8579fd1e599,fb189953648780dd1d038c918d6165b72fdab0499170eec63cf961a9e68ed165,N/A,N/A,,https://github.com/notepad-plus-plus/notepad-plus-plus/releases/download/v7.7/npp.7.7.bin.7z
7.7,github,x86,npp.7.7.bin.7z,localization/swedish.xml,swedish.xml,,59422,2018-12-09T18:22:22.935418+00:00,3dd7cb019156fbfca56b9eb9c5ddf50a,360b640ad7e37d599d65c93a45f2da2867b39506,053bbba683ea3d1d54602972495c90728a45a4affa10eb816cdba7e9494f3e72,N/A,N/A,,https://github.com/notepad-plus-plus/notepad-plus-plus/releases/download/v7.7/npp.7.7.bin.7z
7.7,github,x86,npp.7.7.bin.7z,localization/tagalog.xml,tagalog.xml,,30395,2016-12-26T22:10:44.167583+00:00,04e3e27d9d635c6b23c8e40dcbbdd442,c66e2dc153c22a445dae0df2bdf3c1693b4ad03e,047c63c449c5e2a9a4f97637c741eb07e6ec034bc829d85c6565bb0292c1cd72,N/A,N/A,,https://github.com/notepad-plus-plus/notepad-plus-plus/releases/download/v7.7/npp.7.7.bin.7z
7.7,github,x86,npp.7.7.bin.7z,localization/tajikCyrillic.xml,tajikCyrillic.xml,,66798,2017-08-20T17:42:26.121326+00:00,c28fc035726b0fe6f56c129d87c2aabc,3cdcfd5e06e905032f0119b5cec8dd8e011fa21c,70a7f699ee317a25cb74524995037b145477b4df0c39d674381ff5c8895fb63f,N/A,N/A,,https://github.com/notepad-plus-plus/notepad-plus-plus/releases/download/v7.7/npp.7.7.bin.7z
7.7,github,x86,npp.7.7.bin.7z,localization/tamil.xml,tamil.xml,,54196,2017-08-20T17:40:41.427488+00:00,abc0ae5ed0002512221d682263e41204,7a7533274855ceff9a604d6cd36192cc68f2c416,e23759fd6d60ef9728b620a1a8316fc049ccbf93445a91a1a85d27c4e25f3f15,N/A,N/A,,https://github.com/notepad-plus-plus/notepad-plus-plus/releases/download/v7.7/npp.7.7.bin.7z
7.7,github,x86,npp.7.7.bin.7z,localization/tatar.xml,tatar.xml,,71641,2017-08-20T17:42:26.139525+00:00,84c32874e0fbc009202c86781cf6a6b6,93f81be4ed8bd098f4384290f0286b55abbd5885,0b20a37e6512a5a3e0c92075db9eb179a156e5e20f9fe52c3260daf8c77825a3,N/A,N/A,,https://github.com/notepad-plus-plus/notepad-plus-plus/releases/download/v7.7/npp.7.7.bin.7z
7.7,github,x86,npp.7.7.bin.7z,localization/telugu.xml,telugu.xml,,53577,2017-08-20T17:40:41.456494+00:00,a8b6a302f3bda0eeae95e5214df33ec4,975e8e7ac8258c4f8c4050743debe980a9864e4f,82b4b16ee06e668e4ff30e71fcbf42623cf30dc14177c570a7ad1f47c0284e0c,N/A,N/A,,https://github.com/notepad-plus-plus/notepad-plus-plus/releases/download/v7.7/npp.7.7.bin.7z
7.7,github,x86,npp.7.7.bin.7z,autoCompletion/tex.xml,tex.xml,,67871,2017-12-28T02:55:00.351580+00:00,03f74d2063099160e73faa1a5dee7f9a,89a19baacde3f98c9439861a52239df8c5e964ba,d19fe5a6b68b50e0820641489fd73368ba4ba58adb07948e39073ddce8e08d37,N/A,N/A,,https://github.com/notepad-plus-plus/notepad-plus-plus/releases/download/v7.7/npp.7.7.bin.7z
7.7,github,x86,npp.7.7.bin.7z,localization/thai.xml,thai.xml,,41406,2017-08-20T17:40:41.469535+00:00,8d02b72cdcce6c5a4db56eebba394824,259babbea022717b773d10704f61fb285e800730,8ce450bcfd9b9617f4e0969ad4e201480b255d473cb1383c90761cc28cbd7ecc,N/A,N/A,,https://github.com/notepad-plus-plus/notepad-plus-plus/releases/download/v7.7/npp.7.7.bin.7z
7.7,github,x86,npp.7.7.bin.7z,localization/turkish.xml,turkish.xml,,65738,2019-05-08T23:22:36.246703+00:00,6b5d7190e9af58c43afcbe80807b3e0f,280fea4a7f6ac9469965f2e726bfda2c24091bef,e315dadbca8df57b80ba1ee3f2c685b201a29399e736c97debf82a9789183ba9,N/A,N/A,,https://github.com/notepad-plus-plus/notepad-plus-plus/releases/download/v7.7/npp.7.7.bin.7z
7.7,github,x86,npp.7.7.bin.7z,themes/Twilight.xml,Twilight.xml,,89933,2017-08-24T07:58:40.309971+00:00,7f4115aa0366820a94d240384e7d2948,cd079ad3e4036df7ac6e4f9007d2036a692535fb,dff5d4b5390387e086407a456b687afef5fb00430a2d6755b614b9b536ed2f3f,N/A,N/A,,https://github.com/notepad-plus-plus/notepad-plus-plus/releases/download/v7.7/npp.7.7.bin.7z
7.7,github,x86,npp.7.7.bin.7z,localization/ukrainian.xml,ukrainian.xml,,95203,2019-05-13T21:05:14.371493+00:00,2ad1d6c0d74e402c854df769a8196880,f985b2e0d9e86d0dfe39d87edab71eff961cc895,38d0e8cccb1030ba3314511573ed58fcf9ad24d32de8110f6fced82262585b4d,N/A,N/A,,https://github.com/notepad-plus-plus/notepad-plus-plus/releases/download/v7.7/npp.7.7.bin.7z
7.7,github,x86,npp.7.7.bin.7z,localization/urdu.xml,urdu.xml,,15657,2016-12-26T22:10:44.210970+00:00,cf965dfcf2257d8046c453ac36fcf65e,ac650afe9e15fec6e0e3e87bc999c2d9350ab461,0b685abaea6232f3e99d563f01613161251e51aba6a62d83cb306aa5f2d396d5,N/A,N/A,,https://github.com/notepad-plus-plus/notepad-plus-plus/releases/download/v7.7/npp.7.7.bin.7z
7.7,github,x86,npp.7.7.bin.7z,userDefineLangs/userDefinedLang-markdown.default.modern.xml,userDefinedLang-markdown.default.modern.xml,,5440,2019-03-05T01:52:36.627021+00:00,e6edb9c859b5b97800da9c664a0606c8,a0529bfe949f37d87349f89e44ac03a0f39d90c6,b7a3e70c69f661e76cc7b6279db21fb32f275a8a3c205a75ae22e40224136031,N/A,N/A,,https://github.com/notepad-plus-plus/notepad-plus-plus/releases/download/v7.7/npp.7.7.bin.7z
7.7,github,x86,npp.7.7.bin.7z,localization/uyghur.xml,uyghur.xml,,47848,2018-01-28T21:48:40.466342+00:00,a5d2661cab9fae284200b5cd84496b41,fa6cfe413495f354ad0d72e9660f04ce05a6556d,f5d24a6c678b1b54539adeafd2bc2697738f44cea6c184fa442980f1440e5afd,N/A,N/A,,https://github.com/notepad-plus-plus/notepad-plus-plus/releases/download/v7.7/npp.7.7.bin.7z
7.7,github,x86,npp.7.7.bin.7z,localization/uzbek.xml,uzbek.xml,,67937,2019-05-08T23:22:36.249695+00:00,8d5d53622c0bd306f5bcbd785328ead3,3aeda8d64f29c15efcbc270ea06bb8100245087f,1e94b2d6c7a0f3a29ed7065a592fab68ffcb442f6b6eb7a78f4f875c689dadd6,N/A,N/A,,https://github.com/notepad-plus-plus/notepad-plus-plus/releases/download/v7.7/npp.7.7.bin.7z
7.7,github,x86,npp.7.7.bin.7z,localization/uzbekCyrillic.xml,uzbekCyrillic.xml,,35714,2017-08-20T17:40:41.544199+00:00,71b7ce4804f337f3d5c4fea4a0733691,f4446df6fbeb19c93869205750991261d3a1ac7b,380e17fd360658921ea937043e540b2af642a7307be691f5c58b825623b61a99,N/A,N/A,,https://github.com/notepad-plus-plus/notepad-plus-plus/releases/download/v7.7/npp.7.7.bin.7z
7.7,github,x86,npp.7.7.bin.7z,autoCompletion/vb.xml,vb.xml,,17197,2017-12-28T02:55:00.358594+00:00,cb6d0cff9916fa1eae0a4faafc9db82a,0bb7663a45ac8a0e8ed5ee3296f7fedc24c4a3e6,74b6701e0c8f2c92eedd563165b61d4813f519f3747b67b3a043a4b85de41401,N/A,N/A,,https://github.com/notepad-plus-plus/notepad-plus-plus/releases/download/v7.7/npp.7.7.bin.7z
7.7,github,x86,npp.7.7.bin.7z,autoCompletion/vhdl.xml,vhdl.xml,,2632,2016-12-26T22:10:43.671560+00:00,1ba07e9e9c7ccbf095fee8c248375527,668325f597bb9fa517e41f304f07c5d0a0421160,29967c6650ce9fce73b7b9dda3390ae3b5cff4ad8ef2265f2c6980da55f42f97,N/A,N/A,,https://github.com/notepad-plus-plus/notepad-plus-plus/releases/download/v7.7/npp.7.7.bin.7z
7.7,github,x86,npp.7.7.bin.7z,themes/Vibrant Ink.xml,Vibrant Ink.xml,,87917,2019-05-08T23:22:36.289442+00:00,b05d33b041955fd401ccb2f31466f7c5,322df6af28a58a79081e5f6c1ee48bbaa4fee3dd,d4507c1a946e400e49051591b8059e479f82e889a48afb47398510d8975959d3,N/A,N/A,,https://github.com/notepad-plus-plus/notepad-plus-plus/releases/download/v7.7/npp.7.7.bin.7z
7.7,github,x86,npp.7.7.bin.7z,localization/vietnamese.xml,vietnamese.xml,,52737,2017-08-20T17:42:26.208032+00:00,4648aecae4e9d1df3ca32d9a0cba8fed,ace0c0282c1e0dc6facfd3277994a50410e619c8,747d88fd1df6f7a703fdd0904b50ff32c3d6d2d26203e0ae07b44786b44a9961,N/A,N/A,,https://github.com/notepad-plus-plus/notepad-plus-plus/releases/download/v7.7/npp.7.7.bin.7z
7.7,github,x86,npp.7.7.bin.7z,themes/vim Dark Blue.xml,vim Dark Blue.xml,,88104,2019-05-08T23:22:36.295500+00:00,a100ed60e3b7c4de0ee79196595a2a5a,d50e1590fe9d220cc8e5fbce6d8331899b730841,86c282817efbbde7eee56d846fcd3e28f85c02e41ccc1464d16efbf905e1dbc3,N/A,N/A,,https://github.com/notepad-plus-plus/notepad-plus-plus/releases/download/v7.7/npp.7.7.bin.7z
7.7,github,x86,npp.7.7.bin.7z,localization/welsh.xml,welsh.xml,,53261,2017-08-20T17:42:26.222941+00:00,538acafd2ef4e67581a908f970838626,98c8498903c60d46035a3ec22a3c559311451754,11fd56a75e14493a7305d6cd2aa79dd6990465eb0dec8bdf6354dd6e5db35634,N/A,N/A,,https://github.com/notepad-plus-plus/notepad-plus-plus/releases/download/v7.7/npp.7.7.bin.7z
7.7,github,x86,npp.7.7.bin.7z,autoCompletion/xml.xml,xml.xml,,12024,2016-12-26T22:10:43.676850+00:00,432b0a7d34b59ad7512c347f8670ff23,d4ff6d0b283f7b2b8d1792b0c9671d9afb43d3f7,7cdfb59901b0dbda488745f9bd749ce9a1c3e228931162e3a5764c5674330601,N/A,N/A,,https://github.com/notepad-plus-plus/notepad-plus-plus/releases/download/v7.7/npp.7.7.bin.7z
7.7,github,x86,npp.7.7.bin.7z,themes/Zenburn.xml,Zenburn.xml,,103030,2019-03-05T01:52:36.677885+00:00,d493b95a290a7a5a1aa22690db984d99,30b9470cb13ae5543be22144a848f98b7a4798b3,0f2870aa82ed87c920d7cb82ab8f232820fbcfa0c98b22b1e87dd18eee8a4661,N/A,N/A,,https://github.com/notepad-plus-plus/notepad-plus-plus/releases/download/v7.7/npp.7.7.bin.7z
7.7,github,x86,npp.7.7.bin.7z,localization/zulu.xml,zulu.xml,,72870,2019-03-26T23:11:19.879946+00:00,9440a55f71dac040b123de16d6557951,3c418d94e534013fe52e2a85ddac821b3ae89b40,16ef44efd21a556cfed5aa07b70437a16016754fcd3ce2a9e7048061716591df,N/A,N/A,,https://github.com/notepad-plus-plus/notepad-plus-plus/releases/download/v7.7/npp.7.7.bin.7z
7.7,github,x86,npp.7.7.bin.minimalist.7z,,npp.7.7.bin.minimalist.7z,,1446423,2021-12-07T19:40:09+00:00,6233485026df6d1e5673596cbff3f922,ce52a0e373bea836cb26110b7ad552987d74e855,b53a40decb3ab08005180764b942b562591b48885f9363d4ef9e6186fcabeeff,MATCH,MATCH,,https://github.com/notepad-plus-plus/notepad-plus-plus/releases/download/v7.7/npp.7.7.bin.minimalist.7z
7.7,github,x86,npp.7.7.bin.minimalist.7z,change.log,change.log,,904,2019-05-19T11:04:50.408615+00:00,fba8943a74fcc546372a924e00be692f,6287588921b1ade9b1056719610bbbff050c72ad,cdc5dcb06affbb14f5a1efee382cb4ddb57bb4bc6aae9e49b059c8d2f8e76f64,N/A,N/A,,https://github.com/notepad-plus-plus/notepad-plus-plus/releases/download/v7.7/npp.7.7.bin.minimalist.7z
7.7,github,x86,npp.7.7.bin.minimalist.7z,contextMenu.xml,contextMenu.xml,,3512,2018-05-25T21:58:05.896518+00:00,a7998766b85ee71ff1d82a1198988529,acaf62b48d9307b319105109121d82ccefe46c65,aa48a7c2ec3ed377c42c293f732807572f2ea305c9771b6ea210e7b92ef2c199,N/A,N/A,,https://github.com/notepad-plus-plus/notepad-plus-plus/releases/download/v7.7/npp.7.7.bin.minimalist.7z
7.7,github,x86,npp.7.7.bin.minimalist.7z,doLocalConf.xml,doLocalConf.xml,,0,2017-08-16T07:23:53.663879+00:00,d41d8cd98f00b204e9800998ecf8427e,da39a3ee5e6b4b0d3255bfef95601890afd80709,e3b0c44298fc1c149afbf4c8996fb92427ae41e4649b934ca495991b7852b855,N/A,N/A,,https://github.com/notepad-plus-plus/notepad-plus-plus/releases/download/v7.7/npp.7.7.bin.minimalist.7z
7.7,github,x86,npp.7.7.bin.minimalist.7z,langs.model.xml,langs.model.xml,,328230,2019-05-08T23:22:36.583611+00:00,f954e146e5899d06aa8f87f55b1a4b5e,1df9202eaa7f3f3e17dc7001e773b93e227aa9b7,4eafe54965ab3357d528614964d233d71c7c9daa41394b07d4c775b5c2979297,N/A,N/A,,https://github.com/notepad-plus-plus/notepad-plus-plus/releases/download/v7.7/npp.7.7.bin.minimalist.7z
7.7,github,x86,npp.7.7.bin.minimalist.7z,license.txt,license.txt,,16885,2016-12-26T22:10:43.405127+00:00,6a0438c04e6553dfb631636dbdb199a1,1fb5eb9da193f6a474ea1ae754d69cbe6fcd2b48,da59bed2b60d1ba57830d1bb71e5993de37c6085b2d86e41ec43938467234c55,N/A,N/A,,https://github.com/notepad-plus-plus/notepad-plus-plus/releases/download/v7.7/npp.7.7.bin.minimalist.7z
7.7,github,x86,npp.7.7.bin.minimalist.7z,notepad++.exe,notepad++.exe,,2963088,2019-05-19T11:14:16.152387+00:00,7a315871566161a76a5cbbb31a38c52e,02b8e13783bc4afac9d5e08da536a1d0238123fc,5745de4f781f1e9e2a0764536fc352ef9f1553633315e3a9d15c5b8119cd01a2,N/A,N/A,,https://github.com/notepad-plus-plus/notepad-plus-plus/releases/download/v7.7/npp.7.7.bin.minimalist.7z
7.7,github,x86,npp.7.7.bin.minimalist.7z,readme.txt,readme.txt,,1450,2016-12-26T22:10:43.409172+00:00,5c52adcd2bcc000a8b4bd5eb36b84cde,b51da3c7700102dad5d71b2a8551320b2529322a,f09758a2c953bdd2b817441e9a00255d3685c99369468c2695f0ca39aaaa5e6b,N/A,N/A,,https://github.com/notepad-plus-plus/notepad-plus-plus/releases/download/v7.7/npp.7.7.bin.minimalist.7z
7.7,github,x86,npp.7.7.bin.minimalist.7z,SciLexer.dll,SciLexer.dll,,1255056,2019-05-19T11:14:23.030296+00:00,bbbbc6bd92a00235f6793896d33c8f44,03ba905d8895e2855ade4ee5b0d2ccc7c97a36d1,66f3301eb552ab183dcb4727c74662c00f119fddaa8863e813c190fa6389b1c8,N/A,N/A,,https://github.com/notepad-plus-plus/notepad-plus-plus/releases/download/v7.7/npp.7.7.bin.minimalist.7z
7.7,github,x86,npp.7.7.bin.minimalist.7z,shortcuts.xml,shortcuts.xml,,1800,2019-01-27T02:00:52.459055+00:00,7055e239de97ab9c2ac0b1a5e72325ad,cac8aa8f244dfd955a9a66e5be7da123e6076de8,867759aa7241cb97e982215cea0907e5193e938da8bf188da913ca021ada0d00,N/A,N/A,,https://github.com/notepad-plus-plus/notepad-plus-plus/releases/download/v7.7/npp.7.7.bin.minimalist.7z
7.7,github,x86,npp.7.7.bin.minimalist.7z,stylers.model.xml,stylers.model.xml,,165570,2018-12-09T18:22:22.991284+00:00,cb27bdda10cb78aa57032f34f0edc3a2,2da713efbfcf94e319306a8da0a8b8579fd1e599,fb189953648780dd1d038c918d6165b72fdab0499170eec63cf961a9e68ed165,N/A,N/A,,https://github.com/notepad-plus-plus/notepad-plus-plus/releases/download/v7.7/npp.7.7.bin.minimalist.7z
7.7,github,x86,npp.7.7.bin.minimalist.7z,userDefineLangs/userDefinedLang-markdown.default.modern.xml,userDefinedLang-markdown.default.modern.xml,,5440,2019-03-05T01:52:36.627021+00:00,e6edb9c859b5b97800da9c664a0606c8,a0529bfe949f37d87349f89e44ac03a0f39d90c6,b7a3e70c69f661e76cc7b6279db21fb32f275a8a3c205a75ae22e40224136031,N/A,N/A,,https://github.com/notepad-plus-plus/notepad-plus-plus/releases/download/v7.7/npp.7.7.bin.minimalist.7z
7.7,github,x64,npp.7.7.bin.minimalist.x64.7z,,npp.7.7.bin.minimalist.x64.7z,,1693156,2021-12-07T19:40:14+00:00,d76f5842ca10b46fb337b119947edd39,0fc73c6063577d2a17467198e023045c4aac285b,90b7d885084ecad7bc8e0d3cf9c11ae77448bca8c6ddd08186e9fc0bda79c9fa,MATCH,MATCH,,https://github.com/notepad-plus-plus/notepad-plus-plus/releases/download/v7.7/npp.7.7.bin.minimalist.x64.7z
7.7,github,x64,npp.7.7.bin.minimalist.x64.7z,change.log,change.log,,904,2019-05-19T11:04:50.408615+00:00,fba8943a74fcc546372a924e00be692f,6287588921b1ade9b1056719610bbbff050c72ad,cdc5dcb06affbb14f5a1efee382cb4ddb57bb4bc6aae9e49b059c8d2f8e76f64,N/A,N/A,,https://github.com/notepad-plus-plus/notepad-plus-plus/releases/download/v7.7/npp.7.7.bin.minimalist.x64.7z
7.7,github,x64,npp.7.7.bin.minimalist.x64.7z,contextMenu.xml,contextMenu.xml,,3512,2018-05-25T21:58:05.896518+00:00,a7998766b85ee71ff1d82a1198988529,acaf62b48d9307b319105109121d82ccefe46c65,aa48a7c2ec3ed377c42c293f732807572f2ea305c9771b6ea210e7b92ef2c199,N/A,N/A,,https://github.com/notepad-plus-plus/notepad-plus-plus/releases/download/v7.7/npp.7.7.bin.minimalist.x64.7z
7.7,github,x64,npp.7.7.bin.minimalist.x64.7z,doLocalConf.xml,doLocalConf.xml,,0,2017-08-16T07:23:53.663879+00:00,d41d8cd98f00b204e9800998ecf8427e,da39a3ee5e6b4b0d3255bfef95601890afd80709,e3b0c44298fc1c149afbf4c8996fb92427ae41e4649b934ca495991b7852b855,N/A,N/A,,https://github.com/notepad-plus-plus/notepad-plus-plus/releases/download/v7.7/npp.7.7.bin.minimalist.x64.7z
7.7,github,x64,npp.7.7.bin.minimalist.x64.7z,langs.model.xml,langs.model.xml,,328230,2019-05-08T23:22:36.583611+00:00,f954e146e5899d06aa8f87f55b1a4b5e,1df9202eaa7f3f3e17dc7001e773b93e227aa9b7,4eafe54965ab3357d528614964d233d71c7c9daa41394b07d4c775b5c2979297,N/A,N/A,,https://github.com/notepad-plus-plus/notepad-plus-plus/releases/download/v7.7/npp.7.7.bin.minimalist.x64.7z
7.7,github,x64,npp.7.7.bin.minimalist.x64.7z,license.txt,license.txt,,16885,2016-12-26T22:10:43.405127+00:00,6a0438c04e6553dfb631636dbdb199a1,1fb5eb9da193f6a474ea1ae754d69cbe6fcd2b48,da59bed2b60d1ba57830d1bb71e5993de37c6085b2d86e41ec43938467234c55,N/A,N/A,,https://github.com/notepad-plus-plus/notepad-plus-plus/releases/download/v7.7/npp.7.7.bin.minimalist.x64.7z
7.7,github,x64,npp.7.7.bin.minimalist.x64.7z,notepad++.exe,notepad++.exe,,3559568,2019-05-19T11:14:19.568301+00:00,416033057befb0a4abe6682b4e2939a7,fb5679aa4c3533e5ca9a76c529c88168cbe3cc71,e78b72c2bc7612c8e3f29e4372b3724ad897572347f986d07c42a8407efdec8a,N/A,N/A,,https://github.com/notepad-plus-plus/notepad-plus-plus/releases/download/v7.7/npp.7.7.bin.minimalist.x64.7z
7.7,github,x64,npp.7.7.bin.minimalist.x64.7z,readme.txt,readme.txt,,1450,2016-12-26T22:10:43.409172+00:00,5c52adcd2bcc000a8b4bd5eb36b84cde,b51da3c7700102dad5d71b2a8551320b2529322a,f09758a2c953bdd2b817441e9a00255d3685c99369468c2695f0ca39aaaa5e6b,N/A,N/A,,https://github.com/notepad-plus-plus/notepad-plus-plus/releases/download/v7.7/npp.7.7.bin.minimalist.x64.7z
7.7,github,x64,npp.7.7.bin.minimalist.x64.7z,SciLexer.dll,SciLexer.dll,,1788560,2019-05-19T11:14:26.474815+00:00,b4707bcf8c1b57bfadb813fc3965df79,d6533763b0cbeeae73c549d1849aaf7e0f61067a,08eb92fe872ef6db2ae207597adf7372f337033b03c04e16fd73d74e1a4ac9bd,N/A,N/A,,https://github.com/notepad-plus-plus/notepad-plus-plus/releases/download/v7.7/npp.7.7.bin.minimalist.x64.7z
7.7,github,x64,npp.7.7.bin.minimalist.x64.7z,shortcuts.xml,shortcuts.xml,,1800,2019-01-27T02:00:52.459055+00:00,7055e239de97ab9c2ac0b1a5e72325ad,cac8aa8f244dfd955a9a66e5be7da123e6076de8,867759aa7241cb97e982215cea0907e5193e938da8bf188da913ca021ada0d00,N/A,N/A,,https://github.com/notepad-plus-plus/notepad-plus-plus/releases/download/v7.7/npp.7.7.bin.minimalist.x64.7z
7.7,github,x64,npp.7.7.bin.minimalist.x64.7z,stylers.model.xml,stylers.model.xml,,165570,2018-12-09T18:22:22.991284+00:00,cb27bdda10cb78aa57032f34f0edc3a2,2da713efbfcf94e319306a8da0a8b8579fd1e599,fb189953648780dd1d038c918d6165b72fdab0499170eec63cf961a9e68ed165,N/A,N/A,,https://github.com/notepad-plus-plus/notepad-plus-plus/releases/download/v7.7/npp.7.7.bin.minimalist.x64.7z
7.7,github,x64,npp.7.7.bin.minimalist.x64.7z,userDefineLangs/userDefinedLang-markdown.default.modern.xml,userDefinedLang-markdown.default.modern.xml,,5440,2019-03-05T01:52:36.627021+00:00,e6edb9c859b5b97800da9c664a0606c8,a0529bfe949f37d87349f89e44ac03a0f39d90c6,b7a3e70c69f661e76cc7b6279db21fb32f275a8a3c205a75ae22e40224136031,N/A,N/A,,https://github.com/notepad-plus-plus/notepad-plus-plus/releases/download/v7.7/npp.7.7.bin.minimalist.x64.7z
7.7,github,x64,npp.7.7.bin.x64.7z,,npp.7.7.bin.x64.7z,,3068621,2021-12-07T19:40:11+00:00,c7579ed2bd6b4c9398f45a634496582c,583c18cefc9226d566f11a99963a151db4c4ca0f,97d8c39276a86a0f2cb6c9ec6081aa0f7bdf0a70eac896a5187bb6493c96cfa6,MATCH,MATCH,,https://github.com/notepad-plus-plus/notepad-plus-plus/releases/download/v7.7/npp.7.7.bin.x64.7z
7.7,github,x64,npp.7.7.bin.x64.7z,autoCompletion/actionscript.xml,actionscript.xml,,20752,2017-12-28T02:55:00.321495+00:00,f8876462309eeb4204eaaf5777dc4eea,167b0f169340f0cf7d2a53d0f4c4b20f694ff12a,7bdab6f3b572773331a17bfbb6cc4bbd71dfd89e4f11e404b7466925678a3a26,N/A,N/A,,https://github.com/notepad-plus-plus/notepad-plus-plus/releases/download/v7.7/npp.7.7.bin.x64.7z
7.7,github,x64,npp.7.7.bin.x64.7z,localization/afrikaans.xml,afrikaans.xml,,29077,2016-12-26T22:10:43.769673+00:00,c2f475cc2b49d3aee490c9059529744a,621e81e87c6c8d45a6be6bc69108d8ab13e2d5a6,5d285d98f8891bcf73a770fde00c3215062842224b81c4e70537569712f84570,N/A,N/A,,https://github.com/notepad-plus-plus/notepad-plus-plus/releases/download/v7.7/npp.7.7.bin.x64.7z
7.7,github,x64,npp.7.7.bin.x64.7z,localization/albanian.xml,albanian.xml,,57197,2017-08-20T17:42:25.395692+00:00,5803d49d9a1320f50394a0ab36c427b6,6f29668d5d3101d86a6ec34d3087c7cd5e5fdc64,508ddd0bd359666186a34b1249b55de31062f2eb4323bce01409e602e7fc0b64,N/A,N/A,,https://github.com/notepad-plus-plus/notepad-plus-plus/releases/download/v7.7/npp.7.7.bin.x64.7z
7.7,github,x64,npp.7.7.bin.x64.7z,localization/arabic.xml,arabic.xml,,86770,2018-10-05T00:32:05.819137+00:00,4c43fa51c53e259e9c0df42eab235849,6af39eb260e24144dc3491e9083a3d615e977775,f4bb70b47614e639d2035ecf94e4f74413312f7ae593d60a916d940cf3639554,N/A,N/A,,https://github.com/notepad-plus-plus/notepad-plus-plus/releases/download/v7.7/npp.7.7.bin.x64.7z
7.7,github,x64,npp.7.7.bin.x64.7z,localization/aragonese.xml,aragonese.xml,,49810,2017-08-20T17:42:25.412736+00:00,ff161db746ade330439882ba0640d2ea,1a9109c96486d1f4ee48336f66c0be93cf2725a3,1db8eeb9c6cae8705cacfc3043a7556678e9ed52162fb8ec536c5befc19343a9,N/A,N/A,,https://github.com/notepad-plus-plus/notepad-plus-plus/releases/download/v7.7/npp.7.7.bin.x64.7z
7.7,github,x64,npp.7.7.bin.x64.7z,localization/aranese.xml,aranese.xml,,20821,2016-12-26T22:10:43.795718+00:00,333a18acb93ba083e86679c065b69d15,cb874355fb8e495a2b0b0dcf8868df287ec6a342,de5da809aa6e44c4e6a01c3b5fb7da5a66d9683cb905416f3fcff2ed413ea7c6,N/A,N/A,,https://github.com/notepad-plus-plus/notepad-plus-plus/releases/download/v7.7/npp.7.7.bin.x64.7z
7.7,github,x64,npp.7.7.bin.x64.7z,autoCompletion/autoit.xml,autoit.xml,,738721,2018-12-09T18:22:22.898518+00:00,24091974377d7e76106add1210d5853a,7663d568323f753fb62c15f684eea1ff9014ce5b,07cb7ea3f8d1eee1142bcdf876e29f14e6ae2a72ef28f2310263da531c7e8711,N/A,N/A,,https://github.com/notepad-plus-plus/notepad-plus-plus/releases/download/v7.7/npp.7.7.bin.x64.7z
7.7,github,x64,npp.7.7.bin.x64.7z,localization/azerbaijani.xml,azerbaijani.xml,,35482,2017-08-20T17:40:40.621097+00:00,8cd5c70b03ef9c48585c06fa149f9fcd,4fb0a331d184579444326c6910742ad4b0cbb5a1,d2e185e9c8b1e7d994dcb3b44748f1b499f18ca22a573f452a9b0d791344c448,N/A,N/A,,https://github.com/notepad-plus-plus/notepad-plus-plus/releases/download/v7.7/npp.7.7.bin.x64.7z
7.7,github,x64,npp.7.7.bin.x64.7z,autoCompletion/BaanC.xml,BaanC.xml,,18490,2017-12-28T22:22:51.984891+00:00,2537a01a4619a19962fb1b85cbee9a13,adaf66583cc60a53f0a08b030e63cc2652badd17,9780d21f36eca4cb7f85c67fe9113c3c223822662812f6ab533c011cd2f56e7e,N/A,N/A,,https://github.com/notepad-plus-plus/notepad-plus-plus/releases/download/v7.7/npp.7.7.bin.x64.7z
7.7,github,x64,npp.7.7.bin.x64.7z,localization/basque.xml,basque.xml,,59732,2018-02-17T07:05:11.303084+00:00,7ef1dd1b3280122bac0a69063249fd46,83730aee38e42a5aee4c7daf0390833761208709,1047a56b9ea18bafbb7fd03daa190cb980883694dfd7fc1556136ab81834d489,N/A,N/A,,https://github.com/notepad-plus-plus/notepad-plus-plus/releases/download/v7.7/npp.7.7.bin.x64.7z
7.7,github,x64,npp.7.7.bin.x64.7z,autoCompletion/batch.xml,batch.xml,,3784,2017-12-28T02:55:00.327011+00:00,713831a4916810500b39efbdb41435a2,6b9c9d965f73f71fafb786d547be09f5ef398643,d43ce011aa2d5a946c36b4c3a6a0a98fd9570253bc461a267d3b44aaec3cb6b0,N/A,N/A,,https://github.com/notepad-plus-plus/notepad-plus-plus/releases/download/v7.7/npp.7.7.bin.x64.7z
7.7,github,x64,npp.7.7.bin.x64.7z,localization/belarusian.xml,belarusian.xml,,95099,2018-12-30T17:41:19.305996+00:00,fd060d45654fa3adec00f943349a535b,7732a8a924e84a218ac710a3c2a829438481c761,1c616bcd978b6f7feb5035c232024baa895f9787183898e4672f70ea3d1ded9c,N/A,N/A,,https://github.com/notepad-plus-plus/notepad-plus-plus/releases/download/v7.7/npp.7.7.bin.x64.7z
7.7,github,x64,npp.7.7.bin.x64.7z,localization/bengali.xml,bengali.xml,,70025,2017-08-20T17:42:25.457657+00:00,d081b39bf7a87b8ccd3caa5e9d15087c,02fad366321e3bb823bfb46ab966ac919dd227c8,5ecd5febabcb4b4616035fab1b567bf2a0ff8b2ded72d74e6ea5511671814484,N/A,N/A,,https://github.com/notepad-plus-plus/notepad-plus-plus/releases/download/v7.7/npp.7.7.bin.x64.7z
7.7,github,x64,npp.7.7.bin.x64.7z,themes/Bespin.xml,Bespin.xml,,91987,2019-05-08T23:22:36.252596+00:00,821e643338c9129e0eade6fa9008f198,cdfb6a4ba9d186019f072e661a81050f8c5dbe7e,26234a54d2498693d08c462d0e8a61f7ef6df7b5a278c49716ae991183ee80d3,N/A,N/A,,https://github.com/notepad-plus-plus/notepad-plus-plus/releases/download/v7.7/npp.7.7.bin.x64.7z
7.7,github,x64,npp.7.7.bin.x64.7z,themes/Black board.xml,Black board.xml,,90353,2019-05-08T23:22:36.256586+00:00,b2c72f0861af9556500ffb5bd3e68b8b,5bfb5849e96e67cbe605d2618fb545e131a570a7,d043514f3c2c442b1f4a2a868fbfec53f53fcb61c9c6ab0f447e4934cb94ce57,N/A,N/A,,https://github.com/notepad-plus-plus/notepad-plus-plus/releases/download/v7.7/npp.7.7.bin.x64.7z
7.7,github,x64,npp.7.7.bin.x64.7z,localization/bosnian.xml,bosnian.xml,,32084,2016-12-26T22:10:43.820980+00:00,6b036835ed9d1ee92cd9bd4c76f41bbd,faeb76f93f4228832c7cc952833c717f3614a38d,06ce39e85fc9acd72888da5871fae4d18aa2c5bb6a9fa0c9eca459cf0e949a63,N/A,N/A,,https://github.com/notepad-plus-plus/notepad-plus-plus/releases/download/v7.7/npp.7.7.bin.x64.7z
7.7,github,x64,npp.7.7.bin.x64.7z,localization/brazilian_portuguese.xml,brazilian_portuguese.xml,,78673,2019-03-26T23:11:19.856317+00:00,c5ac706ffe3cc6abb54272e49d42de5d,d5a9bee2ce2cff235179ea19dfc8207661d40e3d,690897901b9880c4b4247d5a75140f4ef9804fddd4b1ffe6fbc89d4f9952e520,N/A,N/A,,https://github.com/notepad-plus-plus/notepad-plus-plus/releases/download/v7.7/npp.7.7.bin.x64.7z
7.7,github,x64,npp.7.7.bin.x64.7z,localization/breton.xml,breton.xml,,56124,2017-08-20T17:42:25.485730+00:00,a28d31b3147d47670455aa249df9e3a8,ae276de79ca796b74345a8b3dbcf53e4972b6eaa,7d8569dca0eef5ccd411287ed72f70da19f92b96e05e2bfd294263098e3ed38d,N/A,N/A,,https://github.com/notepad-plus-plus/notepad-plus-plus/releases/download/v7.7/npp.7.7.bin.x64.7z
7.7,github,x64,npp.7.7.bin.x64.7z,localization/bulgarian.xml,bulgarian.xml,,89854,2019-05-13T21:05:14.353542+00:00,4cfd349868f4f6f269789ed55a35a214,58048827fc5dd2c368b734d7d8d5004000e0d641,0240561bed98e46a001330fd3f9e52a868637319de4e5d69b4655444ff1e1c20,N/A,N/A,,https://github.com/notepad-plus-plus/notepad-plus-plus/releases/download/v7.7/npp.7.7.bin.x64.7z
7.7,github,x64,npp.7.7.bin.x64.7z,autoCompletion/c.xml,c.xml,,44390,2016-12-26T22:10:43.575360+00:00,c92c0a8fa14eb590fdc13287b26689db,b6010b4b59128f9d16abd9e8d8ccf521ed6e4eb8,2ad09d23098049d7541c703684bca446ccf6f1024a182e7dc30c378efb1b2109,N/A,N/A,,https://github.com/notepad-plus-plus/notepad-plus-plus/releases/download/v7.7/npp.7.7.bin.x64.7z
7.7,github,x64,npp.7.7.bin.x64.7z,localization/catalan.xml,catalan.xml,,65728,2019-05-08T23:22:36.215786+00:00,be294c1890b57df605d743846802e835,5425db4f87a254e3438a73aaf4d4e3a46d3bf9fa,03e2d93f71ae1b27d0695c14af7b820862737b4bf32ccc5fa29e68006ce32e32,N/A,N/A,,https://github.com/notepad-plus-plus/notepad-plus-plus/releases/download/v7.7/npp.7.7.bin.x64.7z
7.7,github,x64,npp.7.7.bin.x64.7z,change.log,change.log,,904,2019-05-19T11:04:50.408615+00:00,fba8943a74fcc546372a924e00be692f,6287588921b1ade9b1056719610bbbff050c72ad,cdc5dcb06affbb14f5a1efee382cb4ddb57bb4bc6aae9e49b059c8d2f8e76f64,N/A,N/A,,https://github.com/notepad-plus-plus/notepad-plus-plus/releases/download/v7.7/npp.7.7.bin.x64.7z
7.7,github,x64,npp.7.7.bin.x64.7z,localization/chinese.xml,chinese.xml,,75052,2019-03-26T23:11:19.860312+00:00,95c0eacb92d19a56ad3e9f114355b891,b2a693af9cd3029e79c2c719eb88a58f190f305d,6a6b8625fbe38f8ecd5f8205cefa66a7fb31c17826766c29dfc4494bf71602ad,N/A,N/A,,https://github.com/notepad-plus-plus/notepad-plus-plus/releases/download/v7.7/npp.7.7.bin.x64.7z
7.7,github,x64,npp.7.7.bin.x64.7z,localization/chineseSimplified.xml,chineseSimplified.xml,,73985,2019-05-13T21:05:14.357532+00:00,8b1fd4c62d772ff4e2e8cd86f9daa996,2351b7c17a69365db44b5b4f9e89f75e07ab4d61,db470e2927688c424ba8a3838d673b8fe42699e51a4e1b4e9c8824089b3b337d,N/A,N/A,,https://github.com/notepad-plus-plus/notepad-plus-plus/releases/download/v7.7/npp.7.7.bin.x64.7z
7.7,github,x64,npp.7.7.bin.x64.7z,themes/Choco.xml,Choco.xml,,90648,2019-05-08T23:22:36.259617+00:00,08bee836ff654869d212779577b0bbf6,21d606a57056351521787e1ce2f823307525b722,94fe9c0753a4d9b8352bc17c9785004b046d0afee8722de21609ef8938f327eb,N/A,N/A,,https://github.com/notepad-plus-plus/notepad-plus-plus/releases/download/v7.7/npp.7.7.bin.x64.7z
7.7,github,x64,npp.7.7.bin.x64.7z,autoCompletion/cmake.xml,cmake.xml,,7321,2018-03-02T19:22:54.672521+00:00,bb3c098e3c76d30df480e3e17abe5a7b,394ea38362db6dcaa12ebecb6813ed66d7729ea5,b5616caa363cd62310287f60e6c61eeed9297be5d2da913a390fedc26217cae0,N/A,N/A,,https://github.com/notepad-plus-plus/notepad-plus-plus/releases/download/v7.7/npp.7.7.bin.x64.7z
7.7,github,x64,npp.7.7.bin.x64.7z,autoCompletion/coffee.xml,coffee.xml,,1510,2017-12-28T22:05:30.759151+00:00,633f1e56a9f5b7e1c7c75e6dff944b25,55f1f86306161a2b743fe13927e852c2570bfaf7,46d379e7ad5565fc197a32b62d04ceb1be4452af2ae45663415809bc7badb0bd,N/A,N/A,,https://github.com/notepad-plus-plus/notepad-plus-plus/releases/download/v7.7/npp.7.7.bin.x64.7z
7.7,github,x64,npp.7.7.bin.x64.7z,config.xml,config.xml,,5114,2019-03-30T10:38:48.831842+00:00,b56d4fa38548cf7206a700c580d529ad,5e334fa5d1310ba15a81436aa3bb2ad2e7e65be8,a831c5da7fdcacaad454585459003a44cc4c00bda0242337a9a046ba05c02f42,N/A,N/A,,https://github.com/notepad-plus-plus/notepad-plus-plus/releases/download/v7.7/npp.7.7.bin.x64.7z
7.7,github,x64,npp.7.7.bin.x64.7z,contextMenu.xml,contextMenu.xml,,3512,2018-05-25T21:58:05.896518+00:00,a7998766b85ee71ff1d82a1198988529,acaf62b48d9307b319105109121d82ccefe46c65,aa48a7c2ec3ed377c42c293f732807572f2ea305c9771b6ea210e7b92ef2c199,N/A,N/A,,https://github.com/notepad-plus-plus/notepad-plus-plus/releases/download/v7.7/npp.7.7.bin.x64.7z
7.7,github,x64,npp.7.7.bin.x64.7z,localization/corsican.xml,corsican.xml,,83266,2019-04-03T19:06:20.452465+00:00,2762c8551adc0138beb86c304bd678df,465883c3db9c3982e0202b20ff31f3c5dc02cfb2,9cc651eca1140c53634b1106a00bf8df96c8b4db49b68dbf165e1feae0740ee5,N/A,N/A,,https://github.com/notepad-plus-plus/notepad-plus-plus/releases/download/v7.7/npp.7.7.bin.x64.7z
7.7,github,x64,npp.7.7.bin.x64.7z,autoCompletion/cpp.xml,cpp.xml,,61530,2018-12-09T18:22:22.900548+00:00,e60ca42b12a8e816892894d321ab8d00,bf1dc910f6cab97f99e23d08e084837fc7de17c6,b97ffa556f93ec4c51208b2aea4f3d69411404c27f6ea12608ae84bedbd76418,N/A,N/A,,https://github.com/notepad-plus-plus/notepad-plus-plus/releases/download/v7.7/npp.7.7.bin.x64.7z
7.7,github,x64,npp.7.7.bin.x64.7z,localization/croatian.xml,croatian.xml,,85184,2019-05-08T23:22:36.218778+00:00,cec164119c1295583fe3326f6710253c,52feae919ddb150a3bad58f5d6f1071027eeebcb,12fe4e0941c20088f10a19487aeddc57ca96ff8ace34ccfbc2cfcb2388c17173,N/A,N/A,,https://github.com/notepad-plus-plus/notepad-plus-plus/releases/download/v7.7/npp.7.7.bin.x64.7z
7.7,github,x64,npp.7.7.bin.x64.7z,autoCompletion/cs.xml,cs.xml,,33726,2018-12-09T18:22:22.902508+00:00,c9bc2acde59532d2a9b65e7f9cd55d4f,d4a0e2d2b20e0b0cc40a0bf3a5274800d1eb6ea7,32076a244afd75a07cd38f1fa27b08eea3a4a697111cde8a1cb636c46c708c17,N/A,N/A,,https://github.com/notepad-plus-plus/notepad-plus-plus/releases/download/v7.7/npp.7.7.bin.x64.7z
7.7,github,x64,npp.7.7.bin.x64.7z,autoCompletion/css.xml,css.xml,,11522,2016-12-26T22:10:43.597241+00:00,d2affd6da8aa4fd9457db7b0dcb87517,427e170083be87d570df3f9ea4b0eff0eb60a8f4,776187ab9beec87648e5701137f153adeef88c579b15b181c5d4eee2f02262f8,N/A,N/A,,https://github.com/notepad-plus-plus/notepad-plus-plus/releases/download/v7.7/npp.7.7.bin.x64.7z
7.7,github,x64,npp.7.7.bin.x64.7z,localization/czech.xml,czech.xml,,72315,2019-05-13T21:05:14.360523+00:00,40fb19e6e72098f1fcc013562e210d4c,d637d786b7eb88d281dec513fd0a7854d5ad5610,e2f164416ddf1f6c09bbc8c33600886f35116c170a9837c940bf1c4e1a75eafa,N/A,N/A,,https://github.com/notepad-plus-plus/notepad-plus-plus/releases/download/v7.7/npp.7.7.bin.x64.7z
7.7,github,x64,npp.7.7.bin.x64.7z,localization/danish.xml,danish.xml,,75208,2019-03-05T01:52:36.641982+00:00,afdca23414d2fa05e0edfed63dc68bd1,4d5cb126c3f86dc907f315ae38ccc3ec07619fd3,3ce52cb27a70640c8f4578ff52f71de18282d54ab91d1db7658be64c6a316d6c,N/A,N/A,,https://github.com/notepad-plus-plus/notepad-plus-plus/releases/download/v7.7/npp.7.7.bin.x64.7z
7.7,github,x64,npp.7.7.bin.x64.7z,themes/Deep Black.xml,Deep Black.xml,,88397,2019-05-08T23:22:36.265672+00:00,c0dfe7248b4651b3ead3d8ba219a529d,dddf5cb8366555f9510c7542476d6b0dd59102e8,6de4560d9ffd31ba5ab94de04c4fec2a2d3ca34cf136c0777598b24054dcf4f5,N/A,N/A,,https://github.com/notepad-plus-plus/notepad-plus-plus/releases/download/v7.7/npp.7.7.bin.x64.7z
7.7,github,x64,npp.7.7.bin.x64.7z,doLocalConf.xml,doLocalConf.xml,,0,2017-08-16T07:23:53.663879+00:00,d41d8cd98f00b204e9800998ecf8427e,da39a3ee5e6b4b0d3255bfef95601890afd80709,e3b0c44298fc1c149afbf4c8996fb92427ae41e4649b934ca495991b7852b855,N/A,N/A,,https://github.com/notepad-plus-plus/notepad-plus-plus/releases/download/v7.7/npp.7.7.bin.x64.7z
7.7,github,x64,npp.7.7.bin.x64.7z,localization/dutch.xml,dutch.xml,,61604,2018-10-05T00:32:05.860027+00:00,6ce9f0ae41286f01ccf83b64d48cc238,cad9570ecd9252768231c07c37c162e3b291ae97,4dc9faf1ba2806b6ff3f70264c46e2d70007af6f5dafe6fe9d306c3c07eda610,N/A,N/A,,https://github.com/notepad-plus-plus/notepad-plus-plus/releases/download/v7.7/npp.7.7.bin.x64.7z
7.7,github,x64,npp.7.7.bin.x64.7z,localization/english.xml,english.xml,,74693,2019-03-26T23:11:19.862270+00:00,03abae43e8e53d9594ced22fdb09965f,f9b7ed754eb38eed200ee20a68fbaf7fcc334867,6472da400162dc1aecba34146ab92c4d59be1b3629f72ca1e91b9e7d57e667eb,N/A,N/A,,https://github.com/notepad-plus-plus/notepad-plus-plus/releases/download/v7.7/npp.7.7.bin.x64.7z
7.7,github,x64,npp.7.7.bin.x64.7z,localization/english_customizable.xml,english_customizable.xml,,71799,2018-10-05T00:32:05.871996+00:00,ba660fd5e124a627e7b5b1d53a6ceae5,81228dc178e012002db96c72c1e2f0e812123b6e,db1c55427bf83385e8713460d515d05aa79b9829be85515f1e46ab1a2cdc198b,N/A,N/A,,https://github.com/notepad-plus-plus/notepad-plus-plus/releases/download/v7.7/npp.7.7.bin.x64.7z
7.7,github,x64,npp.7.7.bin.x64.7z,localization/esperanto.xml,esperanto.xml,,48285,2017-08-20T17:42:25.630120+00:00,4abf56d03e149ee0569619bbc11815a5,bca30606a47cae3f06685f01795613d1fce626eb,e1486a8120d1ef7998b5335536a3a4877fdcb630f87ed9ca7b307ac075b313c6,N/A,N/A,,https://github.com/notepad-plus-plus/notepad-plus-plus/releases/download/v7.7/npp.7.7.bin.x64.7z
7.7,github,x64,npp.7.7.bin.x64.7z,localization/estonian.xml,estonian.xml,,60812,2017-08-20T17:42:25.642927+00:00,a12e2854f772938fd4ccd55345dadd4b,20f9c4d026a1bff3934560c45a6956143070e99e,f71e4b0ba4fbf616af8f1568f2160d527b78fcf711132c4a38e0bd5378902237,N/A,N/A,,https://github.com/notepad-plus-plus/notepad-plus-plus/releases/download/v7.7/npp.7.7.bin.x64.7z
7.7,github,x64,npp.7.7.bin.x64.7z,localization/extremaduran.xml,extremaduran.xml,,25399,2016-12-26T22:10:43.910594+00:00,896b0f1f0854f3bcc23a80c99dcebd47,ee5d3a7de7503e18b2929d96dc164dd0671a841d,87e0372bfd2b84316adf2c7d3130fcf2415a96ec2c8bcd5da6f1a8a3a807c8d2,N/A,N/A,,https://github.com/notepad-plus-plus/notepad-plus-plus/releases/download/v7.7/npp.7.7.bin.x64.7z
7.7,github,x64,npp.7.7.bin.x64.7z,localization/farsi.xml,farsi.xml,,65927,2018-01-28T21:48:40.463836+00:00,9ddc0ac1e17a56703a3e0a7acb8d0e2a,3735a864f2c265811e478b8f1b7876ec7e73a1a9,d0acda01c7bb500072f00af882297d08a14821811931e862b5225bef97ab6336,N/A,N/A,,https://github.com/notepad-plus-plus/notepad-plus-plus/releases/download/v7.7/npp.7.7.bin.x64.7z
7.7,github,x64,npp.7.7.bin.x64.7z,localization/finnish.xml,finnish.xml,,44055,2017-08-20T17:42:25.673023+00:00,99d18eeaa47569147a0395948cb9c7d6,9b3488593fa1002a827698db2eec91b4eadba8ea,691d523b2a8c2ea14eb5e5259eed9e9de1853b2c2fd8badc77164f2cca2dd006,N/A,N/A,,https://github.com/notepad-plus-plus/notepad-plus-plus/releases/download/v7.7/npp.7.7.bin.x64.7z
7.7,github,x64,npp.7.7.bin.x64.7z,localization/french.xml,french.xml,,77647,2019-05-13T21:05:14.364512+00:00,9f90a6c8c9db6894bb578f39014ecea0,796cef14cfb541c2f9fb520a07330818c74e9394,497f8bf1660f90a8f0cd7f409c7a7df3cf2e040a8594bb039edf54e399fe61d2,N/A,N/A,,https://github.com/notepad-plus-plus/notepad-plus-plus/releases/download/v7.7/npp.7.7.bin.x64.7z
7.7,github,x64,npp.7.7.bin.x64.7z,localization/friulian.xml,friulian.xml,,34362,2017-08-20T17:40:40.917620+00:00,6d4c069b4c4517f68657be1641bec299,cc5384f29594b19822a805f8d5888ff328e169a1,d4ffe0a2b5e35fede7e6244be9823e1e946c60db1635e6d3f753e6df938e4b3d,N/A,N/A,,https://github.com/notepad-plus-plus/notepad-plus-plus/releases/download/v7.7/npp.7.7.bin.x64.7z
7.7,github,x64,npp.7.7.bin.x64.7z,functionList.xml,functionList.xml,,61820,2018-04-13T00:16:35.700332+00:00,bd8d804a62a5b9392885a6904033f0bf,e82bdad59f7f75736999520c3f27da7f05ee677e,ea1e92c06735a137cd03c36a252027c013e9224dd3013fbe3ddd5c5c0098b2b9,N/A,N/A,,https://github.com/notepad-plus-plus/notepad-plus-plus/releases/download/v7.7/npp.7.7.bin.x64.7z
7.7,github,x64,npp.7.7.bin.x64.7z,localization/galician.xml,galician.xml,,25339,2016-12-26T22:10:43.936632+00:00,191cc6b7ed37fad274f985d7329bd048,a8b7750901614323318923833a2fb7ac021e8c34,89a20e547d17b1006698cd35fbad772403033420808c8299206a8e299961d83e,N/A,N/A,,https://github.com/notepad-plus-plus/notepad-plus-plus/releases/download/v7.7/npp.7.7.bin.x64.7z
7.7,github,x64,npp.7.7.bin.x64.7z,localization/georgian.xml,georgian.xml,,60005,2017-08-20T17:40:40.935670+00:00,cada78594c9838103c479dbda55c9e05,7cdc3fd1b8a7ede96101badacf68281e3432bfbb,b319b96cb4eece88c0cf88b557ce56ce5abe85bdf0a6a1007b64310a708a6572,N/A,N/A,,https://github.com/notepad-plus-plus/notepad-plus-plus/releases/download/v7.7/npp.7.7.bin.x64.7z
7.7,github,x64,npp.7.7.bin.x64.7z,localization/german.xml,german.xml,,66297,2019-04-03T19:06:20.468422+00:00,355b310c4e264a059f7ace7bf26ed8fa,7585f0eb3efd56130e0542bebc9227936805e646,95ebc8459d0c7e217e45a2062221832d0bae29eca359ec38b2e450913d16590e,N/A,N/A,,https://github.com/notepad-plus-plus/notepad-plus-plus/releases/download/v7.7/npp.7.7.bin.x64.7z
7.7,github,x64,npp.7.7.bin.x64.7z,localization/greek.xml,greek.xml,,41094,2017-08-20T17:40:40.960334+00:00,109f64488a006665d76621dcd30e7ef7,b2167ac130ee2af4822861148dce561a5d1625fe,d65afc086673dc165ce82dd831b5f04c75d7d43c50957475e1c90f25766ad5da,N/A,N/A,,https://github.com/notepad-plus-plus/notepad-plus-plus/releases/download/v7.7/npp.7.7.bin.x64.7z
7.7,github,x64,npp.7.7.bin.x64.7z,localization/gujarati.xml,gujarati.xml,,69803,2017-08-20T17:42:25.733569+00:00,5e8d9609900189b29b660d673a78e015,ca4524f065e8bba6a5dc1dc2659233e4fd13c3dc,50c0e7a18c922bef1a758cff70d55df46913dddc22ca792e1b55b05a5b29c502,N/A,N/A,,https://github.com/notepad-plus-plus/notepad-plus-plus/releases/download/v7.7/npp.7.7.bin.x64.7z
7.7,github,x64,npp.7.7.bin.x64.7z,updater/GUP.exe,GUP.exe,,726160,2019-05-19T11:14:47.001330+00:00,e14e741ee36e0832d1151d5913b0bf58,cb89bef0f0d2f245033270856e2e9eaac7e49c5a,701280eb38cd2b75aa5a894cfdd59f8ba34748c8933410f33ab9029c12316256,N/A,N/A,,https://github.com/notepad-plus-plus/notepad-plus-plus/releases/download/v7.7/npp.7.7.bin.x64.7z
7.7,github,x64,npp.7.7.bin.x64.7z,updater/gup.xml,gup.xml,,4267,2018-12-27T00:44:15.868335+00:00,b023cc4d768b34a5401f317479740a53,4ca45db707b120bca9cb6cd8404b9e6ecabdb2d2,d3e6404c7286961cbab82d4c49f82bcb166db9b5a13eacaa0eeb59a0709a0c14,N/A,N/A,,https://github.com/notepad-plus-plus/notepad-plus-plus/releases/download/v7.7/npp.7.7.bin.x64.7z
7.7,github,x64,npp.7.7.bin.x64.7z,localization/hebrew.xml,hebrew.xml,,22740,2018-12-09T18:22:22.918496+00:00,07c8ebe76b6352401c0e9c84956d727f,fb14d93db71d0d4b3f25c275fc57d615ce7446c4,58585868a8164b247c53ad3646076e3404a4fd854ee3632ca9841c1ba3d210d6,N/A,N/A,,https://github.com/notepad-plus-plus/notepad-plus-plus/releases/download/v7.7/npp.7.7.bin.x64.7z
7.7,github,x64,npp.7.7.bin.x64.7z,themes/Hello Kitty.xml,Hello Kitty.xml,,88699,2019-05-08T23:22:36.270591+00:00,e6b4071a8cd98356d4b31f8e0bfb5a96,3039f20b7679d0c4e54d1e2e2186d60be370a086,866a968dea85a427b7ef9b08c6cd93faf2c7c11472e95c9c6c529e0887b921b9,N/A,N/A,,https://github.com/notepad-plus-plus/notepad-plus-plus/releases/download/v7.7/npp.7.7.bin.x64.7z
7.7,github,x64,npp.7.7.bin.x64.7z,localization/hindi.xml,hindi.xml,,99515,2019-03-26T23:11:19.868253+00:00,f2926d2f1b4ebcd8d66b8ed0a3490763,895138e8bdadc7b3ee5b1e3f68292bb30c0f532f,22fa20d7c7d0f4f51574ae03bdd1e43c6d35b44242d72d65bec23f5a01164248,N/A,N/A,,https://github.com/notepad-plus-plus/notepad-plus-plus/releases/download/v7.7/npp.7.7.bin.x64.7z
7.7,github,x64,npp.7.7.bin.x64.7z,themes/HotFudgeSundae.xml,HotFudgeSundae.xml,,109386,2017-08-24T07:58:40.292904+00:00,08af674d077816afe25a544c5649fc02,8c7ae78900ee1dea982172be2697302301ee7014,25ee53a8faca5f8250a5180b620c579b747b803a2bc03bf4e0c5b8bc495c174f,N/A,N/A,,https://github.com/notepad-plus-plus/notepad-plus-plus/releases/download/v7.7/npp.7.7.bin.x64.7z
7.7,github,x64,npp.7.7.bin.x64.7z,autoCompletion/html.xml,html.xml,,19497,2018-12-25T17:16:55.601803+00:00,4025e1158c027cf56c2625e65eb724ec,439fea1f13f3a35d2c3176d99db0327a6d216d3f,4300b3a71f387c91548984d017033884e176546ad5b74bac2e4df59caa163530,N/A,N/A,,https://github.com/notepad-plus-plus/notepad-plus-plus/releases/download/v7.7/npp.7.7.bin.x64.7z
7.7,github,x64,npp.7.7.bin.x64.7z,localization/hungarian.xml,hungarian.xml,,79901,2019-03-01T00:05:47.191790+00:00,b49cd98b5a75f5a2320427653a1a1782,0b627a98f94832eea57dd0dd0e90eb191d0030ab,951a0bd8e663bf9a43dbc7e083d7de92defab68836a07422033e4915765b1a86,N/A,N/A,,https://github.com/notepad-plus-plus/notepad-plus-plus/releases/download/v7.7/npp.7.7.bin.x64.7z
7.7,github,x64,npp.7.7.bin.x64.7z,localization/indonesian.xml,indonesian.xml,,64183,2018-10-05T00:32:05.883964+00:00,258f097d09f9878310e7900bb35cbff3,ea2c9449f1e95c545b20d9c42df9cdbdaf2de2ab,bf7292893bd1700d22e328c4b542929122a027e504a179d7270637e5476befe5,N/A,N/A,,https://github.com/notepad-plus-plus/notepad-plus-plus/releases/download/v7.7/npp.7.7.bin.x64.7z
7.7,github,x64,npp.7.7.bin.x64.7z,localization/italian.xml,italian.xml,,84637,2019-03-26T23:11:19.870247+00:00,384f12abbc790c175e57f873f3becfb2,db7ed9fce3a9494d5d11116827615b9961b6b13f,500cfbf34b04f1299e61fe1473b73e0963024c53e6435e719b23298138d1d338,N/A,N/A,,https://github.com/notepad-plus-plus/notepad-plus-plus/releases/download/v7.7/npp.7.7.bin.x64.7z
7.7,github,x64,npp.7.7.bin.x64.7z,localization/japanese.xml,japanese.xml,,84903,2019-04-03T19:06:20.480392+00:00,76e62d9c62bea373eb90bebf31da09e8,7514df99a12775853ae30a5d37e4167f865ee262,5333dbb1359c8428750442aa18279a4eb1f72e4568f1d43a4c2277ca825a5420,N/A,N/A,,https://github.com/notepad-plus-plus/notepad-plus-plus/releases/download/v7.7/npp.7.7.bin.x64.7z
7.7,github,x64,npp.7.7.bin.x64.7z,autoCompletion/java.xml,java.xml,,205366,2017-05-09T07:28:59.549744+00:00,4690cead3d2bffe2ed519f6ea5002266,dabc1ba868dc058b06dd426365c83bf5ff5bf716,862a83be2906ce28b6d3f1fdfb589d18cd6e971a7eaa51a1c7096cfff929b35b,N/A,N/A,,https://github.com/notepad-plus-plus/notepad-plus-plus/releases/download/v7.7/npp.7.7.bin.x64.7z
7.7,github,x64,npp.7.7.bin.x64.7z,autoCompletion/javascript.xml,javascript.xml,,23318,2018-12-09T18:22:22.903537+00:00,30fc91a7c5194ef8d67e1c7e2fd6f697,f9e48cccfa5df44219a6d4a9a1af6083679f097e,7f0564f983478207754a58e66ee6865b8699bd3b9f4fd5c385126d46d7148831,N/A,N/A,,https://github.com/notepad-plus-plus/notepad-plus-plus/releases/download/v7.7/npp.7.7.bin.x64.7z
7.7,github,x64,npp.7.7.bin.x64.7z,localization/kabyle.xml,kabyle.xml,,50327,2017-08-20T17:42:25.813696+00:00,ec924dd39f1e36164ef4e93cd5883a2d,3a159ce0c072be9094b589d6711a4b6dfe878487,56714b11409a13fcd706f2d73674919a0bb70c80c7ec18eccf865ad67ad7b48f,N/A,N/A,,https://github.com/notepad-plus-plus/notepad-plus-plus/releases/download/v7.7/npp.7.7.bin.x64.7z
7.7,github,x64,npp.7.7.bin.x64.7z,localization/kannada.xml,kannada.xml,,74866,2017-08-20T17:42:25.828578+00:00,f0baf174376d1811fd49d05ace8eb0c6,8ca7735e04fd0ef605adc26912dc9b2fc54982a4,99f75ff79aad8084802bf1d52e7dc78eef18194d399c5248eb205db85348955d,N/A,N/A,,https://github.com/notepad-plus-plus/notepad-plus-plus/releases/download/v7.7/npp.7.7.bin.x64.7z
7.7,github,x64,npp.7.7.bin.x64.7z,localization/kazakh.xml,kazakh.xml,,33034,2017-08-20T17:40:41.076773+00:00,42d3d22d81645a44258aa730177896db,65593cc51fa72d9715c4c37028a2a95e84b3dcdb,3942e9c344acae7caa9d28a758b4df80c1211bab80ac88d81449101f9b943c66,N/A,N/A,,https://github.com/notepad-plus-plus/notepad-plus-plus/releases/download/v7.7/npp.7.7.bin.x64.7z
7.7,github,x64,npp.7.7.bin.x64.7z,themes/khaki.xml,khaki.xml,,107169,2017-08-24T07:58:40.314486+00:00,54ac8aa70fd79be9c96e5851c785b12d,8b79013088989dceacca425b34e3b489b22385f1,88ddd3505670b0ae2c707445fdb0f4b1ef87e0730c3e389e0e660ea3e5eec515,N/A,N/A,,https://github.com/notepad-plus-plus/notepad-plus-plus/releases/download/v7.7/npp.7.7.bin.x64.7z
7.7,github,x64,npp.7.7.bin.x64.7z,localization/korean.xml,korean.xml,,47363,2017-08-20T17:42:25.869315+00:00,a81c00ae49aeb5c5ded60220e6e42199,39ac3b19b7f7917aab593fc1f157225b5575910a,50b2b6820683551838ea1533d21624dac75daded6ce9d4227153a4f2986cdf4d,N/A,N/A,,https://github.com/notepad-plus-plus/notepad-plus-plus/releases/download/v7.7/npp.7.7.bin.x64.7z
7.7,github,x64,npp.7.7.bin.x64.7z,localization/kurdish.xml,kurdish.xml,,62866,2019-03-26T23:11:19.873271+00:00,713c7613217038dead56ba13741d70b5,3d5216e5e8fafbab894def07aa312a466e1ee789,6a54a7235f8f4cbf5cb4c34f6bdf0bf9ee0d7e3ac62654d5c46e2fdf71868593,N/A,N/A,,https://github.com/notepad-plus-plus/notepad-plus-plus/releases/download/v7.7/npp.7.7.bin.x64.7z
7.7,github,x64,npp.7.7.bin.x64.7z,localization/kyrgyz.xml,kyrgyz.xml,,38731,2017-08-20T17:40:41.099834+00:00,ad3a31d477ad1e09dc3f6911c1f50d1e,cefc20836cbc0e78eb0291948eadbdf09b21a838,4964c0b9f36b7fec44ec0805ba153d88293311cd703680719187cdaa68fbd090,N/A,N/A,,https://github.com/notepad-plus-plus/notepad-plus-plus/releases/download/v7.7/npp.7.7.bin.x64.7z
7.7,github,x64,npp.7.7.bin.x64.7z,langs.model.xml,langs.model.xml,,328230,2019-05-08T23:22:36.583611+00:00,f954e146e5899d06aa8f87f55b1a4b5e,1df9202eaa7f3f3e17dc7001e773b93e227aa9b7,4eafe54965ab3357d528614964d233d71c7c9daa41394b07d4c775b5c2979297,N/A,N/A,,https://github.com/notepad-plus-plus/notepad-plus-plus/releases/download/v7.7/npp.7.7.bin.x64.7z
7.7,github,x64,npp.7.7.bin.x64.7z,localization/latvian.xml,latvian.xml,,46317,2017-08-20T17:42:25.890348+00:00,170d9e9a92a604a309259d3d6f3b9bb6,b782debe9d50b17d2124295befc43bf8b0349eac,bbaa6bc087ab351b182d204a60eab8bc93bd5e75ca2a4a4eaf80b1d5e0fec59b,N/A,N/A,,https://github.com/notepad-plus-plus/notepad-plus-plus/releases/download/v7.7/npp.7.7.bin.x64.7z
7.7,github,x64,npp.7.7.bin.x64.7z,updater/libcurl.dll,libcurl.dll,,545936,2019-05-19T11:14:53.890665+00:00,9521d01a2166dfd81776f4e62b5bebde,7af6d2746ffffc528ceb39925212b12e6805e5cb,f1fc93f6d85f8fcd1b4c850c1f461742d7553303b96ef20274e83d7eb5aa9a07,N/A,N/A,,https://github.com/notepad-plus-plus/notepad-plus-plus/releases/download/v7.7/npp.7.7.bin.x64.7z
7.7,github,x64,npp.7.7.bin.x64.7z,updater/LICENSE,LICENSE,,7804,2018-12-27T00:44:16.015949+00:00,8e3494bf8cf1967afd3b1016fbbe5bb0,b1608abb6e19ef60f4b9c52f6e05bf81cc97d0c2,319917f5ccd09878db6f67c9a77dee846055644ca49eb535628b9e020a87261e,N/A,N/A,,https://github.com/notepad-plus-plus/notepad-plus-plus/releases/download/v7.7/npp.7.7.bin.x64.7z
7.7,github,x64,npp.7.7.bin.x64.7z,license.txt,license.txt,,16885,2016-12-26T22:10:43.405127+00:00,6a0438c04e6553dfb631636dbdb199a1,1fb5eb9da193f6a474ea1ae754d69cbe6fcd2b48,da59bed2b60d1ba57830d1bb71e5993de37c6085b2d86e41ec43938467234c55,N/A,N/A,,https://github.com/notepad-plus-plus/notepad-plus-plus/releases/download/v7.7/npp.7.7.bin.x64.7z
7.7,github,x64,npp.7.7.bin.x64.7z,localization/ligurian.xml,ligurian.xml,,34480,2017-08-20T17:40:41.121866+00:00,58a86031153e6bd8ae1ad5bf80fcc894,656cedf73e8d40797a43980fd1801f6501b036c4,5fad85ea1c785dca218106e2b409c20b3cb103e8cdc87c542aae5d630599c33b,N/A,N/A,,https://github.com/notepad-plus-plus/notepad-plus-plus/releases/download/v7.7/npp.7.7.bin.x64.7z
7.7,github,x64,npp.7.7.bin.x64.7z,autoCompletion/lisp.xml,lisp.xml,,16208,2016-12-26T22:10:43.620377+00:00,310ae71e554b99a4c71b546097de55c0,8433177f8656755b0f79d96188f3de085520d75e,83478867f319bf093ce02f0c98a88b183862c235025580cca9ec7a9515521833,N/A,N/A,,https://github.com/notepad-plus-plus/notepad-plus-plus/releases/download/v7.7/npp.7.7.bin.x64.7z
7.7,github,x64,npp.7.7.bin.x64.7z,localization/lithuanian.xml,lithuanian.xml,,76856,2018-10-05T00:32:05.898928+00:00,98f5a618f8cf3ca48774c15ca95bc2bb,0b7d75e1c4f5bf67e31c44cd26b01a5cee1765f5,fb94b9381592015b27e12358c44a522409ec5c180fec694b2ddceff960294d0c,N/A,N/A,,https://github.com/notepad-plus-plus/notepad-plus-plus/releases/download/v7.7/npp.7.7.bin.x64.7z
7.7,github,x64,npp.7.7.bin.x64.7z,autoCompletion/lua.xml,lua.xml,,90490,2018-11-10T18:55:12.357412+00:00,bdb4f044ba52f6a83953ffd659c9252a,25ca6e9f4be716377126ca21f332beefef8f1549,3daa67cc9dd0370566566ce0492597a3698b7d9edd361a759c58e1fbd7abb349,N/A,N/A,,https://github.com/notepad-plus-plus/notepad-plus-plus/releases/download/v7.7/npp.7.7.bin.x64.7z
7.7,github,x64,npp.7.7.bin.x64.7z,localization/luxembourgish.xml,luxembourgish.xml,,25260,2017-08-20T17:40:41.142960+00:00,cc2d7d26c9d221def534845ec7453ddb,b40b675c5a5c10c8a393714f483aa515be4a5f8d,b73cb0703537af9d58c2e1f040f2e7f741199eef954d5e109eb301fc4498ffe0,N/A,N/A,,https://github.com/notepad-plus-plus/notepad-plus-plus/releases/download/v7.7/npp.7.7.bin.x64.7z
7.7,github,x64,npp.7.7.bin.x64.7z,localization/macedonian.xml,macedonian.xml,,36460,2016-12-26T22:10:44.046439+00:00,59f590ee75294f37ccb5ed1c7a441a11,7432c800018216193273b59666f26c4a81540ee6,59dbcc4618fa64eebd71808b16b4736b7af8855bef760aec3eb31c6f8f5f470e,N/A,N/A,,https://github.com/notepad-plus-plus/notepad-plus-plus/releases/download/v7.7/npp.7.7.bin.x64.7z
7.7,github,x64,npp.7.7.bin.x64.7z,localization/malay.xml,malay.xml,,19084,2016-12-26T22:10:44.052465+00:00,3158e10e8a9b3c0e84a770f5f11aaa1f,418a6c52704b6c832b80b36adbba45682725c76f,690416e418c9821bfe71805f76d9e18ee39fd092742d173cc9fe595268b131fa,N/A,N/A,,https://github.com/notepad-plus-plus/notepad-plus-plus/releases/download/v7.7/npp.7.7.bin.x64.7z
7.7,github,x64,npp.7.7.bin.x64.7z,localization/marathi.xml,marathi.xml,,48008,2017-08-20T17:40:41.162842+00:00,40a6d310ece1419315c5e98fa1bcc966,14f7f3db9b61845ce840f5af976e88185172afc0,907b949d2aa52365d84978a3c131bd2bad50227e6ecfd135ed112a8567628e25,N/A,N/A,,https://github.com/notepad-plus-plus/notepad-plus-plus/releases/download/v7.7/npp.7.7.bin.x64.7z
7.7,github,x64,npp.7.7.bin.x64.7z,plugins/mimeTools/mimeTools.dll,mimeTools.dll,,120464,2019-05-19T11:15:04.253901+00:00,f696d0bdc56d72540280abb5a8258710,9c788d726318fb5041be9acea07a3b8606ed8511,2ea7d2e28e59e4cb1b0f044249d4c64a8cb2ba7a0d1da1e34cd5c19f400df637,N/A,N/A,,https://github.com/notepad-plus-plus/notepad-plus-plus/releases/download/v7.7/npp.7.7.bin.x64.7z
7.7,github,x64,npp.7.7.bin.x64.7z,localization/mongolian.xml,mongolian.xml,,64376,2017-08-20T17:42:25.932074+00:00,7ff28b9242fe6bd774fcd71fbed5563d,e6de73bce5edb47ebc766bf9818c8fcbf77c8555,5d35c3c2f10b6f6923c0b11bd7d82f569ba6a0a8fb854aac20988c77d35bf934,N/A,N/A,,https://github.com/notepad-plus-plus/notepad-plus-plus/releases/download/v7.7/npp.7.7.bin.x64.7z
7.7,github,x64,npp.7.7.bin.x64.7z,themes/Mono Industrial.xml,Mono Industrial.xml,,90128,2019-05-08T23:22:36.273485+00:00,ecaade568e488c1f88fdc9eb5f4fbb3e,d37340fa4f7076844878c8076b56ecb20a2731f9,2279a563846a6e19b2d67d6a324b8d999c11aaafd9bc79102eb4ed34050fa09b,N/A,N/A,,https://github.com/notepad-plus-plus/notepad-plus-plus/releases/download/v7.7/npp.7.7.bin.x64.7z
7.7,github,x64,npp.7.7.bin.x64.7z,themes/Monokai.xml,Monokai.xml,,88883,2019-05-08T23:22:36.281463+00:00,88eeb7960613b966495fb2115da64c23,32eec0daa12379354700d1c0a2180050437d3711,54ffafe8fad014df7891e9d9a42fefaff45fd88e6c3cd10ccbcc0be3c47e7fff,N/A,N/A,,https://github.com/notepad-plus-plus/notepad-plus-plus/releases/download/v7.7/npp.7.7.bin.x64.7z
7.7,github,x64,npp.7.7.bin.x64.7z,themes/MossyLawn.xml,MossyLawn.xml,,107274,2017-08-24T07:58:40.297883+00:00,43cb3be55f32b17a24db760562375189,f458177d128782c5c8f532adf11ca3a622bcf968,1b19d3658db2e082798bbc52068647cd340331086386d3e1d32a92127e33f155,N/A,N/A,,https://github.com/notepad-plus-plus/notepad-plus-plus/releases/download/v7.7/npp.7.7.bin.x64.7z
7.7,github,x64,npp.7.7.bin.x64.7z,themes/Navajo.xml,Navajo.xml,,107083,2017-08-24T07:58:40.299893+00:00,59d9f682d1bb43b67808846b84d85406,b90b9d77fad09c5cb0e92520ac6b7f551e31d3a3,eaf07e9bb4e1df25759c4a2fbd0469d8dbe098386abeaeef56ada8913a32c7a0,N/A,N/A,,https://github.com/notepad-plus-plus/notepad-plus-plus/releases/download/v7.7/npp.7.7.bin.x64.7z
7.7,github,x64,npp.7.7.bin.x64.7z,localization/norwegian.xml,norwegian.xml,,27778,2016-12-26T22:10:44.066320+00:00,f5519b853316445aab668c1dfd480f87,0f7aab54733b22d514b36ea68e39b0fe215afcbc,bb9a79755d37d449acff570c20e78a9e0c58482414435cf0f493e15e6216fce3,N/A,N/A,,https://github.com/notepad-plus-plus/notepad-plus-plus/releases/download/v7.7/npp.7.7.bin.x64.7z
7.7,github,x64,npp.7.7.bin.x64.7z,notepad++.exe,notepad++.exe,,3559568,2019-05-19T11:14:19.568301+00:00,416033057befb0a4abe6682b4e2939a7,fb5679aa4c3533e5ca9a76c529c88168cbe3cc71,e78b72c2bc7612c8e3f29e4372b3724ad897572347f986d07c42a8407efdec8a,N/A,N/A,,https://github.com/notepad-plus-plus/notepad-plus-plus/releases/download/v7.7/npp.7.7.bin.x64.7z
7.7,github,x64,npp.7.7.bin.x64.7z,plugins/NppConverter/NppConverter.dll,NppConverter.dll,,157328,2019-05-19T11:15:12.121402+00:00,d4668d1e26191967d6eba135b2d5103c,c271d6960009f832b6c29122fe5af1755c20a6e1,b88b59fca31a2211f5a2b2677cd6cc13d65fcb6a1040888415b197a1963f460f,N/A,N/A,,https://github.com/notepad-plus-plus/notepad-plus-plus/releases/download/v7.7/npp.7.7.bin.x64.7z
7.7,github,x64,npp.7.7.bin.x64.7z,plugins/Config/nppPluginList.dll,nppPluginList.dll,,142992,2019-05-19T11:14:40.120333+00:00,cd580cccca0c56945ed8e500a2590c0f,82ad20cff2166a2fc8941211843510bf19727fac,f49375fa3b5a4cecb82018f9e84dcd9c1e2a6dc7f84280fd3774b728d8c1264e,N/A,N/A,,https://github.com/notepad-plus-plus/notepad-plus-plus/releases/download/v7.7/npp.7.7.bin.x64.7z
7.7,github,x64,npp.7.7.bin.x64.7z,autoCompletion/nsis.xml,nsis.xml,,8183,2016-12-26T22:10:43.625372+00:00,7985ac923ccbf94742d29d96c405c843,e77f9a3ef026127de4d47538c1f121c771eb7727,5c1482f16fc8a1b99ec87eb4edef5c1d3f2d1c750f1647416369c6124498ad3e,N/A,N/A,,https://github.com/notepad-plus-plus/notepad-plus-plus/releases/download/v7.7/npp.7.7.bin.x64.7z
7.7,github,x64,npp.7.7.bin.x64.7z,localization/nynorsk.xml,nynorsk.xml,,41202,2017-08-20T17:40:41.189943+00:00,694867a6ade700da42a55da24da74200,d6115de129aa535bc83cce55e1c1ad5a001a5fac,319a9e846a610811fdf12b96bf352e4e07f2d7de5a6bec3000cebc1b1e21a1fe,N/A,N/A,,https://github.com/notepad-plus-plus/notepad-plus-plus/releases/download/v7.7/npp.7.7.bin.x64.7z
7.7,github,x64,npp.7.7.bin.x64.7z,themes/Obsidian.xml,Obsidian.xml,,92518,2017-08-24T07:58:40.301895+00:00,e889bb724c4c0aaf72bd856614b51784,e377c5a899ec1aaec83ec25b88750d2e3460fb17,6964aa7a1a97b591ce974aeccbf889cac3d6068bf2fbe0575505b896e5af4ea0,N/A,N/A,,https://github.com/notepad-plus-plus/notepad-plus-plus/releases/download/v7.7/npp.7.7.bin.x64.7z
7.7,github,x64,npp.7.7.bin.x64.7z,localization/occitan.xml,occitan.xml,,61127,2019-03-26T23:11:19.875935+00:00,282135aa211f86afebb1be689de3480c,80f66a9a2b3ced83c3ddbdd4865734c61a4c0a60,a65ef81488df5ddd0cdcc6e65be1b6992b79197fb7980740a750d2f5f5def463,N/A,N/A,,https://github.com/notepad-plus-plus/notepad-plus-plus/releases/download/v7.7/npp.7.7.bin.x64.7z
7.7,github,x64,npp.7.7.bin.x64.7z,autoCompletion/perl.xml,perl.xml,,14269,2017-12-28T02:55:00.344057+00:00,244eb5c1e91dc112130252fe58e49b13,28ca0a12b3fbc905cd20ebb62199cdb8d03684a5,e38a882b09330b6dbd56a2a4a90882c371a3c3eb7d29ceae9520a647c185b627,N/A,N/A,,https://github.com/notepad-plus-plus/notepad-plus-plus/releases/download/v7.7/npp.7.7.bin.x64.7z
7.7,github,x64,npp.7.7.bin.x64.7z,autoCompletion/php.xml,php.xml,,427929,2016-12-26T22:10:43.642433+00:00,1e9d31476dddc00249463ede7ba491d7,7d6f0047913e58aecf891f24c1e712d269e78bad,43391307f2829b77df05725a13670f6ad0650f8b92b4503cba65d7901e1dda10,N/A,N/A,,https://github.com/notepad-plus-plus/notepad-plus-plus/releases/download/v7.7/npp.7.7.bin.x64.7z
7.7,github,x64,npp.7.7.bin.x64.7z,localization/piglatin.xml,piglatin.xml,,79304,2019-03-05T01:52:36.655945+00:00,e57e7d60833241e6307f5666fb7682cc,bead4f333a93d10902ef227f2295815c533597a8,1fec93f265e064820f37cc450b8cb8c60b9250bffb4bf1612a70e81527068010,N/A,N/A,,https://github.com/notepad-plus-plus/notepad-plus-plus/releases/download/v7.7/npp.7.7.bin.x64.7z
7.7,github,x64,npp.7.7.bin.x64.7z,themes/Plastic Code Wrap.xml,Plastic Code Wrap.xml,,91622,2019-05-08T23:22:36.285452+00:00,8c6532ad258097260613e8eee12e26be,813dee736623c209e6a43aaeccefb01c83efa8da,02ec4f3b24942b75aebfabc5c220bda95bbb95bd1c352a91197c16d4b4a38b35,N/A,N/A,,https://github.com/notepad-plus-plus/notepad-plus-plus/releases/download/v7.7/npp.7.7.bin.x64.7z
7.7,github,x64,npp.7.7.bin.x64.7z,localization/polish.xml,polish.xml,,58814,2018-11-10T18:55:12.361393+00:00,b6fe2b47e9118deeedba46078bad74d3,95172e8b5462aac9493525115564f45314b1fd67,aab6f7be1c52762cd91d7424adeec856beb2aead9051f62b2591657b82618681,N/A,N/A,,https://github.com/notepad-plus-plus/notepad-plus-plus/releases/download/v7.7/npp.7.7.bin.x64.7z
7.7,github,x64,npp.7.7.bin.x64.7z,localization/portuguese.xml,portuguese.xml,,52588,2018-12-09T18:22:22.930436+00:00,bbdcaf6faf7f8548c07f2bb8e617a15e,44c4471d3c963037ce63605e9a7124a0ac36afbf,80b8d3026279141c07722981cc3c6f356674099fd02b8f82b74104fe625e2236,N/A,N/A,,https://github.com/notepad-plus-plus/notepad-plus-plus/releases/download/v7.7/npp.7.7.bin.x64.7z
7.7,github,x64,npp.7.7.bin.x64.7z,localization/punjabi.xml,punjabi.xml,,71006,2017-08-20T17:42:25.988152+00:00,1b2298a7b847f23751010f2b01e7a2ab,adeb00513bc79d24dac85640ac1463988a454a15,e3e009b986ed53654ea1c89d828ba3998039db4fae20a877f097e41a2ebb7771,N/A,N/A,,https://github.com/notepad-plus-plus/notepad-plus-plus/releases/download/v7.7/npp.7.7.bin.x64.7z
7.7,github,x64,npp.7.7.bin.x64.7z,autoCompletion/python.xml,python.xml,,61585,2016-12-26T22:10:43.648414+00:00,7bedd66d0b8a71da1467f63db6184420,c425dd0d93cd23e091ad0623c82d2edde21dbe06,cc27e0ea6542eb7bb249d169f42f9ac6fcbb794c2ef5d85f2b502e124ceef916,N/A,N/A,,https://github.com/notepad-plus-plus/notepad-plus-plus/releases/download/v7.7/npp.7.7.bin.x64.7z
7.7,github,x64,npp.7.7.bin.x64.7z,autoCompletion/rc.xml,rc.xml,,1642,2016-12-26T22:10:43.652428+00:00,12b972b69130e664e50ac111d298379b,413141253cf170a010f7f3a05a9ee1cfd4d37e25,12ad067aa1227b92141bbf9faca8efa74549cff6dabde85899db9272eb7e2dff,N/A,N/A,,https://github.com/notepad-plus-plus/notepad-plus-plus/releases/download/v7.7/npp.7.7.bin.x64.7z
7.7,github,x64,npp.7.7.bin.x64.7z,updater/README.md,README.md,,2991,2018-12-27T00:44:16.110687+00:00,9f56b12cbffcfad543fb1f91e3955f1b,406e1423549a8f5e97d8d8e37d5e7f6f4da8194b,aef40520cf12a0842097e8cfbeb9d9128f52573e5f90ca12d4a0a9045978547e,N/A,N/A,,https://github.com/notepad-plus-plus/notepad-plus-plus/releases/download/v7.7/npp.7.7.bin.x64.7z
7.7,github,x64,npp.7.7.bin.x64.7z,readme.txt,readme.txt,,1450,2016-12-26T22:10:43.409172+00:00,5c52adcd2bcc000a8b4bd5eb36b84cde,b51da3c7700102dad5d71b2a8551320b2529322a,f09758a2c953bdd2b817441e9a00255d3685c99369468c2695f0ca39aaaa5e6b,N/A,N/A,,https://github.com/notepad-plus-plus/notepad-plus-plus/releases/download/v7.7/npp.7.7.bin.x64.7z
7.7,github,x64,npp.7.7.bin.x64.7z,localization/romanian.xml,romanian.xml,,77591,2019-03-05T01:52:36.657938+00:00,a05753edcaceaff2dfe5d6ee4d83bcdb,3da78e19202b218e25ffe95d49a786d256d0a063,955898e29c7a7594e14800ab81f62c5764724b4b2d5869a08e64fff87702601d,N/A,N/A,,https://github.com/notepad-plus-plus/notepad-plus-plus/releases/download/v7.7/npp.7.7.bin.x64.7z
7.7,github,x64,npp.7.7.bin.x64.7z,themes/Ruby Blue.xml,Ruby Blue.xml,,71370,2017-08-24T07:58:40.304954+00:00,10f81f708ea447cbaf4e747594778852,10fde544d8652a88de3929b7a35a744f161adccf,4ae04fc8b9ef5dbd3937031afe05234996b946a126eca0fda8a6294d599354f2,N/A,N/A,,https://github.com/notepad-plus-plus/notepad-plus-plus/releases/download/v7.7/npp.7.7.bin.x64.7z
7.7,github,x64,npp.7.7.bin.x64.7z,localization/russian.xml,russian.xml,,83344,2019-05-13T21:05:14.368502+00:00,435f3d4ae5cff009d5e5ec356042cbe7,57782ad06e3cd108a6e22d58927f04fefd7a8b0c,ab2423bff4feb6c11b5dccf2d35adc4bb4a7046db00e24a66d697540d9519612,N/A,N/A,,https://github.com/notepad-plus-plus/notepad-plus-plus/releases/download/v7.7/npp.7.7.bin.x64.7z
7.7,github,x64,npp.7.7.bin.x64.7z,localization/samogitian.xml,samogitian.xml,,10160,2016-12-26T22:10:44.114584+00:00,ebba131558f344afe63e1c5718d0f7ad,65ba510db37a5d8ef74d1c77ede30fa9cccad299,75eca9974de1fca41651975a92f374660e1a7c273a3d1dab0ef6dd573230878b,N/A,N/A,,https://github.com/notepad-plus-plus/notepad-plus-plus/releases/download/v7.7/npp.7.7.bin.x64.7z
7.7,github,x64,npp.7.7.bin.x64.7z,localization/sardinian.xml,sardinian.xml,,40982,2017-08-20T17:40:41.271018+00:00,064889342004d04b1de62578aa733216,30b21b176b1c031ec472d45ccad41eba239efc52,0169ebd43b3cec4a4f3b0143a2af6f07ec9bf73cb04882a3d4507f01931c08de,N/A,N/A,,https://github.com/notepad-plus-plus/notepad-plus-plus/releases/download/v7.7/npp.7.7.bin.x64.7z
7.7,github,x64,npp.7.7.bin.x64.7z,SciLexer.dll,SciLexer.dll,,1788560,2019-05-19T11:14:26.474815+00:00,b4707bcf8c1b57bfadb813fc3965df79,d6533763b0cbeeae73c549d1849aaf7e0f61067a,08eb92fe872ef6db2ae207597adf7372f337033b03c04e16fd73d74e1a4ac9bd,N/A,N/A,,https://github.com/notepad-plus-plus/notepad-plus-plus/releases/download/v7.7/npp.7.7.bin.x64.7z
7.7,github,x64,npp.7.7.bin.x64.7z,localization/serbian.xml,serbian.xml,,24098,2016-12-26T22:10:44.125648+00:00,174e7dc367ff1c213432b891f11d25bb,e199d3a723bcbb176e9f79969f502658efab0ac7,1a07c6a9c2639fa12bb000f599498ddf84827449afbb7952f4bdc4cf526c2117,N/A,N/A,,https://github.com/notepad-plus-plus/notepad-plus-plus/releases/download/v7.7/npp.7.7.bin.x64.7z
7.7,github,x64,npp.7.7.bin.x64.7z,localization/serbianCyrillic.xml,serbianCyrillic.xml,,47833,2017-08-20T17:40:41.289358+00:00,e6c94316e6d065533305b94e7d5af2bc,3b6f4b424d7321bae1d643bef50ee952d7990ddd,289d7cdd9d9af5b2992e3b0ac38022f91e3d9dc0051e40733983e26e2ddcf594,N/A,N/A,,https://github.com/notepad-plus-plus/notepad-plus-plus/releases/download/v7.7/npp.7.7.bin.x64.7z
7.7,github,x64,npp.7.7.bin.x64.7z,shortcuts.xml,shortcuts.xml,,1800,2019-01-27T02:00:52.459055+00:00,7055e239de97ab9c2ac0b1a5e72325ad,cac8aa8f244dfd955a9a66e5be7da123e6076de8,867759aa7241cb97e982215cea0907e5193e938da8bf188da913ca021ada0d00,N/A,N/A,,https://github.com/notepad-plus-plus/notepad-plus-plus/releases/download/v7.7/npp.7.7.bin.x64.7z
7.7,github,x64,npp.7.7.bin.x64.7z,localization/sinhala.xml,sinhala.xml,,56893,2017-08-20T17:40:41.304229+00:00,9986ce0334af5335ae8c7e5a3cbc818b,384de56d2af7c4941c266bfba7d69518b2b1879d,a8b55a8115a50bd3b7b07c359c49fe7da48a5acf1dacc2c0e3708f6f48636fd6,N/A,N/A,,https://github.com/notepad-plus-plus/notepad-plus-plus/releases/download/v7.7/npp.7.7.bin.x64.7z
7.7,github,x64,npp.7.7.bin.x64.7z,localization/slovak.xml,slovak.xml,,74133,2019-03-05T01:52:36.662924+00:00,e56b5a5257bf4e743e9abb688b9e7215,9807a05639ca5262da524d1d1639e2b98c17d805,52b86604adc29058a0efe7109857cc37cb452fd46f6210467543af2bf81b8b3e,N/A,N/A,,https://github.com/notepad-plus-plus/notepad-plus-plus/releases/download/v7.7/npp.7.7.bin.x64.7z
7.7,github,x64,npp.7.7.bin.x64.7z,localization/slovenian.xml,slovenian.xml,,72270,2019-05-08T23:22:36.226757+00:00,2d0d8cdcb5375130e8cba2061df596ea,2013ad247c515fa341789ec660cccbd5c0a857e0,7b06c50ce90928f455131c070486e2f6f2d6e6ab71fdf7b703ee81ee211bb51e,N/A,N/A,,https://github.com/notepad-plus-plus/notepad-plus-plus/releases/download/v7.7/npp.7.7.bin.x64.7z
7.7,github,x64,npp.7.7.bin.x64.7z,themes/Solarized-light.xml,Solarized-light.xml,,107719,2017-08-24T07:58:40.306462+00:00,d0aa217ea78964bcf9bc9bef90311345,682004951a6a674d19738126388cc252a79ebb9c,01c7d87fcac593bdf943470404cc3a807f6b057267091e7b45ee80b5ba6ef7ae,N/A,N/A,,https://github.com/notepad-plus-plus/notepad-plus-plus/releases/download/v7.7/npp.7.7.bin.x64.7z
7.7,github,x64,npp.7.7.bin.x64.7z,themes/Solarized.xml,Solarized.xml,,107707,2017-08-24T07:58:40.308467+00:00,95ea5938411fb1f1fac33b85482a1549,7b23de30c58535731367d0bc3d9dc14c1ebf8e5b,6cd0ec536d6f6ab2b967cb3968a47264a5b626b6541b57b028fb813806ce6ca6,N/A,N/A,,https://github.com/notepad-plus-plus/notepad-plus-plus/releases/download/v7.7/npp.7.7.bin.x64.7z
7.7,github,x64,npp.7.7.bin.x64.7z,localization/spanish.xml,spanish.xml,,61773,2019-05-08T23:22:36.235734+00:00,822489dc4c8085d014fb508c76289747,f32f69839fe6fa2f15cb6481344b571be132e642,23b6520c0d7b3d7e80086b0714f0668a08e6b0dbea7a493cb0e320b8c552be02,N/A,N/A,,https://github.com/notepad-plus-plus/notepad-plus-plus/releases/download/v7.7/npp.7.7.bin.x64.7z
7.7,github,x64,npp.7.7.bin.x64.7z,localization/spanish_ar.xml,spanish_ar.xml,,45235,2017-08-20T17:42:26.087522+00:00,e6e44ee7c6b6a0ff89f0fe490f3c11fc,a3cc69b4ea7148ab45a5c907d3b0a45da166b65a,2fadeca7c44132ef9a9243bd67eee23c93a25f96bc6c80b81d527d18128d284d,N/A,N/A,,https://github.com/notepad-plus-plus/notepad-plus-plus/releases/download/v7.7/npp.7.7.bin.x64.7z
7.7,github,x64,npp.7.7.bin.x64.7z,autoCompletion/sql.xml,sql.xml,,67952,2016-12-26T22:10:43.658459+00:00,056b92b4d2e16984505990cf379b5486,7571c99732917dad3dd465f29d5bf28619a09fa7,620fe159db5ce323b78b4768f9f6a3a95ca2c4fa4806ea5145afadac21dcc74d,N/A,N/A,,https://github.com/notepad-plus-plus/notepad-plus-plus/releases/download/v7.7/npp.7.7.bin.x64.7z
7.7,github,x64,npp.7.7.bin.x64.7z,stylers.model.xml,stylers.model.xml,,165570,2018-12-09T18:22:22.991284+00:00,cb27bdda10cb78aa57032f34f0edc3a2,2da713efbfcf94e319306a8da0a8b8579fd1e599,fb189953648780dd1d038c918d6165b72fdab0499170eec63cf961a9e68ed165,N/A,N/A,,https://github.com/notepad-plus-plus/notepad-plus-plus/releases/download/v7.7/npp.7.7.bin.x64.7z
7.7,github,x64,npp.7.7.bin.x64.7z,localization/swedish.xml,swedish.xml,,59422,2018-12-09T18:22:22.935418+00:00,3dd7cb019156fbfca56b9eb9c5ddf50a,360b640ad7e37d599d65c93a45f2da2867b39506,053bbba683ea3d1d54602972495c90728a45a4affa10eb816cdba7e9494f3e72,N/A,N/A,,https://github.com/notepad-plus-plus/notepad-plus-plus/releases/download/v7.7/npp.7.7.bin.x64.7z
7.7,github,x64,npp.7.7.bin.x64.7z,localization/tagalog.xml,tagalog.xml,,30395,2016-12-26T22:10:44.167583+00:00,04e3e27d9d635c6b23c8e40dcbbdd442,c66e2dc153c22a445dae0df2bdf3c1693b4ad03e,047c63c449c5e2a9a4f97637c741eb07e6ec034bc829d85c6565bb0292c1cd72,N/A,N/A,,https://github.com/notepad-plus-plus/notepad-plus-plus/releases/download/v7.7/npp.7.7.bin.x64.7z
7.7,github,x64,npp.7.7.bin.x64.7z,localization/tajikCyrillic.xml,tajikCyrillic.xml,,66798,2017-08-20T17:42:26.121326+00:00,c28fc035726b0fe6f56c129d87c2aabc,3cdcfd5e06e905032f0119b5cec8dd8e011fa21c,70a7f699ee317a25cb74524995037b145477b4df0c39d674381ff5c8895fb63f,N/A,N/A,,https://github.com/notepad-plus-plus/notepad-plus-plus/releases/download/v7.7/npp.7.7.bin.x64.7z
7.7,github,x64,npp.7.7.bin.x64.7z,localization/tamil.xml,tamil.xml,,54196,2017-08-20T17:40:41.427488+00:00,abc0ae5ed0002512221d682263e41204,7a7533274855ceff9a604d6cd36192cc68f2c416,e23759fd6d60ef9728b620a1a8316fc049ccbf93445a91a1a85d27c4e25f3f15,N/A,N/A,,https://github.com/notepad-plus-plus/notepad-plus-plus/releases/download/v7.7/npp.7.7.bin.x64.7z
7.7,github,x64,npp.7.7.bin.x64.7z,localization/tatar.xml,tatar.xml,,71641,2017-08-20T17:42:26.139525+00:00,84c32874e0fbc009202c86781cf6a6b6,93f81be4ed8bd098f4384290f0286b55abbd5885,0b20a37e6512a5a3e0c92075db9eb179a156e5e20f9fe52c3260daf8c77825a3,N/A,N/A,,https://github.com/notepad-plus-plus/notepad-plus-plus/releases/download/v7.7/npp.7.7.bin.x64.7z
7.7,github,x64,npp.7.7.bin.x64.7z,localization/telugu.xml,telugu.xml,,53577,2017-08-20T17:40:41.456494+00:00,a8b6a302f3bda0eeae95e5214df33ec4,975e8e7ac8258c4f8c4050743debe980a9864e4f,82b4b16ee06e668e4ff30e71fcbf42623cf30dc14177c570a7ad1f47c0284e0c,N/A,N/A,,https://github.com/notepad-plus-plus/notepad-plus-plus/releases/download/v7.7/npp.7.7.bin.x64.7z
7.7,github,x64,npp.7.7.bin.x64.7z,autoCompletion/tex.xml,tex.xml,,67871,2017-12-28T02:55:00.351580+00:00,03f74d2063099160e73faa1a5dee7f9a,89a19baacde3f98c9439861a52239df8c5e964ba,d19fe5a6b68b50e0820641489fd73368ba4ba58adb07948e39073ddce8e08d37,N/A,N/A,,https://github.com/notepad-plus-plus/notepad-plus-plus/releases/download/v7.7/npp.7.7.bin.x64.7z
7.7,github,x64,npp.7.7.bin.x64.7z,localization/thai.xml,thai.xml,,41406,2017-08-20T17:40:41.469535+00:00,8d02b72cdcce6c5a4db56eebba394824,259babbea022717b773d10704f61fb285e800730,8ce450bcfd9b9617f4e0969ad4e201480b255d473cb1383c90761cc28cbd7ecc,N/A,N/A,,https://github.com/notepad-plus-plus/notepad-plus-plus/releases/download/v7.7/npp.7.7.bin.x64.7z
7.7,github,x64,npp.7.7.bin.x64.7z,localization/turkish.xml,turkish.xml,,65738,2019-05-08T23:22:36.246703+00:00,6b5d7190e9af58c43afcbe80807b3e0f,280fea4a7f6ac9469965f2e726bfda2c24091bef,e315dadbca8df57b80ba1ee3f2c685b201a29399e736c97debf82a9789183ba9,N/A,N/A,,https://github.com/notepad-plus-plus/notepad-plus-plus/releases/download/v7.7/npp.7.7.bin.x64.7z
7.7,github,x64,npp.7.7.bin.x64.7z,themes/Twilight.xml,Twilight.xml,,89933,2017-08-24T07:58:40.309971+00:00,7f4115aa0366820a94d240384e7d2948,cd079ad3e4036df7ac6e4f9007d2036a692535fb,dff5d4b5390387e086407a456b687afef5fb00430a2d6755b614b9b536ed2f3f,N/A,N/A,,https://github.com/notepad-plus-plus/notepad-plus-plus/releases/download/v7.7/npp.7.7.bin.x64.7z
7.7,github,x64,npp.7.7.bin.x64.7z,localization/ukrainian.xml,ukrainian.xml,,95203,2019-05-13T21:05:14.371493+00:00,2ad1d6c0d74e402c854df769a8196880,f985b2e0d9e86d0dfe39d87edab71eff961cc895,38d0e8cccb1030ba3314511573ed58fcf9ad24d32de8110f6fced82262585b4d,N/A,N/A,,https://github.com/notepad-plus-plus/notepad-plus-plus/releases/download/v7.7/npp.7.7.bin.x64.7z
7.7,github,x64,npp.7.7.bin.x64.7z,localization/urdu.xml,urdu.xml,,15657,2016-12-26T22:10:44.210970+00:00,cf965dfcf2257d8046c453ac36fcf65e,ac650afe9e15fec6e0e3e87bc999c2d9350ab461,0b685abaea6232f3e99d563f01613161251e51aba6a62d83cb306aa5f2d396d5,N/A,N/A,,https://github.com/notepad-plus-plus/notepad-plus-plus/releases/download/v7.7/npp.7.7.bin.x64.7z
7.7,github,x64,npp.7.7.bin.x64.7z,userDefineLangs/userDefinedLang-markdown.default.modern.xml,userDefinedLang-markdown.default.modern.xml,,5440,2019-03-05T01:52:36.627021+00:00,e6edb9c859b5b97800da9c664a0606c8,a0529bfe949f37d87349f89e44ac03a0f39d90c6,b7a3e70c69f661e76cc7b6279db21fb32f275a8a3c205a75ae22e40224136031,N/A,N/A,,https://github.com/notepad-plus-plus/notepad-plus-plus/releases/download/v7.7/npp.7.7.bin.x64.7z
7.7,github,x64,npp.7.7.bin.x64.7z,localization/uyghur.xml,uyghur.xml,,47848,2018-01-28T21:48:40.466342+00:00,a5d2661cab9fae284200b5cd84496b41,fa6cfe413495f354ad0d72e9660f04ce05a6556d,f5d24a6c678b1b54539adeafd2bc2697738f44cea6c184fa442980f1440e5afd,N/A,N/A,,https://github.com/notepad-plus-plus/notepad-plus-plus/releases/download/v7.7/npp.7.7.bin.x64.7z
7.7,github,x64,npp.7.7.bin.x64.7z,localization/uzbek.xml,uzbek.xml,,67937,2019-05-08T23:22:36.249695+00:00,8d5d53622c0bd306f5bcbd785328ead3,3aeda8d64f29c15efcbc270ea06bb8100245087f,1e94b2d6c7a0f3a29ed7065a592fab68ffcb442f6b6eb7a78f4f875c689dadd6,N/A,N/A,,https://github.com/notepad-plus-plus/notepad-plus-plus/releases/download/v7.7/npp.7.7.bin.x64.7z
7.7,github,x64,npp.7.7.bin.x64.7z,localization/uzbekCyrillic.xml,uzbekCyrillic.xml,,35714,2017-08-20T17:40:41.544199+00:00,71b7ce4804f337f3d5c4fea4a0733691,f4446df6fbeb19c93869205750991261d3a1ac7b,380e17fd360658921ea937043e540b2af642a7307be691f5c58b825623b61a99,N/A,N/A,,https://github.com/notepad-plus-plus/notepad-plus-plus/releases/download/v7.7/npp.7.7.bin.x64.7z
7.7,github,x64,npp.7.7.bin.x64.7z,autoCompletion/vb.xml,vb.xml,,17197,2017-12-28T02:55:00.358594+00:00,cb6d0cff9916fa1eae0a4faafc9db82a,0bb7663a45ac8a0e8ed5ee3296f7fedc24c4a3e6,74b6701e0c8f2c92eedd563165b61d4813f519f3747b67b3a043a4b85de41401,N/A,N/A,,https://github.com/notepad-plus-plus/notepad-plus-plus/releases/download/v7.7/npp.7.7.bin.x64.7z
7.7,github,x64,npp.7.7.bin.x64.7z,autoCompletion/vhdl.xml,vhdl.xml,,2632,2016-12-26T22:10:43.671560+00:00,1ba07e9e9c7ccbf095fee8c248375527,668325f597bb9fa517e41f304f07c5d0a0421160,29967c6650ce9fce73b7b9dda3390ae3b5cff4ad8ef2265f2c6980da55f42f97,N/A,N/A,,https://github.com/notepad-plus-plus/notepad-plus-plus/releases/download/v7.7/npp.7.7.bin.x64.7z
7.7,github,x64,npp.7.7.bin.x64.7z,themes/Vibrant Ink.xml,Vibrant Ink.xml,,87917,2019-05-08T23:22:36.289442+00:00,b05d33b041955fd401ccb2f31466f7c5,322df6af28a58a79081e5f6c1ee48bbaa4fee3dd,d4507c1a946e400e49051591b8059e479f82e889a48afb47398510d8975959d3,N/A,N/A,,https://github.com/notepad-plus-plus/notepad-plus-plus/releases/download/v7.7/npp.7.7.bin.x64.7z
7.7,github,x64,npp.7.7.bin.x64.7z,localization/vietnamese.xml,vietnamese.xml,,52737,2017-08-20T17:42:26.208032+00:00,4648aecae4e9d1df3ca32d9a0cba8fed,ace0c0282c1e0dc6facfd3277994a50410e619c8,747d88fd1df6f7a703fdd0904b50ff32c3d6d2d26203e0ae07b44786b44a9961,N/A,N/A,,https://github.com/notepad-plus-plus/notepad-plus-plus/releases/download/v7.7/npp.7.7.bin.x64.7z
7.7,github,x64,npp.7.7.bin.x64.7z,themes/vim Dark Blue.xml,vim Dark Blue.xml,,88104,2019-05-08T23:22:36.295500+00:00,a100ed60e3b7c4de0ee79196595a2a5a,d50e1590fe9d220cc8e5fbce6d8331899b730841,86c282817efbbde7eee56d846fcd3e28f85c02e41ccc1464d16efbf905e1dbc3,N/A,N/A,,https://github.com/notepad-plus-plus/notepad-plus-plus/releases/download/v7.7/npp.7.7.bin.x64.7z
7.7,github,x64,npp.7.7.bin.x64.7z,localization/welsh.xml,welsh.xml,,53261,2017-08-20T17:42:26.222941+00:00,538acafd2ef4e67581a908f970838626,98c8498903c60d46035a3ec22a3c559311451754,11fd56a75e14493a7305d6cd2aa79dd6990465eb0dec8bdf6354dd6e5db35634,N/A,N/A,,https://github.com/notepad-plus-plus/notepad-plus-plus/releases/download/v7.7/npp.7.7.bin.x64.7z
7.7,github,x64,npp.7.7.bin.x64.7z,autoCompletion/xml.xml,xml.xml,,12024,2016-12-26T22:10:43.676850+00:00,432b0a7d34b59ad7512c347f8670ff23,d4ff6d0b283f7b2b8d1792b0c9671d9afb43d3f7,7cdfb59901b0dbda488745f9bd749ce9a1c3e228931162e3a5764c5674330601,N/A,N/A,,https://github.com/notepad-plus-plus/notepad-plus-plus/releases/download/v7.7/npp.7.7.bin.x64.7z
7.7,github,x64,npp.7.7.bin.x64.7z,themes/Zenburn.xml,Zenburn.xml,,103030,2019-03-05T01:52:36.677885+00:00,d493b95a290a7a5a1aa22690db984d99,30b9470cb13ae5543be22144a848f98b7a4798b3,0f2870aa82ed87c920d7cb82ab8f232820fbcfa0c98b22b1e87dd18eee8a4661,N/A,N/A,,https://github.com/notepad-plus-plus/notepad-plus-plus/releases/download/v7.7/npp.7.7.bin.x64.7z
7.7,github,x64,npp.7.7.bin.x64.7z,localization/zulu.xml,zulu.xml,,72870,2019-03-26T23:11:19.879946+00:00,9440a55f71dac040b123de16d6557951,3c418d94e534013fe52e2a85ddac821b3ae89b40,16ef44efd21a556cfed5aa07b70437a16016754fcd3ce2a9e7048061716591df,N/A,N/A,,https://github.com/notepad-plus-plus/notepad-plus-plus/releases/download/v7.7/npp.7.7.bin.x64.7z
7.7,github,x64,npp.7.7.bin.x64.zip,,npp.7.7.bin.x64.zip,,4489252,2021-12-07T19:40:07+00:00,6dd883d026276729f2ff05f10877f1e8,16883325b634b847cf5b5eadb36af5b170dcfd46,cd44784beb3b9af53a8c0a68a0ce93be4c4e5e534be039db0495e975e2ff4244,MATCH,MATCH,,https://github.com/notepad-plus-plus/notepad-plus-plus/releases/download/v7.7/npp.7.7.bin.x64.zip
7.7,github,x64,npp.7.7.bin.x64.zip,autoCompletion/actionscript.xml,actionscript.xml,,20752,2017-12-28T02:55:00.321495+00:00,f8876462309eeb4204eaaf5777dc4eea,167b0f169340f0cf7d2a53d0f4c4b20f694ff12a,7bdab6f3b572773331a17bfbb6cc4bbd71dfd89e4f11e404b7466925678a3a26,N/A,N/A,,https://github.com/notepad-plus-plus/notepad-plus-plus/releases/download/v7.7/npp.7.7.bin.x64.zip
7.7,github,x64,npp.7.7.bin.x64.zip,localization/afrikaans.xml,afrikaans.xml,,29077,2016-12-26T22:10:43.769673+00:00,c2f475cc2b49d3aee490c9059529744a,621e81e87c6c8d45a6be6bc69108d8ab13e2d5a6,5d285d98f8891bcf73a770fde00c3215062842224b81c4e70537569712f84570,N/A,N/A,,https://github.com/notepad-plus-plus/notepad-plus-plus/releases/download/v7.7/npp.7.7.bin.x64.zip
7.7,github,x64,npp.7.7.bin.x64.zip,localization/albanian.xml,albanian.xml,,57197,2017-08-20T17:42:25.395692+00:00,5803d49d9a1320f50394a0ab36c427b6,6f29668d5d3101d86a6ec34d3087c7cd5e5fdc64,508ddd0bd359666186a34b1249b55de31062f2eb4323bce01409e602e7fc0b64,N/A,N/A,,https://github.com/notepad-plus-plus/notepad-plus-plus/releases/download/v7.7/npp.7.7.bin.x64.zip
7.7,github,x64,npp.7.7.bin.x64.zip,localization/arabic.xml,arabic.xml,,86770,2018-10-05T00:32:05.819137+00:00,4c43fa51c53e259e9c0df42eab235849,6af39eb260e24144dc3491e9083a3d615e977775,f4bb70b47614e639d2035ecf94e4f74413312f7ae593d60a916d940cf3639554,N/A,N/A,,https://github.com/notepad-plus-plus/notepad-plus-plus/releases/download/v7.7/npp.7.7.bin.x64.zip
7.7,github,x64,npp.7.7.bin.x64.zip,localization/aragonese.xml,aragonese.xml,,49810,2017-08-20T17:42:25.412736+00:00,ff161db746ade330439882ba0640d2ea,1a9109c96486d1f4ee48336f66c0be93cf2725a3,1db8eeb9c6cae8705cacfc3043a7556678e9ed52162fb8ec536c5befc19343a9,N/A,N/A,,https://github.com/notepad-plus-plus/notepad-plus-plus/releases/download/v7.7/npp.7.7.bin.x64.zip
7.7,github,x64,npp.7.7.bin.x64.zip,localization/aranese.xml,aranese.xml,,20821,2016-12-26T22:10:43.795718+00:00,333a18acb93ba083e86679c065b69d15,cb874355fb8e495a2b0b0dcf8868df287ec6a342,de5da809aa6e44c4e6a01c3b5fb7da5a66d9683cb905416f3fcff2ed413ea7c6,N/A,N/A,,https://github.com/notepad-plus-plus/notepad-plus-plus/releases/download/v7.7/npp.7.7.bin.x64.zip
7.7,github,x64,npp.7.7.bin.x64.zip,autoCompletion/autoit.xml,autoit.xml,,738721,2018-12-09T18:22:22.898518+00:00,24091974377d7e76106add1210d5853a,7663d568323f753fb62c15f684eea1ff9014ce5b,07cb7ea3f8d1eee1142bcdf876e29f14e6ae2a72ef28f2310263da531c7e8711,N/A,N/A,,https://github.com/notepad-plus-plus/notepad-plus-plus/releases/download/v7.7/npp.7.7.bin.x64.zip
7.7,github,x64,npp.7.7.bin.x64.zip,localization/azerbaijani.xml,azerbaijani.xml,,35482,2017-08-20T17:40:40.621097+00:00,8cd5c70b03ef9c48585c06fa149f9fcd,4fb0a331d184579444326c6910742ad4b0cbb5a1,d2e185e9c8b1e7d994dcb3b44748f1b499f18ca22a573f452a9b0d791344c448,N/A,N/A,,https://github.com/notepad-plus-plus/notepad-plus-plus/releases/download/v7.7/npp.7.7.bin.x64.zip
7.7,github,x64,npp.7.7.bin.x64.zip,autoCompletion/BaanC.xml,BaanC.xml,,18490,2017-12-28T22:22:51.984891+00:00,2537a01a4619a19962fb1b85cbee9a13,adaf66583cc60a53f0a08b030e63cc2652badd17,9780d21f36eca4cb7f85c67fe9113c3c223822662812f6ab533c011cd2f56e7e,N/A,N/A,,https://github.com/notepad-plus-plus/notepad-plus-plus/releases/download/v7.7/npp.7.7.bin.x64.zip
7.7,github,x64,npp.7.7.bin.x64.zip,localization/basque.xml,basque.xml,,59732,2018-02-17T07:05:11.303084+00:00,7ef1dd1b3280122bac0a69063249fd46,83730aee38e42a5aee4c7daf0390833761208709,1047a56b9ea18bafbb7fd03daa190cb980883694dfd7fc1556136ab81834d489,N/A,N/A,,https://github.com/notepad-plus-plus/notepad-plus-plus/releases/download/v7.7/npp.7.7.bin.x64.zip
7.7,github,x64,npp.7.7.bin.x64.zip,autoCompletion/batch.xml,batch.xml,,3784,2017-12-28T02:55:00.327011+00:00,713831a4916810500b39efbdb41435a2,6b9c9d965f73f71fafb786d547be09f5ef398643,d43ce011aa2d5a946c36b4c3a6a0a98fd9570253bc461a267d3b44aaec3cb6b0,N/A,N/A,,https://github.com/notepad-plus-plus/notepad-plus-plus/releases/download/v7.7/npp.7.7.bin.x64.zip
7.7,github,x64,npp.7.7.bin.x64.zip,localization/belarusian.xml,belarusian.xml,,95099,2018-12-30T17:41:19.305996+00:00,fd060d45654fa3adec00f943349a535b,7732a8a924e84a218ac710a3c2a829438481c761,1c616bcd978b6f7feb5035c232024baa895f9787183898e4672f70ea3d1ded9c,N/A,N/A,,https://github.com/notepad-plus-plus/notepad-plus-plus/releases/download/v7.7/npp.7.7.bin.x64.zip
7.7,github,x64,npp.7.7.bin.x64.zip,localization/bengali.xml,bengali.xml,,70025,2017-08-20T17:42:25.457657+00:00,d081b39bf7a87b8ccd3caa5e9d15087c,02fad366321e3bb823bfb46ab966ac919dd227c8,5ecd5febabcb4b4616035fab1b567bf2a0ff8b2ded72d74e6ea5511671814484,N/A,N/A,,https://github.com/notepad-plus-plus/notepad-plus-plus/releases/download/v7.7/npp.7.7.bin.x64.zip
7.7,github,x64,npp.7.7.bin.x64.zip,themes/Bespin.xml,Bespin.xml,,91987,2019-05-08T23:22:36.252596+00:00,821e643338c9129e0eade6fa9008f198,cdfb6a4ba9d186019f072e661a81050f8c5dbe7e,26234a54d2498693d08c462d0e8a61f7ef6df7b5a278c49716ae991183ee80d3,N/A,N/A,,https://github.com/notepad-plus-plus/notepad-plus-plus/releases/download/v7.7/npp.7.7.bin.x64.zip
7.7,github,x64,npp.7.7.bin.x64.zip,themes/Black board.xml,Black board.xml,,90353,2019-05-08T23:22:36.256586+00:00,b2c72f0861af9556500ffb5bd3e68b8b,5bfb5849e96e67cbe605d2618fb545e131a570a7,d043514f3c2c442b1f4a2a868fbfec53f53fcb61c9c6ab0f447e4934cb94ce57,N/A,N/A,,https://github.com/notepad-plus-plus/notepad-plus-plus/releases/download/v7.7/npp.7.7.bin.x64.zip
7.7,github,x64,npp.7.7.bin.x64.zip,localization/bosnian.xml,bosnian.xml,,32084,2016-12-26T22:10:43.820980+00:00,6b036835ed9d1ee92cd9bd4c76f41bbd,faeb76f93f4228832c7cc952833c717f3614a38d,06ce39e85fc9acd72888da5871fae4d18aa2c5bb6a9fa0c9eca459cf0e949a63,N/A,N/A,,https://github.com/notepad-plus-plus/notepad-plus-plus/releases/download/v7.7/npp.7.7.bin.x64.zip
7.7,github,x64,npp.7.7.bin.x64.zip,localization/brazilian_portuguese.xml,brazilian_portuguese.xml,,78673,2019-03-26T23:11:19.856317+00:00,c5ac706ffe3cc6abb54272e49d42de5d,d5a9bee2ce2cff235179ea19dfc8207661d40e3d,690897901b9880c4b4247d5a75140f4ef9804fddd4b1ffe6fbc89d4f9952e520,N/A,N/A,,https://github.com/notepad-plus-plus/notepad-plus-plus/releases/download/v7.7/npp.7.7.bin.x64.zip
7.7,github,x64,npp.7.7.bin.x64.zip,localization/breton.xml,breton.xml,,56124,2017-08-20T17:42:25.485730+00:00,a28d31b3147d47670455aa249df9e3a8,ae276de79ca796b74345a8b3dbcf53e4972b6eaa,7d8569dca0eef5ccd411287ed72f70da19f92b96e05e2bfd294263098e3ed38d,N/A,N/A,,https://github.com/notepad-plus-plus/notepad-plus-plus/releases/download/v7.7/npp.7.7.bin.x64.zip
7.7,github,x64,npp.7.7.bin.x64.zip,localization/bulgarian.xml,bulgarian.xml,,89854,2019-05-13T21:05:14.353542+00:00,4cfd349868f4f6f269789ed55a35a214,58048827fc5dd2c368b734d7d8d5004000e0d641,0240561bed98e46a001330fd3f9e52a868637319de4e5d69b4655444ff1e1c20,N/A,N/A,,https://github.com/notepad-plus-plus/notepad-plus-plus/releases/download/v7.7/npp.7.7.bin.x64.zip
7.7,github,x64,npp.7.7.bin.x64.zip,autoCompletion/c.xml,c.xml,,44390,2016-12-26T22:10:43.575360+00:00,c92c0a8fa14eb590fdc13287b26689db,b6010b4b59128f9d16abd9e8d8ccf521ed6e4eb8,2ad09d23098049d7541c703684bca446ccf6f1024a182e7dc30c378efb1b2109,N/A,N/A,,https://github.com/notepad-plus-plus/notepad-plus-plus/releases/download/v7.7/npp.7.7.bin.x64.zip
7.7,github,x64,npp.7.7.bin.x64.zip,localization/catalan.xml,catalan.xml,,65728,2019-05-08T23:22:36.215786+00:00,be294c1890b57df605d743846802e835,5425db4f87a254e3438a73aaf4d4e3a46d3bf9fa,03e2d93f71ae1b27d0695c14af7b820862737b4bf32ccc5fa29e68006ce32e32,N/A,N/A,,https://github.com/notepad-plus-plus/notepad-plus-plus/releases/download/v7.7/npp.7.7.bin.x64.zip
7.7,github,x64,npp.7.7.bin.x64.zip,change.log,change.log,,904,2019-05-19T11:04:50.408615+00:00,fba8943a74fcc546372a924e00be692f,6287588921b1ade9b1056719610bbbff050c72ad,cdc5dcb06affbb14f5a1efee382cb4ddb57bb4bc6aae9e49b059c8d2f8e76f64,N/A,N/A,,https://github.com/notepad-plus-plus/notepad-plus-plus/releases/download/v7.7/npp.7.7.bin.x64.zip
7.7,github,x64,npp.7.7.bin.x64.zip,localization/chinese.xml,chinese.xml,,75052,2019-03-26T23:11:19.860312+00:00,95c0eacb92d19a56ad3e9f114355b891,b2a693af9cd3029e79c2c719eb88a58f190f305d,6a6b8625fbe38f8ecd5f8205cefa66a7fb31c17826766c29dfc4494bf71602ad,N/A,N/A,,https://github.com/notepad-plus-plus/notepad-plus-plus/releases/download/v7.7/npp.7.7.bin.x64.zip
7.7,github,x64,npp.7.7.bin.x64.zip,localization/chineseSimplified.xml,chineseSimplified.xml,,73985,2019-05-13T21:05:14.357532+00:00,8b1fd4c62d772ff4e2e8cd86f9daa996,2351b7c17a69365db44b5b4f9e89f75e07ab4d61,db470e2927688c424ba8a3838d673b8fe42699e51a4e1b4e9c8824089b3b337d,N/A,N/A,,https://github.com/notepad-plus-plus/notepad-plus-plus/releases/download/v7.7/npp.7.7.bin.x64.zip
7.7,github,x64,npp.7.7.bin.x64.zip,themes/Choco.xml,Choco.xml,,90648,2019-05-08T23:22:36.259617+00:00,08bee836ff654869d212779577b0bbf6,21d606a57056351521787e1ce2f823307525b722,94fe9c0753a4d9b8352bc17c9785004b046d0afee8722de21609ef8938f327eb,N/A,N/A,,https://github.com/notepad-plus-plus/notepad-plus-plus/releases/download/v7.7/npp.7.7.bin.x64.zip
7.7,github,x64,npp.7.7.bin.x64.zip,autoCompletion/cmake.xml,cmake.xml,,7321,2018-03-02T19:22:54.672521+00:00,bb3c098e3c76d30df480e3e17abe5a7b,394ea38362db6dcaa12ebecb6813ed66d7729ea5,b5616caa363cd62310287f60e6c61eeed9297be5d2da913a390fedc26217cae0,N/A,N/A,,https://github.com/notepad-plus-plus/notepad-plus-plus/releases/download/v7.7/npp.7.7.bin.x64.zip
7.7,github,x64,npp.7.7.bin.x64.zip,autoCompletion/coffee.xml,coffee.xml,,1510,2017-12-28T22:05:30.759151+00:00,633f1e56a9f5b7e1c7c75e6dff944b25,55f1f86306161a2b743fe13927e852c2570bfaf7,46d379e7ad5565fc197a32b62d04ceb1be4452af2ae45663415809bc7badb0bd,N/A,N/A,,https://github.com/notepad-plus-plus/notepad-plus-plus/releases/download/v7.7/npp.7.7.bin.x64.zip
7.7,github,x64,npp.7.7.bin.x64.zip,config.xml,config.xml,,5114,2019-03-30T10:38:48.831842+00:00,b56d4fa38548cf7206a700c580d529ad,5e334fa5d1310ba15a81436aa3bb2ad2e7e65be8,a831c5da7fdcacaad454585459003a44cc4c00bda0242337a9a046ba05c02f42,N/A,N/A,,https://github.com/notepad-plus-plus/notepad-plus-plus/releases/download/v7.7/npp.7.7.bin.x64.zip
7.7,github,x64,npp.7.7.bin.x64.zip,contextMenu.xml,contextMenu.xml,,3512,2018-05-25T21:58:05.896518+00:00,a7998766b85ee71ff1d82a1198988529,acaf62b48d9307b319105109121d82ccefe46c65,aa48a7c2ec3ed377c42c293f732807572f2ea305c9771b6ea210e7b92ef2c199,N/A,N/A,,https://github.com/notepad-plus-plus/notepad-plus-plus/releases/download/v7.7/npp.7.7.bin.x64.zip
7.7,github,x64,npp.7.7.bin.x64.zip,localization/corsican.xml,corsican.xml,,83266,2019-04-03T19:06:20.452465+00:00,2762c8551adc0138beb86c304bd678df,465883c3db9c3982e0202b20ff31f3c5dc02cfb2,9cc651eca1140c53634b1106a00bf8df96c8b4db49b68dbf165e1feae0740ee5,N/A,N/A,,https://github.com/notepad-plus-plus/notepad-plus-plus/releases/download/v7.7/npp.7.7.bin.x64.zip
7.7,github,x64,npp.7.7.bin.x64.zip,autoCompletion/cpp.xml,cpp.xml,,61530,2018-12-09T18:22:22.900548+00:00,e60ca42b12a8e816892894d321ab8d00,bf1dc910f6cab97f99e23d08e084837fc7de17c6,b97ffa556f93ec4c51208b2aea4f3d69411404c27f6ea12608ae84bedbd76418,N/A,N/A,,https://github.com/notepad-plus-plus/notepad-plus-plus/releases/download/v7.7/npp.7.7.bin.x64.zip
7.7,github,x64,npp.7.7.bin.x64.zip,localization/croatian.xml,croatian.xml,,85184,2019-05-08T23:22:36.218778+00:00,cec164119c1295583fe3326f6710253c,52feae919ddb150a3bad58f5d6f1071027eeebcb,12fe4e0941c20088f10a19487aeddc57ca96ff8ace34ccfbc2cfcb2388c17173,N/A,N/A,,https://github.com/notepad-plus-plus/notepad-plus-plus/releases/download/v7.7/npp.7.7.bin.x64.zip
7.7,github,x64,npp.7.7.bin.x64.zip,autoCompletion/cs.xml,cs.xml,,33726,2018-12-09T18:22:22.902508+00:00,c9bc2acde59532d2a9b65e7f9cd55d4f,d4a0e2d2b20e0b0cc40a0bf3a5274800d1eb6ea7,32076a244afd75a07cd38f1fa27b08eea3a4a697111cde8a1cb636c46c708c17,N/A,N/A,,https://github.com/notepad-plus-plus/notepad-plus-plus/releases/download/v7.7/npp.7.7.bin.x64.zip
7.7,github,x64,npp.7.7.bin.x64.zip,autoCompletion/css.xml,css.xml,,11522,2016-12-26T22:10:43.597241+00:00,d2affd6da8aa4fd9457db7b0dcb87517,427e170083be87d570df3f9ea4b0eff0eb60a8f4,776187ab9beec87648e5701137f153adeef88c579b15b181c5d4eee2f02262f8,N/A,N/A,,https://github.com/notepad-plus-plus/notepad-plus-plus/releases/download/v7.7/npp.7.7.bin.x64.zip
7.7,github,x64,npp.7.7.bin.x64.zip,localization/czech.xml,czech.xml,,72315,2019-05-13T21:05:14.360523+00:00,40fb19e6e72098f1fcc013562e210d4c,d637d786b7eb88d281dec513fd0a7854d5ad5610,e2f164416ddf1f6c09bbc8c33600886f35116c170a9837c940bf1c4e1a75eafa,N/A,N/A,,https://github.com/notepad-plus-plus/notepad-plus-plus/releases/download/v7.7/npp.7.7.bin.x64.zip
7.7,github,x64,npp.7.7.bin.x64.zip,localization/danish.xml,danish.xml,,75208,2019-03-05T01:52:36.641982+00:00,afdca23414d2fa05e0edfed63dc68bd1,4d5cb126c3f86dc907f315ae38ccc3ec07619fd3,3ce52cb27a70640c8f4578ff52f71de18282d54ab91d1db7658be64c6a316d6c,N/A,N/A,,https://github.com/notepad-plus-plus/notepad-plus-plus/releases/download/v7.7/npp.7.7.bin.x64.zip
7.7,github,x64,npp.7.7.bin.x64.zip,themes/Deep Black.xml,Deep Black.xml,,88397,2019-05-08T23:22:36.265672+00:00,c0dfe7248b4651b3ead3d8ba219a529d,dddf5cb8366555f9510c7542476d6b0dd59102e8,6de4560d9ffd31ba5ab94de04c4fec2a2d3ca34cf136c0777598b24054dcf4f5,N/A,N/A,,https://github.com/notepad-plus-plus/notepad-plus-plus/releases/download/v7.7/npp.7.7.bin.x64.zip
7.7,github,x64,npp.7.7.bin.x64.zip,doLocalConf.xml,doLocalConf.xml,,0,2017-08-16T07:23:53.663879+00:00,d41d8cd98f00b204e9800998ecf8427e,da39a3ee5e6b4b0d3255bfef95601890afd80709,e3b0c44298fc1c149afbf4c8996fb92427ae41e4649b934ca495991b7852b855,N/A,N/A,,https://github.com/notepad-plus-plus/notepad-plus-plus/releases/download/v7.7/npp.7.7.bin.x64.zip
7.7,github,x64,npp.7.7.bin.x64.zip,localization/dutch.xml,dutch.xml,,61604,2018-10-05T00:32:05.860027+00:00,6ce9f0ae41286f01ccf83b64d48cc238,cad9570ecd9252768231c07c37c162e3b291ae97,4dc9faf1ba2806b6ff3f70264c46e2d70007af6f5dafe6fe9d306c3c07eda610,N/A,N/A,,https://github.com/notepad-plus-plus/notepad-plus-plus/releases/download/v7.7/npp.7.7.bin.x64.zip
7.7,github,x64,npp.7.7.bin.x64.zip,localization/english.xml,english.xml,,74693,2019-03-26T23:11:19.862270+00:00,03abae43e8e53d9594ced22fdb09965f,f9b7ed754eb38eed200ee20a68fbaf7fcc334867,6472da400162dc1aecba34146ab92c4d59be1b3629f72ca1e91b9e7d57e667eb,N/A,N/A,,https://github.com/notepad-plus-plus/notepad-plus-plus/releases/download/v7.7/npp.7.7.bin.x64.zip
7.7,github,x64,npp.7.7.bin.x64.zip,localization/english_customizable.xml,english_customizable.xml,,71799,2018-10-05T00:32:05.871996+00:00,ba660fd5e124a627e7b5b1d53a6ceae5,81228dc178e012002db96c72c1e2f0e812123b6e,db1c55427bf83385e8713460d515d05aa79b9829be85515f1e46ab1a2cdc198b,N/A,N/A,,https://github.com/notepad-plus-plus/notepad-plus-plus/releases/download/v7.7/npp.7.7.bin.x64.zip
7.7,github,x64,npp.7.7.bin.x64.zip,localization/esperanto.xml,esperanto.xml,,48285,2017-08-20T17:42:25.630120+00:00,4abf56d03e149ee0569619bbc11815a5,bca30606a47cae3f06685f01795613d1fce626eb,e1486a8120d1ef7998b5335536a3a4877fdcb630f87ed9ca7b307ac075b313c6,N/A,N/A,,https://github.com/notepad-plus-plus/notepad-plus-plus/releases/download/v7.7/npp.7.7.bin.x64.zip
7.7,github,x64,npp.7.7.bin.x64.zip,localization/estonian.xml,estonian.xml,,60812,2017-08-20T17:42:25.642927+00:00,a12e2854f772938fd4ccd55345dadd4b,20f9c4d026a1bff3934560c45a6956143070e99e,f71e4b0ba4fbf616af8f1568f2160d527b78fcf711132c4a38e0bd5378902237,N/A,N/A,,https://github.com/notepad-plus-plus/notepad-plus-plus/releases/download/v7.7/npp.7.7.bin.x64.zip
7.7,github,x64,npp.7.7.bin.x64.zip,localization/extremaduran.xml,extremaduran.xml,,25399,2016-12-26T22:10:43.910594+00:00,896b0f1f0854f3bcc23a80c99dcebd47,ee5d3a7de7503e18b2929d96dc164dd0671a841d,87e0372bfd2b84316adf2c7d3130fcf2415a96ec2c8bcd5da6f1a8a3a807c8d2,N/A,N/A,,https://github.com/notepad-plus-plus/notepad-plus-plus/releases/download/v7.7/npp.7.7.bin.x64.zip
7.7,github,x64,npp.7.7.bin.x64.zip,localization/farsi.xml,farsi.xml,,65927,2018-01-28T21:48:40.463836+00:00,9ddc0ac1e17a56703a3e0a7acb8d0e2a,3735a864f2c265811e478b8f1b7876ec7e73a1a9,d0acda01c7bb500072f00af882297d08a14821811931e862b5225bef97ab6336,N/A,N/A,,https://github.com/notepad-plus-plus/notepad-plus-plus/releases/download/v7.7/npp.7.7.bin.x64.zip
7.7,github,x64,npp.7.7.bin.x64.zip,localization/finnish.xml,finnish.xml,,44055,2017-08-20T17:42:25.673023+00:00,99d18eeaa47569147a0395948cb9c7d6,9b3488593fa1002a827698db2eec91b4eadba8ea,691d523b2a8c2ea14eb5e5259eed9e9de1853b2c2fd8badc77164f2cca2dd006,N/A,N/A,,https://github.com/notepad-plus-plus/notepad-plus-plus/releases/download/v7.7/npp.7.7.bin.x64.zip
7.7,github,x64,npp.7.7.bin.x64.zip,localization/french.xml,french.xml,,77647,2019-05-13T21:05:14.364512+00:00,9f90a6c8c9db6894bb578f39014ecea0,796cef14cfb541c2f9fb520a07330818c74e9394,497f8bf1660f90a8f0cd7f409c7a7df3cf2e040a8594bb039edf54e399fe61d2,N/A,N/A,,https://github.com/notepad-plus-plus/notepad-plus-plus/releases/download/v7.7/npp.7.7.bin.x64.zip
7.7,github,x64,npp.7.7.bin.x64.zip,localization/friulian.xml,friulian.xml,,34362,2017-08-20T17:40:40.917620+00:00,6d4c069b4c4517f68657be1641bec299,cc5384f29594b19822a805f8d5888ff328e169a1,d4ffe0a2b5e35fede7e6244be9823e1e946c60db1635e6d3f753e6df938e4b3d,N/A,N/A,,https://github.com/notepad-plus-plus/notepad-plus-plus/releases/download/v7.7/npp.7.7.bin.x64.zip
7.7,github,x64,npp.7.7.bin.x64.zip,functionList.xml,functionList.xml,,61820,2018-04-13T00:16:35.700332+00:00,bd8d804a62a5b9392885a6904033f0bf,e82bdad59f7f75736999520c3f27da7f05ee677e,ea1e92c06735a137cd03c36a252027c013e9224dd3013fbe3ddd5c5c0098b2b9,N/A,N/A,,https://github.com/notepad-plus-plus/notepad-plus-plus/releases/download/v7.7/npp.7.7.bin.x64.zip
7.7,github,x64,npp.7.7.bin.x64.zip,localization/galician.xml,galician.xml,,25339,2016-12-26T22:10:43.936632+00:00,191cc6b7ed37fad274f985d7329bd048,a8b7750901614323318923833a2fb7ac021e8c34,89a20e547d17b1006698cd35fbad772403033420808c8299206a8e299961d83e,N/A,N/A,,https://github.com/notepad-plus-plus/notepad-plus-plus/releases/download/v7.7/npp.7.7.bin.x64.zip
7.7,github,x64,npp.7.7.bin.x64.zip,localization/georgian.xml,georgian.xml,,60005,2017-08-20T17:40:40.935670+00:00,cada78594c9838103c479dbda55c9e05,7cdc3fd1b8a7ede96101badacf68281e3432bfbb,b319b96cb4eece88c0cf88b557ce56ce5abe85bdf0a6a1007b64310a708a6572,N/A,N/A,,https://github.com/notepad-plus-plus/notepad-plus-plus/releases/download/v7.7/npp.7.7.bin.x64.zip
7.7,github,x64,npp.7.7.bin.x64.zip,localization/german.xml,german.xml,,66297,2019-04-03T19:06:20.468422+00:00,355b310c4e264a059f7ace7bf26ed8fa,7585f0eb3efd56130e0542bebc9227936805e646,95ebc8459d0c7e217e45a2062221832d0bae29eca359ec38b2e450913d16590e,N/A,N/A,,https://github.com/notepad-plus-plus/notepad-plus-plus/releases/download/v7.7/npp.7.7.bin.x64.zip
7.7,github,x64,npp.7.7.bin.x64.zip,localization/greek.xml,greek.xml,,41094,2017-08-20T17:40:40.960334+00:00,109f64488a006665d76621dcd30e7ef7,b2167ac130ee2af4822861148dce561a5d1625fe,d65afc086673dc165ce82dd831b5f04c75d7d43c50957475e1c90f25766ad5da,N/A,N/A,,https://github.com/notepad-plus-plus/notepad-plus-plus/releases/download/v7.7/npp.7.7.bin.x64.zip
7.7,github,x64,npp.7.7.bin.x64.zip,localization/gujarati.xml,gujarati.xml,,69803,2017-08-20T17:42:25.733569+00:00,5e8d9609900189b29b660d673a78e015,ca4524f065e8bba6a5dc1dc2659233e4fd13c3dc,50c0e7a18c922bef1a758cff70d55df46913dddc22ca792e1b55b05a5b29c502,N/A,N/A,,https://github.com/notepad-plus-plus/notepad-plus-plus/releases/download/v7.7/npp.7.7.bin.x64.zip
7.7,github,x64,npp.7.7.bin.x64.zip,updater/GUP.exe,GUP.exe,,726160,2019-05-19T11:14:47.001330+00:00,e14e741ee36e0832d1151d5913b0bf58,cb89bef0f0d2f245033270856e2e9eaac7e49c5a,701280eb38cd2b75aa5a894cfdd59f8ba34748c8933410f33ab9029c12316256,N/A,N/A,,https://github.com/notepad-plus-plus/notepad-plus-plus/releases/download/v7.7/npp.7.7.bin.x64.zip
7.7,github,x64,npp.7.7.bin.x64.zip,updater/gup.xml,gup.xml,,4267,2018-12-27T00:44:15.868335+00:00,b023cc4d768b34a5401f317479740a53,4ca45db707b120bca9cb6cd8404b9e6ecabdb2d2,d3e6404c7286961cbab82d4c49f82bcb166db9b5a13eacaa0eeb59a0709a0c14,N/A,N/A,,https://github.com/notepad-plus-plus/notepad-plus-plus/releases/download/v7.7/npp.7.7.bin.x64.zip
7.7,github,x64,npp.7.7.bin.x64.zip,localization/hebrew.xml,hebrew.xml,,22740,2018-12-09T18:22:22.918496+00:00,07c8ebe76b6352401c0e9c84956d727f,fb14d93db71d0d4b3f25c275fc57d615ce7446c4,58585868a8164b247c53ad3646076e3404a4fd854ee3632ca9841c1ba3d210d6,N/A,N/A,,https://github.com/notepad-plus-plus/notepad-plus-plus/releases/download/v7.7/npp.7.7.bin.x64.zip
7.7,github,x64,npp.7.7.bin.x64.zip,themes/Hello Kitty.xml,Hello Kitty.xml,,88699,2019-05-08T23:22:36.270591+00:00,e6b4071a8cd98356d4b31f8e0bfb5a96,3039f20b7679d0c4e54d1e2e2186d60be370a086,866a968dea85a427b7ef9b08c6cd93faf2c7c11472e95c9c6c529e0887b921b9,N/A,N/A,,https://github.com/notepad-plus-plus/notepad-plus-plus/releases/download/v7.7/npp.7.7.bin.x64.zip
7.7,github,x64,npp.7.7.bin.x64.zip,localization/hindi.xml,hindi.xml,,99515,2019-03-26T23:11:19.868253+00:00,f2926d2f1b4ebcd8d66b8ed0a3490763,895138e8bdadc7b3ee5b1e3f68292bb30c0f532f,22fa20d7c7d0f4f51574ae03bdd1e43c6d35b44242d72d65bec23f5a01164248,N/A,N/A,,https://github.com/notepad-plus-plus/notepad-plus-plus/releases/download/v7.7/npp.7.7.bin.x64.zip
7.7,github,x64,npp.7.7.bin.x64.zip,themes/HotFudgeSundae.xml,HotFudgeSundae.xml,,109386,2017-08-24T07:58:40.292904+00:00,08af674d077816afe25a544c5649fc02,8c7ae78900ee1dea982172be2697302301ee7014,25ee53a8faca5f8250a5180b620c579b747b803a2bc03bf4e0c5b8bc495c174f,N/A,N/A,,https://github.com/notepad-plus-plus/notepad-plus-plus/releases/download/v7.7/npp.7.7.bin.x64.zip
7.7,github,x64,npp.7.7.bin.x64.zip,autoCompletion/html.xml,html.xml,,19497,2018-12-25T17:16:55.601803+00:00,4025e1158c027cf56c2625e65eb724ec,439fea1f13f3a35d2c3176d99db0327a6d216d3f,4300b3a71f387c91548984d017033884e176546ad5b74bac2e4df59caa163530,N/A,N/A,,https://github.com/notepad-plus-plus/notepad-plus-plus/releases/download/v7.7/npp.7.7.bin.x64.zip
7.7,github,x64,npp.7.7.bin.x64.zip,localization/hungarian.xml,hungarian.xml,,79901,2019-03-01T00:05:47.191790+00:00,b49cd98b5a75f5a2320427653a1a1782,0b627a98f94832eea57dd0dd0e90eb191d0030ab,951a0bd8e663bf9a43dbc7e083d7de92defab68836a07422033e4915765b1a86,N/A,N/A,,https://github.com/notepad-plus-plus/notepad-plus-plus/releases/download/v7.7/npp.7.7.bin.x64.zip
7.7,github,x64,npp.7.7.bin.x64.zip,localization/indonesian.xml,indonesian.xml,,64183,2018-10-05T00:32:05.883964+00:00,258f097d09f9878310e7900bb35cbff3,ea2c9449f1e95c545b20d9c42df9cdbdaf2de2ab,bf7292893bd1700d22e328c4b542929122a027e504a179d7270637e5476befe5,N/A,N/A,,https://github.com/notepad-plus-plus/notepad-plus-plus/releases/download/v7.7/npp.7.7.bin.x64.zip
7.7,github,x64,npp.7.7.bin.x64.zip,localization/italian.xml,italian.xml,,84637,2019-03-26T23:11:19.870247+00:00,384f12abbc790c175e57f873f3becfb2,db7ed9fce3a9494d5d11116827615b9961b6b13f,500cfbf34b04f1299e61fe1473b73e0963024c53e6435e719b23298138d1d338,N/A,N/A,,https://github.com/notepad-plus-plus/notepad-plus-plus/releases/download/v7.7/npp.7.7.bin.x64.zip
7.7,github,x64,npp.7.7.bin.x64.zip,localization/japanese.xml,japanese.xml,,84903,2019-04-03T19:06:20.480392+00:00,76e62d9c62bea373eb90bebf31da09e8,7514df99a12775853ae30a5d37e4167f865ee262,5333dbb1359c8428750442aa18279a4eb1f72e4568f1d43a4c2277ca825a5420,N/A,N/A,,https://github.com/notepad-plus-plus/notepad-plus-plus/releases/download/v7.7/npp.7.7.bin.x64.zip
7.7,github,x64,npp.7.7.bin.x64.zip,autoCompletion/java.xml,java.xml,,205366,2017-05-09T07:28:59.549744+00:00,4690cead3d2bffe2ed519f6ea5002266,dabc1ba868dc058b06dd426365c83bf5ff5bf716,862a83be2906ce28b6d3f1fdfb589d18cd6e971a7eaa51a1c7096cfff929b35b,N/A,N/A,,https://github.com/notepad-plus-plus/notepad-plus-plus/releases/download/v7.7/npp.7.7.bin.x64.zip
7.7,github,x64,npp.7.7.bin.x64.zip,autoCompletion/javascript.xml,javascript.xml,,23318,2018-12-09T18:22:22.903537+00:00,30fc91a7c5194ef8d67e1c7e2fd6f697,f9e48cccfa5df44219a6d4a9a1af6083679f097e,7f0564f983478207754a58e66ee6865b8699bd3b9f4fd5c385126d46d7148831,N/A,N/A,,https://github.com/notepad-plus-plus/notepad-plus-plus/releases/download/v7.7/npp.7.7.bin.x64.zip
7.7,github,x64,npp.7.7.bin.x64.zip,localization/kabyle.xml,kabyle.xml,,50327,2017-08-20T17:42:25.813696+00:00,ec924dd39f1e36164ef4e93cd5883a2d,3a159ce0c072be9094b589d6711a4b6dfe878487,56714b11409a13fcd706f2d73674919a0bb70c80c7ec18eccf865ad67ad7b48f,N/A,N/A,,https://github.com/notepad-plus-plus/notepad-plus-plus/releases/download/v7.7/npp.7.7.bin.x64.zip
7.7,github,x64,npp.7.7.bin.x64.zip,localization/kannada.xml,kannada.xml,,74866,2017-08-20T17:42:25.828578+00:00,f0baf174376d1811fd49d05ace8eb0c6,8ca7735e04fd0ef605adc26912dc9b2fc54982a4,99f75ff79aad8084802bf1d52e7dc78eef18194d399c5248eb205db85348955d,N/A,N/A,,https://github.com/notepad-plus-plus/notepad-plus-plus/releases/download/v7.7/npp.7.7.bin.x64.zip
7.7,github,x64,npp.7.7.bin.x64.zip,localization/kazakh.xml,kazakh.xml,,33034,2017-08-20T17:40:41.076773+00:00,42d3d22d81645a44258aa730177896db,65593cc51fa72d9715c4c37028a2a95e84b3dcdb,3942e9c344acae7caa9d28a758b4df80c1211bab80ac88d81449101f9b943c66,N/A,N/A,,https://github.com/notepad-plus-plus/notepad-plus-plus/releases/download/v7.7/npp.7.7.bin.x64.zip
7.7,github,x64,npp.7.7.bin.x64.zip,themes/khaki.xml,khaki.xml,,107169,2017-08-24T07:58:40.314486+00:00,54ac8aa70fd79be9c96e5851c785b12d,8b79013088989dceacca425b34e3b489b22385f1,88ddd3505670b0ae2c707445fdb0f4b1ef87e0730c3e389e0e660ea3e5eec515,N/A,N/A,,https://github.com/notepad-plus-plus/notepad-plus-plus/releases/download/v7.7/npp.7.7.bin.x64.zip
7.7,github,x64,npp.7.7.bin.x64.zip,localization/korean.xml,korean.xml,,47363,2017-08-20T17:42:25.869315+00:00,a81c00ae49aeb5c5ded60220e6e42199,39ac3b19b7f7917aab593fc1f157225b5575910a,50b2b6820683551838ea1533d21624dac75daded6ce9d4227153a4f2986cdf4d,N/A,N/A,,https://github.com/notepad-plus-plus/notepad-plus-plus/releases/download/v7.7/npp.7.7.bin.x64.zip
7.7,github,x64,npp.7.7.bin.x64.zip,localization/kurdish.xml,kurdish.xml,,62866,2019-03-26T23:11:19.873271+00:00,713c7613217038dead56ba13741d70b5,3d5216e5e8fafbab894def07aa312a466e1ee789,6a54a7235f8f4cbf5cb4c34f6bdf0bf9ee0d7e3ac62654d5c46e2fdf71868593,N/A,N/A,,https://github.com/notepad-plus-plus/notepad-plus-plus/releases/download/v7.7/npp.7.7.bin.x64.zip
7.7,github,x64,npp.7.7.bin.x64.zip,localization/kyrgyz.xml,kyrgyz.xml,,38731,2017-08-20T17:40:41.099834+00:00,ad3a31d477ad1e09dc3f6911c1f50d1e,cefc20836cbc0e78eb0291948eadbdf09b21a838,4964c0b9f36b7fec44ec0805ba153d88293311cd703680719187cdaa68fbd090,N/A,N/A,,https://github.com/notepad-plus-plus/notepad-plus-plus/releases/download/v7.7/npp.7.7.bin.x64.zip
7.7,github,x64,npp.7.7.bin.x64.zip,langs.model.xml,langs.model.xml,,328230,2019-05-08T23:22:36.583611+00:00,f954e146e5899d06aa8f87f55b1a4b5e,1df9202eaa7f3f3e17dc7001e773b93e227aa9b7,4eafe54965ab3357d528614964d233d71c7c9daa41394b07d4c775b5c2979297,N/A,N/A,,https://github.com/notepad-plus-plus/notepad-plus-plus/releases/download/v7.7/npp.7.7.bin.x64.zip
7.7,github,x64,npp.7.7.bin.x64.zip,localization/latvian.xml,latvian.xml,,46317,2017-08-20T17:42:25.890348+00:00,170d9e9a92a604a309259d3d6f3b9bb6,b782debe9d50b17d2124295befc43bf8b0349eac,bbaa6bc087ab351b182d204a60eab8bc93bd5e75ca2a4a4eaf80b1d5e0fec59b,N/A,N/A,,https://github.com/notepad-plus-plus/notepad-plus-plus/releases/download/v7.7/npp.7.7.bin.x64.zip
7.7,github,x64,npp.7.7.bin.x64.zip,updater/libcurl.dll,libcurl.dll,,545936,2019-05-19T11:14:53.890665+00:00,9521d01a2166dfd81776f4e62b5bebde,7af6d2746ffffc528ceb39925212b12e6805e5cb,f1fc93f6d85f8fcd1b4c850c1f461742d7553303b96ef20274e83d7eb5aa9a07,N/A,N/A,,https://github.com/notepad-plus-plus/notepad-plus-plus/releases/download/v7.7/npp.7.7.bin.x64.zip
7.7,github,x64,npp.7.7.bin.x64.zip,updater/LICENSE,LICENSE,,7804,2018-12-27T00:44:16.015949+00:00,8e3494bf8cf1967afd3b1016fbbe5bb0,b1608abb6e19ef60f4b9c52f6e05bf81cc97d0c2,319917f5ccd09878db6f67c9a77dee846055644ca49eb535628b9e020a87261e,N/A,N/A,,https://github.com/notepad-plus-plus/notepad-plus-plus/releases/download/v7.7/npp.7.7.bin.x64.zip
7.7,github,x64,npp.7.7.bin.x64.zip,license.txt,license.txt,,16885,2016-12-26T22:10:43.405127+00:00,6a0438c04e6553dfb631636dbdb199a1,1fb5eb9da193f6a474ea1ae754d69cbe6fcd2b48,da59bed2b60d1ba57830d1bb71e5993de37c6085b2d86e41ec43938467234c55,N/A,N/A,,https://github.com/notepad-plus-plus/notepad-plus-plus/releases/download/v7.7/npp.7.7.bin.x64.zip
7.7,github,x64,npp.7.7.bin.x64.zip,localization/ligurian.xml,ligurian.xml,,34480,2017-08-20T17:40:41.121866+00:00,58a86031153e6bd8ae1ad5bf80fcc894,656cedf73e8d40797a43980fd1801f6501b036c4,5fad85ea1c785dca218106e2b409c20b3cb103e8cdc87c542aae5d630599c33b,N/A,N/A,,https://github.com/notepad-plus-plus/notepad-plus-plus/releases/download/v7.7/npp.7.7.bin.x64.zip
7.7,github,x64,npp.7.7.bin.x64.zip,autoCompletion/lisp.xml,lisp.xml,,16208,2016-12-26T22:10:43.620377+00:00,310ae71e554b99a4c71b546097de55c0,8433177f8656755b0f79d96188f3de085520d75e,83478867f319bf093ce02f0c98a88b183862c235025580cca9ec7a9515521833,N/A,N/A,,https://github.com/notepad-plus-plus/notepad-plus-plus/releases/download/v7.7/npp.7.7.bin.x64.zip
7.7,github,x64,npp.7.7.bin.x64.zip,localization/lithuanian.xml,lithuanian.xml,,76856,2018-10-05T00:32:05.898928+00:00,98f5a618f8cf3ca48774c15ca95bc2bb,0b7d75e1c4f5bf67e31c44cd26b01a5cee1765f5,fb94b9381592015b27e12358c44a522409ec5c180fec694b2ddceff960294d0c,N/A,N/A,,https://github.com/notepad-plus-plus/notepad-plus-plus/releases/download/v7.7/npp.7.7.bin.x64.zip
7.7,github,x64,npp.7.7.bin.x64.zip,autoCompletion/lua.xml,lua.xml,,90490,2018-11-10T18:55:12.357412+00:00,bdb4f044ba52f6a83953ffd659c9252a,25ca6e9f4be716377126ca21f332beefef8f1549,3daa67cc9dd0370566566ce0492597a3698b7d9edd361a759c58e1fbd7abb349,N/A,N/A,,https://github.com/notepad-plus-plus/notepad-plus-plus/releases/download/v7.7/npp.7.7.bin.x64.zip
7.7,github,x64,npp.7.7.bin.x64.zip,localization/luxembourgish.xml,luxembourgish.xml,,25260,2017-08-20T17:40:41.142960+00:00,cc2d7d26c9d221def534845ec7453ddb,b40b675c5a5c10c8a393714f483aa515be4a5f8d,b73cb0703537af9d58c2e1f040f2e7f741199eef954d5e109eb301fc4498ffe0,N/A,N/A,,https://github.com/notepad-plus-plus/notepad-plus-plus/releases/download/v7.7/npp.7.7.bin.x64.zip
7.7,github,x64,npp.7.7.bin.x64.zip,localization/macedonian.xml,macedonian.xml,,36460,2016-12-26T22:10:44.046439+00:00,59f590ee75294f37ccb5ed1c7a441a11,7432c800018216193273b59666f26c4a81540ee6,59dbcc4618fa64eebd71808b16b4736b7af8855bef760aec3eb31c6f8f5f470e,N/A,N/A,,https://github.com/notepad-plus-plus/notepad-plus-plus/releases/download/v7.7/npp.7.7.bin.x64.zip
7.7,github,x64,npp.7.7.bin.x64.zip,localization/malay.xml,malay.xml,,19084,2016-12-26T22:10:44.052465+00:00,3158e10e8a9b3c0e84a770f5f11aaa1f,418a6c52704b6c832b80b36adbba45682725c76f,690416e418c9821bfe71805f76d9e18ee39fd092742d173cc9fe595268b131fa,N/A,N/A,,https://github.com/notepad-plus-plus/notepad-plus-plus/releases/download/v7.7/npp.7.7.bin.x64.zip
7.7,github,x64,npp.7.7.bin.x64.zip,localization/marathi.xml,marathi.xml,,48008,2017-08-20T17:40:41.162842+00:00,40a6d310ece1419315c5e98fa1bcc966,14f7f3db9b61845ce840f5af976e88185172afc0,907b949d2aa52365d84978a3c131bd2bad50227e6ecfd135ed112a8567628e25,N/A,N/A,,https://github.com/notepad-plus-plus/notepad-plus-plus/releases/download/v7.7/npp.7.7.bin.x64.zip
7.7,github,x64,npp.7.7.bin.x64.zip,plugins/mimeTools/mimeTools.dll,mimeTools.dll,,120464,2019-05-19T11:15:04.253901+00:00,f696d0bdc56d72540280abb5a8258710,9c788d726318fb5041be9acea07a3b8606ed8511,2ea7d2e28e59e4cb1b0f044249d4c64a8cb2ba7a0d1da1e34cd5c19f400df637,N/A,N/A,,https://github.com/notepad-plus-plus/notepad-plus-plus/releases/download/v7.7/npp.7.7.bin.x64.zip
7.7,github,x64,npp.7.7.bin.x64.zip,localization/mongolian.xml,mongolian.xml,,64376,2017-08-20T17:42:25.932074+00:00,7ff28b9242fe6bd774fcd71fbed5563d,e6de73bce5edb47ebc766bf9818c8fcbf77c8555,5d35c3c2f10b6f6923c0b11bd7d82f569ba6a0a8fb854aac20988c77d35bf934,N/A,N/A,,https://github.com/notepad-plus-plus/notepad-plus-plus/releases/download/v7.7/npp.7.7.bin.x64.zip
7.7,github,x64,npp.7.7.bin.x64.zip,themes/Mono Industrial.xml,Mono Industrial.xml,,90128,2019-05-08T23:22:36.273485+00:00,ecaade568e488c1f88fdc9eb5f4fbb3e,d37340fa4f7076844878c8076b56ecb20a2731f9,2279a563846a6e19b2d67d6a324b8d999c11aaafd9bc79102eb4ed34050fa09b,N/A,N/A,,https://github.com/notepad-plus-plus/notepad-plus-plus/releases/download/v7.7/npp.7.7.bin.x64.zip
7.7,github,x64,npp.7.7.bin.x64.zip,themes/Monokai.xml,Monokai.xml,,88883,2019-05-08T23:22:36.281463+00:00,88eeb7960613b966495fb2115da64c23,32eec0daa12379354700d1c0a2180050437d3711,54ffafe8fad014df7891e9d9a42fefaff45fd88e6c3cd10ccbcc0be3c47e7fff,N/A,N/A,,https://github.com/notepad-plus-plus/notepad-plus-plus/releases/download/v7.7/npp.7.7.bin.x64.zip
7.7,github,x64,npp.7.7.bin.x64.zip,themes/MossyLawn.xml,MossyLawn.xml,,107274,2017-08-24T07:58:40.297883+00:00,43cb3be55f32b17a24db760562375189,f458177d128782c5c8f532adf11ca3a622bcf968,1b19d3658db2e082798bbc52068647cd340331086386d3e1d32a92127e33f155,N/A,N/A,,https://github.com/notepad-plus-plus/notepad-plus-plus/releases/download/v7.7/npp.7.7.bin.x64.zip
7.7,github,x64,npp.7.7.bin.x64.zip,themes/Navajo.xml,Navajo.xml,,107083,2017-08-24T07:58:40.299893+00:00,59d9f682d1bb43b67808846b84d85406,b90b9d77fad09c5cb0e92520ac6b7f551e31d3a3,eaf07e9bb4e1df25759c4a2fbd0469d8dbe098386abeaeef56ada8913a32c7a0,N/A,N/A,,https://github.com/notepad-plus-plus/notepad-plus-plus/releases/download/v7.7/npp.7.7.bin.x64.zip
7.7,github,x64,npp.7.7.bin.x64.zip,localization/norwegian.xml,norwegian.xml,,27778,2016-12-26T22:10:44.066320+00:00,f5519b853316445aab668c1dfd480f87,0f7aab54733b22d514b36ea68e39b0fe215afcbc,bb9a79755d37d449acff570c20e78a9e0c58482414435cf0f493e15e6216fce3,N/A,N/A,,https://github.com/notepad-plus-plus/notepad-plus-plus/releases/download/v7.7/npp.7.7.bin.x64.zip
7.7,github,x64,npp.7.7.bin.x64.zip,notepad++.exe,notepad++.exe,,3559568,2019-05-19T11:14:19.568301+00:00,416033057befb0a4abe6682b4e2939a7,fb5679aa4c3533e5ca9a76c529c88168cbe3cc71,e78b72c2bc7612c8e3f29e4372b3724ad897572347f986d07c42a8407efdec8a,N/A,N/A,,https://github.com/notepad-plus-plus/notepad-plus-plus/releases/download/v7.7/npp.7.7.bin.x64.zip
7.7,github,x64,npp.7.7.bin.x64.zip,plugins/NppConverter/NppConverter.dll,NppConverter.dll,,157328,2019-05-19T11:15:12.121402+00:00,d4668d1e26191967d6eba135b2d5103c,c271d6960009f832b6c29122fe5af1755c20a6e1,b88b59fca31a2211f5a2b2677cd6cc13d65fcb6a1040888415b197a1963f460f,N/A,N/A,,https://github.com/notepad-plus-plus/notepad-plus-plus/releases/download/v7.7/npp.7.7.bin.x64.zip
7.7,github,x64,npp.7.7.bin.x64.zip,plugins/Config/nppPluginList.dll,nppPluginList.dll,,142992,2019-05-19T11:14:40.120333+00:00,cd580cccca0c56945ed8e500a2590c0f,82ad20cff2166a2fc8941211843510bf19727fac,f49375fa3b5a4cecb82018f9e84dcd9c1e2a6dc7f84280fd3774b728d8c1264e,N/A,N/A,,https://github.com/notepad-plus-plus/notepad-plus-plus/releases/download/v7.7/npp.7.7.bin.x64.zip
7.7,github,x64,npp.7.7.bin.x64.zip,autoCompletion/nsis.xml,nsis.xml,,8183,2016-12-26T22:10:43.625372+00:00,7985ac923ccbf94742d29d96c405c843,e77f9a3ef026127de4d47538c1f121c771eb7727,5c1482f16fc8a1b99ec87eb4edef5c1d3f2d1c750f1647416369c6124498ad3e,N/A,N/A,,https://github.com/notepad-plus-plus/notepad-plus-plus/releases/download/v7.7/npp.7.7.bin.x64.zip
7.7,github,x64,npp.7.7.bin.x64.zip,localization/nynorsk.xml,nynorsk.xml,,41202,2017-08-20T17:40:41.189943+00:00,694867a6ade700da42a55da24da74200,d6115de129aa535bc83cce55e1c1ad5a001a5fac,319a9e846a610811fdf12b96bf352e4e07f2d7de5a6bec3000cebc1b1e21a1fe,N/A,N/A,,https://github.com/notepad-plus-plus/notepad-plus-plus/releases/download/v7.7/npp.7.7.bin.x64.zip
7.7,github,x64,npp.7.7.bin.x64.zip,themes/Obsidian.xml,Obsidian.xml,,92518,2017-08-24T07:58:40.301895+00:00,e889bb724c4c0aaf72bd856614b51784,e377c5a899ec1aaec83ec25b88750d2e3460fb17,6964aa7a1a97b591ce974aeccbf889cac3d6068bf2fbe0575505b896e5af4ea0,N/A,N/A,,https://github.com/notepad-plus-plus/notepad-plus-plus/releases/download/v7.7/npp.7.7.bin.x64.zip
7.7,github,x64,npp.7.7.bin.x64.zip,localization/occitan.xml,occitan.xml,,61127,2019-03-26T23:11:19.875935+00:00,282135aa211f86afebb1be689de3480c,80f66a9a2b3ced83c3ddbdd4865734c61a4c0a60,a65ef81488df5ddd0cdcc6e65be1b6992b79197fb7980740a750d2f5f5def463,N/A,N/A,,https://github.com/notepad-plus-plus/notepad-plus-plus/releases/download/v7.7/npp.7.7.bin.x64.zip
7.7,github,x64,npp.7.7.bin.x64.zip,autoCompletion/perl.xml,perl.xml,,14269,2017-12-28T02:55:00.344057+00:00,244eb5c1e91dc112130252fe58e49b13,28ca0a12b3fbc905cd20ebb62199cdb8d03684a5,e38a882b09330b6dbd56a2a4a90882c371a3c3eb7d29ceae9520a647c185b627,N/A,N/A,,https://github.com/notepad-plus-plus/notepad-plus-plus/releases/download/v7.7/npp.7.7.bin.x64.zip
7.7,github,x64,npp.7.7.bin.x64.zip,autoCompletion/php.xml,php.xml,,427929,2016-12-26T22:10:43.642433+00:00,1e9d31476dddc00249463ede7ba491d7,7d6f0047913e58aecf891f24c1e712d269e78bad,43391307f2829b77df05725a13670f6ad0650f8b92b4503cba65d7901e1dda10,N/A,N/A,,https://github.com/notepad-plus-plus/notepad-plus-plus/releases/download/v7.7/npp.7.7.bin.x64.zip
7.7,github,x64,npp.7.7.bin.x64.zip,localization/piglatin.xml,piglatin.xml,,79304,2019-03-05T01:52:36.655945+00:00,e57e7d60833241e6307f5666fb7682cc,bead4f333a93d10902ef227f2295815c533597a8,1fec93f265e064820f37cc450b8cb8c60b9250bffb4bf1612a70e81527068010,N/A,N/A,,https://github.com/notepad-plus-plus/notepad-plus-plus/releases/download/v7.7/npp.7.7.bin.x64.zip
7.7,github,x64,npp.7.7.bin.x64.zip,themes/Plastic Code Wrap.xml,Plastic Code Wrap.xml,,91622,2019-05-08T23:22:36.285452+00:00,8c6532ad258097260613e8eee12e26be,813dee736623c209e6a43aaeccefb01c83efa8da,02ec4f3b24942b75aebfabc5c220bda95bbb95bd1c352a91197c16d4b4a38b35,N/A,N/A,,https://github.com/notepad-plus-plus/notepad-plus-plus/releases/download/v7.7/npp.7.7.bin.x64.zip
7.7,github,x64,npp.7.7.bin.x64.zip,localization/polish.xml,polish.xml,,58814,2018-11-10T18:55:12.361393+00:00,b6fe2b47e9118deeedba46078bad74d3,95172e8b5462aac9493525115564f45314b1fd67,aab6f7be1c52762cd91d7424adeec856beb2aead9051f62b2591657b82618681,N/A,N/A,,https://github.com/notepad-plus-plus/notepad-plus-plus/releases/download/v7.7/npp.7.7.bin.x64.zip
7.7,github,x64,npp.7.7.bin.x64.zip,localization/portuguese.xml,portuguese.xml,,52588,2018-12-09T18:22:22.930436+00:00,bbdcaf6faf7f8548c07f2bb8e617a15e,44c4471d3c963037ce63605e9a7124a0ac36afbf,80b8d3026279141c07722981cc3c6f356674099fd02b8f82b74104fe625e2236,N/A,N/A,,https://github.com/notepad-plus-plus/notepad-plus-plus/releases/download/v7.7/npp.7.7.bin.x64.zip
7.7,github,x64,npp.7.7.bin.x64.zip,localization/punjabi.xml,punjabi.xml,,71006,2017-08-20T17:42:25.988152+00:00,1b2298a7b847f23751010f2b01e7a2ab,adeb00513bc79d24dac85640ac1463988a454a15,e3e009b986ed53654ea1c89d828ba3998039db4fae20a877f097e41a2ebb7771,N/A,N/A,,https://github.com/notepad-plus-plus/notepad-plus-plus/releases/download/v7.7/npp.7.7.bin.x64.zip
7.7,github,x64,npp.7.7.bin.x64.zip,autoCompletion/python.xml,python.xml,,61585,2016-12-26T22:10:43.648414+00:00,7bedd66d0b8a71da1467f63db6184420,c425dd0d93cd23e091ad0623c82d2edde21dbe06,cc27e0ea6542eb7bb249d169f42f9ac6fcbb794c2ef5d85f2b502e124ceef916,N/A,N/A,,https://github.com/notepad-plus-plus/notepad-plus-plus/releases/download/v7.7/npp.7.7.bin.x64.zip
7.7,github,x64,npp.7.7.bin.x64.zip,autoCompletion/rc.xml,rc.xml,,1642,2016-12-26T22:10:43.652428+00:00,12b972b69130e664e50ac111d298379b,413141253cf170a010f7f3a05a9ee1cfd4d37e25,12ad067aa1227b92141bbf9faca8efa74549cff6dabde85899db9272eb7e2dff,N/A,N/A,,https://github.com/notepad-plus-plus/notepad-plus-plus/releases/download/v7.7/npp.7.7.bin.x64.zip
7.7,github,x64,npp.7.7.bin.x64.zip,updater/README.md,README.md,,2991,2018-12-27T00:44:16.110687+00:00,9f56b12cbffcfad543fb1f91e3955f1b,406e1423549a8f5e97d8d8e37d5e7f6f4da8194b,aef40520cf12a0842097e8cfbeb9d9128f52573e5f90ca12d4a0a9045978547e,N/A,N/A,,https://github.com/notepad-plus-plus/notepad-plus-plus/releases/download/v7.7/npp.7.7.bin.x64.zip
7.7,github,x64,npp.7.7.bin.x64.zip,readme.txt,readme.txt,,1450,2016-12-26T22:10:43.409172+00:00,5c52adcd2bcc000a8b4bd5eb36b84cde,b51da3c7700102dad5d71b2a8551320b2529322a,f09758a2c953bdd2b817441e9a00255d3685c99369468c2695f0ca39aaaa5e6b,N/A,N/A,,https://github.com/notepad-plus-plus/notepad-plus-plus/releases/download/v7.7/npp.7.7.bin.x64.zip
7.7,github,x64,npp.7.7.bin.x64.zip,localization/romanian.xml,romanian.xml,,77591,2019-03-05T01:52:36.657938+00:00,a05753edcaceaff2dfe5d6ee4d83bcdb,3da78e19202b218e25ffe95d49a786d256d0a063,955898e29c7a7594e14800ab81f62c5764724b4b2d5869a08e64fff87702601d,N/A,N/A,,https://github.com/notepad-plus-plus/notepad-plus-plus/releases/download/v7.7/npp.7.7.bin.x64.zip
7.7,github,x64,npp.7.7.bin.x64.zip,themes/Ruby Blue.xml,Ruby Blue.xml,,71370,2017-08-24T07:58:40.304954+00:00,10f81f708ea447cbaf4e747594778852,10fde544d8652a88de3929b7a35a744f161adccf,4ae04fc8b9ef5dbd3937031afe05234996b946a126eca0fda8a6294d599354f2,N/A,N/A,,https://github.com/notepad-plus-plus/notepad-plus-plus/releases/download/v7.7/npp.7.7.bin.x64.zip
7.7,github,x64,npp.7.7.bin.x64.zip,localization/russian.xml,russian.xml,,83344,2019-05-13T21:05:14.368502+00:00,435f3d4ae5cff009d5e5ec356042cbe7,57782ad06e3cd108a6e22d58927f04fefd7a8b0c,ab2423bff4feb6c11b5dccf2d35adc4bb4a7046db00e24a66d697540d9519612,N/A,N/A,,https://github.com/notepad-plus-plus/notepad-plus-plus/releases/download/v7.7/npp.7.7.bin.x64.zip
7.7,github,x64,npp.7.7.bin.x64.zip,localization/samogitian.xml,samogitian.xml,,10160,2016-12-26T22:10:44.114584+00:00,ebba131558f344afe63e1c5718d0f7ad,65ba510db37a5d8ef74d1c77ede30fa9cccad299,75eca9974de1fca41651975a92f374660e1a7c273a3d1dab0ef6dd573230878b,N/A,N/A,,https://github.com/notepad-plus-plus/notepad-plus-plus/releases/download/v7.7/npp.7.7.bin.x64.zip
7.7,github,x64,npp.7.7.bin.x64.zip,localization/sardinian.xml,sardinian.xml,,40982,2017-08-20T17:40:41.271018+00:00,064889342004d04b1de62578aa733216,30b21b176b1c031ec472d45ccad41eba239efc52,0169ebd43b3cec4a4f3b0143a2af6f07ec9bf73cb04882a3d4507f01931c08de,N/A,N/A,,https://github.com/notepad-plus-plus/notepad-plus-plus/releases/download/v7.7/npp.7.7.bin.x64.zip
7.7,github,x64,npp.7.7.bin.x64.zip,SciLexer.dll,SciLexer.dll,,1788560,2019-05-19T11:14:26.474815+00:00,b4707bcf8c1b57bfadb813fc3965df79,d6533763b0cbeeae73c549d1849aaf7e0f61067a,08eb92fe872ef6db2ae207597adf7372f337033b03c04e16fd73d74e1a4ac9bd,N/A,N/A,,https://github.com/notepad-plus-plus/notepad-plus-plus/releases/download/v7.7/npp.7.7.bin.x64.zip
7.7,github,x64,npp.7.7.bin.x64.zip,localization/serbian.xml,serbian.xml,,24098,2016-12-26T22:10:44.125648+00:00,174e7dc367ff1c213432b891f11d25bb,e199d3a723bcbb176e9f79969f502658efab0ac7,1a07c6a9c2639fa12bb000f599498ddf84827449afbb7952f4bdc4cf526c2117,N/A,N/A,,https://github.com/notepad-plus-plus/notepad-plus-plus/releases/download/v7.7/npp.7.7.bin.x64.zip
7.7,github,x64,npp.7.7.bin.x64.zip,localization/serbianCyrillic.xml,serbianCyrillic.xml,,47833,2017-08-20T17:40:41.289358+00:00,e6c94316e6d065533305b94e7d5af2bc,3b6f4b424d7321bae1d643bef50ee952d7990ddd,289d7cdd9d9af5b2992e3b0ac38022f91e3d9dc0051e40733983e26e2ddcf594,N/A,N/A,,https://github.com/notepad-plus-plus/notepad-plus-plus/releases/download/v7.7/npp.7.7.bin.x64.zip
7.7,github,x64,npp.7.7.bin.x64.zip,shortcuts.xml,shortcuts.xml,,1800,2019-01-27T02:00:52.459055+00:00,7055e239de97ab9c2ac0b1a5e72325ad,cac8aa8f244dfd955a9a66e5be7da123e6076de8,867759aa7241cb97e982215cea0907e5193e938da8bf188da913ca021ada0d00,N/A,N/A,,https://github.com/notepad-plus-plus/notepad-plus-plus/releases/download/v7.7/npp.7.7.bin.x64.zip
7.7,github,x64,npp.7.7.bin.x64.zip,localization/sinhala.xml,sinhala.xml,,56893,2017-08-20T17:40:41.304229+00:00,9986ce0334af5335ae8c7e5a3cbc818b,384de56d2af7c4941c266bfba7d69518b2b1879d,a8b55a8115a50bd3b7b07c359c49fe7da48a5acf1dacc2c0e3708f6f48636fd6,N/A,N/A,,https://github.com/notepad-plus-plus/notepad-plus-plus/releases/download/v7.7/npp.7.7.bin.x64.zip
7.7,github,x64,npp.7.7.bin.x64.zip,localization/slovak.xml,slovak.xml,,74133,2019-03-05T01:52:36.662924+00:00,e56b5a5257bf4e743e9abb688b9e7215,9807a05639ca5262da524d1d1639e2b98c17d805,52b86604adc29058a0efe7109857cc37cb452fd46f6210467543af2bf81b8b3e,N/A,N/A,,https://github.com/notepad-plus-plus/notepad-plus-plus/releases/download/v7.7/npp.7.7.bin.x64.zip
7.7,github,x64,npp.7.7.bin.x64.zip,localization/slovenian.xml,slovenian.xml,,72270,2019-05-08T23:22:36.226757+00:00,2d0d8cdcb5375130e8cba2061df596ea,2013ad247c515fa341789ec660cccbd5c0a857e0,7b06c50ce90928f455131c070486e2f6f2d6e6ab71fdf7b703ee81ee211bb51e,N/A,N/A,,https://github.com/notepad-plus-plus/notepad-plus-plus/releases/download/v7.7/npp.7.7.bin.x64.zip
7.7,github,x64,npp.7.7.bin.x64.zip,themes/Solarized-light.xml,Solarized-light.xml,,107719,2017-08-24T07:58:40.306462+00:00,d0aa217ea78964bcf9bc9bef90311345,682004951a6a674d19738126388cc252a79ebb9c,01c7d87fcac593bdf943470404cc3a807f6b057267091e7b45ee80b5ba6ef7ae,N/A,N/A,,https://github.com/notepad-plus-plus/notepad-plus-plus/releases/download/v7.7/npp.7.7.bin.x64.zip
7.7,github,x64,npp.7.7.bin.x64.zip,themes/Solarized.xml,Solarized.xml,,107707,2017-08-24T07:58:40.308467+00:00,95ea5938411fb1f1fac33b85482a1549,7b23de30c58535731367d0bc3d9dc14c1ebf8e5b,6cd0ec536d6f6ab2b967cb3968a47264a5b626b6541b57b028fb813806ce6ca6,N/A,N/A,,https://github.com/notepad-plus-plus/notepad-plus-plus/releases/download/v7.7/npp.7.7.bin.x64.zip
7.7,github,x64,npp.7.7.bin.x64.zip,localization/spanish.xml,spanish.xml,,61773,2019-05-08T23:22:36.235734+00:00,822489dc4c8085d014fb508c76289747,f32f69839fe6fa2f15cb6481344b571be132e642,23b6520c0d7b3d7e80086b0714f0668a08e6b0dbea7a493cb0e320b8c552be02,N/A,N/A,,https://github.com/notepad-plus-plus/notepad-plus-plus/releases/download/v7.7/npp.7.7.bin.x64.zip
7.7,github,x64,npp.7.7.bin.x64.zip,localization/spanish_ar.xml,spanish_ar.xml,,45235,2017-08-20T17:42:26.087522+00:00,e6e44ee7c6b6a0ff89f0fe490f3c11fc,a3cc69b4ea7148ab45a5c907d3b0a45da166b65a,2fadeca7c44132ef9a9243bd67eee23c93a25f96bc6c80b81d527d18128d284d,N/A,N/A,,https://github.com/notepad-plus-plus/notepad-plus-plus/releases/download/v7.7/npp.7.7.bin.x64.zip
7.7,github,x64,npp.7.7.bin.x64.zip,autoCompletion/sql.xml,sql.xml,,67952,2016-12-26T22:10:43.658459+00:00,056b92b4d2e16984505990cf379b5486,7571c99732917dad3dd465f29d5bf28619a09fa7,620fe159db5ce323b78b4768f9f6a3a95ca2c4fa4806ea5145afadac21dcc74d,N/A,N/A,,https://github.com/notepad-plus-plus/notepad-plus-plus/releases/download/v7.7/npp.7.7.bin.x64.zip
7.7,github,x64,npp.7.7.bin.x64.zip,stylers.model.xml,stylers.model.xml,,165570,2018-12-09T18:22:22.991284+00:00,cb27bdda10cb78aa57032f34f0edc3a2,2da713efbfcf94e319306a8da0a8b8579fd1e599,fb189953648780dd1d038c918d6165b72fdab0499170eec63cf961a9e68ed165,N/A,N/A,,https://github.com/notepad-plus-plus/notepad-plus-plus/releases/download/v7.7/npp.7.7.bin.x64.zip
7.7,github,x64,npp.7.7.bin.x64.zip,localization/swedish.xml,swedish.xml,,59422,2018-12-09T18:22:22.935418+00:00,3dd7cb019156fbfca56b9eb9c5ddf50a,360b640ad7e37d599d65c93a45f2da2867b39506,053bbba683ea3d1d54602972495c90728a45a4affa10eb816cdba7e9494f3e72,N/A,N/A,,https://github.com/notepad-plus-plus/notepad-plus-plus/releases/download/v7.7/npp.7.7.bin.x64.zip
7.7,github,x64,npp.7.7.bin.x64.zip,localization/tagalog.xml,tagalog.xml,,30395,2016-12-26T22:10:44.167583+00:00,04e3e27d9d635c6b23c8e40dcbbdd442,c66e2dc153c22a445dae0df2bdf3c1693b4ad03e,047c63c449c5e2a9a4f97637c741eb07e6ec034bc829d85c6565bb0292c1cd72,N/A,N/A,,https://github.com/notepad-plus-plus/notepad-plus-plus/releases/download/v7.7/npp.7.7.bin.x64.zip
7.7,github,x64,npp.7.7.bin.x64.zip,localization/tajikCyrillic.xml,tajikCyrillic.xml,,66798,2017-08-20T17:42:26.121326+00:00,c28fc035726b0fe6f56c129d87c2aabc,3cdcfd5e06e905032f0119b5cec8dd8e011fa21c,70a7f699ee317a25cb74524995037b145477b4df0c39d674381ff5c8895fb63f,N/A,N/A,,https://github.com/notepad-plus-plus/notepad-plus-plus/releases/download/v7.7/npp.7.7.bin.x64.zip
7.7,github,x64,npp.7.7.bin.x64.zip,localization/tamil.xml,tamil.xml,,54196,2017-08-20T17:40:41.427488+00:00,abc0ae5ed0002512221d682263e41204,7a7533274855ceff9a604d6cd36192cc68f2c416,e23759fd6d60ef9728b620a1a8316fc049ccbf93445a91a1a85d27c4e25f3f15,N/A,N/A,,https://github.com/notepad-plus-plus/notepad-plus-plus/releases/download/v7.7/npp.7.7.bin.x64.zip
7.7,github,x64,npp.7.7.bin.x64.zip,localization/tatar.xml,tatar.xml,,71641,2017-08-20T17:42:26.139525+00:00,84c32874e0fbc009202c86781cf6a6b6,93f81be4ed8bd098f4384290f0286b55abbd5885,0b20a37e6512a5a3e0c92075db9eb179a156e5e20f9fe52c3260daf8c77825a3,N/A,N/A,,https://github.com/notepad-plus-plus/notepad-plus-plus/releases/download/v7.7/npp.7.7.bin.x64.zip
7.7,github,x64,npp.7.7.bin.x64.zip,localization/telugu.xml,telugu.xml,,53577,2017-08-20T17:40:41.456494+00:00,a8b6a302f3bda0eeae95e5214df33ec4,975e8e7ac8258c4f8c4050743debe980a9864e4f,82b4b16ee06e668e4ff30e71fcbf42623cf30dc14177c570a7ad1f47c0284e0c,N/A,N/A,,https://github.com/notepad-plus-plus/notepad-plus-plus/releases/download/v7.7/npp.7.7.bin.x64.zip
7.7,github,x64,npp.7.7.bin.x64.zip,autoCompletion/tex.xml,tex.xml,,67871,2017-12-28T02:55:00.351580+00:00,03f74d2063099160e73faa1a5dee7f9a,89a19baacde3f98c9439861a52239df8c5e964ba,d19fe5a6b68b50e0820641489fd73368ba4ba58adb07948e39073ddce8e08d37,N/A,N/A,,https://github.com/notepad-plus-plus/notepad-plus-plus/releases/download/v7.7/npp.7.7.bin.x64.zip
7.7,github,x64,npp.7.7.bin.x64.zip,localization/thai.xml,thai.xml,,41406,2017-08-20T17:40:41.469535+00:00,8d02b72cdcce6c5a4db56eebba394824,259babbea022717b773d10704f61fb285e800730,8ce450bcfd9b9617f4e0969ad4e201480b255d473cb1383c90761cc28cbd7ecc,N/A,N/A,,https://github.com/notepad-plus-plus/notepad-plus-plus/releases/download/v7.7/npp.7.7.bin.x64.zip
7.7,github,x64,npp.7.7.bin.x64.zip,localization/turkish.xml,turkish.xml,,65738,2019-05-08T23:22:36.246703+00:00,6b5d7190e9af58c43afcbe80807b3e0f,280fea4a7f6ac9469965f2e726bfda2c24091bef,e315dadbca8df57b80ba1ee3f2c685b201a29399e736c97debf82a9789183ba9,N/A,N/A,,https://github.com/notepad-plus-plus/notepad-plus-plus/releases/download/v7.7/npp.7.7.bin.x64.zip
7.7,github,x64,npp.7.7.bin.x64.zip,themes/Twilight.xml,Twilight.xml,,89933,2017-08-24T07:58:40.309971+00:00,7f4115aa0366820a94d240384e7d2948,cd079ad3e4036df7ac6e4f9007d2036a692535fb,dff5d4b5390387e086407a456b687afef5fb00430a2d6755b614b9b536ed2f3f,N/A,N/A,,https://github.com/notepad-plus-plus/notepad-plus-plus/releases/download/v7.7/npp.7.7.bin.x64.zip
7.7,github,x64,npp.7.7.bin.x64.zip,localization/ukrainian.xml,ukrainian.xml,,95203,2019-05-13T21:05:14.371493+00:00,2ad1d6c0d74e402c854df769a8196880,f985b2e0d9e86d0dfe39d87edab71eff961cc895,38d0e8cccb1030ba3314511573ed58fcf9ad24d32de8110f6fced82262585b4d,N/A,N/A,,https://github.com/notepad-plus-plus/notepad-plus-plus/releases/download/v7.7/npp.7.7.bin.x64.zip
7.7,github,x64,npp.7.7.bin.x64.zip,localization/urdu.xml,urdu.xml,,15657,2016-12-26T22:10:44.210970+00:00,cf965dfcf2257d8046c453ac36fcf65e,ac650afe9e15fec6e0e3e87bc999c2d9350ab461,0b685abaea6232f3e99d563f01613161251e51aba6a62d83cb306aa5f2d396d5,N/A,N/A,,https://github.com/notepad-plus-plus/notepad-plus-plus/releases/download/v7.7/npp.7.7.bin.x64.zip
7.7,github,x64,npp.7.7.bin.x64.zip,userDefineLangs/userDefinedLang-markdown.default.modern.xml,userDefinedLang-markdown.default.modern.xml,,5440,2019-03-05T01:52:36.627021+00:00,e6edb9c859b5b97800da9c664a0606c8,a0529bfe949f37d87349f89e44ac03a0f39d90c6,b7a3e70c69f661e76cc7b6279db21fb32f275a8a3c205a75ae22e40224136031,N/A,N/A,,https://github.com/notepad-plus-plus/notepad-plus-plus/releases/download/v7.7/npp.7.7.bin.x64.zip
7.7,github,x64,npp.7.7.bin.x64.zip,localization/uyghur.xml,uyghur.xml,,47848,2018-01-28T21:48:40.466342+00:00,a5d2661cab9fae284200b5cd84496b41,fa6cfe413495f354ad0d72e9660f04ce05a6556d,f5d24a6c678b1b54539adeafd2bc2697738f44cea6c184fa442980f1440e5afd,N/A,N/A,,https://github.com/notepad-plus-plus/notepad-plus-plus/releases/download/v7.7/npp.7.7.bin.x64.zip
7.7,github,x64,npp.7.7.bin.x64.zip,localization/uzbek.xml,uzbek.xml,,67937,2019-05-08T23:22:36.249695+00:00,8d5d53622c0bd306f5bcbd785328ead3,3aeda8d64f29c15efcbc270ea06bb8100245087f,1e94b2d6c7a0f3a29ed7065a592fab68ffcb442f6b6eb7a78f4f875c689dadd6,N/A,N/A,,https://github.com/notepad-plus-plus/notepad-plus-plus/releases/download/v7.7/npp.7.7.bin.x64.zip
7.7,github,x64,npp.7.7.bin.x64.zip,localization/uzbekCyrillic.xml,uzbekCyrillic.xml,,35714,2017-08-20T17:40:41.544199+00:00,71b7ce4804f337f3d5c4fea4a0733691,f4446df6fbeb19c93869205750991261d3a1ac7b,380e17fd360658921ea937043e540b2af642a7307be691f5c58b825623b61a99,N/A,N/A,,https://github.com/notepad-plus-plus/notepad-plus-plus/releases/download/v7.7/npp.7.7.bin.x64.zip
7.7,github,x64,npp.7.7.bin.x64.zip,autoCompletion/vb.xml,vb.xml,,17197,2017-12-28T02:55:00.358594+00:00,cb6d0cff9916fa1eae0a4faafc9db82a,0bb7663a45ac8a0e8ed5ee3296f7fedc24c4a3e6,74b6701e0c8f2c92eedd563165b61d4813f519f3747b67b3a043a4b85de41401,N/A,N/A,,https://github.com/notepad-plus-plus/notepad-plus-plus/releases/download/v7.7/npp.7.7.bin.x64.zip
7.7,github,x64,npp.7.7.bin.x64.zip,autoCompletion/vhdl.xml,vhdl.xml,,2632,2016-12-26T22:10:43.671560+00:00,1ba07e9e9c7ccbf095fee8c248375527,668325f597bb9fa517e41f304f07c5d0a0421160,29967c6650ce9fce73b7b9dda3390ae3b5cff4ad8ef2265f2c6980da55f42f97,N/A,N/A,,https://github.com/notepad-plus-plus/notepad-plus-plus/releases/download/v7.7/npp.7.7.bin.x64.zip
7.7,github,x64,npp.7.7.bin.x64.zip,themes/Vibrant Ink.xml,Vibrant Ink.xml,,87917,2019-05-08T23:22:36.289442+00:00,b05d33b041955fd401ccb2f31466f7c5,322df6af28a58a79081e5f6c1ee48bbaa4fee3dd,d4507c1a946e400e49051591b8059e479f82e889a48afb47398510d8975959d3,N/A,N/A,,https://github.com/notepad-plus-plus/notepad-plus-plus/releases/download/v7.7/npp.7.7.bin.x64.zip
7.7,github,x64,npp.7.7.bin.x64.zip,localization/vietnamese.xml,vietnamese.xml,,52737,2017-08-20T17:42:26.208032+00:00,4648aecae4e9d1df3ca32d9a0cba8fed,ace0c0282c1e0dc6facfd3277994a50410e619c8,747d88fd1df6f7a703fdd0904b50ff32c3d6d2d26203e0ae07b44786b44a9961,N/A,N/A,,https://github.com/notepad-plus-plus/notepad-plus-plus/releases/download/v7.7/npp.7.7.bin.x64.zip
7.7,github,x64,npp.7.7.bin.x64.zip,themes/vim Dark Blue.xml,vim Dark Blue.xml,,88104,2019-05-08T23:22:36.295500+00:00,a100ed60e3b7c4de0ee79196595a2a5a,d50e1590fe9d220cc8e5fbce6d8331899b730841,86c282817efbbde7eee56d846fcd3e28f85c02e41ccc1464d16efbf905e1dbc3,N/A,N/A,,https://github.com/notepad-plus-plus/notepad-plus-plus/releases/download/v7.7/npp.7.7.bin.x64.zip
7.7,github,x64,npp.7.7.bin.x64.zip,localization/welsh.xml,welsh.xml,,53261,2017-08-20T17:42:26.222941+00:00,538acafd2ef4e67581a908f970838626,98c8498903c60d46035a3ec22a3c559311451754,11fd56a75e14493a7305d6cd2aa79dd6990465eb0dec8bdf6354dd6e5db35634,N/A,N/A,,https://github.com/notepad-plus-plus/notepad-plus-plus/releases/download/v7.7/npp.7.7.bin.x64.zip
7.7,github,x64,npp.7.7.bin.x64.zip,autoCompletion/xml.xml,xml.xml,,12024,2016-12-26T22:10:43.676850+00:00,432b0a7d34b59ad7512c347f8670ff23,d4ff6d0b283f7b2b8d1792b0c9671d9afb43d3f7,7cdfb59901b0dbda488745f9bd749ce9a1c3e228931162e3a5764c5674330601,N/A,N/A,,https://github.com/notepad-plus-plus/notepad-plus-plus/releases/download/v7.7/npp.7.7.bin.x64.zip
7.7,github,x64,npp.7.7.bin.x64.zip,themes/Zenburn.xml,Zenburn.xml,,103030,2019-03-05T01:52:36.677885+00:00,d493b95a290a7a5a1aa22690db984d99,30b9470cb13ae5543be22144a848f98b7a4798b3,0f2870aa82ed87c920d7cb82ab8f232820fbcfa0c98b22b1e87dd18eee8a4661,N/A,N/A,,https://github.com/notepad-plus-plus/notepad-plus-plus/releases/download/v7.7/npp.7.7.bin.x64.zip
7.7,github,x64,npp.7.7.bin.x64.zip,localization/zulu.xml,zulu.xml,,72870,2019-03-26T23:11:19.879946+00:00,9440a55f71dac040b123de16d6557951,3c418d94e534013fe52e2a85ddac821b3ae89b40,16ef44efd21a556cfed5aa07b70437a16016754fcd3ce2a9e7048061716591df,N/A,N/A,,https://github.com/notepad-plus-plus/notepad-plus-plus/releases/download/v7.7/npp.7.7.bin.x64.zip
7.7,github,x86,npp.7.7.bin.zip,,npp.7.7.bin.zip,,4044673,2021-12-07T19:40:08+00:00,bd26bca7e09ec0cc25864fa6294717fb,260ec88519f6f94fbf2283882d9e6dbceb0c7efc,80dc7005fb0163bb8df5c7e02272b5b2b475cbfbc1c9405c5e874cb1696e75a9,MATCH,MATCH,,https://github.com/notepad-plus-plus/notepad-plus-plus/releases/download/v7.7/npp.7.7.bin.zip
7.7,github,x86,npp.7.7.bin.zip,autoCompletion/actionscript.xml,actionscript.xml,,20752,2017-12-28T02:55:00.321495+00:00,f8876462309eeb4204eaaf5777dc4eea,167b0f169340f0cf7d2a53d0f4c4b20f694ff12a,7bdab6f3b572773331a17bfbb6cc4bbd71dfd89e4f11e404b7466925678a3a26,N/A,N/A,,https://github.com/notepad-plus-plus/notepad-plus-plus/releases/download/v7.7/npp.7.7.bin.zip
7.7,github,x86,npp.7.7.bin.zip,localization/afrikaans.xml,afrikaans.xml,,29077,2016-12-26T22:10:43.769673+00:00,c2f475cc2b49d3aee490c9059529744a,621e81e87c6c8d45a6be6bc69108d8ab13e2d5a6,5d285d98f8891bcf73a770fde00c3215062842224b81c4e70537569712f84570,N/A,N/A,,https://github.com/notepad-plus-plus/notepad-plus-plus/releases/download/v7.7/npp.7.7.bin.zip
7.7,github,x86,npp.7.7.bin.zip,localization/albanian.xml,albanian.xml,,57197,2017-08-20T17:42:25.395692+00:00,5803d49d9a1320f50394a0ab36c427b6,6f29668d5d3101d86a6ec34d3087c7cd5e5fdc64,508ddd0bd359666186a34b1249b55de31062f2eb4323bce01409e602e7fc0b64,N/A,N/A,,https://github.com/notepad-plus-plus/notepad-plus-plus/releases/download/v7.7/npp.7.7.bin.zip
7.7,github,x86,npp.7.7.bin.zip,localization/arabic.xml,arabic.xml,,86770,2018-10-05T00:32:05.819137+00:00,4c43fa51c53e259e9c0df42eab235849,6af39eb260e24144dc3491e9083a3d615e977775,f4bb70b47614e639d2035ecf94e4f74413312f7ae593d60a916d940cf3639554,N/A,N/A,,https://github.com/notepad-plus-plus/notepad-plus-plus/releases/download/v7.7/npp.7.7.bin.zip
7.7,github,x86,npp.7.7.bin.zip,localization/aragonese.xml,aragonese.xml,,49810,2017-08-20T17:42:25.412736+00:00,ff161db746ade330439882ba0640d2ea,1a9109c96486d1f4ee48336f66c0be93cf2725a3,1db8eeb9c6cae8705cacfc3043a7556678e9ed52162fb8ec536c5befc19343a9,N/A,N/A,,https://github.com/notepad-plus-plus/notepad-plus-plus/releases/download/v7.7/npp.7.7.bin.zip
7.7,github,x86,npp.7.7.bin.zip,localization/aranese.xml,aranese.xml,,20821,2016-12-26T22:10:43.795718+00:00,333a18acb93ba083e86679c065b69d15,cb874355fb8e495a2b0b0dcf8868df287ec6a342,de5da809aa6e44c4e6a01c3b5fb7da5a66d9683cb905416f3fcff2ed413ea7c6,N/A,N/A,,https://github.com/notepad-plus-plus/notepad-plus-plus/releases/download/v7.7/npp.7.7.bin.zip
7.7,github,x86,npp.7.7.bin.zip,autoCompletion/autoit.xml,autoit.xml,,738721,2018-12-09T18:22:22.898518+00:00,24091974377d7e76106add1210d5853a,7663d568323f753fb62c15f684eea1ff9014ce5b,07cb7ea3f8d1eee1142bcdf876e29f14e6ae2a72ef28f2310263da531c7e8711,N/A,N/A,,https://github.com/notepad-plus-plus/notepad-plus-plus/releases/download/v7.7/npp.7.7.bin.zip
7.7,github,x86,npp.7.7.bin.zip,localization/azerbaijani.xml,azerbaijani.xml,,35482,2017-08-20T17:40:40.621097+00:00,8cd5c70b03ef9c48585c06fa149f9fcd,4fb0a331d184579444326c6910742ad4b0cbb5a1,d2e185e9c8b1e7d994dcb3b44748f1b499f18ca22a573f452a9b0d791344c448,N/A,N/A,,https://github.com/notepad-plus-plus/notepad-plus-plus/releases/download/v7.7/npp.7.7.bin.zip
7.7,github,x86,npp.7.7.bin.zip,autoCompletion/BaanC.xml,BaanC.xml,,18490,2017-12-28T22:22:51.984891+00:00,2537a01a4619a19962fb1b85cbee9a13,adaf66583cc60a53f0a08b030e63cc2652badd17,9780d21f36eca4cb7f85c67fe9113c3c223822662812f6ab533c011cd2f56e7e,N/A,N/A,,https://github.com/notepad-plus-plus/notepad-plus-plus/releases/download/v7.7/npp.7.7.bin.zip
7.7,github,x86,npp.7.7.bin.zip,localization/basque.xml,basque.xml,,59732,2018-02-17T07:05:11.303084+00:00,7ef1dd1b3280122bac0a69063249fd46,83730aee38e42a5aee4c7daf0390833761208709,1047a56b9ea18bafbb7fd03daa190cb980883694dfd7fc1556136ab81834d489,N/A,N/A,,https://github.com/notepad-plus-plus/notepad-plus-plus/releases/download/v7.7/npp.7.7.bin.zip
7.7,github,x86,npp.7.7.bin.zip,autoCompletion/batch.xml,batch.xml,,3784,2017-12-28T02:55:00.327011+00:00,713831a4916810500b39efbdb41435a2,6b9c9d965f73f71fafb786d547be09f5ef398643,d43ce011aa2d5a946c36b4c3a6a0a98fd9570253bc461a267d3b44aaec3cb6b0,N/A,N/A,,https://github.com/notepad-plus-plus/notepad-plus-plus/releases/download/v7.7/npp.7.7.bin.zip
7.7,github,x86,npp.7.7.bin.zip,localization/belarusian.xml,belarusian.xml,,95099,2018-12-30T17:41:19.305996+00:00,fd060d45654fa3adec00f943349a535b,7732a8a924e84a218ac710a3c2a829438481c761,1c616bcd978b6f7feb5035c232024baa895f9787183898e4672f70ea3d1ded9c,N/A,N/A,,https://github.com/notepad-plus-plus/notepad-plus-plus/releases/download/v7.7/npp.7.7.bin.zip
7.7,github,x86,npp.7.7.bin.zip,localization/bengali.xml,bengali.xml,,70025,2017-08-20T17:42:25.457657+00:00,d081b39bf7a87b8ccd3caa5e9d15087c,02fad366321e3bb823bfb46ab966ac919dd227c8,5ecd5febabcb4b4616035fab1b567bf2a0ff8b2ded72d74e6ea5511671814484,N/A,N/A,,https://github.com/notepad-plus-plus/notepad-plus-plus/releases/download/v7.7/npp.7.7.bin.zip
7.7,github,x86,npp.7.7.bin.zip,themes/Bespin.xml,Bespin.xml,,91987,2019-05-08T23:22:36.252596+00:00,821e643338c9129e0eade6fa9008f198,cdfb6a4ba9d186019f072e661a81050f8c5dbe7e,26234a54d2498693d08c462d0e8a61f7ef6df7b5a278c49716ae991183ee80d3,N/A,N/A,,https://github.com/notepad-plus-plus/notepad-plus-plus/releases/download/v7.7/npp.7.7.bin.zip
7.7,github,x86,npp.7.7.bin.zip,themes/Black board.xml,Black board.xml,,90353,2019-05-08T23:22:36.256586+00:00,b2c72f0861af9556500ffb5bd3e68b8b,5bfb5849e96e67cbe605d2618fb545e131a570a7,d043514f3c2c442b1f4a2a868fbfec53f53fcb61c9c6ab0f447e4934cb94ce57,N/A,N/A,,https://github.com/notepad-plus-plus/notepad-plus-plus/releases/download/v7.7/npp.7.7.bin.zip
7.7,github,x86,npp.7.7.bin.zip,localization/bosnian.xml,bosnian.xml,,32084,2016-12-26T22:10:43.820980+00:00,6b036835ed9d1ee92cd9bd4c76f41bbd,faeb76f93f4228832c7cc952833c717f3614a38d,06ce39e85fc9acd72888da5871fae4d18aa2c5bb6a9fa0c9eca459cf0e949a63,N/A,N/A,,https://github.com/notepad-plus-plus/notepad-plus-plus/releases/download/v7.7/npp.7.7.bin.zip
7.7,github,x86,npp.7.7.bin.zip,localization/brazilian_portuguese.xml,brazilian_portuguese.xml,,78673,2019-03-26T23:11:19.856317+00:00,c5ac706ffe3cc6abb54272e49d42de5d,d5a9bee2ce2cff235179ea19dfc8207661d40e3d,690897901b9880c4b4247d5a75140f4ef9804fddd4b1ffe6fbc89d4f9952e520,N/A,N/A,,https://github.com/notepad-plus-plus/notepad-plus-plus/releases/download/v7.7/npp.7.7.bin.zip
7.7,github,x86,npp.7.7.bin.zip,localization/breton.xml,breton.xml,,56124,2017-08-20T17:42:25.485730+00:00,a28d31b3147d47670455aa249df9e3a8,ae276de79ca796b74345a8b3dbcf53e4972b6eaa,7d8569dca0eef5ccd411287ed72f70da19f92b96e05e2bfd294263098e3ed38d,N/A,N/A,,https://github.com/notepad-plus-plus/notepad-plus-plus/releases/download/v7.7/npp.7.7.bin.zip
7.7,github,x86,npp.7.7.bin.zip,localization/bulgarian.xml,bulgarian.xml,,89854,2019-05-13T21:05:14.353542+00:00,4cfd349868f4f6f269789ed55a35a214,58048827fc5dd2c368b734d7d8d5004000e0d641,0240561bed98e46a001330fd3f9e52a868637319de4e5d69b4655444ff1e1c20,N/A,N/A,,https://github.com/notepad-plus-plus/notepad-plus-plus/releases/download/v7.7/npp.7.7.bin.zip
7.7,github,x86,npp.7.7.bin.zip,autoCompletion/c.xml,c.xml,,44390,2016-12-26T22:10:43.575360+00:00,c92c0a8fa14eb590fdc13287b26689db,b6010b4b59128f9d16abd9e8d8ccf521ed6e4eb8,2ad09d23098049d7541c703684bca446ccf6f1024a182e7dc30c378efb1b2109,N/A,N/A,,https://github.com/notepad-plus-plus/notepad-plus-plus/releases/download/v7.7/npp.7.7.bin.zip
7.7,github,x86,npp.7.7.bin.zip,localization/catalan.xml,catalan.xml,,65728,2019-05-08T23:22:36.215786+00:00,be294c1890b57df605d743846802e835,5425db4f87a254e3438a73aaf4d4e3a46d3bf9fa,03e2d93f71ae1b27d0695c14af7b820862737b4bf32ccc5fa29e68006ce32e32,N/A,N/A,,https://github.com/notepad-plus-plus/notepad-plus-plus/releases/download/v7.7/npp.7.7.bin.zip
7.7,github,x86,npp.7.7.bin.zip,change.log,change.log,,904,2019-05-19T11:04:50.408615+00:00,fba8943a74fcc546372a924e00be692f,6287588921b1ade9b1056719610bbbff050c72ad,cdc5dcb06affbb14f5a1efee382cb4ddb57bb4bc6aae9e49b059c8d2f8e76f64,N/A,N/A,,https://github.com/notepad-plus-plus/notepad-plus-plus/releases/download/v7.7/npp.7.7.bin.zip
7.7,github,x86,npp.7.7.bin.zip,localization/chinese.xml,chinese.xml,,75052,2019-03-26T23:11:19.860312+00:00,95c0eacb92d19a56ad3e9f114355b891,b2a693af9cd3029e79c2c719eb88a58f190f305d,6a6b8625fbe38f8ecd5f8205cefa66a7fb31c17826766c29dfc4494bf71602ad,N/A,N/A,,https://github.com/notepad-plus-plus/notepad-plus-plus/releases/download/v7.7/npp.7.7.bin.zip
7.7,github,x86,npp.7.7.bin.zip,localization/chineseSimplified.xml,chineseSimplified.xml,,73985,2019-05-13T21:05:14.357532+00:00,8b1fd4c62d772ff4e2e8cd86f9daa996,2351b7c17a69365db44b5b4f9e89f75e07ab4d61,db470e2927688c424ba8a3838d673b8fe42699e51a4e1b4e9c8824089b3b337d,N/A,N/A,,https://github.com/notepad-plus-plus/notepad-plus-plus/releases/download/v7.7/npp.7.7.bin.zip
7.7,github,x86,npp.7.7.bin.zip,themes/Choco.xml,Choco.xml,,90648,2019-05-08T23:22:36.259617+00:00,08bee836ff654869d212779577b0bbf6,21d606a57056351521787e1ce2f823307525b722,94fe9c0753a4d9b8352bc17c9785004b046d0afee8722de21609ef8938f327eb,N/A,N/A,,https://github.com/notepad-plus-plus/notepad-plus-plus/releases/download/v7.7/npp.7.7.bin.zip
7.7,github,x86,npp.7.7.bin.zip,autoCompletion/cmake.xml,cmake.xml,,7321,2018-03-02T19:22:54.672521+00:00,bb3c098e3c76d30df480e3e17abe5a7b,394ea38362db6dcaa12ebecb6813ed66d7729ea5,b5616caa363cd62310287f60e6c61eeed9297be5d2da913a390fedc26217cae0,N/A,N/A,,https://github.com/notepad-plus-plus/notepad-plus-plus/releases/download/v7.7/npp.7.7.bin.zip
7.7,github,x86,npp.7.7.bin.zip,autoCompletion/coffee.xml,coffee.xml,,1510,2017-12-28T22:05:30.759151+00:00,633f1e56a9f5b7e1c7c75e6dff944b25,55f1f86306161a2b743fe13927e852c2570bfaf7,46d379e7ad5565fc197a32b62d04ceb1be4452af2ae45663415809bc7badb0bd,N/A,N/A,,https://github.com/notepad-plus-plus/notepad-plus-plus/releases/download/v7.7/npp.7.7.bin.zip
7.7,github,x86,npp.7.7.bin.zip,config.xml,config.xml,,5114,2019-03-30T10:38:48.831842+00:00,b56d4fa38548cf7206a700c580d529ad,5e334fa5d1310ba15a81436aa3bb2ad2e7e65be8,a831c5da7fdcacaad454585459003a44cc4c00bda0242337a9a046ba05c02f42,N/A,N/A,,https://github.com/notepad-plus-plus/notepad-plus-plus/releases/download/v7.7/npp.7.7.bin.zip
7.7,github,x86,npp.7.7.bin.zip,contextMenu.xml,contextMenu.xml,,3512,2018-05-25T21:58:05.896518+00:00,a7998766b85ee71ff1d82a1198988529,acaf62b48d9307b319105109121d82ccefe46c65,aa48a7c2ec3ed377c42c293f732807572f2ea305c9771b6ea210e7b92ef2c199,N/A,N/A,,https://github.com/notepad-plus-plus/notepad-plus-plus/releases/download/v7.7/npp.7.7.bin.zip
7.7,github,x86,npp.7.7.bin.zip,localization/corsican.xml,corsican.xml,,83266,2019-04-03T19:06:20.452465+00:00,2762c8551adc0138beb86c304bd678df,465883c3db9c3982e0202b20ff31f3c5dc02cfb2,9cc651eca1140c53634b1106a00bf8df96c8b4db49b68dbf165e1feae0740ee5,N/A,N/A,,https://github.com/notepad-plus-plus/notepad-plus-plus/releases/download/v7.7/npp.7.7.bin.zip
7.7,github,x86,npp.7.7.bin.zip,autoCompletion/cpp.xml,cpp.xml,,61530,2018-12-09T18:22:22.900548+00:00,e60ca42b12a8e816892894d321ab8d00,bf1dc910f6cab97f99e23d08e084837fc7de17c6,b97ffa556f93ec4c51208b2aea4f3d69411404c27f6ea12608ae84bedbd76418,N/A,N/A,,https://github.com/notepad-plus-plus/notepad-plus-plus/releases/download/v7.7/npp.7.7.bin.zip
7.7,github,x86,npp.7.7.bin.zip,localization/croatian.xml,croatian.xml,,85184,2019-05-08T23:22:36.218778+00:00,cec164119c1295583fe3326f6710253c,52feae919ddb150a3bad58f5d6f1071027eeebcb,12fe4e0941c20088f10a19487aeddc57ca96ff8ace34ccfbc2cfcb2388c17173,N/A,N/A,,https://github.com/notepad-plus-plus/notepad-plus-plus/releases/download/v7.7/npp.7.7.bin.zip
7.7,github,x86,npp.7.7.bin.zip,autoCompletion/cs.xml,cs.xml,,33726,2018-12-09T18:22:22.902508+00:00,c9bc2acde59532d2a9b65e7f9cd55d4f,d4a0e2d2b20e0b0cc40a0bf3a5274800d1eb6ea7,32076a244afd75a07cd38f1fa27b08eea3a4a697111cde8a1cb636c46c708c17,N/A,N/A,,https://github.com/notepad-plus-plus/notepad-plus-plus/releases/download/v7.7/npp.7.7.bin.zip
7.7,github,x86,npp.7.7.bin.zip,autoCompletion/css.xml,css.xml,,11522,2016-12-26T22:10:43.597241+00:00,d2affd6da8aa4fd9457db7b0dcb87517,427e170083be87d570df3f9ea4b0eff0eb60a8f4,776187ab9beec87648e5701137f153adeef88c579b15b181c5d4eee2f02262f8,N/A,N/A,,https://github.com/notepad-plus-plus/notepad-plus-plus/releases/download/v7.7/npp.7.7.bin.zip
7.7,github,x86,npp.7.7.bin.zip,localization/czech.xml,czech.xml,,72315,2019-05-13T21:05:14.360523+00:00,40fb19e6e72098f1fcc013562e210d4c,d637d786b7eb88d281dec513fd0a7854d5ad5610,e2f164416ddf1f6c09bbc8c33600886f35116c170a9837c940bf1c4e1a75eafa,N/A,N/A,,https://github.com/notepad-plus-plus/notepad-plus-plus/releases/download/v7.7/npp.7.7.bin.zip
7.7,github,x86,npp.7.7.bin.zip,localization/danish.xml,danish.xml,,75208,2019-03-05T01:52:36.641982+00:00,afdca23414d2fa05e0edfed63dc68bd1,4d5cb126c3f86dc907f315ae38ccc3ec07619fd3,3ce52cb27a70640c8f4578ff52f71de18282d54ab91d1db7658be64c6a316d6c,N/A,N/A,,https://github.com/notepad-plus-plus/notepad-plus-plus/releases/download/v7.7/npp.7.7.bin.zip
7.7,github,x86,npp.7.7.bin.zip,themes/Deep Black.xml,Deep Black.xml,,88397,2019-05-08T23:22:36.265672+00:00,c0dfe7248b4651b3ead3d8ba219a529d,dddf5cb8366555f9510c7542476d6b0dd59102e8,6de4560d9ffd31ba5ab94de04c4fec2a2d3ca34cf136c0777598b24054dcf4f5,N/A,N/A,,https://github.com/notepad-plus-plus/notepad-plus-plus/releases/download/v7.7/npp.7.7.bin.zip
7.7,github,x86,npp.7.7.bin.zip,doLocalConf.xml,doLocalConf.xml,,0,2017-08-16T07:23:53.663879+00:00,d41d8cd98f00b204e9800998ecf8427e,da39a3ee5e6b4b0d3255bfef95601890afd80709,e3b0c44298fc1c149afbf4c8996fb92427ae41e4649b934ca495991b7852b855,N/A,N/A,,https://github.com/notepad-plus-plus/notepad-plus-plus/releases/download/v7.7/npp.7.7.bin.zip
7.7,github,x86,npp.7.7.bin.zip,localization/dutch.xml,dutch.xml,,61604,2018-10-05T00:32:05.860027+00:00,6ce9f0ae41286f01ccf83b64d48cc238,cad9570ecd9252768231c07c37c162e3b291ae97,4dc9faf1ba2806b6ff3f70264c46e2d70007af6f5dafe6fe9d306c3c07eda610,N/A,N/A,,https://github.com/notepad-plus-plus/notepad-plus-plus/releases/download/v7.7/npp.7.7.bin.zip
7.7,github,x86,npp.7.7.bin.zip,localization/english.xml,english.xml,,74693,2019-03-26T23:11:19.862270+00:00,03abae43e8e53d9594ced22fdb09965f,f9b7ed754eb38eed200ee20a68fbaf7fcc334867,6472da400162dc1aecba34146ab92c4d59be1b3629f72ca1e91b9e7d57e667eb,N/A,N/A,,https://github.com/notepad-plus-plus/notepad-plus-plus/releases/download/v7.7/npp.7.7.bin.zip
7.7,github,x86,npp.7.7.bin.zip,localization/english_customizable.xml,english_customizable.xml,,71799,2018-10-05T00:32:05.871996+00:00,ba660fd5e124a627e7b5b1d53a6ceae5,81228dc178e012002db96c72c1e2f0e812123b6e,db1c55427bf83385e8713460d515d05aa79b9829be85515f1e46ab1a2cdc198b,N/A,N/A,,https://github.com/notepad-plus-plus/notepad-plus-plus/releases/download/v7.7/npp.7.7.bin.zip
7.7,github,x86,npp.7.7.bin.zip,localization/esperanto.xml,esperanto.xml,,48285,2017-08-20T17:42:25.630120+00:00,4abf56d03e149ee0569619bbc11815a5,bca30606a47cae3f06685f01795613d1fce626eb,e1486a8120d1ef7998b5335536a3a4877fdcb630f87ed9ca7b307ac075b313c6,N/A,N/A,,https://github.com/notepad-plus-plus/notepad-plus-plus/releases/download/v7.7/npp.7.7.bin.zip
7.7,github,x86,npp.7.7.bin.zip,localization/estonian.xml,estonian.xml,,60812,2017-08-20T17:42:25.642927+00:00,a12e2854f772938fd4ccd55345dadd4b,20f9c4d026a1bff3934560c45a6956143070e99e,f71e4b0ba4fbf616af8f1568f2160d527b78fcf711132c4a38e0bd5378902237,N/A,N/A,,https://github.com/notepad-plus-plus/notepad-plus-plus/releases/download/v7.7/npp.7.7.bin.zip
7.7,github,x86,npp.7.7.bin.zip,localization/extremaduran.xml,extremaduran.xml,,25399,2016-12-26T22:10:43.910594+00:00,896b0f1f0854f3bcc23a80c99dcebd47,ee5d3a7de7503e18b2929d96dc164dd0671a841d,87e0372bfd2b84316adf2c7d3130fcf2415a96ec2c8bcd5da6f1a8a3a807c8d2,N/A,N/A,,https://github.com/notepad-plus-plus/notepad-plus-plus/releases/download/v7.7/npp.7.7.bin.zip
7.7,github,x86,npp.7.7.bin.zip,localization/farsi.xml,farsi.xml,,65927,2018-01-28T21:48:40.463836+00:00,9ddc0ac1e17a56703a3e0a7acb8d0e2a,3735a864f2c265811e478b8f1b7876ec7e73a1a9,d0acda01c7bb500072f00af882297d08a14821811931e862b5225bef97ab6336,N/A,N/A,,https://github.com/notepad-plus-plus/notepad-plus-plus/releases/download/v7.7/npp.7.7.bin.zip
7.7,github,x86,npp.7.7.bin.zip,localization/finnish.xml,finnish.xml,,44055,2017-08-20T17:42:25.673023+00:00,99d18eeaa47569147a0395948cb9c7d6,9b3488593fa1002a827698db2eec91b4eadba8ea,691d523b2a8c2ea14eb5e5259eed9e9de1853b2c2fd8badc77164f2cca2dd006,N/A,N/A,,https://github.com/notepad-plus-plus/notepad-plus-plus/releases/download/v7.7/npp.7.7.bin.zip
7.7,github,x86,npp.7.7.bin.zip,localization/french.xml,french.xml,,77647,2019-05-13T21:05:14.364512+00:00,9f90a6c8c9db6894bb578f39014ecea0,796cef14cfb541c2f9fb520a07330818c74e9394,497f8bf1660f90a8f0cd7f409c7a7df3cf2e040a8594bb039edf54e399fe61d2,N/A,N/A,,https://github.com/notepad-plus-plus/notepad-plus-plus/releases/download/v7.7/npp.7.7.bin.zip
7.7,github,x86,npp.7.7.bin.zip,localization/friulian.xml,friulian.xml,,34362,2017-08-20T17:40:40.917620+00:00,6d4c069b4c4517f68657be1641bec299,cc5384f29594b19822a805f8d5888ff328e169a1,d4ffe0a2b5e35fede7e6244be9823e1e946c60db1635e6d3f753e6df938e4b3d,N/A,N/A,,https://github.com/notepad-plus-plus/notepad-plus-plus/releases/download/v7.7/npp.7.7.bin.zip
7.7,github,x86,npp.7.7.bin.zip,functionList.xml,functionList.xml,,61820,2018-04-13T00:16:35.700332+00:00,bd8d804a62a5b9392885a6904033f0bf,e82bdad59f7f75736999520c3f27da7f05ee677e,ea1e92c06735a137cd03c36a252027c013e9224dd3013fbe3ddd5c5c0098b2b9,N/A,N/A,,https://github.com/notepad-plus-plus/notepad-plus-plus/releases/download/v7.7/npp.7.7.bin.zip
7.7,github,x86,npp.7.7.bin.zip,localization/galician.xml,galician.xml,,25339,2016-12-26T22:10:43.936632+00:00,191cc6b7ed37fad274f985d7329bd048,a8b7750901614323318923833a2fb7ac021e8c34,89a20e547d17b1006698cd35fbad772403033420808c8299206a8e299961d83e,N/A,N/A,,https://github.com/notepad-plus-plus/notepad-plus-plus/releases/download/v7.7/npp.7.7.bin.zip
7.7,github,x86,npp.7.7.bin.zip,localization/georgian.xml,georgian.xml,,60005,2017-08-20T17:40:40.935670+00:00,cada78594c9838103c479dbda55c9e05,7cdc3fd1b8a7ede96101badacf68281e3432bfbb,b319b96cb4eece88c0cf88b557ce56ce5abe85bdf0a6a1007b64310a708a6572,N/A,N/A,,https://github.com/notepad-plus-plus/notepad-plus-plus/releases/download/v7.7/npp.7.7.bin.zip
7.7,github,x86,npp.7.7.bin.zip,localization/german.xml,german.xml,,66297,2019-04-03T19:06:20.468422+00:00,355b310c4e264a059f7ace7bf26ed8fa,7585f0eb3efd56130e0542bebc9227936805e646,95ebc8459d0c7e217e45a2062221832d0bae29eca359ec38b2e450913d16590e,N/A,N/A,,https://github.com/notepad-plus-plus/notepad-plus-plus/releases/download/v7.7/npp.7.7.bin.zip
7.7,github,x86,npp.7.7.bin.zip,localization/greek.xml,greek.xml,,41094,2017-08-20T17:40:40.960334+00:00,109f64488a006665d76621dcd30e7ef7,b2167ac130ee2af4822861148dce561a5d1625fe,d65afc086673dc165ce82dd831b5f04c75d7d43c50957475e1c90f25766ad5da,N/A,N/A,,https://github.com/notepad-plus-plus/notepad-plus-plus/releases/download/v7.7/npp.7.7.bin.zip
7.7,github,x86,npp.7.7.bin.zip,localization/gujarati.xml,gujarati.xml,,69803,2017-08-20T17:42:25.733569+00:00,5e8d9609900189b29b660d673a78e015,ca4524f065e8bba6a5dc1dc2659233e4fd13c3dc,50c0e7a18c922bef1a758cff70d55df46913dddc22ca792e1b55b05a5b29c502,N/A,N/A,,https://github.com/notepad-plus-plus/notepad-plus-plus/releases/download/v7.7/npp.7.7.bin.zip
7.7,github,x86,npp.7.7.bin.zip,updater/GUP.exe,GUP.exe,,580240,2019-05-19T11:14:43.569839+00:00,58342e27dd360d9bd65cce92e16c9ed1,ddede09fbf041478ba4ebd3aef080fd7899b1a5d,83e825264a423b966c7cfd55e62e7db96be1b29d24e51d8aefabe8a3fd2eeea2,N/A,N/A,,https://github.com/notepad-plus-plus/notepad-plus-plus/releases/download/v7.7/npp.7.7.bin.zip
7.7,github,x86,npp.7.7.bin.zip,updater/gup.xml,gup.xml,,4267,2018-12-27T00:45:13.826712+00:00,b023cc4d768b34a5401f317479740a53,4ca45db707b120bca9cb6cd8404b9e6ecabdb2d2,d3e6404c7286961cbab82d4c49f82bcb166db9b5a13eacaa0eeb59a0709a0c14,N/A,N/A,,https://github.com/notepad-plus-plus/notepad-plus-plus/releases/download/v7.7/npp.7.7.bin.zip
7.7,github,x86,npp.7.7.bin.zip,localization/hebrew.xml,hebrew.xml,,22740,2018-12-09T18:22:22.918496+00:00,07c8ebe76b6352401c0e9c84956d727f,fb14d93db71d0d4b3f25c275fc57d615ce7446c4,58585868a8164b247c53ad3646076e3404a4fd854ee3632ca9841c1ba3d210d6,N/A,N/A,,https://github.com/notepad-plus-plus/notepad-plus-plus/releases/download/v7.7/npp.7.7.bin.zip
7.7,github,x86,npp.7.7.bin.zip,themes/Hello Kitty.xml,Hello Kitty.xml,,88699,2019-05-08T23:22:36.270591+00:00,e6b4071a8cd98356d4b31f8e0bfb5a96,3039f20b7679d0c4e54d1e2e2186d60be370a086,866a968dea85a427b7ef9b08c6cd93faf2c7c11472e95c9c6c529e0887b921b9,N/A,N/A,,https://github.com/notepad-plus-plus/notepad-plus-plus/releases/download/v7.7/npp.7.7.bin.zip
7.7,github,x86,npp.7.7.bin.zip,localization/hindi.xml,hindi.xml,,99515,2019-03-26T23:11:19.868253+00:00,f2926d2f1b4ebcd8d66b8ed0a3490763,895138e8bdadc7b3ee5b1e3f68292bb30c0f532f,22fa20d7c7d0f4f51574ae03bdd1e43c6d35b44242d72d65bec23f5a01164248,N/A,N/A,,https://github.com/notepad-plus-plus/notepad-plus-plus/releases/download/v7.7/npp.7.7.bin.zip
7.7,github,x86,npp.7.7.bin.zip,themes/HotFudgeSundae.xml,HotFudgeSundae.xml,,109386,2017-08-24T07:58:40.292904+00:00,08af674d077816afe25a544c5649fc02,8c7ae78900ee1dea982172be2697302301ee7014,25ee53a8faca5f8250a5180b620c579b747b803a2bc03bf4e0c5b8bc495c174f,N/A,N/A,,https://github.com/notepad-plus-plus/notepad-plus-plus/releases/download/v7.7/npp.7.7.bin.zip
7.7,github,x86,npp.7.7.bin.zip,autoCompletion/html.xml,html.xml,,19497,2018-12-25T17:16:55.601803+00:00,4025e1158c027cf56c2625e65eb724ec,439fea1f13f3a35d2c3176d99db0327a6d216d3f,4300b3a71f387c91548984d017033884e176546ad5b74bac2e4df59caa163530,N/A,N/A,,https://github.com/notepad-plus-plus/notepad-plus-plus/releases/download/v7.7/npp.7.7.bin.zip
7.7,github,x86,npp.7.7.bin.zip,localization/hungarian.xml,hungarian.xml,,79901,2019-03-01T00:05:47.191790+00:00,b49cd98b5a75f5a2320427653a1a1782,0b627a98f94832eea57dd0dd0e90eb191d0030ab,951a0bd8e663bf9a43dbc7e083d7de92defab68836a07422033e4915765b1a86,N/A,N/A,,https://github.com/notepad-plus-plus/notepad-plus-plus/releases/download/v7.7/npp.7.7.bin.zip
7.7,github,x86,npp.7.7.bin.zip,localization/indonesian.xml,indonesian.xml,,64183,2018-10-05T00:32:05.883964+00:00,258f097d09f9878310e7900bb35cbff3,ea2c9449f1e95c545b20d9c42df9cdbdaf2de2ab,bf7292893bd1700d22e328c4b542929122a027e504a179d7270637e5476befe5,N/A,N/A,,https://github.com/notepad-plus-plus/notepad-plus-plus/releases/download/v7.7/npp.7.7.bin.zip
7.7,github,x86,npp.7.7.bin.zip,localization/italian.xml,italian.xml,,84637,2019-03-26T23:11:19.870247+00:00,384f12abbc790c175e57f873f3becfb2,db7ed9fce3a9494d5d11116827615b9961b6b13f,500cfbf34b04f1299e61fe1473b73e0963024c53e6435e719b23298138d1d338,N/A,N/A,,https://github.com/notepad-plus-plus/notepad-plus-plus/releases/download/v7.7/npp.7.7.bin.zip
7.7,github,x86,npp.7.7.bin.zip,localization/japanese.xml,japanese.xml,,84903,2019-04-03T19:06:20.480392+00:00,76e62d9c62bea373eb90bebf31da09e8,7514df99a12775853ae30a5d37e4167f865ee262,5333dbb1359c8428750442aa18279a4eb1f72e4568f1d43a4c2277ca825a5420,N/A,N/A,,https://github.com/notepad-plus-plus/notepad-plus-plus/releases/download/v7.7/npp.7.7.bin.zip
7.7,github,x86,npp.7.7.bin.zip,autoCompletion/java.xml,java.xml,,205366,2017-05-09T07:28:59.549744+00:00,4690cead3d2bffe2ed519f6ea5002266,dabc1ba868dc058b06dd426365c83bf5ff5bf716,862a83be2906ce28b6d3f1fdfb589d18cd6e971a7eaa51a1c7096cfff929b35b,N/A,N/A,,https://github.com/notepad-plus-plus/notepad-plus-plus/releases/download/v7.7/npp.7.7.bin.zip
7.7,github,x86,npp.7.7.bin.zip,autoCompletion/javascript.xml,javascript.xml,,23318,2018-12-09T18:22:22.903537+00:00,30fc91a7c5194ef8d67e1c7e2fd6f697,f9e48cccfa5df44219a6d4a9a1af6083679f097e,7f0564f983478207754a58e66ee6865b8699bd3b9f4fd5c385126d46d7148831,N/A,N/A,,https://github.com/notepad-plus-plus/notepad-plus-plus/releases/download/v7.7/npp.7.7.bin.zip
7.7,github,x86,npp.7.7.bin.zip,localization/kabyle.xml,kabyle.xml,,50327,2017-08-20T17:42:25.813696+00:00,ec924dd39f1e36164ef4e93cd5883a2d,3a159ce0c072be9094b589d6711a4b6dfe878487,56714b11409a13fcd706f2d73674919a0bb70c80c7ec18eccf865ad67ad7b48f,N/A,N/A,,https://github.com/notepad-plus-plus/notepad-plus-plus/releases/download/v7.7/npp.7.7.bin.zip
7.7,github,x86,npp.7.7.bin.zip,localization/kannada.xml,kannada.xml,,74866,2017-08-20T17:42:25.828578+00:00,f0baf174376d1811fd49d05ace8eb0c6,8ca7735e04fd0ef605adc26912dc9b2fc54982a4,99f75ff79aad8084802bf1d52e7dc78eef18194d399c5248eb205db85348955d,N/A,N/A,,https://github.com/notepad-plus-plus/notepad-plus-plus/releases/download/v7.7/npp.7.7.bin.zip
7.7,github,x86,npp.7.7.bin.zip,localization/kazakh.xml,kazakh.xml,,33034,2017-08-20T17:40:41.076773+00:00,42d3d22d81645a44258aa730177896db,65593cc51fa72d9715c4c37028a2a95e84b3dcdb,3942e9c344acae7caa9d28a758b4df80c1211bab80ac88d81449101f9b943c66,N/A,N/A,,https://github.com/notepad-plus-plus/notepad-plus-plus/releases/download/v7.7/npp.7.7.bin.zip
7.7,github,x86,npp.7.7.bin.zip,themes/khaki.xml,khaki.xml,,107169,2017-08-24T07:58:40.314486+00:00,54ac8aa70fd79be9c96e5851c785b12d,8b79013088989dceacca425b34e3b489b22385f1,88ddd3505670b0ae2c707445fdb0f4b1ef87e0730c3e389e0e660ea3e5eec515,N/A,N/A,,https://github.com/notepad-plus-plus/notepad-plus-plus/releases/download/v7.7/npp.7.7.bin.zip
7.7,github,x86,npp.7.7.bin.zip,localization/korean.xml,korean.xml,,47363,2017-08-20T17:42:25.869315+00:00,a81c00ae49aeb5c5ded60220e6e42199,39ac3b19b7f7917aab593fc1f157225b5575910a,50b2b6820683551838ea1533d21624dac75daded6ce9d4227153a4f2986cdf4d,N/A,N/A,,https://github.com/notepad-plus-plus/notepad-plus-plus/releases/download/v7.7/npp.7.7.bin.zip
7.7,github,x86,npp.7.7.bin.zip,localization/kurdish.xml,kurdish.xml,,62866,2019-03-26T23:11:19.873271+00:00,713c7613217038dead56ba13741d70b5,3d5216e5e8fafbab894def07aa312a466e1ee789,6a54a7235f8f4cbf5cb4c34f6bdf0bf9ee0d7e3ac62654d5c46e2fdf71868593,N/A,N/A,,https://github.com/notepad-plus-plus/notepad-plus-plus/releases/download/v7.7/npp.7.7.bin.zip
7.7,github,x86,npp.7.7.bin.zip,localization/kyrgyz.xml,kyrgyz.xml,,38731,2017-08-20T17:40:41.099834+00:00,ad3a31d477ad1e09dc3f6911c1f50d1e,cefc20836cbc0e78eb0291948eadbdf09b21a838,4964c0b9f36b7fec44ec0805ba153d88293311cd703680719187cdaa68fbd090,N/A,N/A,,https://github.com/notepad-plus-plus/notepad-plus-plus/releases/download/v7.7/npp.7.7.bin.zip
7.7,github,x86,npp.7.7.bin.zip,langs.model.xml,langs.model.xml,,328230,2019-05-08T23:22:36.583611+00:00,f954e146e5899d06aa8f87f55b1a4b5e,1df9202eaa7f3f3e17dc7001e773b93e227aa9b7,4eafe54965ab3357d528614964d233d71c7c9daa41394b07d4c775b5c2979297,N/A,N/A,,https://github.com/notepad-plus-plus/notepad-plus-plus/releases/download/v7.7/npp.7.7.bin.zip
7.7,github,x86,npp.7.7.bin.zip,localization/latvian.xml,latvian.xml,,46317,2017-08-20T17:42:25.890348+00:00,170d9e9a92a604a309259d3d6f3b9bb6,b782debe9d50b17d2124295befc43bf8b0349eac,bbaa6bc087ab351b182d204a60eab8bc93bd5e75ca2a4a4eaf80b1d5e0fec59b,N/A,N/A,,https://github.com/notepad-plus-plus/notepad-plus-plus/releases/download/v7.7/npp.7.7.bin.zip
7.7,github,x86,npp.7.7.bin.zip,updater/libcurl.dll,libcurl.dll,,477328,2019-05-19T11:14:50.472812+00:00,c5777f29e4a231ddb2dae07df87306b5,d911cec98fd13c49b2c8319405db569c05e93374,e5a87fb2adac3d9b6b8d5236cba9d33bacbc98714942d30ab4dfbfb1b99a03bd,N/A,N/A,,https://github.com/notepad-plus-plus/notepad-plus-plus/releases/download/v7.7/npp.7.7.bin.zip
7.7,github,x86,npp.7.7.bin.zip,updater/LICENSE,LICENSE,,7804,2018-12-27T00:45:13.930432+00:00,8e3494bf8cf1967afd3b1016fbbe5bb0,b1608abb6e19ef60f4b9c52f6e05bf81cc97d0c2,319917f5ccd09878db6f67c9a77dee846055644ca49eb535628b9e020a87261e,N/A,N/A,,https://github.com/notepad-plus-plus/notepad-plus-plus/releases/download/v7.7/npp.7.7.bin.zip
7.7,github,x86,npp.7.7.bin.zip,license.txt,license.txt,,16885,2016-12-26T22:10:43.405127+00:00,6a0438c04e6553dfb631636dbdb199a1,1fb5eb9da193f6a474ea1ae754d69cbe6fcd2b48,da59bed2b60d1ba57830d1bb71e5993de37c6085b2d86e41ec43938467234c55,N/A,N/A,,https://github.com/notepad-plus-plus/notepad-plus-plus/releases/download/v7.7/npp.7.7.bin.zip
7.7,github,x86,npp.7.7.bin.zip,localization/ligurian.xml,ligurian.xml,,34480,2017-08-20T17:40:41.121866+00:00,58a86031153e6bd8ae1ad5bf80fcc894,656cedf73e8d40797a43980fd1801f6501b036c4,5fad85ea1c785dca218106e2b409c20b3cb103e8cdc87c542aae5d630599c33b,N/A,N/A,,https://github.com/notepad-plus-plus/notepad-plus-plus/releases/download/v7.7/npp.7.7.bin.zip
7.7,github,x86,npp.7.7.bin.zip,autoCompletion/lisp.xml,lisp.xml,,16208,2016-12-26T22:10:43.620377+00:00,310ae71e554b99a4c71b546097de55c0,8433177f8656755b0f79d96188f3de085520d75e,83478867f319bf093ce02f0c98a88b183862c235025580cca9ec7a9515521833,N/A,N/A,,https://github.com/notepad-plus-plus/notepad-plus-plus/releases/download/v7.7/npp.7.7.bin.zip
7.7,github,x86,npp.7.7.bin.zip,localization/lithuanian.xml,lithuanian.xml,,76856,2018-10-05T00:32:05.898928+00:00,98f5a618f8cf3ca48774c15ca95bc2bb,0b7d75e1c4f5bf67e31c44cd26b01a5cee1765f5,fb94b9381592015b27e12358c44a522409ec5c180fec694b2ddceff960294d0c,N/A,N/A,,https://github.com/notepad-plus-plus/notepad-plus-plus/releases/download/v7.7/npp.7.7.bin.zip
7.7,github,x86,npp.7.7.bin.zip,autoCompletion/lua.xml,lua.xml,,90490,2018-11-10T18:55:12.357412+00:00,bdb4f044ba52f6a83953ffd659c9252a,25ca6e9f4be716377126ca21f332beefef8f1549,3daa67cc9dd0370566566ce0492597a3698b7d9edd361a759c58e1fbd7abb349,N/A,N/A,,https://github.com/notepad-plus-plus/notepad-plus-plus/releases/download/v7.7/npp.7.7.bin.zip
7.7,github,x86,npp.7.7.bin.zip,localization/luxembourgish.xml,luxembourgish.xml,,25260,2017-08-20T17:40:41.142960+00:00,cc2d7d26c9d221def534845ec7453ddb,b40b675c5a5c10c8a393714f483aa515be4a5f8d,b73cb0703537af9d58c2e1f040f2e7f741199eef954d5e109eb301fc4498ffe0,N/A,N/A,,https://github.com/notepad-plus-plus/notepad-plus-plus/releases/download/v7.7/npp.7.7.bin.zip
7.7,github,x86,npp.7.7.bin.zip,localization/macedonian.xml,macedonian.xml,,36460,2016-12-26T22:10:44.046439+00:00,59f590ee75294f37ccb5ed1c7a441a11,7432c800018216193273b59666f26c4a81540ee6,59dbcc4618fa64eebd71808b16b4736b7af8855bef760aec3eb31c6f8f5f470e,N/A,N/A,,https://github.com/notepad-plus-plus/notepad-plus-plus/releases/download/v7.7/npp.7.7.bin.zip
7.7,github,x86,npp.7.7.bin.zip,localization/malay.xml,malay.xml,,19084,2016-12-26T22:10:44.052465+00:00,3158e10e8a9b3c0e84a770f5f11aaa1f,418a6c52704b6c832b80b36adbba45682725c76f,690416e418c9821bfe71805f76d9e18ee39fd092742d173cc9fe595268b131fa,N/A,N/A,,https://github.com/notepad-plus-plus/notepad-plus-plus/releases/download/v7.7/npp.7.7.bin.zip
7.7,github,x86,npp.7.7.bin.zip,localization/marathi.xml,marathi.xml,,48008,2017-08-20T17:40:41.162842+00:00,40a6d310ece1419315c5e98fa1bcc966,14f7f3db9b61845ce840f5af976e88185172afc0,907b949d2aa52365d84978a3c131bd2bad50227e6ecfd135ed112a8567628e25,N/A,N/A,,https://github.com/notepad-plus-plus/notepad-plus-plus/releases/download/v7.7/npp.7.7.bin.zip
7.7,github,x86,npp.7.7.bin.zip,plugins/mimeTools/mimeTools.dll,mimeTools.dll,,98448,2019-05-19T11:15:00.799678+00:00,6f01ab1c29189b29f7282d41ecbcbc24,0aa751e5921fc04d8fef7aafbba982509d1147f3,e5bb05640c143af96b79e2d0fd2e572fb3797b92862cc59fb6111d1aad2797ff,N/A,N/A,,https://github.com/notepad-plus-plus/notepad-plus-plus/releases/download/v7.7/npp.7.7.bin.zip
7.7,github,x86,npp.7.7.bin.zip,localization/mongolian.xml,mongolian.xml,,64376,2017-08-20T17:42:25.932074+00:00,7ff28b9242fe6bd774fcd71fbed5563d,e6de73bce5edb47ebc766bf9818c8fcbf77c8555,5d35c3c2f10b6f6923c0b11bd7d82f569ba6a0a8fb854aac20988c77d35bf934,N/A,N/A,,https://github.com/notepad-plus-plus/notepad-plus-plus/releases/download/v7.7/npp.7.7.bin.zip
7.7,github,x86,npp.7.7.bin.zip,themes/Mono Industrial.xml,Mono Industrial.xml,,90128,2019-05-08T23:22:36.273485+00:00,ecaade568e488c1f88fdc9eb5f4fbb3e,d37340fa4f7076844878c8076b56ecb20a2731f9,2279a563846a6e19b2d67d6a324b8d999c11aaafd9bc79102eb4ed34050fa09b,N/A,N/A,,https://github.com/notepad-plus-plus/notepad-plus-plus/releases/download/v7.7/npp.7.7.bin.zip
7.7,github,x86,npp.7.7.bin.zip,themes/Monokai.xml,Monokai.xml,,88883,2019-05-08T23:22:36.281463+00:00,88eeb7960613b966495fb2115da64c23,32eec0daa12379354700d1c0a2180050437d3711,54ffafe8fad014df7891e9d9a42fefaff45fd88e6c3cd10ccbcc0be3c47e7fff,N/A,N/A,,https://github.com/notepad-plus-plus/notepad-plus-plus/releases/download/v7.7/npp.7.7.bin.zip
7.7,github,x86,npp.7.7.bin.zip,themes/MossyLawn.xml,MossyLawn.xml,,107274,2017-08-24T07:58:40.297883+00:00,43cb3be55f32b17a24db760562375189,f458177d128782c5c8f532adf11ca3a622bcf968,1b19d3658db2e082798bbc52068647cd340331086386d3e1d32a92127e33f155,N/A,N/A,,https://github.com/notepad-plus-plus/notepad-plus-plus/releases/download/v7.7/npp.7.7.bin.zip
7.7,github,x86,npp.7.7.bin.zip,themes/Navajo.xml,Navajo.xml,,107083,2017-08-24T07:58:40.299893+00:00,59d9f682d1bb43b67808846b84d85406,b90b9d77fad09c5cb0e92520ac6b7f551e31d3a3,eaf07e9bb4e1df25759c4a2fbd0469d8dbe098386abeaeef56ada8913a32c7a0,N/A,N/A,,https://github.com/notepad-plus-plus/notepad-plus-plus/releases/download/v7.7/npp.7.7.bin.zip
7.7,github,x86,npp.7.7.bin.zip,localization/norwegian.xml,norwegian.xml,,27778,2016-12-26T22:10:44.066320+00:00,f5519b853316445aab668c1dfd480f87,0f7aab54733b22d514b36ea68e39b0fe215afcbc,bb9a79755d37d449acff570c20e78a9e0c58482414435cf0f493e15e6216fce3,N/A,N/A,,https://github.com/notepad-plus-plus/notepad-plus-plus/releases/download/v7.7/npp.7.7.bin.zip
7.7,github,x86,npp.7.7.bin.zip,notepad++.exe,notepad++.exe,,2963088,2019-05-19T11:14:16.152387+00:00,7a315871566161a76a5cbbb31a38c52e,02b8e13783bc4afac9d5e08da536a1d0238123fc,5745de4f781f1e9e2a0764536fc352ef9f1553633315e3a9d15c5b8119cd01a2,N/A,N/A,,https://github.com/notepad-plus-plus/notepad-plus-plus/releases/download/v7.7/npp.7.7.bin.zip
7.7,github,x86,npp.7.7.bin.zip,plugins/NppConverter/NppConverter.dll,NppConverter.dll,,135312,2019-05-19T11:15:08.679024+00:00,1ee0a04699af00382ec96282e352b7b5,43dd21b92b21cdd3bc2e5a81389dfc249e9b622a,d8919d0a135fe3ccb515a79de8c7f7ce7d907722dcb0cb9bffc6b40c281ed37d,N/A,N/A,,https://github.com/notepad-plus-plus/notepad-plus-plus/releases/download/v7.7/npp.7.7.bin.zip
7.7,github,x86,npp.7.7.bin.zip,plugins/NppExport/NppExport.dll,NppExport.dll,,21648,2019-05-19T11:14:57.345797+00:00,453fd4ac48adbed68a2108ab23c81297,c36e7bf8fcfef8613373c6c5493b974b933ea319,c097dbb567ce81551f80dc1969b51b486c7f9e261347081e4362d2b2c1ca98f6,N/A,N/A,,https://github.com/notepad-plus-plus/notepad-plus-plus/releases/download/v7.7/npp.7.7.bin.zip
7.7,github,x86,npp.7.7.bin.zip,plugins/Config/nppPluginList.dll,nppPluginList.dll,,158352,2019-05-19T11:14:36.723568+00:00,ab7f3919f18581755708e2c5e3992993,8d0fa384637ec811dffd093e4b8d6d7a9bd952b2,75f9e2f66b497058dbc5e890a69b9627d27b69e06c410fd167bf9d501e1d919c,N/A,N/A,,https://github.com/notepad-plus-plus/notepad-plus-plus/releases/download/v7.7/npp.7.7.bin.zip
7.7,github,x86,npp.7.7.bin.zip,autoCompletion/nsis.xml,nsis.xml,,8183,2016-12-26T22:10:43.625372+00:00,7985ac923ccbf94742d29d96c405c843,e77f9a3ef026127de4d47538c1f121c771eb7727,5c1482f16fc8a1b99ec87eb4edef5c1d3f2d1c750f1647416369c6124498ad3e,N/A,N/A,,https://github.com/notepad-plus-plus/notepad-plus-plus/releases/download/v7.7/npp.7.7.bin.zip
7.7,github,x86,npp.7.7.bin.zip,localization/nynorsk.xml,nynorsk.xml,,41202,2017-08-20T17:40:41.189943+00:00,694867a6ade700da42a55da24da74200,d6115de129aa535bc83cce55e1c1ad5a001a5fac,319a9e846a610811fdf12b96bf352e4e07f2d7de5a6bec3000cebc1b1e21a1fe,N/A,N/A,,https://github.com/notepad-plus-plus/notepad-plus-plus/releases/download/v7.7/npp.7.7.bin.zip
7.7,github,x86,npp.7.7.bin.zip,themes/Obsidian.xml,Obsidian.xml,,92518,2017-08-24T07:58:40.301895+00:00,e889bb724c4c0aaf72bd856614b51784,e377c5a899ec1aaec83ec25b88750d2e3460fb17,6964aa7a1a97b591ce974aeccbf889cac3d6068bf2fbe0575505b896e5af4ea0,N/A,N/A,,https://github.com/notepad-plus-plus/notepad-plus-plus/releases/download/v7.7/npp.7.7.bin.zip
7.7,github,x86,npp.7.7.bin.zip,localization/occitan.xml,occitan.xml,,61127,2019-03-26T23:11:19.875935+00:00,282135aa211f86afebb1be689de3480c,80f66a9a2b3ced83c3ddbdd4865734c61a4c0a60,a65ef81488df5ddd0cdcc6e65be1b6992b79197fb7980740a750d2f5f5def463,N/A,N/A,,https://github.com/notepad-plus-plus/notepad-plus-plus/releases/download/v7.7/npp.7.7.bin.zip
7.7,github,x86,npp.7.7.bin.zip,autoCompletion/perl.xml,perl.xml,,14269,2017-12-28T02:55:00.344057+00:00,244eb5c1e91dc112130252fe58e49b13,28ca0a12b3fbc905cd20ebb62199cdb8d03684a5,e38a882b09330b6dbd56a2a4a90882c371a3c3eb7d29ceae9520a647c185b627,N/A,N/A,,https://github.com/notepad-plus-plus/notepad-plus-plus/releases/download/v7.7/npp.7.7.bin.zip
7.7,github,x86,npp.7.7.bin.zip,autoCompletion/php.xml,php.xml,,427929,2016-12-26T22:10:43.642433+00:00,1e9d31476dddc00249463ede7ba491d7,7d6f0047913e58aecf891f24c1e712d269e78bad,43391307f2829b77df05725a13670f6ad0650f8b92b4503cba65d7901e1dda10,N/A,N/A,,https://github.com/notepad-plus-plus/notepad-plus-plus/releases/download/v7.7/npp.7.7.bin.zip
7.7,github,x86,npp.7.7.bin.zip,localization/piglatin.xml,piglatin.xml,,79304,2019-03-05T01:52:36.655945+00:00,e57e7d60833241e6307f5666fb7682cc,bead4f333a93d10902ef227f2295815c533597a8,1fec93f265e064820f37cc450b8cb8c60b9250bffb4bf1612a70e81527068010,N/A,N/A,,https://github.com/notepad-plus-plus/notepad-plus-plus/releases/download/v7.7/npp.7.7.bin.zip
7.7,github,x86,npp.7.7.bin.zip,themes/Plastic Code Wrap.xml,Plastic Code Wrap.xml,,91622,2019-05-08T23:22:36.285452+00:00,8c6532ad258097260613e8eee12e26be,813dee736623c209e6a43aaeccefb01c83efa8da,02ec4f3b24942b75aebfabc5c220bda95bbb95bd1c352a91197c16d4b4a38b35,N/A,N/A,,https://github.com/notepad-plus-plus/notepad-plus-plus/releases/download/v7.7/npp.7.7.bin.zip
7.7,github,x86,npp.7.7.bin.zip,localization/polish.xml,polish.xml,,58814,2018-11-10T18:55:12.361393+00:00,b6fe2b47e9118deeedba46078bad74d3,95172e8b5462aac9493525115564f45314b1fd67,aab6f7be1c52762cd91d7424adeec856beb2aead9051f62b2591657b82618681,N/A,N/A,,https://github.com/notepad-plus-plus/notepad-plus-plus/releases/download/v7.7/npp.7.7.bin.zip
7.7,github,x86,npp.7.7.bin.zip,localization/portuguese.xml,portuguese.xml,,52588,2018-12-09T18:22:22.930436+00:00,bbdcaf6faf7f8548c07f2bb8e617a15e,44c4471d3c963037ce63605e9a7124a0ac36afbf,80b8d3026279141c07722981cc3c6f356674099fd02b8f82b74104fe625e2236,N/A,N/A,,https://github.com/notepad-plus-plus/notepad-plus-plus/releases/download/v7.7/npp.7.7.bin.zip
7.7,github,x86,npp.7.7.bin.zip,localization/punjabi.xml,punjabi.xml,,71006,2017-08-20T17:42:25.988152+00:00,1b2298a7b847f23751010f2b01e7a2ab,adeb00513bc79d24dac85640ac1463988a454a15,e3e009b986ed53654ea1c89d828ba3998039db4fae20a877f097e41a2ebb7771,N/A,N/A,,https://github.com/notepad-plus-plus/notepad-plus-plus/releases/download/v7.7/npp.7.7.bin.zip
7.7,github,x86,npp.7.7.bin.zip,autoCompletion/python.xml,python.xml,,61585,2016-12-26T22:10:43.648414+00:00,7bedd66d0b8a71da1467f63db6184420,c425dd0d93cd23e091ad0623c82d2edde21dbe06,cc27e0ea6542eb7bb249d169f42f9ac6fcbb794c2ef5d85f2b502e124ceef916,N/A,N/A,,https://github.com/notepad-plus-plus/notepad-plus-plus/releases/download/v7.7/npp.7.7.bin.zip
7.7,github,x86,npp.7.7.bin.zip,autoCompletion/rc.xml,rc.xml,,1642,2016-12-26T22:10:43.652428+00:00,12b972b69130e664e50ac111d298379b,413141253cf170a010f7f3a05a9ee1cfd4d37e25,12ad067aa1227b92141bbf9faca8efa74549cff6dabde85899db9272eb7e2dff,N/A,N/A,,https://github.com/notepad-plus-plus/notepad-plus-plus/releases/download/v7.7/npp.7.7.bin.zip
7.7,github,x86,npp.7.7.bin.zip,updater/README.md,README.md,,2991,2018-12-27T00:45:13.960355+00:00,9f56b12cbffcfad543fb1f91e3955f1b,406e1423549a8f5e97d8d8e37d5e7f6f4da8194b,aef40520cf12a0842097e8cfbeb9d9128f52573e5f90ca12d4a0a9045978547e,N/A,N/A,,https://github.com/notepad-plus-plus/notepad-plus-plus/releases/download/v7.7/npp.7.7.bin.zip
7.7,github,x86,npp.7.7.bin.zip,readme.txt,readme.txt,,1450,2016-12-26T22:10:43.409172+00:00,5c52adcd2bcc000a8b4bd5eb36b84cde,b51da3c7700102dad5d71b2a8551320b2529322a,f09758a2c953bdd2b817441e9a00255d3685c99369468c2695f0ca39aaaa5e6b,N/A,N/A,,https://github.com/notepad-plus-plus/notepad-plus-plus/releases/download/v7.7/npp.7.7.bin.zip
7.7,github,x86,npp.7.7.bin.zip,localization/romanian.xml,romanian.xml,,77591,2019-03-05T01:52:36.657938+00:00,a05753edcaceaff2dfe5d6ee4d83bcdb,3da78e19202b218e25ffe95d49a786d256d0a063,955898e29c7a7594e14800ab81f62c5764724b4b2d5869a08e64fff87702601d,N/A,N/A,,https://github.com/notepad-plus-plus/notepad-plus-plus/releases/download/v7.7/npp.7.7.bin.zip
7.7,github,x86,npp.7.7.bin.zip,themes/Ruby Blue.xml,Ruby Blue.xml,,71370,2017-08-24T07:58:40.304954+00:00,10f81f708ea447cbaf4e747594778852,10fde544d8652a88de3929b7a35a744f161adccf,4ae04fc8b9ef5dbd3937031afe05234996b946a126eca0fda8a6294d599354f2,N/A,N/A,,https://github.com/notepad-plus-plus/notepad-plus-plus/releases/download/v7.7/npp.7.7.bin.zip
7.7,github,x86,npp.7.7.bin.zip,localization/russian.xml,russian.xml,,83344,2019-05-13T21:05:14.368502+00:00,435f3d4ae5cff009d5e5ec356042cbe7,57782ad06e3cd108a6e22d58927f04fefd7a8b0c,ab2423bff4feb6c11b5dccf2d35adc4bb4a7046db00e24a66d697540d9519612,N/A,N/A,,https://github.com/notepad-plus-plus/notepad-plus-plus/releases/download/v7.7/npp.7.7.bin.zip
7.7,github,x86,npp.7.7.bin.zip,localization/samogitian.xml,samogitian.xml,,10160,2016-12-26T22:10:44.114584+00:00,ebba131558f344afe63e1c5718d0f7ad,65ba510db37a5d8ef74d1c77ede30fa9cccad299,75eca9974de1fca41651975a92f374660e1a7c273a3d1dab0ef6dd573230878b,N/A,N/A,,https://github.com/notepad-plus-plus/notepad-plus-plus/releases/download/v7.7/npp.7.7.bin.zip
7.7,github,x86,npp.7.7.bin.zip,localization/sardinian.xml,sardinian.xml,,40982,2017-08-20T17:40:41.271018+00:00,064889342004d04b1de62578aa733216,30b21b176b1c031ec472d45ccad41eba239efc52,0169ebd43b3cec4a4f3b0143a2af6f07ec9bf73cb04882a3d4507f01931c08de,N/A,N/A,,https://github.com/notepad-plus-plus/notepad-plus-plus/releases/download/v7.7/npp.7.7.bin.zip
7.7,github,x86,npp.7.7.bin.zip,SciLexer.dll,SciLexer.dll,,1255056,2019-05-19T11:14:23.030296+00:00,bbbbc6bd92a00235f6793896d33c8f44,03ba905d8895e2855ade4ee5b0d2ccc7c97a36d1,66f3301eb552ab183dcb4727c74662c00f119fddaa8863e813c190fa6389b1c8,N/A,N/A,,https://github.com/notepad-plus-plus/notepad-plus-plus/releases/download/v7.7/npp.7.7.bin.zip
7.7,github,x86,npp.7.7.bin.zip,localization/serbian.xml,serbian.xml,,24098,2016-12-26T22:10:44.125648+00:00,174e7dc367ff1c213432b891f11d25bb,e199d3a723bcbb176e9f79969f502658efab0ac7,1a07c6a9c2639fa12bb000f599498ddf84827449afbb7952f4bdc4cf526c2117,N/A,N/A,,https://github.com/notepad-plus-plus/notepad-plus-plus/releases/download/v7.7/npp.7.7.bin.zip
7.7,github,x86,npp.7.7.bin.zip,localization/serbianCyrillic.xml,serbianCyrillic.xml,,47833,2017-08-20T17:40:41.289358+00:00,e6c94316e6d065533305b94e7d5af2bc,3b6f4b424d7321bae1d643bef50ee952d7990ddd,289d7cdd9d9af5b2992e3b0ac38022f91e3d9dc0051e40733983e26e2ddcf594,N/A,N/A,,https://github.com/notepad-plus-plus/notepad-plus-plus/releases/download/v7.7/npp.7.7.bin.zip
7.7,github,x86,npp.7.7.bin.zip,shortcuts.xml,shortcuts.xml,,1800,2019-01-27T02:00:52.459055+00:00,7055e239de97ab9c2ac0b1a5e72325ad,cac8aa8f244dfd955a9a66e5be7da123e6076de8,867759aa7241cb97e982215cea0907e5193e938da8bf188da913ca021ada0d00,N/A,N/A,,https://github.com/notepad-plus-plus/notepad-plus-plus/releases/download/v7.7/npp.7.7.bin.zip
7.7,github,x86,npp.7.7.bin.zip,localization/sinhala.xml,sinhala.xml,,56893,2017-08-20T17:40:41.304229+00:00,9986ce0334af5335ae8c7e5a3cbc818b,384de56d2af7c4941c266bfba7d69518b2b1879d,a8b55a8115a50bd3b7b07c359c49fe7da48a5acf1dacc2c0e3708f6f48636fd6,N/A,N/A,,https://github.com/notepad-plus-plus/notepad-plus-plus/releases/download/v7.7/npp.7.7.bin.zip
7.7,github,x86,npp.7.7.bin.zip,localization/slovak.xml,slovak.xml,,74133,2019-03-05T01:52:36.662924+00:00,e56b5a5257bf4e743e9abb688b9e7215,9807a05639ca5262da524d1d1639e2b98c17d805,52b86604adc29058a0efe7109857cc37cb452fd46f6210467543af2bf81b8b3e,N/A,N/A,,https://github.com/notepad-plus-plus/notepad-plus-plus/releases/download/v7.7/npp.7.7.bin.zip
7.7,github,x86,npp.7.7.bin.zip,localization/slovenian.xml,slovenian.xml,,72270,2019-05-08T23:22:36.226757+00:00,2d0d8cdcb5375130e8cba2061df596ea,2013ad247c515fa341789ec660cccbd5c0a857e0,7b06c50ce90928f455131c070486e2f6f2d6e6ab71fdf7b703ee81ee211bb51e,N/A,N/A,,https://github.com/notepad-plus-plus/notepad-plus-plus/releases/download/v7.7/npp.7.7.bin.zip
7.7,github,x86,npp.7.7.bin.zip,themes/Solarized-light.xml,Solarized-light.xml,,107719,2017-08-24T07:58:40.306462+00:00,d0aa217ea78964bcf9bc9bef90311345,682004951a6a674d19738126388cc252a79ebb9c,01c7d87fcac593bdf943470404cc3a807f6b057267091e7b45ee80b5ba6ef7ae,N/A,N/A,,https://github.com/notepad-plus-plus/notepad-plus-plus/releases/download/v7.7/npp.7.7.bin.zip
7.7,github,x86,npp.7.7.bin.zip,themes/Solarized.xml,Solarized.xml,,107707,2017-08-24T07:58:40.308467+00:00,95ea5938411fb1f1fac33b85482a1549,7b23de30c58535731367d0bc3d9dc14c1ebf8e5b,6cd0ec536d6f6ab2b967cb3968a47264a5b626b6541b57b028fb813806ce6ca6,N/A,N/A,,https://github.com/notepad-plus-plus/notepad-plus-plus/releases/download/v7.7/npp.7.7.bin.zip
7.7,github,x86,npp.7.7.bin.zip,localization/spanish.xml,spanish.xml,,61773,2019-05-08T23:22:36.235734+00:00,822489dc4c8085d014fb508c76289747,f32f69839fe6fa2f15cb6481344b571be132e642,23b6520c0d7b3d7e80086b0714f0668a08e6b0dbea7a493cb0e320b8c552be02,N/A,N/A,,https://github.com/notepad-plus-plus/notepad-plus-plus/releases/download/v7.7/npp.7.7.bin.zip
7.7,github,x86,npp.7.7.bin.zip,localization/spanish_ar.xml,spanish_ar.xml,,45235,2017-08-20T17:42:26.087522+00:00,e6e44ee7c6b6a0ff89f0fe490f3c11fc,a3cc69b4ea7148ab45a5c907d3b0a45da166b65a,2fadeca7c44132ef9a9243bd67eee23c93a25f96bc6c80b81d527d18128d284d,N/A,N/A,,https://github.com/notepad-plus-plus/notepad-plus-plus/releases/download/v7.7/npp.7.7.bin.zip
7.7,github,x86,npp.7.7.bin.zip,autoCompletion/sql.xml,sql.xml,,67952,2016-12-26T22:10:43.658459+00:00,056b92b4d2e16984505990cf379b5486,7571c99732917dad3dd465f29d5bf28619a09fa7,620fe159db5ce323b78b4768f9f6a3a95ca2c4fa4806ea5145afadac21dcc74d,N/A,N/A,,https://github.com/notepad-plus-plus/notepad-plus-plus/releases/download/v7.7/npp.7.7.bin.zip
7.7,github,x86,npp.7.7.bin.zip,stylers.model.xml,stylers.model.xml,,165570,2018-12-09T18:22:22.991284+00:00,cb27bdda10cb78aa57032f34f0edc3a2,2da713efbfcf94e319306a8da0a8b8579fd1e599,fb189953648780dd1d038c918d6165b72fdab0499170eec63cf961a9e68ed165,N/A,N/A,,https://github.com/notepad-plus-plus/notepad-plus-plus/releases/download/v7.7/npp.7.7.bin.zip
7.7,github,x86,npp.7.7.bin.zip,localization/swedish.xml,swedish.xml,,59422,2018-12-09T18:22:22.935418+00:00,3dd7cb019156fbfca56b9eb9c5ddf50a,360b640ad7e37d599d65c93a45f2da2867b39506,053bbba683ea3d1d54602972495c90728a45a4affa10eb816cdba7e9494f3e72,N/A,N/A,,https://github.com/notepad-plus-plus/notepad-plus-plus/releases/download/v7.7/npp.7.7.bin.zip
7.7,github,x86,npp.7.7.bin.zip,localization/tagalog.xml,tagalog.xml,,30395,2016-12-26T22:10:44.167583+00:00,04e3e27d9d635c6b23c8e40dcbbdd442,c66e2dc153c22a445dae0df2bdf3c1693b4ad03e,047c63c449c5e2a9a4f97637c741eb07e6ec034bc829d85c6565bb0292c1cd72,N/A,N/A,,https://github.com/notepad-plus-plus/notepad-plus-plus/releases/download/v7.7/npp.7.7.bin.zip
7.7,github,x86,npp.7.7.bin.zip,localization/tajikCyrillic.xml,tajikCyrillic.xml,,66798,2017-08-20T17:42:26.121326+00:00,c28fc035726b0fe6f56c129d87c2aabc,3cdcfd5e06e905032f0119b5cec8dd8e011fa21c,70a7f699ee317a25cb74524995037b145477b4df0c39d674381ff5c8895fb63f,N/A,N/A,,https://github.com/notepad-plus-plus/notepad-plus-plus/releases/download/v7.7/npp.7.7.bin.zip
7.7,github,x86,npp.7.7.bin.zip,localization/tamil.xml,tamil.xml,,54196,2017-08-20T17:40:41.427488+00:00,abc0ae5ed0002512221d682263e41204,7a7533274855ceff9a604d6cd36192cc68f2c416,e23759fd6d60ef9728b620a1a8316fc049ccbf93445a91a1a85d27c4e25f3f15,N/A,N/A,,https://github.com/notepad-plus-plus/notepad-plus-plus/releases/download/v7.7/npp.7.7.bin.zip
7.7,github,x86,npp.7.7.bin.zip,localization/tatar.xml,tatar.xml,,71641,2017-08-20T17:42:26.139525+00:00,84c32874e0fbc009202c86781cf6a6b6,93f81be4ed8bd098f4384290f0286b55abbd5885,0b20a37e6512a5a3e0c92075db9eb179a156e5e20f9fe52c3260daf8c77825a3,N/A,N/A,,https://github.com/notepad-plus-plus/notepad-plus-plus/releases/download/v7.7/npp.7.7.bin.zip
7.7,github,x86,npp.7.7.bin.zip,localization/telugu.xml,telugu.xml,,53577,2017-08-20T17:40:41.456494+00:00,a8b6a302f3bda0eeae95e5214df33ec4,975e8e7ac8258c4f8c4050743debe980a9864e4f,82b4b16ee06e668e4ff30e71fcbf42623cf30dc14177c570a7ad1f47c0284e0c,N/A,N/A,,https://github.com/notepad-plus-plus/notepad-plus-plus/releases/download/v7.7/npp.7.7.bin.zip
7.7,github,x86,npp.7.7.bin.zip,autoCompletion/tex.xml,tex.xml,,67871,2017-12-28T02:55:00.351580+00:00,03f74d2063099160e73faa1a5dee7f9a,89a19baacde3f98c9439861a52239df8c5e964ba,d19fe5a6b68b50e0820641489fd73368ba4ba58adb07948e39073ddce8e08d37,N/A,N/A,,https://github.com/notepad-plus-plus/notepad-plus-plus/releases/download/v7.7/npp.7.7.bin.zip
7.7,github,x86,npp.7.7.bin.zip,localization/thai.xml,thai.xml,,41406,2017-08-20T17:40:41.469535+00:00,8d02b72cdcce6c5a4db56eebba394824,259babbea022717b773d10704f61fb285e800730,8ce450bcfd9b9617f4e0969ad4e201480b255d473cb1383c90761cc28cbd7ecc,N/A,N/A,,https://github.com/notepad-plus-plus/notepad-plus-plus/releases/download/v7.7/npp.7.7.bin.zip
7.7,github,x86,npp.7.7.bin.zip,localization/turkish.xml,turkish.xml,,65738,2019-05-08T23:22:36.246703+00:00,6b5d7190e9af58c43afcbe80807b3e0f,280fea4a7f6ac9469965f2e726bfda2c24091bef,e315dadbca8df57b80ba1ee3f2c685b201a29399e736c97debf82a9789183ba9,N/A,N/A,,https://github.com/notepad-plus-plus/notepad-plus-plus/releases/download/v7.7/npp.7.7.bin.zip
7.7,github,x86,npp.7.7.bin.zip,themes/Twilight.xml,Twilight.xml,,89933,2017-08-24T07:58:40.309971+00:00,7f4115aa0366820a94d240384e7d2948,cd079ad3e4036df7ac6e4f9007d2036a692535fb,dff5d4b5390387e086407a456b687afef5fb00430a2d6755b614b9b536ed2f3f,N/A,N/A,,https://github.com/notepad-plus-plus/notepad-plus-plus/releases/download/v7.7/npp.7.7.bin.zip
7.7,github,x86,npp.7.7.bin.zip,localization/ukrainian.xml,ukrainian.xml,,95203,2019-05-13T21:05:14.371493+00:00,2ad1d6c0d74e402c854df769a8196880,f985b2e0d9e86d0dfe39d87edab71eff961cc895,38d0e8cccb1030ba3314511573ed58fcf9ad24d32de8110f6fced82262585b4d,N/A,N/A,,https://github.com/notepad-plus-plus/notepad-plus-plus/releases/download/v7.7/npp.7.7.bin.zip
7.7,github,x86,npp.7.7.bin.zip,localization/urdu.xml,urdu.xml,,15657,2016-12-26T22:10:44.210970+00:00,cf965dfcf2257d8046c453ac36fcf65e,ac650afe9e15fec6e0e3e87bc999c2d9350ab461,0b685abaea6232f3e99d563f01613161251e51aba6a62d83cb306aa5f2d396d5,N/A,N/A,,https://github.com/notepad-plus-plus/notepad-plus-plus/releases/download/v7.7/npp.7.7.bin.zip
7.7,github,x86,npp.7.7.bin.zip,userDefineLangs/userDefinedLang-markdown.default.modern.xml,userDefinedLang-markdown.default.modern.xml,,5440,2019-03-05T01:52:36.627021+00:00,e6edb9c859b5b97800da9c664a0606c8,a0529bfe949f37d87349f89e44ac03a0f39d90c6,b7a3e70c69f661e76cc7b6279db21fb32f275a8a3c205a75ae22e40224136031,N/A,N/A,,https://github.com/notepad-plus-plus/notepad-plus-plus/releases/download/v7.7/npp.7.7.bin.zip
7.7,github,x86,npp.7.7.bin.zip,localization/uyghur.xml,uyghur.xml,,47848,2018-01-28T21:48:40.466342+00:00,a5d2661cab9fae284200b5cd84496b41,fa6cfe413495f354ad0d72e9660f04ce05a6556d,f5d24a6c678b1b54539adeafd2bc2697738f44cea6c184fa442980f1440e5afd,N/A,N/A,,https://github.com/notepad-plus-plus/notepad-plus-plus/releases/download/v7.7/npp.7.7.bin.zip
7.7,github,x86,npp.7.7.bin.zip,localization/uzbek.xml,uzbek.xml,,67937,2019-05-08T23:22:36.249695+00:00,8d5d53622c0bd306f5bcbd785328ead3,3aeda8d64f29c15efcbc270ea06bb8100245087f,1e94b2d6c7a0f3a29ed7065a592fab68ffcb442f6b6eb7a78f4f875c689dadd6,N/A,N/A,,https://github.com/notepad-plus-plus/notepad-plus-plus/releases/download/v7.7/npp.7.7.bin.zip
7.7,github,x86,npp.7.7.bin.zip,localization/uzbekCyrillic.xml,uzbekCyrillic.xml,,35714,2017-08-20T17:40:41.544199+00:00,71b7ce4804f337f3d5c4fea4a0733691,f4446df6fbeb19c93869205750991261d3a1ac7b,380e17fd360658921ea937043e540b2af642a7307be691f5c58b825623b61a99,N/A,N/A,,https://github.com/notepad-plus-plus/notepad-plus-plus/releases/download/v7.7/npp.7.7.bin.zip
7.7,github,x86,npp.7.7.bin.zip,autoCompletion/vb.xml,vb.xml,,17197,2017-12-28T02:55:00.358594+00:00,cb6d0cff9916fa1eae0a4faafc9db82a,0bb7663a45ac8a0e8ed5ee3296f7fedc24c4a3e6,74b6701e0c8f2c92eedd563165b61d4813f519f3747b67b3a043a4b85de41401,N/A,N/A,,https://github.com/notepad-plus-plus/notepad-plus-plus/releases/download/v7.7/npp.7.7.bin.zip
7.7,github,x86,npp.7.7.bin.zip,autoCompletion/vhdl.xml,vhdl.xml,,2632,2016-12-26T22:10:43.671560+00:00,1ba07e9e9c7ccbf095fee8c248375527,668325f597bb9fa517e41f304f07c5d0a0421160,29967c6650ce9fce73b7b9dda3390ae3b5cff4ad8ef2265f2c6980da55f42f97,N/A,N/A,,https://github.com/notepad-plus-plus/notepad-plus-plus/releases/download/v7.7/npp.7.7.bin.zip
7.7,github,x86,npp.7.7.bin.zip,themes/Vibrant Ink.xml,Vibrant Ink.xml,,87917,2019-05-08T23:22:36.289442+00:00,b05d33b041955fd401ccb2f31466f7c5,322df6af28a58a79081e5f6c1ee48bbaa4fee3dd,d4507c1a946e400e49051591b8059e479f82e889a48afb47398510d8975959d3,N/A,N/A,,https://github.com/notepad-plus-plus/notepad-plus-plus/releases/download/v7.7/npp.7.7.bin.zip
7.7,github,x86,npp.7.7.bin.zip,localization/vietnamese.xml,vietnamese.xml,,52737,2017-08-20T17:42:26.208032+00:00,4648aecae4e9d1df3ca32d9a0cba8fed,ace0c0282c1e0dc6facfd3277994a50410e619c8,747d88fd1df6f7a703fdd0904b50ff32c3d6d2d26203e0ae07b44786b44a9961,N/A,N/A,,https://github.com/notepad-plus-plus/notepad-plus-plus/releases/download/v7.7/npp.7.7.bin.zip
7.7,github,x86,npp.7.7.bin.zip,themes/vim Dark Blue.xml,vim Dark Blue.xml,,88104,2019-05-08T23:22:36.295500+00:00,a100ed60e3b7c4de0ee79196595a2a5a,d50e1590fe9d220cc8e5fbce6d8331899b730841,86c282817efbbde7eee56d846fcd3e28f85c02e41ccc1464d16efbf905e1dbc3,N/A,N/A,,https://github.com/notepad-plus-plus/notepad-plus-plus/releases/download/v7.7/npp.7.7.bin.zip
7.7,github,x86,npp.7.7.bin.zip,localization/welsh.xml,welsh.xml,,53261,2017-08-20T17:42:26.222941+00:00,538acafd2ef4e67581a908f970838626,98c8498903c60d46035a3ec22a3c559311451754,11fd56a75e14493a7305d6cd2aa79dd6990465eb0dec8bdf6354dd6e5db35634,N/A,N/A,,https://github.com/notepad-plus-plus/notepad-plus-plus/releases/download/v7.7/npp.7.7.bin.zip
7.7,github,x86,npp.7.7.bin.zip,autoCompletion/xml.xml,xml.xml,,12024,2016-12-26T22:10:43.676850+00:00,432b0a7d34b59ad7512c347f8670ff23,d4ff6d0b283f7b2b8d1792b0c9671d9afb43d3f7,7cdfb59901b0dbda488745f9bd749ce9a1c3e228931162e3a5764c5674330601,N/A,N/A,,https://github.com/notepad-plus-plus/notepad-plus-plus/releases/download/v7.7/npp.7.7.bin.zip
7.7,github,x86,npp.7.7.bin.zip,themes/Zenburn.xml,Zenburn.xml,,103030,2019-03-05T01:52:36.677885+00:00,d493b95a290a7a5a1aa22690db984d99,30b9470cb13ae5543be22144a848f98b7a4798b3,0f2870aa82ed87c920d7cb82ab8f232820fbcfa0c98b22b1e87dd18eee8a4661,N/A,N/A,,https://github.com/notepad-plus-plus/notepad-plus-plus/releases/download/v7.7/npp.7.7.bin.zip
7.7,github,x86,npp.7.7.bin.zip,localization/zulu.xml,zulu.xml,,72870,2019-03-26T23:11:19.879946+00:00,9440a55f71dac040b123de16d6557951,3c418d94e534013fe52e2a85ddac821b3ae89b40,16ef44efd21a556cfed5aa07b70437a16016754fcd3ce2a9e7048061716591df,N/A,N/A,,https://github.com/notepad-plus-plus/notepad-plus-plus/releases/download/v7.7/npp.7.7.bin.zip
7.7,github,x86,npp.7.7.Installer.exe,,npp.7.7.Installer.exe,,3680712,2021-12-07T19:40:18+00:00,151cbb695037b5b1ca023dbb66655731,e2bfbf1d58ec7fe42b9567e7e432f299dd736bde,f851e5cce9a1509f4e2c476ce5f7adf151d8f385afbcf448234b7f28fba28af9,MATCH,MATCH,,https://github.com/notepad-plus-plus/notepad-plus-plus/releases/download/v7.7/npp.7.7.Installer.exe
7.7,github,x86,npp.7.7.Installer.exe,autoCompletion/actionscript.xml,actionscript.xml,,20752,2021-12-07T19:40:18+00:00,f8876462309eeb4204eaaf5777dc4eea,167b0f169340f0cf7d2a53d0f4c4b20f694ff12a,7bdab6f3b572773331a17bfbb6cc4bbd71dfd89e4f11e404b7466925678a3a26,N/A,N/A,,https://github.com/notepad-plus-plus/notepad-plus-plus/releases/download/v7.7/npp.7.7.Installer.exe
7.7,github,x86,npp.7.7.Installer.exe,$PLUGINSDIR/nppLocalization/afrikaans.xml,afrikaans.xml,,29077,2021-12-07T19:40:18+00:00,c2f475cc2b49d3aee490c9059529744a,621e81e87c6c8d45a6be6bc69108d8ab13e2d5a6,5d285d98f8891bcf73a770fde00c3215062842224b81c4e70537569712f84570,N/A,N/A,,https://github.com/notepad-plus-plus/notepad-plus-plus/releases/download/v7.7/npp.7.7.Installer.exe
7.7,github,x86,npp.7.7.Installer.exe,$PLUGINSDIR/nppLocalization/albanian.xml,albanian.xml,,57197,2021-12-07T19:40:18+00:00,5803d49d9a1320f50394a0ab36c427b6,6f29668d5d3101d86a6ec34d3087c7cd5e5fdc64,508ddd0bd359666186a34b1249b55de31062f2eb4323bce01409e602e7fc0b64,N/A,N/A,,https://github.com/notepad-plus-plus/notepad-plus-plus/releases/download/v7.7/npp.7.7.Installer.exe
7.7,github,x86,npp.7.7.Installer.exe,$PLUGINSDIR/nppLocalization/arabic.xml,arabic.xml,,86770,2021-12-07T19:40:18+00:00,4c43fa51c53e259e9c0df42eab235849,6af39eb260e24144dc3491e9083a3d615e977775,f4bb70b47614e639d2035ecf94e4f74413312f7ae593d60a916d940cf3639554,N/A,N/A,,https://github.com/notepad-plus-plus/notepad-plus-plus/releases/download/v7.7/npp.7.7.Installer.exe
7.7,github,x86,npp.7.7.Installer.exe,$PLUGINSDIR/nppLocalization/aragonese.xml,aragonese.xml,,49810,2021-12-07T19:40:18+00:00,ff161db746ade330439882ba0640d2ea,1a9109c96486d1f4ee48336f66c0be93cf2725a3,1db8eeb9c6cae8705cacfc3043a7556678e9ed52162fb8ec536c5befc19343a9,N/A,N/A,,https://github.com/notepad-plus-plus/notepad-plus-plus/releases/download/v7.7/npp.7.7.Installer.exe
7.7,github,x86,npp.7.7.Installer.exe,$PLUGINSDIR/nppLocalization/aranese.xml,aranese.xml,,20821,2021-12-07T19:40:18+00:00,333a18acb93ba083e86679c065b69d15,cb874355fb8e495a2b0b0dcf8868df287ec6a342,de5da809aa6e44c4e6a01c3b5fb7da5a66d9683cb905416f3fcff2ed413ea7c6,N/A,N/A,,https://github.com/notepad-plus-plus/notepad-plus-plus/releases/download/v7.7/npp.7.7.Installer.exe
7.7,github,x86,npp.7.7.Installer.exe,autoCompletion/autoit.xml,autoit.xml,,738721,2021-12-07T19:40:18+00:00,24091974377d7e76106add1210d5853a,7663d568323f753fb62c15f684eea1ff9014ce5b,07cb7ea3f8d1eee1142bcdf876e29f14e6ae2a72ef28f2310263da531c7e8711,N/A,N/A,,https://github.com/notepad-plus-plus/notepad-plus-plus/releases/download/v7.7/npp.7.7.Installer.exe
7.7,github,x86,npp.7.7.Installer.exe,$PLUGINSDIR/nppLocalization/azerbaijani.xml,azerbaijani.xml,,35482,2021-12-07T19:40:18+00:00,8cd5c70b03ef9c48585c06fa149f9fcd,4fb0a331d184579444326c6910742ad4b0cbb5a1,d2e185e9c8b1e7d994dcb3b44748f1b499f18ca22a573f452a9b0d791344c448,N/A,N/A,,https://github.com/notepad-plus-plus/notepad-plus-plus/releases/download/v7.7/npp.7.7.Installer.exe
7.7,github,x86,npp.7.7.Installer.exe,autoCompletion/BaanC.xml,BaanC.xml,,18490,2021-12-07T19:40:18+00:00,2537a01a4619a19962fb1b85cbee9a13,adaf66583cc60a53f0a08b030e63cc2652badd17,9780d21f36eca4cb7f85c67fe9113c3c223822662812f6ab533c011cd2f56e7e,N/A,N/A,,https://github.com/notepad-plus-plus/notepad-plus-plus/releases/download/v7.7/npp.7.7.Installer.exe
7.7,github,x86,npp.7.7.Installer.exe,$PLUGINSDIR/nppLocalization/basque.xml,basque.xml,,59732,2021-12-07T19:40:18+00:00,7ef1dd1b3280122bac0a69063249fd46,83730aee38e42a5aee4c7daf0390833761208709,1047a56b9ea18bafbb7fd03daa190cb980883694dfd7fc1556136ab81834d489,N/A,N/A,,https://github.com/notepad-plus-plus/notepad-plus-plus/releases/download/v7.7/npp.7.7.Installer.exe
7.7,github,x86,npp.7.7.Installer.exe,autoCompletion/batch.xml,batch.xml,,3784,2021-12-07T19:40:18+00:00,713831a4916810500b39efbdb41435a2,6b9c9d965f73f71fafb786d547be09f5ef398643,d43ce011aa2d5a946c36b4c3a6a0a98fd9570253bc461a267d3b44aaec3cb6b0,N/A,N/A,,https://github.com/notepad-plus-plus/notepad-plus-plus/releases/download/v7.7/npp.7.7.Installer.exe
7.7,github,x86,npp.7.7.Installer.exe,$PLUGINSDIR/nppLocalization/belarusian.xml,belarusian.xml,,95099,2021-12-07T19:40:18+00:00,fd060d45654fa3adec00f943349a535b,7732a8a924e84a218ac710a3c2a829438481c761,1c616bcd978b6f7feb5035c232024baa895f9787183898e4672f70ea3d1ded9c,N/A,N/A,,https://github.com/notepad-plus-plus/notepad-plus-plus/releases/download/v7.7/npp.7.7.Installer.exe
7.7,github,x86,npp.7.7.Installer.exe,$PLUGINSDIR/nppLocalization/bengali.xml,bengali.xml,,70025,2021-12-07T19:40:18+00:00,d081b39bf7a87b8ccd3caa5e9d15087c,02fad366321e3bb823bfb46ab966ac919dd227c8,5ecd5febabcb4b4616035fab1b567bf2a0ff8b2ded72d74e6ea5511671814484,N/A,N/A,,https://github.com/notepad-plus-plus/notepad-plus-plus/releases/download/v7.7/npp.7.7.Installer.exe
7.7,github,x86,npp.7.7.Installer.exe,$_14_/themes/Bespin.xml,Bespin.xml,,91987,2021-12-07T19:40:18+00:00,821e643338c9129e0eade6fa9008f198,cdfb6a4ba9d186019f072e661a81050f8c5dbe7e,26234a54d2498693d08c462d0e8a61f7ef6df7b5a278c49716ae991183ee80d3,N/A,N/A,,https://github.com/notepad-plus-plus/notepad-plus-plus/releases/download/v7.7/npp.7.7.Installer.exe
7.7,github,x86,npp.7.7.Installer.exe,$_14_/themes/Black board.xml,Black board.xml,,90353,2021-12-07T19:40:18+00:00,b2c72f0861af9556500ffb5bd3e68b8b,5bfb5849e96e67cbe605d2618fb545e131a570a7,d043514f3c2c442b1f4a2a868fbfec53f53fcb61c9c6ab0f447e4934cb94ce57,N/A,N/A,,https://github.com/notepad-plus-plus/notepad-plus-plus/releases/download/v7.7/npp.7.7.Installer.exe
7.7,github,x86,npp.7.7.Installer.exe,$PLUGINSDIR/nppLocalization/bosnian.xml,bosnian.xml,,32084,2021-12-07T19:40:18+00:00,6b036835ed9d1ee92cd9bd4c76f41bbd,faeb76f93f4228832c7cc952833c717f3614a38d,06ce39e85fc9acd72888da5871fae4d18aa2c5bb6a9fa0c9eca459cf0e949a63,N/A,N/A,,https://github.com/notepad-plus-plus/notepad-plus-plus/releases/download/v7.7/npp.7.7.Installer.exe
7.7,github,x86,npp.7.7.Installer.exe,$PLUGINSDIR/nppLocalization/brazilian_portuguese.xml,brazilian_portuguese.xml,,78673,2021-12-07T19:40:18+00:00,c5ac706ffe3cc6abb54272e49d42de5d,d5a9bee2ce2cff235179ea19dfc8207661d40e3d,690897901b9880c4b4247d5a75140f4ef9804fddd4b1ffe6fbc89d4f9952e520,N/A,N/A,,https://github.com/notepad-plus-plus/notepad-plus-plus/releases/download/v7.7/npp.7.7.Installer.exe
7.7,github,x86,npp.7.7.Installer.exe,$PLUGINSDIR/nppLocalization/breton.xml,breton.xml,,56124,2021-12-07T19:40:18+00:00,a28d31b3147d47670455aa249df9e3a8,ae276de79ca796b74345a8b3dbcf53e4972b6eaa,7d8569dca0eef5ccd411287ed72f70da19f92b96e05e2bfd294263098e3ed38d,N/A,N/A,,https://github.com/notepad-plus-plus/notepad-plus-plus/releases/download/v7.7/npp.7.7.Installer.exe
7.7,github,x86,npp.7.7.Installer.exe,$PLUGINSDIR/nppLocalization/bulgarian.xml,bulgarian.xml,,89854,2021-12-07T19:40:18+00:00,4cfd349868f4f6f269789ed55a35a214,58048827fc5dd2c368b734d7d8d5004000e0d641,0240561bed98e46a001330fd3f9e52a868637319de4e5d69b4655444ff1e1c20,N/A,N/A,,https://github.com/notepad-plus-plus/notepad-plus-plus/releases/download/v7.7/npp.7.7.Installer.exe
7.7,github,x86,npp.7.7.Installer.exe,autoCompletion/c.xml,c.xml,,44390,2021-12-07T19:40:18+00:00,c92c0a8fa14eb590fdc13287b26689db,b6010b4b59128f9d16abd9e8d8ccf521ed6e4eb8,2ad09d23098049d7541c703684bca446ccf6f1024a182e7dc30c378efb1b2109,N/A,N/A,,https://github.com/notepad-plus-plus/notepad-plus-plus/releases/download/v7.7/npp.7.7.Installer.exe
7.7,github,x86,npp.7.7.Installer.exe,$PLUGINSDIR/nppLocalization/catalan.xml,catalan.xml,,65728,2021-12-07T19:40:18+00:00,be294c1890b57df605d743846802e835,5425db4f87a254e3438a73aaf4d4e3a46d3bf9fa,03e2d93f71ae1b27d0695c14af7b820862737b4bf32ccc5fa29e68006ce32e32,N/A,N/A,,https://github.com/notepad-plus-plus/notepad-plus-plus/releases/download/v7.7/npp.7.7.Installer.exe
7.7,github,x86,npp.7.7.Installer.exe,change.log,change.log,,904,2021-12-07T19:40:18+00:00,fba8943a74fcc546372a924e00be692f,6287588921b1ade9b1056719610bbbff050c72ad,cdc5dcb06affbb14f5a1efee382cb4ddb57bb4bc6aae9e49b059c8d2f8e76f64,N/A,N/A,,https://github.com/notepad-plus-plus/notepad-plus-plus/releases/download/v7.7/npp.7.7.Installer.exe
7.7,github,x86,npp.7.7.Installer.exe,$PLUGINSDIR/nppLocalization/chinese.xml,chinese.xml,,75052,2021-12-07T19:40:18+00:00,95c0eacb92d19a56ad3e9f114355b891,b2a693af9cd3029e79c2c719eb88a58f190f305d,6a6b8625fbe38f8ecd5f8205cefa66a7fb31c17826766c29dfc4494bf71602ad,N/A,N/A,,https://github.com/notepad-plus-plus/notepad-plus-plus/releases/download/v7.7/npp.7.7.Installer.exe
7.7,github,x86,npp.7.7.Installer.exe,$PLUGINSDIR/nppLocalization/chineseSimplified.xml,chineseSimplified.xml,,73985,2021-12-07T19:40:18+00:00,8b1fd4c62d772ff4e2e8cd86f9daa996,2351b7c17a69365db44b5b4f9e89f75e07ab4d61,db470e2927688c424ba8a3838d673b8fe42699e51a4e1b4e9c8824089b3b337d,N/A,N/A,,https://github.com/notepad-plus-plus/notepad-plus-plus/releases/download/v7.7/npp.7.7.Installer.exe
7.7,github,x86,npp.7.7.Installer.exe,$_14_/themes/Choco.xml,Choco.xml,,90648,2021-12-07T19:40:18+00:00,08bee836ff654869d212779577b0bbf6,21d606a57056351521787e1ce2f823307525b722,94fe9c0753a4d9b8352bc17c9785004b046d0afee8722de21609ef8938f327eb,N/A,N/A,,https://github.com/notepad-plus-plus/notepad-plus-plus/releases/download/v7.7/npp.7.7.Installer.exe
7.7,github,x86,npp.7.7.Installer.exe,autoCompletion/cmake.xml,cmake.xml,,7321,2021-12-07T19:40:18+00:00,bb3c098e3c76d30df480e3e17abe5a7b,394ea38362db6dcaa12ebecb6813ed66d7729ea5,b5616caa363cd62310287f60e6c61eeed9297be5d2da913a390fedc26217cae0,N/A,N/A,,https://github.com/notepad-plus-plus/notepad-plus-plus/releases/download/v7.7/npp.7.7.Installer.exe
7.7,github,x86,npp.7.7.Installer.exe,autoCompletion/coffee.xml,coffee.xml,,1510,2021-12-07T19:40:18+00:00,633f1e56a9f5b7e1c7c75e6dff944b25,55f1f86306161a2b743fe13927e852c2570bfaf7,46d379e7ad5565fc197a32b62d04ceb1be4452af2ae45663415809bc7badb0bd,N/A,N/A,,https://github.com/notepad-plus-plus/notepad-plus-plus/releases/download/v7.7/npp.7.7.Installer.exe
7.7,github,x86,npp.7.7.Installer.exe,contextMenu.xml,contextMenu.xml,,3512,2021-12-07T19:40:18+00:00,a7998766b85ee71ff1d82a1198988529,acaf62b48d9307b319105109121d82ccefe46c65,aa48a7c2ec3ed377c42c293f732807572f2ea305c9771b6ea210e7b92ef2c199,N/A,N/A,,https://github.com/notepad-plus-plus/notepad-plus-plus/releases/download/v7.7/npp.7.7.Installer.exe
7.7,github,x86,npp.7.7.Installer.exe,$_14_/contextMenu.xml,contextMenu.xml,,3512,2021-12-07T19:40:18+00:00,a7998766b85ee71ff1d82a1198988529,acaf62b48d9307b319105109121d82ccefe46c65,aa48a7c2ec3ed377c42c293f732807572f2ea305c9771b6ea210e7b92ef2c199,N/A,N/A,,https://github.com/notepad-plus-plus/notepad-plus-plus/releases/download/v7.7/npp.7.7.Installer.exe
7.7,github,x86,npp.7.7.Installer.exe,$PLUGINSDIR/nppLocalization/corsican.xml,corsican.xml,,83266,2021-12-07T19:40:18+00:00,2762c8551adc0138beb86c304bd678df,465883c3db9c3982e0202b20ff31f3c5dc02cfb2,9cc651eca1140c53634b1106a00bf8df96c8b4db49b68dbf165e1feae0740ee5,N/A,N/A,,https://github.com/notepad-plus-plus/notepad-plus-plus/releases/download/v7.7/npp.7.7.Installer.exe
7.7,github,x86,npp.7.7.Installer.exe,autoCompletion/cpp.xml,cpp.xml,,61530,2021-12-07T19:40:18+00:00,e60ca42b12a8e816892894d321ab8d00,bf1dc910f6cab97f99e23d08e084837fc7de17c6,b97ffa556f93ec4c51208b2aea4f3d69411404c27f6ea12608ae84bedbd76418,N/A,N/A,,https://github.com/notepad-plus-plus/notepad-plus-plus/releases/download/v7.7/npp.7.7.Installer.exe
7.7,github,x86,npp.7.7.Installer.exe,$PLUGINSDIR/nppLocalization/croatian.xml,croatian.xml,,85184,2021-12-07T19:40:18+00:00,cec164119c1295583fe3326f6710253c,52feae919ddb150a3bad58f5d6f1071027eeebcb,12fe4e0941c20088f10a19487aeddc57ca96ff8ace34ccfbc2cfcb2388c17173,N/A,N/A,,https://github.com/notepad-plus-plus/notepad-plus-plus/releases/download/v7.7/npp.7.7.Installer.exe
7.7,github,x86,npp.7.7.Installer.exe,autoCompletion/cs.xml,cs.xml,,33726,2021-12-07T19:40:18+00:00,c9bc2acde59532d2a9b65e7f9cd55d4f,d4a0e2d2b20e0b0cc40a0bf3a5274800d1eb6ea7,32076a244afd75a07cd38f1fa27b08eea3a4a697111cde8a1cb636c46c708c17,N/A,N/A,,https://github.com/notepad-plus-plus/notepad-plus-plus/releases/download/v7.7/npp.7.7.Installer.exe
7.7,github,x86,npp.7.7.Installer.exe,autoCompletion/css.xml,css.xml,,11522,2021-12-07T19:40:18+00:00,d2affd6da8aa4fd9457db7b0dcb87517,427e170083be87d570df3f9ea4b0eff0eb60a8f4,776187ab9beec87648e5701137f153adeef88c579b15b181c5d4eee2f02262f8,N/A,N/A,,https://github.com/notepad-plus-plus/notepad-plus-plus/releases/download/v7.7/npp.7.7.Installer.exe
7.7,github,x86,npp.7.7.Installer.exe,$PLUGINSDIR/nppLocalization/czech.xml,czech.xml,,72315,2021-12-07T19:40:18+00:00,40fb19e6e72098f1fcc013562e210d4c,d637d786b7eb88d281dec513fd0a7854d5ad5610,e2f164416ddf1f6c09bbc8c33600886f35116c170a9837c940bf1c4e1a75eafa,N/A,N/A,,https://github.com/notepad-plus-plus/notepad-plus-plus/releases/download/v7.7/npp.7.7.Installer.exe
7.7,github,x86,npp.7.7.Installer.exe,$PLUGINSDIR/nppLocalization/danish.xml,danish.xml,,75208,2021-12-07T19:40:18+00:00,afdca23414d2fa05e0edfed63dc68bd1,4d5cb126c3f86dc907f315ae38ccc3ec07619fd3,3ce52cb27a70640c8f4578ff52f71de18282d54ab91d1db7658be64c6a316d6c,N/A,N/A,,https://github.com/notepad-plus-plus/notepad-plus-plus/releases/download/v7.7/npp.7.7.Installer.exe
7.7,github,x86,npp.7.7.Installer.exe,$_14_/themes/Deep Black.xml,Deep Black.xml,,88397,2021-12-07T19:40:18+00:00,c0dfe7248b4651b3ead3d8ba219a529d,dddf5cb8366555f9510c7542476d6b0dd59102e8,6de4560d9ffd31ba5ab94de04c4fec2a2d3ca34cf136c0777598b24054dcf4f5,N/A,N/A,,https://github.com/notepad-plus-plus/notepad-plus-plus/releases/download/v7.7/npp.7.7.Installer.exe
7.7,github,x86,npp.7.7.Installer.exe,doLocalConf.xml,doLocalConf.xml,,0,2021-12-07T19:40:18+00:00,d41d8cd98f00b204e9800998ecf8427e,da39a3ee5e6b4b0d3255bfef95601890afd80709,e3b0c44298fc1c149afbf4c8996fb92427ae41e4649b934ca495991b7852b855,N/A,N/A,,https://github.com/notepad-plus-plus/notepad-plus-plus/releases/download/v7.7/npp.7.7.Installer.exe
7.7,github,x86,npp.7.7.Installer.exe,$PLUGINSDIR/nppLocalization/dutch.xml,dutch.xml,,61604,2021-12-07T19:40:18+00:00,6ce9f0ae41286f01ccf83b64d48cc238,cad9570ecd9252768231c07c37c162e3b291ae97,4dc9faf1ba2806b6ff3f70264c46e2d70007af6f5dafe6fe9d306c3c07eda610,N/A,N/A,,https://github.com/notepad-plus-plus/notepad-plus-plus/releases/download/v7.7/npp.7.7.Installer.exe
7.7,github,x86,npp.7.7.Installer.exe,localization/english.xml,english.xml,,74693,2021-12-07T19:40:18+00:00,03abae43e8e53d9594ced22fdb09965f,f9b7ed754eb38eed200ee20a68fbaf7fcc334867,6472da400162dc1aecba34146ab92c4d59be1b3629f72ca1e91b9e7d57e667eb,N/A,N/A,,https://github.com/notepad-plus-plus/notepad-plus-plus/releases/download/v7.7/npp.7.7.Installer.exe
7.7,github,x86,npp.7.7.Installer.exe,$PLUGINSDIR/nppLocalization/english.xml,english.xml,,74693,2021-12-07T19:40:18+00:00,03abae43e8e53d9594ced22fdb09965f,f9b7ed754eb38eed200ee20a68fbaf7fcc334867,6472da400162dc1aecba34146ab92c4d59be1b3629f72ca1e91b9e7d57e667eb,N/A,N/A,,https://github.com/notepad-plus-plus/notepad-plus-plus/releases/download/v7.7/npp.7.7.Installer.exe
7.7,github,x86,npp.7.7.Installer.exe,$PLUGINSDIR/nppLocalization/english_customizable.xml,english_customizable.xml,,71799,2021-12-07T19:40:18+00:00,ba660fd5e124a627e7b5b1d53a6ceae5,81228dc178e012002db96c72c1e2f0e812123b6e,db1c55427bf83385e8713460d515d05aa79b9829be85515f1e46ab1a2cdc198b,N/A,N/A,,https://github.com/notepad-plus-plus/notepad-plus-plus/releases/download/v7.7/npp.7.7.Installer.exe
7.7,github,x86,npp.7.7.Installer.exe,$PLUGINSDIR/nppLocalization/esperanto.xml,esperanto.xml,,48285,2021-12-07T19:40:18+00:00,4abf56d03e149ee0569619bbc11815a5,bca30606a47cae3f06685f01795613d1fce626eb,e1486a8120d1ef7998b5335536a3a4877fdcb630f87ed9ca7b307ac075b313c6,N/A,N/A,,https://github.com/notepad-plus-plus/notepad-plus-plus/releases/download/v7.7/npp.7.7.Installer.exe
7.7,github,x86,npp.7.7.Installer.exe,$PLUGINSDIR/nppLocalization/estonian.xml,estonian.xml,,60812,2021-12-07T19:40:18+00:00,a12e2854f772938fd4ccd55345dadd4b,20f9c4d026a1bff3934560c45a6956143070e99e,f71e4b0ba4fbf616af8f1568f2160d527b78fcf711132c4a38e0bd5378902237,N/A,N/A,,https://github.com/notepad-plus-plus/notepad-plus-plus/releases/download/v7.7/npp.7.7.Installer.exe
7.7,github,x86,npp.7.7.Installer.exe,$PLUGINSDIR/nppLocalization/extremaduran.xml,extremaduran.xml,,25399,2021-12-07T19:40:18+00:00,896b0f1f0854f3bcc23a80c99dcebd47,ee5d3a7de7503e18b2929d96dc164dd0671a841d,87e0372bfd2b84316adf2c7d3130fcf2415a96ec2c8bcd5da6f1a8a3a807c8d2,N/A,N/A,,https://github.com/notepad-plus-plus/notepad-plus-plus/releases/download/v7.7/npp.7.7.Installer.exe
7.7,github,x86,npp.7.7.Installer.exe,$PLUGINSDIR/nppLocalization/farsi.xml,farsi.xml,,65927,2021-12-07T19:40:18+00:00,9ddc0ac1e17a56703a3e0a7acb8d0e2a,3735a864f2c265811e478b8f1b7876ec7e73a1a9,d0acda01c7bb500072f00af882297d08a14821811931e862b5225bef97ab6336,N/A,N/A,,https://github.com/notepad-plus-plus/notepad-plus-plus/releases/download/v7.7/npp.7.7.Installer.exe
7.7,github,x86,npp.7.7.Installer.exe,$PLUGINSDIR/nppLocalization/finnish.xml,finnish.xml,,44055,2021-12-07T19:40:18+00:00,99d18eeaa47569147a0395948cb9c7d6,9b3488593fa1002a827698db2eec91b4eadba8ea,691d523b2a8c2ea14eb5e5259eed9e9de1853b2c2fd8badc77164f2cca2dd006,N/A,N/A,,https://github.com/notepad-plus-plus/notepad-plus-plus/releases/download/v7.7/npp.7.7.Installer.exe
7.7,github,x86,npp.7.7.Installer.exe,$PLUGINSDIR/nppLocalization/french.xml,french.xml,,77647,2021-12-07T19:40:18+00:00,9f90a6c8c9db6894bb578f39014ecea0,796cef14cfb541c2f9fb520a07330818c74e9394,497f8bf1660f90a8f0cd7f409c7a7df3cf2e040a8594bb039edf54e399fe61d2,N/A,N/A,,https://github.com/notepad-plus-plus/notepad-plus-plus/releases/download/v7.7/npp.7.7.Installer.exe
7.7,github,x86,npp.7.7.Installer.exe,$PLUGINSDIR/nppLocalization/friulian.xml,friulian.xml,,34362,2021-12-07T19:40:18+00:00,6d4c069b4c4517f68657be1641bec299,cc5384f29594b19822a805f8d5888ff328e169a1,d4ffe0a2b5e35fede7e6244be9823e1e946c60db1635e6d3f753e6df938e4b3d,N/A,N/A,,https://github.com/notepad-plus-plus/notepad-plus-plus/releases/download/v7.7/npp.7.7.Installer.exe
7.7,github,x86,npp.7.7.Installer.exe,functionList.xml,functionList.xml,,61820,2021-12-07T19:40:18+00:00,bd8d804a62a5b9392885a6904033f0bf,e82bdad59f7f75736999520c3f27da7f05ee677e,ea1e92c06735a137cd03c36a252027c013e9224dd3013fbe3ddd5c5c0098b2b9,N/A,N/A,,https://github.com/notepad-plus-plus/notepad-plus-plus/releases/download/v7.7/npp.7.7.Installer.exe
7.7,github,x86,npp.7.7.Installer.exe,$_14_/functionList.xml,functionList.xml,,61820,2021-12-07T19:40:18+00:00,bd8d804a62a5b9392885a6904033f0bf,e82bdad59f7f75736999520c3f27da7f05ee677e,ea1e92c06735a137cd03c36a252027c013e9224dd3013fbe3ddd5c5c0098b2b9,N/A,N/A,,https://github.com/notepad-plus-plus/notepad-plus-plus/releases/download/v7.7/npp.7.7.Installer.exe
7.7,github,x86,npp.7.7.Installer.exe,$PLUGINSDIR/nppLocalization/galician.xml,galician.xml,,25339,2021-12-07T19:40:18+00:00,191cc6b7ed37fad274f985d7329bd048,a8b7750901614323318923833a2fb7ac021e8c34,89a20e547d17b1006698cd35fbad772403033420808c8299206a8e299961d83e,N/A,N/A,,https://github.com/notepad-plus-plus/notepad-plus-plus/releases/download/v7.7/npp.7.7.Installer.exe
7.7,github,x86,npp.7.7.Installer.exe,$PLUGINSDIR/nppLocalization/georgian.xml,georgian.xml,,60005,2021-12-07T19:40:18+00:00,cada78594c9838103c479dbda55c9e05,7cdc3fd1b8a7ede96101badacf68281e3432bfbb,b319b96cb4eece88c0cf88b557ce56ce5abe85bdf0a6a1007b64310a708a6572,N/A,N/A,,https://github.com/notepad-plus-plus/notepad-plus-plus/releases/download/v7.7/npp.7.7.Installer.exe
7.7,github,x86,npp.7.7.Installer.exe,$PLUGINSDIR/nppLocalization/german.xml,german.xml,,66297,2021-12-07T19:40:18+00:00,355b310c4e264a059f7ace7bf26ed8fa,7585f0eb3efd56130e0542bebc9227936805e646,95ebc8459d0c7e217e45a2062221832d0bae29eca359ec38b2e450913d16590e,N/A,N/A,,https://github.com/notepad-plus-plus/notepad-plus-plus/releases/download/v7.7/npp.7.7.Installer.exe
7.7,github,x86,npp.7.7.Installer.exe,$PLUGINSDIR/nppLocalization/greek.xml,greek.xml,,41094,2021-12-07T19:40:18+00:00,109f64488a006665d76621dcd30e7ef7,b2167ac130ee2af4822861148dce561a5d1625fe,d65afc086673dc165ce82dd831b5f04c75d7d43c50957475e1c90f25766ad5da,N/A,N/A,,https://github.com/notepad-plus-plus/notepad-plus-plus/releases/download/v7.7/npp.7.7.Installer.exe
7.7,github,x86,npp.7.7.Installer.exe,$PLUGINSDIR/nppLocalization/gujarati.xml,gujarati.xml,,69803,2021-12-07T19:40:18+00:00,5e8d9609900189b29b660d673a78e015,ca4524f065e8bba6a5dc1dc2659233e4fd13c3dc,50c0e7a18c922bef1a758cff70d55df46913dddc22ca792e1b55b05a5b29c502,N/A,N/A,,https://github.com/notepad-plus-plus/notepad-plus-plus/releases/download/v7.7/npp.7.7.Installer.exe
7.7,github,x86,npp.7.7.Installer.exe,updater/GUP.exe,GUP.exe,,580240,2021-12-07T19:40:18+00:00,58342e27dd360d9bd65cce92e16c9ed1,ddede09fbf041478ba4ebd3aef080fd7899b1a5d,83e825264a423b966c7cfd55e62e7db96be1b29d24e51d8aefabe8a3fd2eeea2,N/A,N/A,,https://github.com/notepad-plus-plus/notepad-plus-plus/releases/download/v7.7/npp.7.7.Installer.exe
7.7,github,x86,npp.7.7.Installer.exe,updater/gup.xml,gup.xml,,4267,2021-12-07T19:40:18+00:00,b023cc4d768b34a5401f317479740a53,4ca45db707b120bca9cb6cd8404b9e6ecabdb2d2,d3e6404c7286961cbab82d4c49f82bcb166db9b5a13eacaa0eeb59a0709a0c14,N/A,N/A,,https://github.com/notepad-plus-plus/notepad-plus-plus/releases/download/v7.7/npp.7.7.Installer.exe
7.7,github,x86,npp.7.7.Installer.exe,$PLUGINSDIR/nppLocalization/hebrew.xml,hebrew.xml,,22740,2021-12-07T19:40:18+00:00,07c8ebe76b6352401c0e9c84956d727f,fb14d93db71d0d4b3f25c275fc57d615ce7446c4,58585868a8164b247c53ad3646076e3404a4fd854ee3632ca9841c1ba3d210d6,N/A,N/A,,https://github.com/notepad-plus-plus/notepad-plus-plus/releases/download/v7.7/npp.7.7.Installer.exe
7.7,github,x86,npp.7.7.Installer.exe,$_14_/themes/Hello Kitty.xml,Hello Kitty.xml,,88699,2021-12-07T19:40:18+00:00,e6b4071a8cd98356d4b31f8e0bfb5a96,3039f20b7679d0c4e54d1e2e2186d60be370a086,866a968dea85a427b7ef9b08c6cd93faf2c7c11472e95c9c6c529e0887b921b9,N/A,N/A,,https://github.com/notepad-plus-plus/notepad-plus-plus/releases/download/v7.7/npp.7.7.Installer.exe
7.7,github,x86,npp.7.7.Installer.exe,$PLUGINSDIR/nppLocalization/hindi.xml,hindi.xml,,99515,2021-12-07T19:40:18+00:00,f2926d2f1b4ebcd8d66b8ed0a3490763,895138e8bdadc7b3ee5b1e3f68292bb30c0f532f,22fa20d7c7d0f4f51574ae03bdd1e43c6d35b44242d72d65bec23f5a01164248,N/A,N/A,,https://github.com/notepad-plus-plus/notepad-plus-plus/releases/download/v7.7/npp.7.7.Installer.exe
7.7,github,x86,npp.7.7.Installer.exe,$_14_/themes/HotFudgeSundae.xml,HotFudgeSundae.xml,,109386,2021-12-07T19:40:18+00:00,08af674d077816afe25a544c5649fc02,8c7ae78900ee1dea982172be2697302301ee7014,25ee53a8faca5f8250a5180b620c579b747b803a2bc03bf4e0c5b8bc495c174f,N/A,N/A,,https://github.com/notepad-plus-plus/notepad-plus-plus/releases/download/v7.7/npp.7.7.Installer.exe
7.7,github,x86,npp.7.7.Installer.exe,autoCompletion/html.xml,html.xml,,19497,2021-12-07T19:40:18+00:00,4025e1158c027cf56c2625e65eb724ec,439fea1f13f3a35d2c3176d99db0327a6d216d3f,4300b3a71f387c91548984d017033884e176546ad5b74bac2e4df59caa163530,N/A,N/A,,https://github.com/notepad-plus-plus/notepad-plus-plus/releases/download/v7.7/npp.7.7.Installer.exe
7.7,github,x86,npp.7.7.Installer.exe,$PLUGINSDIR/nppLocalization/hungarian.xml,hungarian.xml,,79901,2021-12-07T19:40:18+00:00,b49cd98b5a75f5a2320427653a1a1782,0b627a98f94832eea57dd0dd0e90eb191d0030ab,951a0bd8e663bf9a43dbc7e083d7de92defab68836a07422033e4915765b1a86,N/A,N/A,,https://github.com/notepad-plus-plus/notepad-plus-plus/releases/download/v7.7/npp.7.7.Installer.exe
7.7,github,x86,npp.7.7.Installer.exe,$PLUGINSDIR/nppLocalization/indonesian.xml,indonesian.xml,,64183,2021-12-07T19:40:18+00:00,258f097d09f9878310e7900bb35cbff3,ea2c9449f1e95c545b20d9c42df9cdbdaf2de2ab,bf7292893bd1700d22e328c4b542929122a027e504a179d7270637e5476befe5,N/A,N/A,,https://github.com/notepad-plus-plus/notepad-plus-plus/releases/download/v7.7/npp.7.7.Installer.exe
7.7,github,x86,npp.7.7.Installer.exe,$PLUGINSDIR/InstallOptions.dll,InstallOptions.dll,,15872,2021-12-07T19:40:18+00:00,05bf02da51e717f79f6b5cbea7bc0710,07471a64ef4dba9dc19ce68ae6cce683af7df86d,ca092ba7f275b0c9000098cdd1a9876fe8dc050fcb40a0e8a1ab8335236e9dc5,N/A,N/A,,https://github.com/notepad-plus-plus/notepad-plus-plus/releases/download/v7.7/npp.7.7.Installer.exe
7.7,github,x86,npp.7.7.Installer.exe,$PLUGINSDIR/ioSpecial.ini,ioSpecial.ini,,211,2021-12-07T19:40:18+00:00,e2d5070bc28db1ac745613689ff86067,282e080b4cf847174c5c11e4f9157b8c338ecb19,d95aed234f932a1c48a2b1b0d98c60ca31f962310c03158e2884ab4ddd3ea1e0,N/A,N/A,,https://github.com/notepad-plus-plus/notepad-plus-plus/releases/download/v7.7/npp.7.7.Installer.exe
7.7,github,x86,npp.7.7.Installer.exe,$PLUGINSDIR/nppLocalization/italian.xml,italian.xml,,84637,2021-12-07T19:40:18+00:00,384f12abbc790c175e57f873f3becfb2,db7ed9fce3a9494d5d11116827615b9961b6b13f,500cfbf34b04f1299e61fe1473b73e0963024c53e6435e719b23298138d1d338,N/A,N/A,,https://github.com/notepad-plus-plus/notepad-plus-plus/releases/download/v7.7/npp.7.7.Installer.exe
7.7,github,x86,npp.7.7.Installer.exe,$PLUGINSDIR/nppLocalization/japanese.xml,japanese.xml,,84903,2021-12-07T19:40:18+00:00,76e62d9c62bea373eb90bebf31da09e8,7514df99a12775853ae30a5d37e4167f865ee262,5333dbb1359c8428750442aa18279a4eb1f72e4568f1d43a4c2277ca825a5420,N/A,N/A,,https://github.com/notepad-plus-plus/notepad-plus-plus/releases/download/v7.7/npp.7.7.Installer.exe
7.7,github,x86,npp.7.7.Installer.exe,autoCompletion/java.xml,java.xml,,205366,2021-12-07T19:40:18+00:00,4690cead3d2bffe2ed519f6ea5002266,dabc1ba868dc058b06dd426365c83bf5ff5bf716,862a83be2906ce28b6d3f1fdfb589d18cd6e971a7eaa51a1c7096cfff929b35b,N/A,N/A,,https://github.com/notepad-plus-plus/notepad-plus-plus/releases/download/v7.7/npp.7.7.Installer.exe
7.7,github,x86,npp.7.7.Installer.exe,autoCompletion/javascript.xml,javascript.xml,,23318,2021-12-07T19:40:18+00:00,30fc91a7c5194ef8d67e1c7e2fd6f697,f9e48cccfa5df44219a6d4a9a1af6083679f097e,7f0564f983478207754a58e66ee6865b8699bd3b9f4fd5c385126d46d7148831,N/A,N/A,,https://github.com/notepad-plus-plus/notepad-plus-plus/releases/download/v7.7/npp.7.7.Installer.exe
7.7,github,x86,npp.7.7.Installer.exe,$PLUGINSDIR/nppLocalization/kabyle.xml,kabyle.xml,,50327,2021-12-07T19:40:18+00:00,ec924dd39f1e36164ef4e93cd5883a2d,3a159ce0c072be9094b589d6711a4b6dfe878487,56714b11409a13fcd706f2d73674919a0bb70c80c7ec18eccf865ad67ad7b48f,N/A,N/A,,https://github.com/notepad-plus-plus/notepad-plus-plus/releases/download/v7.7/npp.7.7.Installer.exe
7.7,github,x86,npp.7.7.Installer.exe,$PLUGINSDIR/nppLocalization/kannada.xml,kannada.xml,,74866,2021-12-07T19:40:18+00:00,f0baf174376d1811fd49d05ace8eb0c6,8ca7735e04fd0ef605adc26912dc9b2fc54982a4,99f75ff79aad8084802bf1d52e7dc78eef18194d399c5248eb205db85348955d,N/A,N/A,,https://github.com/notepad-plus-plus/notepad-plus-plus/releases/download/v7.7/npp.7.7.Installer.exe
7.7,github,x86,npp.7.7.Installer.exe,$PLUGINSDIR/nppLocalization/kazakh.xml,kazakh.xml,,33034,2021-12-07T19:40:18+00:00,42d3d22d81645a44258aa730177896db,65593cc51fa72d9715c4c37028a2a95e84b3dcdb,3942e9c344acae7caa9d28a758b4df80c1211bab80ac88d81449101f9b943c66,N/A,N/A,,https://github.com/notepad-plus-plus/notepad-plus-plus/releases/download/v7.7/npp.7.7.Installer.exe
7.7,github,x86,npp.7.7.Installer.exe,$_14_/themes/khaki.xml,khaki.xml,,107169,2021-12-07T19:40:18+00:00,54ac8aa70fd79be9c96e5851c785b12d,8b79013088989dceacca425b34e3b489b22385f1,88ddd3505670b0ae2c707445fdb0f4b1ef87e0730c3e389e0e660ea3e5eec515,N/A,N/A,,https://github.com/notepad-plus-plus/notepad-plus-plus/releases/download/v7.7/npp.7.7.Installer.exe
7.7,github,x86,npp.7.7.Installer.exe,$PLUGINSDIR/nppLocalization/korean.xml,korean.xml,,47363,2021-12-07T19:40:18+00:00,a81c00ae49aeb5c5ded60220e6e42199,39ac3b19b7f7917aab593fc1f157225b5575910a,50b2b6820683551838ea1533d21624dac75daded6ce9d4227153a4f2986cdf4d,N/A,N/A,,https://github.com/notepad-plus-plus/notepad-plus-plus/releases/download/v7.7/npp.7.7.Installer.exe
7.7,github,x86,npp.7.7.Installer.exe,$PLUGINSDIR/nppLocalization/kurdish.xml,kurdish.xml,,62866,2021-12-07T19:40:18+00:00,713c7613217038dead56ba13741d70b5,3d5216e5e8fafbab894def07aa312a466e1ee789,6a54a7235f8f4cbf5cb4c34f6bdf0bf9ee0d7e3ac62654d5c46e2fdf71868593,N/A,N/A,,https://github.com/notepad-plus-plus/notepad-plus-plus/releases/download/v7.7/npp.7.7.Installer.exe
7.7,github,x86,npp.7.7.Installer.exe,$PLUGINSDIR/nppLocalization/kyrgyz.xml,kyrgyz.xml,,38731,2021-12-07T19:40:18+00:00,ad3a31d477ad1e09dc3f6911c1f50d1e,cefc20836cbc0e78eb0291948eadbdf09b21a838,4964c0b9f36b7fec44ec0805ba153d88293311cd703680719187cdaa68fbd090,N/A,N/A,,https://github.com/notepad-plus-plus/notepad-plus-plus/releases/download/v7.7/npp.7.7.Installer.exe
7.7,github,x86,npp.7.7.Installer.exe,$PLUGINSDIR/LangDLL.dll,LangDLL.dll,,5632,2021-12-07T19:40:18+00:00,ab1db56369412fe8476fefffd11e4cc0,daad036a83b2ee2fa86d840a34a341100552e723,6f14c8f01f50a30743dac68c5ac813451463dfb427eb4e35fcdfe2410e1a913b,N/A,N/A,,https://github.com/notepad-plus-plus/notepad-plus-plus/releases/download/v7.7/npp.7.7.Installer.exe
7.7,github,x86,npp.7.7.Installer.exe,langs.model.xml,langs.model.xml,,328230,2021-12-07T19:40:18+00:00,f954e146e5899d06aa8f87f55b1a4b5e,1df9202eaa7f3f3e17dc7001e773b93e227aa9b7,4eafe54965ab3357d528614964d233d71c7c9daa41394b07d4c775b5c2979297,N/A,N/A,,https://github.com/notepad-plus-plus/notepad-plus-plus/releases/download/v7.7/npp.7.7.Installer.exe
7.7,github,x86,npp.7.7.Installer.exe,$PLUGINSDIR/nppLocalization/latvian.xml,latvian.xml,,46317,2021-12-07T19:40:18+00:00,170d9e9a92a604a309259d3d6f3b9bb6,b782debe9d50b17d2124295befc43bf8b0349eac,bbaa6bc087ab351b182d204a60eab8bc93bd5e75ca2a4a4eaf80b1d5e0fec59b,N/A,N/A,,https://github.com/notepad-plus-plus/notepad-plus-plus/releases/download/v7.7/npp.7.7.Installer.exe
7.7,github,x86,npp.7.7.Installer.exe,updater/libcurl.dll,libcurl.dll,,477328,2021-12-07T19:40:18+00:00,c5777f29e4a231ddb2dae07df87306b5,d911cec98fd13c49b2c8319405db569c05e93374,e5a87fb2adac3d9b6b8d5236cba9d33bacbc98714942d30ab4dfbfb1b99a03bd,N/A,N/A,,https://github.com/notepad-plus-plus/notepad-plus-plus/releases/download/v7.7/npp.7.7.Installer.exe
7.7,github,x86,npp.7.7.Installer.exe,LICENSE,LICENSE,,16198,2021-12-07T19:40:18+00:00,397ad6fd5743ecc1826add6ea0fb0af4,986137060fffc2231d2e692ea330a6d1b9bdd560,b2a74140769dc8bd34cb72bd2d177e58522e69427f39651b738011f244f835bd,N/A,N/A,,https://github.com/notepad-plus-plus/notepad-plus-plus/releases/download/v7.7/npp.7.7.Installer.exe
7.7,github,x86,npp.7.7.Installer.exe,updater/LICENSE,LICENSE,,7804,2021-12-07T19:40:18+00:00,8e3494bf8cf1967afd3b1016fbbe5bb0,b1608abb6e19ef60f4b9c52f6e05bf81cc97d0c2,319917f5ccd09878db6f67c9a77dee846055644ca49eb535628b9e020a87261e,N/A,N/A,,https://github.com/notepad-plus-plus/notepad-plus-plus/releases/download/v7.7/npp.7.7.Installer.exe
7.7,github,x86,npp.7.7.Installer.exe,$PLUGINSDIR/nppLocalization/ligurian.xml,ligurian.xml,,34480,2021-12-07T19:40:18+00:00,58a86031153e6bd8ae1ad5bf80fcc894,656cedf73e8d40797a43980fd1801f6501b036c4,5fad85ea1c785dca218106e2b409c20b3cb103e8cdc87c542aae5d630599c33b,N/A,N/A,,https://github.com/notepad-plus-plus/notepad-plus-plus/releases/download/v7.7/npp.7.7.Installer.exe
7.7,github,x86,npp.7.7.Installer.exe,autoCompletion/lisp.xml,lisp.xml,,16208,2021-12-07T19:40:18+00:00,310ae71e554b99a4c71b546097de55c0,8433177f8656755b0f79d96188f3de085520d75e,83478867f319bf093ce02f0c98a88b183862c235025580cca9ec7a9515521833,N/A,N/A,,https://github.com/notepad-plus-plus/notepad-plus-plus/releases/download/v7.7/npp.7.7.Installer.exe
7.7,github,x86,npp.7.7.Installer.exe,$PLUGINSDIR/nppLocalization/lithuanian.xml,lithuanian.xml,,76856,2021-12-07T19:40:18+00:00,98f5a618f8cf3ca48774c15ca95bc2bb,0b7d75e1c4f5bf67e31c44cd26b01a5cee1765f5,fb94b9381592015b27e12358c44a522409ec5c180fec694b2ddceff960294d0c,N/A,N/A,,https://github.com/notepad-plus-plus/notepad-plus-plus/releases/download/v7.7/npp.7.7.Installer.exe
7.7,github,x86,npp.7.7.Installer.exe,autoCompletion/lua.xml,lua.xml,,90490,2021-12-07T19:40:18+00:00,bdb4f044ba52f6a83953ffd659c9252a,25ca6e9f4be716377126ca21f332beefef8f1549,3daa67cc9dd0370566566ce0492597a3698b7d9edd361a759c58e1fbd7abb349,N/A,N/A,,https://github.com/notepad-plus-plus/notepad-plus-plus/releases/download/v7.7/npp.7.7.Installer.exe
7.7,github,x86,npp.7.7.Installer.exe,$PLUGINSDIR/nppLocalization/luxembourgish.xml,luxembourgish.xml,,25260,2021-12-07T19:40:18+00:00,cc2d7d26c9d221def534845ec7453ddb,b40b675c5a5c10c8a393714f483aa515be4a5f8d,b73cb0703537af9d58c2e1f040f2e7f741199eef954d5e109eb301fc4498ffe0,N/A,N/A,,https://github.com/notepad-plus-plus/notepad-plus-plus/releases/download/v7.7/npp.7.7.Installer.exe
7.7,github,x86,npp.7.7.Installer.exe,$PLUGINSDIR/nppLocalization/macedonian.xml,macedonian.xml,,36460,2021-12-07T19:40:18+00:00,59f590ee75294f37ccb5ed1c7a441a11,7432c800018216193273b59666f26c4a81540ee6,59dbcc4618fa64eebd71808b16b4736b7af8855bef760aec3eb31c6f8f5f470e,N/A,N/A,,https://github.com/notepad-plus-plus/notepad-plus-plus/releases/download/v7.7/npp.7.7.Installer.exe
7.7,github,x86,npp.7.7.Installer.exe,$PLUGINSDIR/nppLocalization/malay.xml,malay.xml,,19084,2021-12-07T19:40:18+00:00,3158e10e8a9b3c0e84a770f5f11aaa1f,418a6c52704b6c832b80b36adbba45682725c76f,690416e418c9821bfe71805f76d9e18ee39fd092742d173cc9fe595268b131fa,N/A,N/A,,https://github.com/notepad-plus-plus/notepad-plus-plus/releases/download/v7.7/npp.7.7.Installer.exe
7.7,github,x86,npp.7.7.Installer.exe,$PLUGINSDIR/nppLocalization/marathi.xml,marathi.xml,,48008,2021-12-07T19:40:18+00:00,40a6d310ece1419315c5e98fa1bcc966,14f7f3db9b61845ce840f5af976e88185172afc0,907b949d2aa52365d84978a3c131bd2bad50227e6ecfd135ed112a8567628e25,N/A,N/A,,https://github.com/notepad-plus-plus/notepad-plus-plus/releases/download/v7.7/npp.7.7.Installer.exe
7.7,github,x86,npp.7.7.Installer.exe,$_15_/mimeTools/mimeTools.dll,mimeTools.dll,,98448,2021-12-07T19:40:18+00:00,6f01ab1c29189b29f7282d41ecbcbc24,0aa751e5921fc04d8fef7aafbba982509d1147f3,e5bb05640c143af96b79e2d0fd2e572fb3797b92862cc59fb6111d1aad2797ff,N/A,N/A,,https://github.com/notepad-plus-plus/notepad-plus-plus/releases/download/v7.7/npp.7.7.Installer.exe
7.7,github,x86,npp.7.7.Installer.exe,$PLUGINSDIR/modern-header.bmp,modern-header.bmp,,26272,2021-12-07T19:40:18+00:00,56da15fdb8d96f8f5c649dcb5e79d775,157e19e89c5fc690a67e3e3e4786edfce917949c,bb90d4338d2474138473e6b16e94b0237ee847bea45019ed0dd4439c71bd233e,N/A,N/A,,https://github.com/notepad-plus-plus/notepad-plus-plus/releases/download/v7.7/npp.7.7.Installer.exe
7.7,github,x86,npp.7.7.Installer.exe,$PLUGINSDIR/modern-wizard.bmp,modern-wizard.bmp,,154544,2021-12-07T19:40:18+00:00,c2cf6928a3ab574a5548b4dc1c38b6c0,8860ff529f60b38a93912f88f234d46eebcf664f,2125550c12fa512782f2016e802d70bc51f4a06017cfbd4176b4a994eb2542f0,N/A,N/A,,https://github.com/notepad-plus-plus/notepad-plus-plus/releases/download/v7.7/npp.7.7.Installer.exe
7.7,github,x86,npp.7.7.Installer.exe,$PLUGINSDIR/nppLocalization/mongolian.xml,mongolian.xml,,64376,2021-12-07T19:40:18+00:00,7ff28b9242fe6bd774fcd71fbed5563d,e6de73bce5edb47ebc766bf9818c8fcbf77c8555,5d35c3c2f10b6f6923c0b11bd7d82f569ba6a0a8fb854aac20988c77d35bf934,N/A,N/A,,https://github.com/notepad-plus-plus/notepad-plus-plus/releases/download/v7.7/npp.7.7.Installer.exe
7.7,github,x86,npp.7.7.Installer.exe,$_14_/themes/Mono Industrial.xml,Mono Industrial.xml,,90128,2021-12-07T19:40:18+00:00,ecaade568e488c1f88fdc9eb5f4fbb3e,d37340fa4f7076844878c8076b56ecb20a2731f9,2279a563846a6e19b2d67d6a324b8d999c11aaafd9bc79102eb4ed34050fa09b,N/A,N/A,,https://github.com/notepad-plus-plus/notepad-plus-plus/releases/download/v7.7/npp.7.7.Installer.exe
7.7,github,x86,npp.7.7.Installer.exe,$_14_/themes/Monokai.xml,Monokai.xml,,88883,2021-12-07T19:40:18+00:00,88eeb7960613b966495fb2115da64c23,32eec0daa12379354700d1c0a2180050437d3711,54ffafe8fad014df7891e9d9a42fefaff45fd88e6c3cd10ccbcc0be3c47e7fff,N/A,N/A,,https://github.com/notepad-plus-plus/notepad-plus-plus/releases/download/v7.7/npp.7.7.Installer.exe
7.7,github,x86,npp.7.7.Installer.exe,$_14_/themes/MossyLawn.xml,MossyLawn.xml,,107274,2021-12-07T19:40:18+00:00,43cb3be55f32b17a24db760562375189,f458177d128782c5c8f532adf11ca3a622bcf968,1b19d3658db2e082798bbc52068647cd340331086386d3e1d32a92127e33f155,N/A,N/A,,https://github.com/notepad-plus-plus/notepad-plus-plus/releases/download/v7.7/npp.7.7.Installer.exe
7.7,github,x86,npp.7.7.Installer.exe,$_14_/themes/Navajo.xml,Navajo.xml,,107083,2021-12-07T19:40:18+00:00,59d9f682d1bb43b67808846b84d85406,b90b9d77fad09c5cb0e92520ac6b7f551e31d3a3,eaf07e9bb4e1df25759c4a2fbd0469d8dbe098386abeaeef56ada8913a32c7a0,N/A,N/A,,https://github.com/notepad-plus-plus/notepad-plus-plus/releases/download/v7.7/npp.7.7.Installer.exe
7.7,github,x86,npp.7.7.Installer.exe,$PLUGINSDIR/nppLocalization/norwegian.xml,norwegian.xml,,27778,2021-12-07T19:40:18+00:00,f5519b853316445aab668c1dfd480f87,0f7aab54733b22d514b36ea68e39b0fe215afcbc,bb9a79755d37d449acff570c20e78a9e0c58482414435cf0f493e15e6216fce3,N/A,N/A,,https://github.com/notepad-plus-plus/notepad-plus-plus/releases/download/v7.7/npp.7.7.Installer.exe
7.7,github,x86,npp.7.7.Installer.exe,notepad++.exe,notepad++.exe,,2963088,2021-12-07T19:40:18+00:00,7a315871566161a76a5cbbb31a38c52e,02b8e13783bc4afac9d5e08da536a1d0238123fc,5745de4f781f1e9e2a0764536fc352ef9f1553633315e3a9d15c5b8119cd01a2,N/A,N/A,,https://github.com/notepad-plus-plus/notepad-plus-plus/releases/download/v7.7/npp.7.7.Installer.exe
7.7,github,x86,npp.7.7.Installer.exe,$_15_/NppConverter/NppConverter.dll,NppConverter.dll,,135312,2021-12-07T19:40:18+00:00,1ee0a04699af00382ec96282e352b7b5,43dd21b92b21cdd3bc2e5a81389dfc249e9b622a,d8919d0a135fe3ccb515a79de8c7f7ce7d907722dcb0cb9bffc6b40c281ed37d,N/A,N/A,,https://github.com/notepad-plus-plus/notepad-plus-plus/releases/download/v7.7/npp.7.7.Installer.exe
7.7,github,x86,npp.7.7.Installer.exe,$_15_/NppExport/NppExport.dll,NppExport.dll,,21648,2021-12-07T19:40:18+00:00,453fd4ac48adbed68a2108ab23c81297,c36e7bf8fcfef8613373c6c5493b974b933ea319,c097dbb567ce81551f80dc1969b51b486c7f9e261347081e4362d2b2c1ca98f6,N/A,N/A,,https://github.com/notepad-plus-plus/notepad-plus-plus/releases/download/v7.7/npp.7.7.Installer.exe
7.7,github,x86,npp.7.7.Installer.exe,$_17_/nppPluginList.dll,nppPluginList.dll,,158352,2021-12-07T19:40:18+00:00,ab7f3919f18581755708e2c5e3992993,8d0fa384637ec811dffd093e4b8d6d7a9bd952b2,75f9e2f66b497058dbc5e890a69b9627d27b69e06c410fd167bf9d501e1d919c,N/A,N/A,,https://github.com/notepad-plus-plus/notepad-plus-plus/releases/download/v7.7/npp.7.7.Installer.exe
7.7,github,x86,npp.7.7.Installer.exe,NppShell_06.dll,NppShell_06.dll,,267920,2021-12-07T19:40:18+00:00,36723387d58067b6d7f964d95fee4fd1,ede6f699f4ebc8449128ec0473984bf5ead04796,d27f07eef5ed0b1801222d3fbb8e5132a03c6b68ee6decb754fe11f0d9343736,N/A,N/A,,https://github.com/notepad-plus-plus/notepad-plus-plus/releases/download/v7.7/npp.7.7.Installer.exe
7.7,github,x86,npp.7.7.Installer.exe,$PLUGINSDIR/nsDialogs.dll,nsDialogs.dll,,9728,2021-12-07T19:40:18+00:00,466179e1c8ee8a1ff5e4427dbb6c4a01,eb607467009074278e4bd50c7eab400e95ae48f7,1e40211af65923c2f4fd02ce021458a7745d28e2f383835e3015e96575632172,N/A,N/A,,https://github.com/notepad-plus-plus/notepad-plus-plus/releases/download/v7.7/npp.7.7.Installer.exe
7.7,github,x86,npp.7.7.Installer.exe,autoCompletion/nsis.xml,nsis.xml,,8183,2021-12-07T19:40:18+00:00,7985ac923ccbf94742d29d96c405c843,e77f9a3ef026127de4d47538c1f121c771eb7727,5c1482f16fc8a1b99ec87eb4edef5c1d3f2d1c750f1647416369c6124498ad3e,N/A,N/A,,https://github.com/notepad-plus-plus/notepad-plus-plus/releases/download/v7.7/npp.7.7.Installer.exe
7.7,github,x86,npp.7.7.Installer.exe,$PLUGINSDIR/nppLocalization/nynorsk.xml,nynorsk.xml,,41202,2021-12-07T19:40:18+00:00,694867a6ade700da42a55da24da74200,d6115de129aa535bc83cce55e1c1ad5a001a5fac,319a9e846a610811fdf12b96bf352e4e07f2d7de5a6bec3000cebc1b1e21a1fe,N/A,N/A,,https://github.com/notepad-plus-plus/notepad-plus-plus/releases/download/v7.7/npp.7.7.Installer.exe
7.7,github,x86,npp.7.7.Installer.exe,$_14_/themes/Obsidian.xml,Obsidian.xml,,92518,2021-12-07T19:40:18+00:00,e889bb724c4c0aaf72bd856614b51784,e377c5a899ec1aaec83ec25b88750d2e3460fb17,6964aa7a1a97b591ce974aeccbf889cac3d6068bf2fbe0575505b896e5af4ea0,N/A,N/A,,https://github.com/notepad-plus-plus/notepad-plus-plus/releases/download/v7.7/npp.7.7.Installer.exe
7.7,github,x86,npp.7.7.Installer.exe,$PLUGINSDIR/nppLocalization/occitan.xml,occitan.xml,,61127,2021-12-07T19:40:18+00:00,282135aa211f86afebb1be689de3480c,80f66a9a2b3ced83c3ddbdd4865734c61a4c0a60,a65ef81488df5ddd0cdcc6e65be1b6992b79197fb7980740a750d2f5f5def463,N/A,N/A,,https://github.com/notepad-plus-plus/notepad-plus-plus/releases/download/v7.7/npp.7.7.Installer.exe
7.7,github,x86,npp.7.7.Installer.exe,autoCompletion/perl.xml,perl.xml,,14269,2021-12-07T19:40:18+00:00,244eb5c1e91dc112130252fe58e49b13,28ca0a12b3fbc905cd20ebb62199cdb8d03684a5,e38a882b09330b6dbd56a2a4a90882c371a3c3eb7d29ceae9520a647c185b627,N/A,N/A,,https://github.com/notepad-plus-plus/notepad-plus-plus/releases/download/v7.7/npp.7.7.Installer.exe
7.7,github,x86,npp.7.7.Installer.exe,autoCompletion/php.xml,php.xml,,427929,2021-12-07T19:40:18+00:00,1e9d31476dddc00249463ede7ba491d7,7d6f0047913e58aecf891f24c1e712d269e78bad,43391307f2829b77df05725a13670f6ad0650f8b92b4503cba65d7901e1dda10,N/A,N/A,,https://github.com/notepad-plus-plus/notepad-plus-plus/releases/download/v7.7/npp.7.7.Installer.exe
7.7,github,x86,npp.7.7.Installer.exe,$PLUGINSDIR/nppLocalization/piglatin.xml,piglatin.xml,,79304,2021-12-07T19:40:18+00:00,e57e7d60833241e6307f5666fb7682cc,bead4f333a93d10902ef227f2295815c533597a8,1fec93f265e064820f37cc450b8cb8c60b9250bffb4bf1612a70e81527068010,N/A,N/A,,https://github.com/notepad-plus-plus/notepad-plus-plus/releases/download/v7.7/npp.7.7.Installer.exe
7.7,github,x86,npp.7.7.Installer.exe,$_14_/themes/Plastic Code Wrap.xml,Plastic Code Wrap.xml,,91622,2021-12-07T19:40:18+00:00,8c6532ad258097260613e8eee12e26be,813dee736623c209e6a43aaeccefb01c83efa8da,02ec4f3b24942b75aebfabc5c220bda95bbb95bd1c352a91197c16d4b4a38b35,N/A,N/A,,https://github.com/notepad-plus-plus/notepad-plus-plus/releases/download/v7.7/npp.7.7.Installer.exe
7.7,github,x86,npp.7.7.Installer.exe,$PLUGINSDIR/nppLocalization/polish.xml,polish.xml,,58814,2021-12-07T19:40:18+00:00,b6fe2b47e9118deeedba46078bad74d3,95172e8b5462aac9493525115564f45314b1fd67,aab6f7be1c52762cd91d7424adeec856beb2aead9051f62b2591657b82618681,N/A,N/A,,https://github.com/notepad-plus-plus/notepad-plus-plus/releases/download/v7.7/npp.7.7.Installer.exe
7.7,github,x86,npp.7.7.Installer.exe,$PLUGINSDIR/nppLocalization/portuguese.xml,portuguese.xml,,52588,2021-12-07T19:40:18+00:00,bbdcaf6faf7f8548c07f2bb8e617a15e,44c4471d3c963037ce63605e9a7124a0ac36afbf,80b8d3026279141c07722981cc3c6f356674099fd02b8f82b74104fe625e2236,N/A,N/A,,https://github.com/notepad-plus-plus/notepad-plus-plus/releases/download/v7.7/npp.7.7.Installer.exe
7.7,github,x86,npp.7.7.Installer.exe,$PLUGINSDIR/nppLocalization/punjabi.xml,punjabi.xml,,71006,2021-12-07T19:40:18+00:00,1b2298a7b847f23751010f2b01e7a2ab,adeb00513bc79d24dac85640ac1463988a454a15,e3e009b986ed53654ea1c89d828ba3998039db4fae20a877f097e41a2ebb7771,N/A,N/A,,https://github.com/notepad-plus-plus/notepad-plus-plus/releases/download/v7.7/npp.7.7.Installer.exe
7.7,github,x86,npp.7.7.Installer.exe,autoCompletion/python.xml,python.xml,,61585,2021-12-07T19:40:18+00:00,7bedd66d0b8a71da1467f63db6184420,c425dd0d93cd23e091ad0623c82d2edde21dbe06,cc27e0ea6542eb7bb249d169f42f9ac6fcbb794c2ef5d85f2b502e124ceef916,N/A,N/A,,https://github.com/notepad-plus-plus/notepad-plus-plus/releases/download/v7.7/npp.7.7.Installer.exe
7.7,github,x86,npp.7.7.Installer.exe,autoCompletion/rc.xml,rc.xml,,1642,2021-12-07T19:40:18+00:00,12b972b69130e664e50ac111d298379b,413141253cf170a010f7f3a05a9ee1cfd4d37e25,12ad067aa1227b92141bbf9faca8efa74549cff6dabde85899db9272eb7e2dff,N/A,N/A,,https://github.com/notepad-plus-plus/notepad-plus-plus/releases/download/v7.7/npp.7.7.Installer.exe
7.7,github,x86,npp.7.7.Installer.exe,updater/README.md,README.md,,2991,2021-12-07T19:40:18+00:00,9f56b12cbffcfad543fb1f91e3955f1b,406e1423549a8f5e97d8d8e37d5e7f6f4da8194b,aef40520cf12a0842097e8cfbeb9d9128f52573e5f90ca12d4a0a9045978547e,N/A,N/A,,https://github.com/notepad-plus-plus/notepad-plus-plus/releases/download/v7.7/npp.7.7.Installer.exe
7.7,github,x86,npp.7.7.Installer.exe,readme.txt,readme.txt,,1450,2021-12-07T19:40:18+00:00,5c52adcd2bcc000a8b4bd5eb36b84cde,b51da3c7700102dad5d71b2a8551320b2529322a,f09758a2c953bdd2b817441e9a00255d3685c99369468c2695f0ca39aaaa5e6b,N/A,N/A,,https://github.com/notepad-plus-plus/notepad-plus-plus/releases/download/v7.7/npp.7.7.Installer.exe
7.7,github,x86,npp.7.7.Installer.exe,$PLUGINSDIR/nppLocalization/romanian.xml,romanian.xml,,77591,2021-12-07T19:40:18+00:00,a05753edcaceaff2dfe5d6ee4d83bcdb,3da78e19202b218e25ffe95d49a786d256d0a063,955898e29c7a7594e14800ab81f62c5764724b4b2d5869a08e64fff87702601d,N/A,N/A,,https://github.com/notepad-plus-plus/notepad-plus-plus/releases/download/v7.7/npp.7.7.Installer.exe
7.7,github,x86,npp.7.7.Installer.exe,$_14_/themes/Ruby Blue.xml,Ruby Blue.xml,,71370,2021-12-07T19:40:18+00:00,10f81f708ea447cbaf4e747594778852,10fde544d8652a88de3929b7a35a744f161adccf,4ae04fc8b9ef5dbd3937031afe05234996b946a126eca0fda8a6294d599354f2,N/A,N/A,,https://github.com/notepad-plus-plus/notepad-plus-plus/releases/download/v7.7/npp.7.7.Installer.exe
7.7,github,x86,npp.7.7.Installer.exe,$PLUGINSDIR/nppLocalization/russian.xml,russian.xml,,83344,2021-12-07T19:40:18+00:00,435f3d4ae5cff009d5e5ec356042cbe7,57782ad06e3cd108a6e22d58927f04fefd7a8b0c,ab2423bff4feb6c11b5dccf2d35adc4bb4a7046db00e24a66d697540d9519612,N/A,N/A,,https://github.com/notepad-plus-plus/notepad-plus-plus/releases/download/v7.7/npp.7.7.Installer.exe
7.7,github,x86,npp.7.7.Installer.exe,$PLUGINSDIR/nppLocalization/samogitian.xml,samogitian.xml,,10160,2021-12-07T19:40:18+00:00,ebba131558f344afe63e1c5718d0f7ad,65ba510db37a5d8ef74d1c77ede30fa9cccad299,75eca9974de1fca41651975a92f374660e1a7c273a3d1dab0ef6dd573230878b,N/A,N/A,,https://github.com/notepad-plus-plus/notepad-plus-plus/releases/download/v7.7/npp.7.7.Installer.exe
7.7,github,x86,npp.7.7.Installer.exe,$PLUGINSDIR/nppLocalization/sardinian.xml,sardinian.xml,,40982,2021-12-07T19:40:18+00:00,064889342004d04b1de62578aa733216,30b21b176b1c031ec472d45ccad41eba239efc52,0169ebd43b3cec4a4f3b0143a2af6f07ec9bf73cb04882a3d4507f01931c08de,N/A,N/A,,https://github.com/notepad-plus-plus/notepad-plus-plus/releases/download/v7.7/npp.7.7.Installer.exe
7.7,github,x86,npp.7.7.Installer.exe,SciLexer.dll,SciLexer.dll,,1255056,2021-12-07T19:40:18+00:00,bbbbc6bd92a00235f6793896d33c8f44,03ba905d8895e2855ade4ee5b0d2ccc7c97a36d1,66f3301eb552ab183dcb4727c74662c00f119fddaa8863e813c190fa6389b1c8,N/A,N/A,,https://github.com/notepad-plus-plus/notepad-plus-plus/releases/download/v7.7/npp.7.7.Installer.exe
7.7,github,x86,npp.7.7.Installer.exe,$PLUGINSDIR/nppLocalization/serbian.xml,serbian.xml,,24098,2021-12-07T19:40:18+00:00,174e7dc367ff1c213432b891f11d25bb,e199d3a723bcbb176e9f79969f502658efab0ac7,1a07c6a9c2639fa12bb000f599498ddf84827449afbb7952f4bdc4cf526c2117,N/A,N/A,,https://github.com/notepad-plus-plus/notepad-plus-plus/releases/download/v7.7/npp.7.7.Installer.exe
7.7,github,x86,npp.7.7.Installer.exe,$PLUGINSDIR/nppLocalization/serbianCyrillic.xml,serbianCyrillic.xml,,47833,2021-12-07T19:40:18+00:00,e6c94316e6d065533305b94e7d5af2bc,3b6f4b424d7321bae1d643bef50ee952d7990ddd,289d7cdd9d9af5b2992e3b0ac38022f91e3d9dc0051e40733983e26e2ddcf594,N/A,N/A,,https://github.com/notepad-plus-plus/notepad-plus-plus/releases/download/v7.7/npp.7.7.Installer.exe
7.7,github,x86,npp.7.7.Installer.exe,shortcuts.xml,shortcuts.xml,,1800,2021-12-07T19:40:18+00:00,7055e239de97ab9c2ac0b1a5e72325ad,cac8aa8f244dfd955a9a66e5be7da123e6076de8,867759aa7241cb97e982215cea0907e5193e938da8bf188da913ca021ada0d00,N/A,N/A,,https://github.com/notepad-plus-plus/notepad-plus-plus/releases/download/v7.7/npp.7.7.Installer.exe
7.7,github,x86,npp.7.7.Installer.exe,$PLUGINSDIR/nppLocalization/sinhala.xml,sinhala.xml,,56893,2021-12-07T19:40:18+00:00,9986ce0334af5335ae8c7e5a3cbc818b,384de56d2af7c4941c266bfba7d69518b2b1879d,a8b55a8115a50bd3b7b07c359c49fe7da48a5acf1dacc2c0e3708f6f48636fd6,N/A,N/A,,https://github.com/notepad-plus-plus/notepad-plus-plus/releases/download/v7.7/npp.7.7.Installer.exe
7.7,github,x86,npp.7.7.Installer.exe,$PLUGINSDIR/nppLocalization/slovak.xml,slovak.xml,,74133,2021-12-07T19:40:18+00:00,e56b5a5257bf4e743e9abb688b9e7215,9807a05639ca5262da524d1d1639e2b98c17d805,52b86604adc29058a0efe7109857cc37cb452fd46f6210467543af2bf81b8b3e,N/A,N/A,,https://github.com/notepad-plus-plus/notepad-plus-plus/releases/download/v7.7/npp.7.7.Installer.exe
7.7,github,x86,npp.7.7.Installer.exe,$PLUGINSDIR/nppLocalization/slovenian.xml,slovenian.xml,,72270,2021-12-07T19:40:18+00:00,2d0d8cdcb5375130e8cba2061df596ea,2013ad247c515fa341789ec660cccbd5c0a857e0,7b06c50ce90928f455131c070486e2f6f2d6e6ab71fdf7b703ee81ee211bb51e,N/A,N/A,,https://github.com/notepad-plus-plus/notepad-plus-plus/releases/download/v7.7/npp.7.7.Installer.exe
7.7,github,x86,npp.7.7.Installer.exe,$_14_/themes/Solarized-light.xml,Solarized-light.xml,,107719,2021-12-07T19:40:18+00:00,d0aa217ea78964bcf9bc9bef90311345,682004951a6a674d19738126388cc252a79ebb9c,01c7d87fcac593bdf943470404cc3a807f6b057267091e7b45ee80b5ba6ef7ae,N/A,N/A,,https://github.com/notepad-plus-plus/notepad-plus-plus/releases/download/v7.7/npp.7.7.Installer.exe
7.7,github,x86,npp.7.7.Installer.exe,$_14_/themes/Solarized.xml,Solarized.xml,,107707,2021-12-07T19:40:18+00:00,95ea5938411fb1f1fac33b85482a1549,7b23de30c58535731367d0bc3d9dc14c1ebf8e5b,6cd0ec536d6f6ab2b967cb3968a47264a5b626b6541b57b028fb813806ce6ca6,N/A,N/A,,https://github.com/notepad-plus-plus/notepad-plus-plus/releases/download/v7.7/npp.7.7.Installer.exe
7.7,github,x86,npp.7.7.Installer.exe,$PLUGINSDIR/nppLocalization/spanish.xml,spanish.xml,,61773,2021-12-07T19:40:18+00:00,822489dc4c8085d014fb508c76289747,f32f69839fe6fa2f15cb6481344b571be132e642,23b6520c0d7b3d7e80086b0714f0668a08e6b0dbea7a493cb0e320b8c552be02,N/A,N/A,,https://github.com/notepad-plus-plus/notepad-plus-plus/releases/download/v7.7/npp.7.7.Installer.exe
7.7,github,x86,npp.7.7.Installer.exe,$PLUGINSDIR/nppLocalization/spanish_ar.xml,spanish_ar.xml,,45235,2021-12-07T19:40:18+00:00,e6e44ee7c6b6a0ff89f0fe490f3c11fc,a3cc69b4ea7148ab45a5c907d3b0a45da166b65a,2fadeca7c44132ef9a9243bd67eee23c93a25f96bc6c80b81d527d18128d284d,N/A,N/A,,https://github.com/notepad-plus-plus/notepad-plus-plus/releases/download/v7.7/npp.7.7.Installer.exe
7.7,github,x86,npp.7.7.Installer.exe,autoCompletion/sql.xml,sql.xml,,67952,2021-12-07T19:40:18+00:00,056b92b4d2e16984505990cf379b5486,7571c99732917dad3dd465f29d5bf28619a09fa7,620fe159db5ce323b78b4768f9f6a3a95ca2c4fa4806ea5145afadac21dcc74d,N/A,N/A,,https://github.com/notepad-plus-plus/notepad-plus-plus/releases/download/v7.7/npp.7.7.Installer.exe
7.7,github,x86,npp.7.7.Installer.exe,stylers.model.xml,stylers.model.xml,,165570,2021-12-07T19:40:18+00:00,cb27bdda10cb78aa57032f34f0edc3a2,2da713efbfcf94e319306a8da0a8b8579fd1e599,fb189953648780dd1d038c918d6165b72fdab0499170eec63cf961a9e68ed165,N/A,N/A,,https://github.com/notepad-plus-plus/notepad-plus-plus/releases/download/v7.7/npp.7.7.Installer.exe
7.7,github,x86,npp.7.7.Installer.exe,$PLUGINSDIR/nppLocalization/swedish.xml,swedish.xml,,59422,2021-12-07T19:40:18+00:00,3dd7cb019156fbfca56b9eb9c5ddf50a,360b640ad7e37d599d65c93a45f2da2867b39506,053bbba683ea3d1d54602972495c90728a45a4affa10eb816cdba7e9494f3e72,N/A,N/A,,https://github.com/notepad-plus-plus/notepad-plus-plus/releases/download/v7.7/npp.7.7.Installer.exe
7.7,github,x86,npp.7.7.Installer.exe,$PLUGINSDIR/System.dll,System.dll,,12288,2021-12-07T19:40:18+00:00,0d7ad4f45dc6f5aa87f606d0331c6901,48df0911f0484cbe2a8cdd5362140b63c41ee457,3eb38ae99653a7dbc724132ee240f6e5c4af4bfe7c01d31d23faf373f9f2eaca,N/A,N/A,,https://github.com/notepad-plus-plus/notepad-plus-plus/releases/download/v7.7/npp.7.7.Installer.exe
7.7,github,x86,npp.7.7.Installer.exe,$PLUGINSDIR/nppLocalization/tagalog.xml,tagalog.xml,,30395,2021-12-07T19:40:18+00:00,04e3e27d9d635c6b23c8e40dcbbdd442,c66e2dc153c22a445dae0df2bdf3c1693b4ad03e,047c63c449c5e2a9a4f97637c741eb07e6ec034bc829d85c6565bb0292c1cd72,N/A,N/A,,https://github.com/notepad-plus-plus/notepad-plus-plus/releases/download/v7.7/npp.7.7.Installer.exe
7.7,github,x86,npp.7.7.Installer.exe,$PLUGINSDIR/nppLocalization/tajikCyrillic.xml,tajikCyrillic.xml,,66798,2021-12-07T19:40:18+00:00,c28fc035726b0fe6f56c129d87c2aabc,3cdcfd5e06e905032f0119b5cec8dd8e011fa21c,70a7f699ee317a25cb74524995037b145477b4df0c39d674381ff5c8895fb63f,N/A,N/A,,https://github.com/notepad-plus-plus/notepad-plus-plus/releases/download/v7.7/npp.7.7.Installer.exe
7.7,github,x86,npp.7.7.Installer.exe,$PLUGINSDIR/nppLocalization/tamil.xml,tamil.xml,,54196,2021-12-07T19:40:18+00:00,abc0ae5ed0002512221d682263e41204,7a7533274855ceff9a604d6cd36192cc68f2c416,e23759fd6d60ef9728b620a1a8316fc049ccbf93445a91a1a85d27c4e25f3f15,N/A,N/A,,https://github.com/notepad-plus-plus/notepad-plus-plus/releases/download/v7.7/npp.7.7.Installer.exe
7.7,github,x86,npp.7.7.Installer.exe,$PLUGINSDIR/nppLocalization/tatar.xml,tatar.xml,,71641,2021-12-07T19:40:18+00:00,84c32874e0fbc009202c86781cf6a6b6,93f81be4ed8bd098f4384290f0286b55abbd5885,0b20a37e6512a5a3e0c92075db9eb179a156e5e20f9fe52c3260daf8c77825a3,N/A,N/A,,https://github.com/notepad-plus-plus/notepad-plus-plus/releases/download/v7.7/npp.7.7.Installer.exe
7.7,github,x86,npp.7.7.Installer.exe,$PLUGINSDIR/nppLocalization/telugu.xml,telugu.xml,,53577,2021-12-07T19:40:18+00:00,a8b6a302f3bda0eeae95e5214df33ec4,975e8e7ac8258c4f8c4050743debe980a9864e4f,82b4b16ee06e668e4ff30e71fcbf42623cf30dc14177c570a7ad1f47c0284e0c,N/A,N/A,,https://github.com/notepad-plus-plus/notepad-plus-plus/releases/download/v7.7/npp.7.7.Installer.exe
7.7,github,x86,npp.7.7.Installer.exe,autoCompletion/tex.xml,tex.xml,,67871,2021-12-07T19:40:18+00:00,03f74d2063099160e73faa1a5dee7f9a,89a19baacde3f98c9439861a52239df8c5e964ba,d19fe5a6b68b50e0820641489fd73368ba4ba58adb07948e39073ddce8e08d37,N/A,N/A,,https://github.com/notepad-plus-plus/notepad-plus-plus/releases/download/v7.7/npp.7.7.Installer.exe
7.7,github,x86,npp.7.7.Installer.exe,$PLUGINSDIR/nppLocalization/thai.xml,thai.xml,,41406,2021-12-07T19:40:18+00:00,8d02b72cdcce6c5a4db56eebba394824,259babbea022717b773d10704f61fb285e800730,8ce450bcfd9b9617f4e0969ad4e201480b255d473cb1383c90761cc28cbd7ecc,N/A,N/A,,https://github.com/notepad-plus-plus/notepad-plus-plus/releases/download/v7.7/npp.7.7.Installer.exe
7.7,github,x86,npp.7.7.Installer.exe,$PLUGINSDIR/nppLocalization/turkish.xml,turkish.xml,,65738,2021-12-07T19:40:18+00:00,6b5d7190e9af58c43afcbe80807b3e0f,280fea4a7f6ac9469965f2e726bfda2c24091bef,e315dadbca8df57b80ba1ee3f2c685b201a29399e736c97debf82a9789183ba9,N/A,N/A,,https://github.com/notepad-plus-plus/notepad-plus-plus/releases/download/v7.7/npp.7.7.Installer.exe
7.7,github,x86,npp.7.7.Installer.exe,$_14_/themes/Twilight.xml,Twilight.xml,,89933,2021-12-07T19:40:18+00:00,7f4115aa0366820a94d240384e7d2948,cd079ad3e4036df7ac6e4f9007d2036a692535fb,dff5d4b5390387e086407a456b687afef5fb00430a2d6755b614b9b536ed2f3f,N/A,N/A,,https://github.com/notepad-plus-plus/notepad-plus-plus/releases/download/v7.7/npp.7.7.Installer.exe
7.7,github,x86,npp.7.7.Installer.exe,$PLUGINSDIR/nppLocalization/ukrainian.xml,ukrainian.xml,,95203,2021-12-07T19:40:18+00:00,2ad1d6c0d74e402c854df769a8196880,f985b2e0d9e86d0dfe39d87edab71eff961cc895,38d0e8cccb1030ba3314511573ed58fcf9ad24d32de8110f6fced82262585b4d,N/A,N/A,,https://github.com/notepad-plus-plus/notepad-plus-plus/releases/download/v7.7/npp.7.7.Installer.exe
7.7,github,x86,npp.7.7.Installer.exe,uninstall.exe.nsis,uninstall.exe.nsis,,74220,2021-12-07T19:40:18+00:00,1a546d9f512f3e24a282e7d01a9aa9b0,0ec5b1a6108a346f78f53ce2f34688804f26b9a9,799f8201ef198a5be9a911320399d86d9b1257cdf8450755ee7b3cc03b875115,N/A,N/A,,https://github.com/notepad-plus-plus/notepad-plus-plus/releases/download/v7.7/npp.7.7.Installer.exe
7.7,github,x86,npp.7.7.Installer.exe,$PLUGINSDIR/nppLocalization/urdu.xml,urdu.xml,,15657,2021-12-07T19:40:18+00:00,cf965dfcf2257d8046c453ac36fcf65e,ac650afe9e15fec6e0e3e87bc999c2d9350ab461,0b685abaea6232f3e99d563f01613161251e51aba6a62d83cb306aa5f2d396d5,N/A,N/A,,https://github.com/notepad-plus-plus/notepad-plus-plus/releases/download/v7.7/npp.7.7.Installer.exe
7.7,github,x86,npp.7.7.Installer.exe,$_14_/userDefineLangs/userDefinedLang-markdown.default.modern.xml,userDefinedLang-markdown.default.modern.xml,,5440,2021-12-07T19:40:18+00:00,e6edb9c859b5b97800da9c664a0606c8,a0529bfe949f37d87349f89e44ac03a0f39d90c6,b7a3e70c69f661e76cc7b6279db21fb32f275a8a3c205a75ae22e40224136031,N/A,N/A,,https://github.com/notepad-plus-plus/notepad-plus-plus/releases/download/v7.7/npp.7.7.Installer.exe
7.7,github,x86,npp.7.7.Installer.exe,$PLUGINSDIR/UserInfo.dll,UserInfo.dll,,4096,2021-12-07T19:40:18+00:00,9eb662f3b5fbda28bffe020e0ab40519,0bd28183a9d8dbb98afbcf100fb1f4f6c5fc6c41,9aa388c7de8e96885adcb4325af871b470ac50edb60d4b0d876ad43f5332ffd1,N/A,N/A,,https://github.com/notepad-plus-plus/notepad-plus-plus/releases/download/v7.7/npp.7.7.Installer.exe
7.7,github,x86,npp.7.7.Installer.exe,$PLUGINSDIR/nppLocalization/uyghur.xml,uyghur.xml,,47848,2021-12-07T19:40:18+00:00,a5d2661cab9fae284200b5cd84496b41,fa6cfe413495f354ad0d72e9660f04ce05a6556d,f5d24a6c678b1b54539adeafd2bc2697738f44cea6c184fa442980f1440e5afd,N/A,N/A,,https://github.com/notepad-plus-plus/notepad-plus-plus/releases/download/v7.7/npp.7.7.Installer.exe
7.7,github,x86,npp.7.7.Installer.exe,$PLUGINSDIR/nppLocalization/uzbek.xml,uzbek.xml,,67937,2021-12-07T19:40:18+00:00,8d5d53622c0bd306f5bcbd785328ead3,3aeda8d64f29c15efcbc270ea06bb8100245087f,1e94b2d6c7a0f3a29ed7065a592fab68ffcb442f6b6eb7a78f4f875c689dadd6,N/A,N/A,,https://github.com/notepad-plus-plus/notepad-plus-plus/releases/download/v7.7/npp.7.7.Installer.exe
7.7,github,x86,npp.7.7.Installer.exe,$PLUGINSDIR/nppLocalization/uzbekCyrillic.xml,uzbekCyrillic.xml,,35714,2021-12-07T19:40:18+00:00,71b7ce4804f337f3d5c4fea4a0733691,f4446df6fbeb19c93869205750991261d3a1ac7b,380e17fd360658921ea937043e540b2af642a7307be691f5c58b825623b61a99,N/A,N/A,,https://github.com/notepad-plus-plus/notepad-plus-plus/releases/download/v7.7/npp.7.7.Installer.exe
7.7,github,x86,npp.7.7.Installer.exe,autoCompletion/vb.xml,vb.xml,,17197,2021-12-07T19:40:18+00:00,cb6d0cff9916fa1eae0a4faafc9db82a,0bb7663a45ac8a0e8ed5ee3296f7fedc24c4a3e6,74b6701e0c8f2c92eedd563165b61d4813f519f3747b67b3a043a4b85de41401,N/A,N/A,,https://github.com/notepad-plus-plus/notepad-plus-plus/releases/download/v7.7/npp.7.7.Installer.exe
7.7,github,x86,npp.7.7.Installer.exe,autoCompletion/vhdl.xml,vhdl.xml,,2632,2021-12-07T19:40:18+00:00,1ba07e9e9c7ccbf095fee8c248375527,668325f597bb9fa517e41f304f07c5d0a0421160,29967c6650ce9fce73b7b9dda3390ae3b5cff4ad8ef2265f2c6980da55f42f97,N/A,N/A,,https://github.com/notepad-plus-plus/notepad-plus-plus/releases/download/v7.7/npp.7.7.Installer.exe
7.7,github,x86,npp.7.7.Installer.exe,$_14_/themes/Vibrant Ink.xml,Vibrant Ink.xml,,87917,2021-12-07T19:40:18+00:00,b05d33b041955fd401ccb2f31466f7c5,322df6af28a58a79081e5f6c1ee48bbaa4fee3dd,d4507c1a946e400e49051591b8059e479f82e889a48afb47398510d8975959d3,N/A,N/A,,https://github.com/notepad-plus-plus/notepad-plus-plus/releases/download/v7.7/npp.7.7.Installer.exe
7.7,github,x86,npp.7.7.Installer.exe,$PLUGINSDIR/nppLocalization/vietnamese.xml,vietnamese.xml,,52737,2021-12-07T19:40:18+00:00,4648aecae4e9d1df3ca32d9a0cba8fed,ace0c0282c1e0dc6facfd3277994a50410e619c8,747d88fd1df6f7a703fdd0904b50ff32c3d6d2d26203e0ae07b44786b44a9961,N/A,N/A,,https://github.com/notepad-plus-plus/notepad-plus-plus/releases/download/v7.7/npp.7.7.Installer.exe
7.7,github,x86,npp.7.7.Installer.exe,$_14_/themes/vim Dark Blue.xml,vim Dark Blue.xml,,88104,2021-12-07T19:40:18+00:00,a100ed60e3b7c4de0ee79196595a2a5a,d50e1590fe9d220cc8e5fbce6d8331899b730841,86c282817efbbde7eee56d846fcd3e28f85c02e41ccc1464d16efbf905e1dbc3,N/A,N/A,,https://github.com/notepad-plus-plus/notepad-plus-plus/releases/download/v7.7/npp.7.7.Installer.exe
7.7,github,x86,npp.7.7.Installer.exe,$PLUGINSDIR/nppLocalization/welsh.xml,welsh.xml,,53261,2021-12-07T19:40:18+00:00,538acafd2ef4e67581a908f970838626,98c8498903c60d46035a3ec22a3c559311451754,11fd56a75e14493a7305d6cd2aa79dd6990465eb0dec8bdf6354dd6e5db35634,N/A,N/A,,https://github.com/notepad-plus-plus/notepad-plus-plus/releases/download/v7.7/npp.7.7.Installer.exe
7.7,github,x86,npp.7.7.Installer.exe,autoCompletion/xml.xml,xml.xml,,12024,2021-12-07T19:40:18+00:00,432b0a7d34b59ad7512c347f8670ff23,d4ff6d0b283f7b2b8d1792b0c9671d9afb43d3f7,7cdfb59901b0dbda488745f9bd749ce9a1c3e228931162e3a5764c5674330601,N/A,N/A,,https://github.com/notepad-plus-plus/notepad-plus-plus/releases/download/v7.7/npp.7.7.Installer.exe
7.7,github,x86,npp.7.7.Installer.exe,$_14_/themes/Zenburn.xml,Zenburn.xml,,103030,2021-12-07T19:40:18+00:00,d493b95a290a7a5a1aa22690db984d99,30b9470cb13ae5543be22144a848f98b7a4798b3,0f2870aa82ed87c920d7cb82ab8f232820fbcfa0c98b22b1e87dd18eee8a4661,N/A,N/A,,https://github.com/notepad-plus-plus/notepad-plus-plus/releases/download/v7.7/npp.7.7.Installer.exe
7.7,github,x86,npp.7.7.Installer.exe,$PLUGINSDIR/nppLocalization/zulu.xml,zulu.xml,,72870,2021-12-07T19:40:18+00:00,9440a55f71dac040b123de16d6557951,3c418d94e534013fe52e2a85ddac821b3ae89b40,16ef44efd21a556cfed5aa07b70437a16016754fcd3ce2a9e7048061716591df,N/A,N/A,,https://github.com/notepad-plus-plus/notepad-plus-plus/releases/download/v7.7/npp.7.7.Installer.exe
7.7,github,x64,npp.7.7.Installer.x64.exe,,npp.7.7.Installer.x64.exe,,3948688,2021-12-07T19:40:18+00:00,99435b5948c0227afbe32b0ad77e0ea2,381de6d187a1415e2795aafae0f954cbe43cb1b8,c2e485758de1c7f3768b30778852a3b2624b6803d5c40411e9685cce478f5ff4,MATCH,MATCH,,https://github.com/notepad-plus-plus/notepad-plus-plus/releases/download/v7.7/npp.7.7.Installer.x64.exe
7.7,github,x64,npp.7.7.Installer.x64.exe,autoCompletion/actionscript.xml,actionscript.xml,,20752,2021-12-07T19:40:18+00:00,f8876462309eeb4204eaaf5777dc4eea,167b0f169340f0cf7d2a53d0f4c4b20f694ff12a,7bdab6f3b572773331a17bfbb6cc4bbd71dfd89e4f11e404b7466925678a3a26,N/A,N/A,,https://github.com/notepad-plus-plus/notepad-plus-plus/releases/download/v7.7/npp.7.7.Installer.x64.exe
7.7,github,x64,npp.7.7.Installer.x64.exe,$PLUGINSDIR/nppLocalization/afrikaans.xml,afrikaans.xml,,29077,2021-12-07T19:40:18+00:00,c2f475cc2b49d3aee490c9059529744a,621e81e87c6c8d45a6be6bc69108d8ab13e2d5a6,5d285d98f8891bcf73a770fde00c3215062842224b81c4e70537569712f84570,N/A,N/A,,https://github.com/notepad-plus-plus/notepad-plus-plus/releases/download/v7.7/npp.7.7.Installer.x64.exe
7.7,github,x64,npp.7.7.Installer.x64.exe,$PLUGINSDIR/nppLocalization/albanian.xml,albanian.xml,,57197,2021-12-07T19:40:18+00:00,5803d49d9a1320f50394a0ab36c427b6,6f29668d5d3101d86a6ec34d3087c7cd5e5fdc64,508ddd0bd359666186a34b1249b55de31062f2eb4323bce01409e602e7fc0b64,N/A,N/A,,https://github.com/notepad-plus-plus/notepad-plus-plus/releases/download/v7.7/npp.7.7.Installer.x64.exe
7.7,github,x64,npp.7.7.Installer.x64.exe,$PLUGINSDIR/nppLocalization/arabic.xml,arabic.xml,,86770,2021-12-07T19:40:18+00:00,4c43fa51c53e259e9c0df42eab235849,6af39eb260e24144dc3491e9083a3d615e977775,f4bb70b47614e639d2035ecf94e4f74413312f7ae593d60a916d940cf3639554,N/A,N/A,,https://github.com/notepad-plus-plus/notepad-plus-plus/releases/download/v7.7/npp.7.7.Installer.x64.exe
7.7,github,x64,npp.7.7.Installer.x64.exe,$PLUGINSDIR/nppLocalization/aragonese.xml,aragonese.xml,,49810,2021-12-07T19:40:18+00:00,ff161db746ade330439882ba0640d2ea,1a9109c96486d1f4ee48336f66c0be93cf2725a3,1db8eeb9c6cae8705cacfc3043a7556678e9ed52162fb8ec536c5befc19343a9,N/A,N/A,,https://github.com/notepad-plus-plus/notepad-plus-plus/releases/download/v7.7/npp.7.7.Installer.x64.exe
7.7,github,x64,npp.7.7.Installer.x64.exe,$PLUGINSDIR/nppLocalization/aranese.xml,aranese.xml,,20821,2021-12-07T19:40:18+00:00,333a18acb93ba083e86679c065b69d15,cb874355fb8e495a2b0b0dcf8868df287ec6a342,de5da809aa6e44c4e6a01c3b5fb7da5a66d9683cb905416f3fcff2ed413ea7c6,N/A,N/A,,https://github.com/notepad-plus-plus/notepad-plus-plus/releases/download/v7.7/npp.7.7.Installer.x64.exe
7.7,github,x64,npp.7.7.Installer.x64.exe,autoCompletion/autoit.xml,autoit.xml,,738721,2021-12-07T19:40:18+00:00,24091974377d7e76106add1210d5853a,7663d568323f753fb62c15f684eea1ff9014ce5b,07cb7ea3f8d1eee1142bcdf876e29f14e6ae2a72ef28f2310263da531c7e8711,N/A,N/A,,https://github.com/notepad-plus-plus/notepad-plus-plus/releases/download/v7.7/npp.7.7.Installer.x64.exe
7.7,github,x64,npp.7.7.Installer.x64.exe,$PLUGINSDIR/nppLocalization/azerbaijani.xml,azerbaijani.xml,,35482,2021-12-07T19:40:18+00:00,8cd5c70b03ef9c48585c06fa149f9fcd,4fb0a331d184579444326c6910742ad4b0cbb5a1,d2e185e9c8b1e7d994dcb3b44748f1b499f18ca22a573f452a9b0d791344c448,N/A,N/A,,https://github.com/notepad-plus-plus/notepad-plus-plus/releases/download/v7.7/npp.7.7.Installer.x64.exe
7.7,github,x64,npp.7.7.Installer.x64.exe,autoCompletion/BaanC.xml,BaanC.xml,,18490,2021-12-07T19:40:18+00:00,2537a01a4619a19962fb1b85cbee9a13,adaf66583cc60a53f0a08b030e63cc2652badd17,9780d21f36eca4cb7f85c67fe9113c3c223822662812f6ab533c011cd2f56e7e,N/A,N/A,,https://github.com/notepad-plus-plus/notepad-plus-plus/releases/download/v7.7/npp.7.7.Installer.x64.exe
7.7,github,x64,npp.7.7.Installer.x64.exe,$PLUGINSDIR/nppLocalization/basque.xml,basque.xml,,59732,2021-12-07T19:40:18+00:00,7ef1dd1b3280122bac0a69063249fd46,83730aee38e42a5aee4c7daf0390833761208709,1047a56b9ea18bafbb7fd03daa190cb980883694dfd7fc1556136ab81834d489,N/A,N/A,,https://github.com/notepad-plus-plus/notepad-plus-plus/releases/download/v7.7/npp.7.7.Installer.x64.exe
7.7,github,x64,npp.7.7.Installer.x64.exe,autoCompletion/batch.xml,batch.xml,,3784,2021-12-07T19:40:18+00:00,713831a4916810500b39efbdb41435a2,6b9c9d965f73f71fafb786d547be09f5ef398643,d43ce011aa2d5a946c36b4c3a6a0a98fd9570253bc461a267d3b44aaec3cb6b0,N/A,N/A,,https://github.com/notepad-plus-plus/notepad-plus-plus/releases/download/v7.7/npp.7.7.Installer.x64.exe
7.7,github,x64,npp.7.7.Installer.x64.exe,$PLUGINSDIR/nppLocalization/belarusian.xml,belarusian.xml,,95099,2021-12-07T19:40:18+00:00,fd060d45654fa3adec00f943349a535b,7732a8a924e84a218ac710a3c2a829438481c761,1c616bcd978b6f7feb5035c232024baa895f9787183898e4672f70ea3d1ded9c,N/A,N/A,,https://github.com/notepad-plus-plus/notepad-plus-plus/releases/download/v7.7/npp.7.7.Installer.x64.exe
7.7,github,x64,npp.7.7.Installer.x64.exe,$PLUGINSDIR/nppLocalization/bengali.xml,bengali.xml,,70025,2021-12-07T19:40:18+00:00,d081b39bf7a87b8ccd3caa5e9d15087c,02fad366321e3bb823bfb46ab966ac919dd227c8,5ecd5febabcb4b4616035fab1b567bf2a0ff8b2ded72d74e6ea5511671814484,N/A,N/A,,https://github.com/notepad-plus-plus/notepad-plus-plus/releases/download/v7.7/npp.7.7.Installer.x64.exe
7.7,github,x64,npp.7.7.Installer.x64.exe,$_14_/themes/Bespin.xml,Bespin.xml,,91987,2021-12-07T19:40:18+00:00,821e643338c9129e0eade6fa9008f198,cdfb6a4ba9d186019f072e661a81050f8c5dbe7e,26234a54d2498693d08c462d0e8a61f7ef6df7b5a278c49716ae991183ee80d3,N/A,N/A,,https://github.com/notepad-plus-plus/notepad-plus-plus/releases/download/v7.7/npp.7.7.Installer.x64.exe
7.7,github,x64,npp.7.7.Installer.x64.exe,$_14_/themes/Black board.xml,Black board.xml,,90353,2021-12-07T19:40:18+00:00,b2c72f0861af9556500ffb5bd3e68b8b,5bfb5849e96e67cbe605d2618fb545e131a570a7,d043514f3c2c442b1f4a2a868fbfec53f53fcb61c9c6ab0f447e4934cb94ce57,N/A,N/A,,https://github.com/notepad-plus-plus/notepad-plus-plus/releases/download/v7.7/npp.7.7.Installer.x64.exe
7.7,github,x64,npp.7.7.Installer.x64.exe,$PLUGINSDIR/nppLocalization/bosnian.xml,bosnian.xml,,32084,2021-12-07T19:40:18+00:00,6b036835ed9d1ee92cd9bd4c76f41bbd,faeb76f93f4228832c7cc952833c717f3614a38d,06ce39e85fc9acd72888da5871fae4d18aa2c5bb6a9fa0c9eca459cf0e949a63,N/A,N/A,,https://github.com/notepad-plus-plus/notepad-plus-plus/releases/download/v7.7/npp.7.7.Installer.x64.exe
7.7,github,x64,npp.7.7.Installer.x64.exe,$PLUGINSDIR/nppLocalization/brazilian_portuguese.xml,brazilian_portuguese.xml,,78673,2021-12-07T19:40:18+00:00,c5ac706ffe3cc6abb54272e49d42de5d,d5a9bee2ce2cff235179ea19dfc8207661d40e3d,690897901b9880c4b4247d5a75140f4ef9804fddd4b1ffe6fbc89d4f9952e520,N/A,N/A,,https://github.com/notepad-plus-plus/notepad-plus-plus/releases/download/v7.7/npp.7.7.Installer.x64.exe
7.7,github,x64,npp.7.7.Installer.x64.exe,$PLUGINSDIR/nppLocalization/breton.xml,breton.xml,,56124,2021-12-07T19:40:18+00:00,a28d31b3147d47670455aa249df9e3a8,ae276de79ca796b74345a8b3dbcf53e4972b6eaa,7d8569dca0eef5ccd411287ed72f70da19f92b96e05e2bfd294263098e3ed38d,N/A,N/A,,https://github.com/notepad-plus-plus/notepad-plus-plus/releases/download/v7.7/npp.7.7.Installer.x64.exe
7.7,github,x64,npp.7.7.Installer.x64.exe,$PLUGINSDIR/nppLocalization/bulgarian.xml,bulgarian.xml,,89854,2021-12-07T19:40:18+00:00,4cfd349868f4f6f269789ed55a35a214,58048827fc5dd2c368b734d7d8d5004000e0d641,0240561bed98e46a001330fd3f9e52a868637319de4e5d69b4655444ff1e1c20,N/A,N/A,,https://github.com/notepad-plus-plus/notepad-plus-plus/releases/download/v7.7/npp.7.7.Installer.x64.exe
7.7,github,x64,npp.7.7.Installer.x64.exe,autoCompletion/c.xml,c.xml,,44390,2021-12-07T19:40:18+00:00,c92c0a8fa14eb590fdc13287b26689db,b6010b4b59128f9d16abd9e8d8ccf521ed6e4eb8,2ad09d23098049d7541c703684bca446ccf6f1024a182e7dc30c378efb1b2109,N/A,N/A,,https://github.com/notepad-plus-plus/notepad-plus-plus/releases/download/v7.7/npp.7.7.Installer.x64.exe
7.7,github,x64,npp.7.7.Installer.x64.exe,$PLUGINSDIR/nppLocalization/catalan.xml,catalan.xml,,65728,2021-12-07T19:40:18+00:00,be294c1890b57df605d743846802e835,5425db4f87a254e3438a73aaf4d4e3a46d3bf9fa,03e2d93f71ae1b27d0695c14af7b820862737b4bf32ccc5fa29e68006ce32e32,N/A,N/A,,https://github.com/notepad-plus-plus/notepad-plus-plus/releases/download/v7.7/npp.7.7.Installer.x64.exe
7.7,github,x64,npp.7.7.Installer.x64.exe,change.log,change.log,,904,2021-12-07T19:40:18+00:00,fba8943a74fcc546372a924e00be692f,6287588921b1ade9b1056719610bbbff050c72ad,cdc5dcb06affbb14f5a1efee382cb4ddb57bb4bc6aae9e49b059c8d2f8e76f64,N/A,N/A,,https://github.com/notepad-plus-plus/notepad-plus-plus/releases/download/v7.7/npp.7.7.Installer.x64.exe
7.7,github,x64,npp.7.7.Installer.x64.exe,$PLUGINSDIR/nppLocalization/chinese.xml,chinese.xml,,75052,2021-12-07T19:40:18+00:00,95c0eacb92d19a56ad3e9f114355b891,b2a693af9cd3029e79c2c719eb88a58f190f305d,6a6b8625fbe38f8ecd5f8205cefa66a7fb31c17826766c29dfc4494bf71602ad,N/A,N/A,,https://github.com/notepad-plus-plus/notepad-plus-plus/releases/download/v7.7/npp.7.7.Installer.x64.exe
7.7,github,x64,npp.7.7.Installer.x64.exe,$PLUGINSDIR/nppLocalization/chineseSimplified.xml,chineseSimplified.xml,,73985,2021-12-07T19:40:18+00:00,8b1fd4c62d772ff4e2e8cd86f9daa996,2351b7c17a69365db44b5b4f9e89f75e07ab4d61,db470e2927688c424ba8a3838d673b8fe42699e51a4e1b4e9c8824089b3b337d,N/A,N/A,,https://github.com/notepad-plus-plus/notepad-plus-plus/releases/download/v7.7/npp.7.7.Installer.x64.exe
7.7,github,x64,npp.7.7.Installer.x64.exe,$_14_/themes/Choco.xml,Choco.xml,,90648,2021-12-07T19:40:18+00:00,08bee836ff654869d212779577b0bbf6,21d606a57056351521787e1ce2f823307525b722,94fe9c0753a4d9b8352bc17c9785004b046d0afee8722de21609ef8938f327eb,N/A,N/A,,https://github.com/notepad-plus-plus/notepad-plus-plus/releases/download/v7.7/npp.7.7.Installer.x64.exe
7.7,github,x64,npp.7.7.Installer.x64.exe,autoCompletion/cmake.xml,cmake.xml,,7321,2021-12-07T19:40:18+00:00,bb3c098e3c76d30df480e3e17abe5a7b,394ea38362db6dcaa12ebecb6813ed66d7729ea5,b5616caa363cd62310287f60e6c61eeed9297be5d2da913a390fedc26217cae0,N/A,N/A,,https://github.com/notepad-plus-plus/notepad-plus-plus/releases/download/v7.7/npp.7.7.Installer.x64.exe
7.7,github,x64,npp.7.7.Installer.x64.exe,autoCompletion/coffee.xml,coffee.xml,,1510,2021-12-07T19:40:18+00:00,633f1e56a9f5b7e1c7c75e6dff944b25,55f1f86306161a2b743fe13927e852c2570bfaf7,46d379e7ad5565fc197a32b62d04ceb1be4452af2ae45663415809bc7badb0bd,N/A,N/A,,https://github.com/notepad-plus-plus/notepad-plus-plus/releases/download/v7.7/npp.7.7.Installer.x64.exe
7.7,github,x64,npp.7.7.Installer.x64.exe,contextMenu.xml,contextMenu.xml,,3512,2021-12-07T19:40:18+00:00,a7998766b85ee71ff1d82a1198988529,acaf62b48d9307b319105109121d82ccefe46c65,aa48a7c2ec3ed377c42c293f732807572f2ea305c9771b6ea210e7b92ef2c199,N/A,N/A,,https://github.com/notepad-plus-plus/notepad-plus-plus/releases/download/v7.7/npp.7.7.Installer.x64.exe
7.7,github,x64,npp.7.7.Installer.x64.exe,$_14_/contextMenu.xml,contextMenu.xml,,3512,2021-12-07T19:40:18+00:00,a7998766b85ee71ff1d82a1198988529,acaf62b48d9307b319105109121d82ccefe46c65,aa48a7c2ec3ed377c42c293f732807572f2ea305c9771b6ea210e7b92ef2c199,N/A,N/A,,https://github.com/notepad-plus-plus/notepad-plus-plus/releases/download/v7.7/npp.7.7.Installer.x64.exe
7.7,github,x64,npp.7.7.Installer.x64.exe,$PLUGINSDIR/nppLocalization/corsican.xml,corsican.xml,,83266,2021-12-07T19:40:18+00:00,2762c8551adc0138beb86c304bd678df,465883c3db9c3982e0202b20ff31f3c5dc02cfb2,9cc651eca1140c53634b1106a00bf8df96c8b4db49b68dbf165e1feae0740ee5,N/A,N/A,,https://github.com/notepad-plus-plus/notepad-plus-plus/releases/download/v7.7/npp.7.7.Installer.x64.exe
7.7,github,x64,npp.7.7.Installer.x64.exe,autoCompletion/cpp.xml,cpp.xml,,61530,2021-12-07T19:40:18+00:00,e60ca42b12a8e816892894d321ab8d00,bf1dc910f6cab97f99e23d08e084837fc7de17c6,b97ffa556f93ec4c51208b2aea4f3d69411404c27f6ea12608ae84bedbd76418,N/A,N/A,,https://github.com/notepad-plus-plus/notepad-plus-plus/releases/download/v7.7/npp.7.7.Installer.x64.exe
7.7,github,x64,npp.7.7.Installer.x64.exe,$PLUGINSDIR/nppLocalization/croatian.xml,croatian.xml,,85184,2021-12-07T19:40:18+00:00,cec164119c1295583fe3326f6710253c,52feae919ddb150a3bad58f5d6f1071027eeebcb,12fe4e0941c20088f10a19487aeddc57ca96ff8ace34ccfbc2cfcb2388c17173,N/A,N/A,,https://github.com/notepad-plus-plus/notepad-plus-plus/releases/download/v7.7/npp.7.7.Installer.x64.exe
7.7,github,x64,npp.7.7.Installer.x64.exe,autoCompletion/cs.xml,cs.xml,,33726,2021-12-07T19:40:18+00:00,c9bc2acde59532d2a9b65e7f9cd55d4f,d4a0e2d2b20e0b0cc40a0bf3a5274800d1eb6ea7,32076a244afd75a07cd38f1fa27b08eea3a4a697111cde8a1cb636c46c708c17,N/A,N/A,,https://github.com/notepad-plus-plus/notepad-plus-plus/releases/download/v7.7/npp.7.7.Installer.x64.exe
7.7,github,x64,npp.7.7.Installer.x64.exe,autoCompletion/css.xml,css.xml,,11522,2021-12-07T19:40:18+00:00,d2affd6da8aa4fd9457db7b0dcb87517,427e170083be87d570df3f9ea4b0eff0eb60a8f4,776187ab9beec87648e5701137f153adeef88c579b15b181c5d4eee2f02262f8,N/A,N/A,,https://github.com/notepad-plus-plus/notepad-plus-plus/releases/download/v7.7/npp.7.7.Installer.x64.exe
7.7,github,x64,npp.7.7.Installer.x64.exe,$PLUGINSDIR/nppLocalization/czech.xml,czech.xml,,72315,2021-12-07T19:40:18+00:00,40fb19e6e72098f1fcc013562e210d4c,d637d786b7eb88d281dec513fd0a7854d5ad5610,e2f164416ddf1f6c09bbc8c33600886f35116c170a9837c940bf1c4e1a75eafa,N/A,N/A,,https://github.com/notepad-plus-plus/notepad-plus-plus/releases/download/v7.7/npp.7.7.Installer.x64.exe
7.7,github,x64,npp.7.7.Installer.x64.exe,$PLUGINSDIR/nppLocalization/danish.xml,danish.xml,,75208,2021-12-07T19:40:18+00:00,afdca23414d2fa05e0edfed63dc68bd1,4d5cb126c3f86dc907f315ae38ccc3ec07619fd3,3ce52cb27a70640c8f4578ff52f71de18282d54ab91d1db7658be64c6a316d6c,N/A,N/A,,https://github.com/notepad-plus-plus/notepad-plus-plus/releases/download/v7.7/npp.7.7.Installer.x64.exe
7.7,github,x64,npp.7.7.Installer.x64.exe,$_14_/themes/Deep Black.xml,Deep Black.xml,,88397,2021-12-07T19:40:18+00:00,c0dfe7248b4651b3ead3d8ba219a529d,dddf5cb8366555f9510c7542476d6b0dd59102e8,6de4560d9ffd31ba5ab94de04c4fec2a2d3ca34cf136c0777598b24054dcf4f5,N/A,N/A,,https://github.com/notepad-plus-plus/notepad-plus-plus/releases/download/v7.7/npp.7.7.Installer.x64.exe
7.7,github,x64,npp.7.7.Installer.x64.exe,doLocalConf.xml,doLocalConf.xml,,0,2021-12-07T19:40:18+00:00,d41d8cd98f00b204e9800998ecf8427e,da39a3ee5e6b4b0d3255bfef95601890afd80709,e3b0c44298fc1c149afbf4c8996fb92427ae41e4649b934ca495991b7852b855,N/A,N/A,,https://github.com/notepad-plus-plus/notepad-plus-plus/releases/download/v7.7/npp.7.7.Installer.x64.exe
7.7,github,x64,npp.7.7.Installer.x64.exe,$PLUGINSDIR/nppLocalization/dutch.xml,dutch.xml,,61604,2021-12-07T19:40:18+00:00,6ce9f0ae41286f01ccf83b64d48cc238,cad9570ecd9252768231c07c37c162e3b291ae97,4dc9faf1ba2806b6ff3f70264c46e2d70007af6f5dafe6fe9d306c3c07eda610,N/A,N/A,,https://github.com/notepad-plus-plus/notepad-plus-plus/releases/download/v7.7/npp.7.7.Installer.x64.exe
7.7,github,x64,npp.7.7.Installer.x64.exe,localization/english.xml,english.xml,,74693,2021-12-07T19:40:18+00:00,03abae43e8e53d9594ced22fdb09965f,f9b7ed754eb38eed200ee20a68fbaf7fcc334867,6472da400162dc1aecba34146ab92c4d59be1b3629f72ca1e91b9e7d57e667eb,N/A,N/A,,https://github.com/notepad-plus-plus/notepad-plus-plus/releases/download/v7.7/npp.7.7.Installer.x64.exe
7.7,github,x64,npp.7.7.Installer.x64.exe,$PLUGINSDIR/nppLocalization/english.xml,english.xml,,74693,2021-12-07T19:40:18+00:00,03abae43e8e53d9594ced22fdb09965f,f9b7ed754eb38eed200ee20a68fbaf7fcc334867,6472da400162dc1aecba34146ab92c4d59be1b3629f72ca1e91b9e7d57e667eb,N/A,N/A,,https://github.com/notepad-plus-plus/notepad-plus-plus/releases/download/v7.7/npp.7.7.Installer.x64.exe
7.7,github,x64,npp.7.7.Installer.x64.exe,$PLUGINSDIR/nppLocalization/english_customizable.xml,english_customizable.xml,,71799,2021-12-07T19:40:18+00:00,ba660fd5e124a627e7b5b1d53a6ceae5,81228dc178e012002db96c72c1e2f0e812123b6e,db1c55427bf83385e8713460d515d05aa79b9829be85515f1e46ab1a2cdc198b,N/A,N/A,,https://github.com/notepad-plus-plus/notepad-plus-plus/releases/download/v7.7/npp.7.7.Installer.x64.exe
7.7,github,x64,npp.7.7.Installer.x64.exe,$PLUGINSDIR/nppLocalization/esperanto.xml,esperanto.xml,,48285,2021-12-07T19:40:18+00:00,4abf56d03e149ee0569619bbc11815a5,bca30606a47cae3f06685f01795613d1fce626eb,e1486a8120d1ef7998b5335536a3a4877fdcb630f87ed9ca7b307ac075b313c6,N/A,N/A,,https://github.com/notepad-plus-plus/notepad-plus-plus/releases/download/v7.7/npp.7.7.Installer.x64.exe
7.7,github,x64,npp.7.7.Installer.x64.exe,$PLUGINSDIR/nppLocalization/estonian.xml,estonian.xml,,60812,2021-12-07T19:40:18+00:00,a12e2854f772938fd4ccd55345dadd4b,20f9c4d026a1bff3934560c45a6956143070e99e,f71e4b0ba4fbf616af8f1568f2160d527b78fcf711132c4a38e0bd5378902237,N/A,N/A,,https://github.com/notepad-plus-plus/notepad-plus-plus/releases/download/v7.7/npp.7.7.Installer.x64.exe
7.7,github,x64,npp.7.7.Installer.x64.exe,$PLUGINSDIR/nppLocalization/extremaduran.xml,extremaduran.xml,,25399,2021-12-07T19:40:18+00:00,896b0f1f0854f3bcc23a80c99dcebd47,ee5d3a7de7503e18b2929d96dc164dd0671a841d,87e0372bfd2b84316adf2c7d3130fcf2415a96ec2c8bcd5da6f1a8a3a807c8d2,N/A,N/A,,https://github.com/notepad-plus-plus/notepad-plus-plus/releases/download/v7.7/npp.7.7.Installer.x64.exe
7.7,github,x64,npp.7.7.Installer.x64.exe,$PLUGINSDIR/nppLocalization/farsi.xml,farsi.xml,,65927,2021-12-07T19:40:18+00:00,9ddc0ac1e17a56703a3e0a7acb8d0e2a,3735a864f2c265811e478b8f1b7876ec7e73a1a9,d0acda01c7bb500072f00af882297d08a14821811931e862b5225bef97ab6336,N/A,N/A,,https://github.com/notepad-plus-plus/notepad-plus-plus/releases/download/v7.7/npp.7.7.Installer.x64.exe
7.7,github,x64,npp.7.7.Installer.x64.exe,$PLUGINSDIR/nppLocalization/finnish.xml,finnish.xml,,44055,2021-12-07T19:40:18+00:00,99d18eeaa47569147a0395948cb9c7d6,9b3488593fa1002a827698db2eec91b4eadba8ea,691d523b2a8c2ea14eb5e5259eed9e9de1853b2c2fd8badc77164f2cca2dd006,N/A,N/A,,https://github.com/notepad-plus-plus/notepad-plus-plus/releases/download/v7.7/npp.7.7.Installer.x64.exe
7.7,github,x64,npp.7.7.Installer.x64.exe,$PLUGINSDIR/nppLocalization/french.xml,french.xml,,77647,2021-12-07T19:40:18+00:00,9f90a6c8c9db6894bb578f39014ecea0,796cef14cfb541c2f9fb520a07330818c74e9394,497f8bf1660f90a8f0cd7f409c7a7df3cf2e040a8594bb039edf54e399fe61d2,N/A,N/A,,https://github.com/notepad-plus-plus/notepad-plus-plus/releases/download/v7.7/npp.7.7.Installer.x64.exe
7.7,github,x64,npp.7.7.Installer.x64.exe,$PLUGINSDIR/nppLocalization/friulian.xml,friulian.xml,,34362,2021-12-07T19:40:18+00:00,6d4c069b4c4517f68657be1641bec299,cc5384f29594b19822a805f8d5888ff328e169a1,d4ffe0a2b5e35fede7e6244be9823e1e946c60db1635e6d3f753e6df938e4b3d,N/A,N/A,,https://github.com/notepad-plus-plus/notepad-plus-plus/releases/download/v7.7/npp.7.7.Installer.x64.exe
7.7,github,x64,npp.7.7.Installer.x64.exe,functionList.xml,functionList.xml,,61820,2021-12-07T19:40:18+00:00,bd8d804a62a5b9392885a6904033f0bf,e82bdad59f7f75736999520c3f27da7f05ee677e,ea1e92c06735a137cd03c36a252027c013e9224dd3013fbe3ddd5c5c0098b2b9,N/A,N/A,,https://github.com/notepad-plus-plus/notepad-plus-plus/releases/download/v7.7/npp.7.7.Installer.x64.exe
7.7,github,x64,npp.7.7.Installer.x64.exe,$_14_/functionList.xml,functionList.xml,,61820,2021-12-07T19:40:18+00:00,bd8d804a62a5b9392885a6904033f0bf,e82bdad59f7f75736999520c3f27da7f05ee677e,ea1e92c06735a137cd03c36a252027c013e9224dd3013fbe3ddd5c5c0098b2b9,N/A,N/A,,https://github.com/notepad-plus-plus/notepad-plus-plus/releases/download/v7.7/npp.7.7.Installer.x64.exe
7.7,github,x64,npp.7.7.Installer.x64.exe,$PLUGINSDIR/nppLocalization/galician.xml,galician.xml,,25339,2021-12-07T19:40:18+00:00,191cc6b7ed37fad274f985d7329bd048,a8b7750901614323318923833a2fb7ac021e8c34,89a20e547d17b1006698cd35fbad772403033420808c8299206a8e299961d83e,N/A,N/A,,https://github.com/notepad-plus-plus/notepad-plus-plus/releases/download/v7.7/npp.7.7.Installer.x64.exe
7.7,github,x64,npp.7.7.Installer.x64.exe,$PLUGINSDIR/nppLocalization/georgian.xml,georgian.xml,,60005,2021-12-07T19:40:18+00:00,cada78594c9838103c479dbda55c9e05,7cdc3fd1b8a7ede96101badacf68281e3432bfbb,b319b96cb4eece88c0cf88b557ce56ce5abe85bdf0a6a1007b64310a708a6572,N/A,N/A,,https://github.com/notepad-plus-plus/notepad-plus-plus/releases/download/v7.7/npp.7.7.Installer.x64.exe
7.7,github,x64,npp.7.7.Installer.x64.exe,$PLUGINSDIR/nppLocalization/german.xml,german.xml,,66297,2021-12-07T19:40:18+00:00,355b310c4e264a059f7ace7bf26ed8fa,7585f0eb3efd56130e0542bebc9227936805e646,95ebc8459d0c7e217e45a2062221832d0bae29eca359ec38b2e450913d16590e,N/A,N/A,,https://github.com/notepad-plus-plus/notepad-plus-plus/releases/download/v7.7/npp.7.7.Installer.x64.exe
7.7,github,x64,npp.7.7.Installer.x64.exe,$PLUGINSDIR/nppLocalization/greek.xml,greek.xml,,41094,2021-12-07T19:40:18+00:00,109f64488a006665d76621dcd30e7ef7,b2167ac130ee2af4822861148dce561a5d1625fe,d65afc086673dc165ce82dd831b5f04c75d7d43c50957475e1c90f25766ad5da,N/A,N/A,,https://github.com/notepad-plus-plus/notepad-plus-plus/releases/download/v7.7/npp.7.7.Installer.x64.exe
7.7,github,x64,npp.7.7.Installer.x64.exe,$PLUGINSDIR/nppLocalization/gujarati.xml,gujarati.xml,,69803,2021-12-07T19:40:18+00:00,5e8d9609900189b29b660d673a78e015,ca4524f065e8bba6a5dc1dc2659233e4fd13c3dc,50c0e7a18c922bef1a758cff70d55df46913dddc22ca792e1b55b05a5b29c502,N/A,N/A,,https://github.com/notepad-plus-plus/notepad-plus-plus/releases/download/v7.7/npp.7.7.Installer.x64.exe
7.7,github,x64,npp.7.7.Installer.x64.exe,updater/GUP.exe,GUP.exe,,726160,2021-12-07T19:40:18+00:00,e14e741ee36e0832d1151d5913b0bf58,cb89bef0f0d2f245033270856e2e9eaac7e49c5a,701280eb38cd2b75aa5a894cfdd59f8ba34748c8933410f33ab9029c12316256,N/A,N/A,,https://github.com/notepad-plus-plus/notepad-plus-plus/releases/download/v7.7/npp.7.7.Installer.x64.exe
7.7,github,x64,npp.7.7.Installer.x64.exe,updater/gup.xml,gup.xml,,4267,2021-12-07T19:40:18+00:00,b023cc4d768b34a5401f317479740a53,4ca45db707b120bca9cb6cd8404b9e6ecabdb2d2,d3e6404c7286961cbab82d4c49f82bcb166db9b5a13eacaa0eeb59a0709a0c14,N/A,N/A,,https://github.com/notepad-plus-plus/notepad-plus-plus/releases/download/v7.7/npp.7.7.Installer.x64.exe
7.7,github,x64,npp.7.7.Installer.x64.exe,$PLUGINSDIR/nppLocalization/hebrew.xml,hebrew.xml,,22740,2021-12-07T19:40:18+00:00,07c8ebe76b6352401c0e9c84956d727f,fb14d93db71d0d4b3f25c275fc57d615ce7446c4,58585868a8164b247c53ad3646076e3404a4fd854ee3632ca9841c1ba3d210d6,N/A,N/A,,https://github.com/notepad-plus-plus/notepad-plus-plus/releases/download/v7.7/npp.7.7.Installer.x64.exe
7.7,github,x64,npp.7.7.Installer.x64.exe,$_14_/themes/Hello Kitty.xml,Hello Kitty.xml,,88699,2021-12-07T19:40:18+00:00,e6b4071a8cd98356d4b31f8e0bfb5a96,3039f20b7679d0c4e54d1e2e2186d60be370a086,866a968dea85a427b7ef9b08c6cd93faf2c7c11472e95c9c6c529e0887b921b9,N/A,N/A,,https://github.com/notepad-plus-plus/notepad-plus-plus/releases/download/v7.7/npp.7.7.Installer.x64.exe
7.7,github,x64,npp.7.7.Installer.x64.exe,$PLUGINSDIR/nppLocalization/hindi.xml,hindi.xml,,99515,2021-12-07T19:40:18+00:00,f2926d2f1b4ebcd8d66b8ed0a3490763,895138e8bdadc7b3ee5b1e3f68292bb30c0f532f,22fa20d7c7d0f4f51574ae03bdd1e43c6d35b44242d72d65bec23f5a01164248,N/A,N/A,,https://github.com/notepad-plus-plus/notepad-plus-plus/releases/download/v7.7/npp.7.7.Installer.x64.exe
7.7,github,x64,npp.7.7.Installer.x64.exe,$_14_/themes/HotFudgeSundae.xml,HotFudgeSundae.xml,,109386,2021-12-07T19:40:18+00:00,08af674d077816afe25a544c5649fc02,8c7ae78900ee1dea982172be2697302301ee7014,25ee53a8faca5f8250a5180b620c579b747b803a2bc03bf4e0c5b8bc495c174f,N/A,N/A,,https://github.com/notepad-plus-plus/notepad-plus-plus/releases/download/v7.7/npp.7.7.Installer.x64.exe
7.7,github,x64,npp.7.7.Installer.x64.exe,autoCompletion/html.xml,html.xml,,19497,2021-12-07T19:40:18+00:00,4025e1158c027cf56c2625e65eb724ec,439fea1f13f3a35d2c3176d99db0327a6d216d3f,4300b3a71f387c91548984d017033884e176546ad5b74bac2e4df59caa163530,N/A,N/A,,https://github.com/notepad-plus-plus/notepad-plus-plus/releases/download/v7.7/npp.7.7.Installer.x64.exe
7.7,github,x64,npp.7.7.Installer.x64.exe,$PLUGINSDIR/nppLocalization/hungarian.xml,hungarian.xml,,79901,2021-12-07T19:40:18+00:00,b49cd98b5a75f5a2320427653a1a1782,0b627a98f94832eea57dd0dd0e90eb191d0030ab,951a0bd8e663bf9a43dbc7e083d7de92defab68836a07422033e4915765b1a86,N/A,N/A,,https://github.com/notepad-plus-plus/notepad-plus-plus/releases/download/v7.7/npp.7.7.Installer.x64.exe
7.7,github,x64,npp.7.7.Installer.x64.exe,$PLUGINSDIR/nppLocalization/indonesian.xml,indonesian.xml,,64183,2021-12-07T19:40:18+00:00,258f097d09f9878310e7900bb35cbff3,ea2c9449f1e95c545b20d9c42df9cdbdaf2de2ab,bf7292893bd1700d22e328c4b542929122a027e504a179d7270637e5476befe5,N/A,N/A,,https://github.com/notepad-plus-plus/notepad-plus-plus/releases/download/v7.7/npp.7.7.Installer.x64.exe
7.7,github,x64,npp.7.7.Installer.x64.exe,$PLUGINSDIR/InstallOptions.dll,InstallOptions.dll,,15872,2021-12-07T19:40:18+00:00,05bf02da51e717f79f6b5cbea7bc0710,07471a64ef4dba9dc19ce68ae6cce683af7df86d,ca092ba7f275b0c9000098cdd1a9876fe8dc050fcb40a0e8a1ab8335236e9dc5,N/A,N/A,,https://github.com/notepad-plus-plus/notepad-plus-plus/releases/download/v7.7/npp.7.7.Installer.x64.exe
7.7,github,x64,npp.7.7.Installer.x64.exe,$PLUGINSDIR/ioSpecial.ini,ioSpecial.ini,,211,2021-12-07T19:40:18+00:00,e2d5070bc28db1ac745613689ff86067,282e080b4cf847174c5c11e4f9157b8c338ecb19,d95aed234f932a1c48a2b1b0d98c60ca31f962310c03158e2884ab4ddd3ea1e0,N/A,N/A,,https://github.com/notepad-plus-plus/notepad-plus-plus/releases/download/v7.7/npp.7.7.Installer.x64.exe
7.7,github,x64,npp.7.7.Installer.x64.exe,$PLUGINSDIR/nppLocalization/italian.xml,italian.xml,,84637,2021-12-07T19:40:18+00:00,384f12abbc790c175e57f873f3becfb2,db7ed9fce3a9494d5d11116827615b9961b6b13f,500cfbf34b04f1299e61fe1473b73e0963024c53e6435e719b23298138d1d338,N/A,N/A,,https://github.com/notepad-plus-plus/notepad-plus-plus/releases/download/v7.7/npp.7.7.Installer.x64.exe
7.7,github,x64,npp.7.7.Installer.x64.exe,$PLUGINSDIR/nppLocalization/japanese.xml,japanese.xml,,84903,2021-12-07T19:40:18+00:00,76e62d9c62bea373eb90bebf31da09e8,7514df99a12775853ae30a5d37e4167f865ee262,5333dbb1359c8428750442aa18279a4eb1f72e4568f1d43a4c2277ca825a5420,N/A,N/A,,https://github.com/notepad-plus-plus/notepad-plus-plus/releases/download/v7.7/npp.7.7.Installer.x64.exe
7.7,github,x64,npp.7.7.Installer.x64.exe,autoCompletion/java.xml,java.xml,,205366,2021-12-07T19:40:18+00:00,4690cead3d2bffe2ed519f6ea5002266,dabc1ba868dc058b06dd426365c83bf5ff5bf716,862a83be2906ce28b6d3f1fdfb589d18cd6e971a7eaa51a1c7096cfff929b35b,N/A,N/A,,https://github.com/notepad-plus-plus/notepad-plus-plus/releases/download/v7.7/npp.7.7.Installer.x64.exe
7.7,github,x64,npp.7.7.Installer.x64.exe,autoCompletion/javascript.xml,javascript.xml,,23318,2021-12-07T19:40:18+00:00,30fc91a7c5194ef8d67e1c7e2fd6f697,f9e48cccfa5df44219a6d4a9a1af6083679f097e,7f0564f983478207754a58e66ee6865b8699bd3b9f4fd5c385126d46d7148831,N/A,N/A,,https://github.com/notepad-plus-plus/notepad-plus-plus/releases/download/v7.7/npp.7.7.Installer.x64.exe
7.7,github,x64,npp.7.7.Installer.x64.exe,$PLUGINSDIR/nppLocalization/kabyle.xml,kabyle.xml,,50327,2021-12-07T19:40:18+00:00,ec924dd39f1e36164ef4e93cd5883a2d,3a159ce0c072be9094b589d6711a4b6dfe878487,56714b11409a13fcd706f2d73674919a0bb70c80c7ec18eccf865ad67ad7b48f,N/A,N/A,,https://github.com/notepad-plus-plus/notepad-plus-plus/releases/download/v7.7/npp.7.7.Installer.x64.exe
7.7,github,x64,npp.7.7.Installer.x64.exe,$PLUGINSDIR/nppLocalization/kannada.xml,kannada.xml,,74866,2021-12-07T19:40:18+00:00,f0baf174376d1811fd49d05ace8eb0c6,8ca7735e04fd0ef605adc26912dc9b2fc54982a4,99f75ff79aad8084802bf1d52e7dc78eef18194d399c5248eb205db85348955d,N/A,N/A,,https://github.com/notepad-plus-plus/notepad-plus-plus/releases/download/v7.7/npp.7.7.Installer.x64.exe
7.7,github,x64,npp.7.7.Installer.x64.exe,$PLUGINSDIR/nppLocalization/kazakh.xml,kazakh.xml,,33034,2021-12-07T19:40:18+00:00,42d3d22d81645a44258aa730177896db,65593cc51fa72d9715c4c37028a2a95e84b3dcdb,3942e9c344acae7caa9d28a758b4df80c1211bab80ac88d81449101f9b943c66,N/A,N/A,,https://github.com/notepad-plus-plus/notepad-plus-plus/releases/download/v7.7/npp.7.7.Installer.x64.exe
7.7,github,x64,npp.7.7.Installer.x64.exe,$_14_/themes/khaki.xml,khaki.xml,,107169,2021-12-07T19:40:18+00:00,54ac8aa70fd79be9c96e5851c785b12d,8b79013088989dceacca425b34e3b489b22385f1,88ddd3505670b0ae2c707445fdb0f4b1ef87e0730c3e389e0e660ea3e5eec515,N/A,N/A,,https://github.com/notepad-plus-plus/notepad-plus-plus/releases/download/v7.7/npp.7.7.Installer.x64.exe
7.7,github,x64,npp.7.7.Installer.x64.exe,$PLUGINSDIR/nppLocalization/korean.xml,korean.xml,,47363,2021-12-07T19:40:18+00:00,a81c00ae49aeb5c5ded60220e6e42199,39ac3b19b7f7917aab593fc1f157225b5575910a,50b2b6820683551838ea1533d21624dac75daded6ce9d4227153a4f2986cdf4d,N/A,N/A,,https://github.com/notepad-plus-plus/notepad-plus-plus/releases/download/v7.7/npp.7.7.Installer.x64.exe
7.7,github,x64,npp.7.7.Installer.x64.exe,$PLUGINSDIR/nppLocalization/kurdish.xml,kurdish.xml,,62866,2021-12-07T19:40:18+00:00,713c7613217038dead56ba13741d70b5,3d5216e5e8fafbab894def07aa312a466e1ee789,6a54a7235f8f4cbf5cb4c34f6bdf0bf9ee0d7e3ac62654d5c46e2fdf71868593,N/A,N/A,,https://github.com/notepad-plus-plus/notepad-plus-plus/releases/download/v7.7/npp.7.7.Installer.x64.exe
7.7,github,x64,npp.7.7.Installer.x64.exe,$PLUGINSDIR/nppLocalization/kyrgyz.xml,kyrgyz.xml,,38731,2021-12-07T19:40:18+00:00,ad3a31d477ad1e09dc3f6911c1f50d1e,cefc20836cbc0e78eb0291948eadbdf09b21a838,4964c0b9f36b7fec44ec0805ba153d88293311cd703680719187cdaa68fbd090,N/A,N/A,,https://github.com/notepad-plus-plus/notepad-plus-plus/releases/download/v7.7/npp.7.7.Installer.x64.exe
7.7,github,x64,npp.7.7.Installer.x64.exe,$PLUGINSDIR/LangDLL.dll,LangDLL.dll,,5632,2021-12-07T19:40:18+00:00,ab1db56369412fe8476fefffd11e4cc0,daad036a83b2ee2fa86d840a34a341100552e723,6f14c8f01f50a30743dac68c5ac813451463dfb427eb4e35fcdfe2410e1a913b,N/A,N/A,,https://github.com/notepad-plus-plus/notepad-plus-plus/releases/download/v7.7/npp.7.7.Installer.x64.exe
7.7,github,x64,npp.7.7.Installer.x64.exe,langs.model.xml,langs.model.xml,,328230,2021-12-07T19:40:18+00:00,f954e146e5899d06aa8f87f55b1a4b5e,1df9202eaa7f3f3e17dc7001e773b93e227aa9b7,4eafe54965ab3357d528614964d233d71c7c9daa41394b07d4c775b5c2979297,N/A,N/A,,https://github.com/notepad-plus-plus/notepad-plus-plus/releases/download/v7.7/npp.7.7.Installer.x64.exe
7.7,github,x64,npp.7.7.Installer.x64.exe,$PLUGINSDIR/nppLocalization/latvian.xml,latvian.xml,,46317,2021-12-07T19:40:18+00:00,170d9e9a92a604a309259d3d6f3b9bb6,b782debe9d50b17d2124295befc43bf8b0349eac,bbaa6bc087ab351b182d204a60eab8bc93bd5e75ca2a4a4eaf80b1d5e0fec59b,N/A,N/A,,https://github.com/notepad-plus-plus/notepad-plus-plus/releases/download/v7.7/npp.7.7.Installer.x64.exe
7.7,github,x64,npp.7.7.Installer.x64.exe,updater/libcurl.dll,libcurl.dll,,545936,2021-12-07T19:40:18+00:00,9521d01a2166dfd81776f4e62b5bebde,7af6d2746ffffc528ceb39925212b12e6805e5cb,f1fc93f6d85f8fcd1b4c850c1f461742d7553303b96ef20274e83d7eb5aa9a07,N/A,N/A,,https://github.com/notepad-plus-plus/notepad-plus-plus/releases/download/v7.7/npp.7.7.Installer.x64.exe
7.7,github,x64,npp.7.7.Installer.x64.exe,LICENSE,LICENSE,,16198,2021-12-07T19:40:18+00:00,397ad6fd5743ecc1826add6ea0fb0af4,986137060fffc2231d2e692ea330a6d1b9bdd560,b2a74140769dc8bd34cb72bd2d177e58522e69427f39651b738011f244f835bd,N/A,N/A,,https://github.com/notepad-plus-plus/notepad-plus-plus/releases/download/v7.7/npp.7.7.Installer.x64.exe
7.7,github,x64,npp.7.7.Installer.x64.exe,updater/LICENSE,LICENSE,,7804,2021-12-07T19:40:18+00:00,8e3494bf8cf1967afd3b1016fbbe5bb0,b1608abb6e19ef60f4b9c52f6e05bf81cc97d0c2,319917f5ccd09878db6f67c9a77dee846055644ca49eb535628b9e020a87261e,N/A,N/A,,https://github.com/notepad-plus-plus/notepad-plus-plus/releases/download/v7.7/npp.7.7.Installer.x64.exe
7.7,github,x64,npp.7.7.Installer.x64.exe,$PLUGINSDIR/nppLocalization/ligurian.xml,ligurian.xml,,34480,2021-12-07T19:40:18+00:00,58a86031153e6bd8ae1ad5bf80fcc894,656cedf73e8d40797a43980fd1801f6501b036c4,5fad85ea1c785dca218106e2b409c20b3cb103e8cdc87c542aae5d630599c33b,N/A,N/A,,https://github.com/notepad-plus-plus/notepad-plus-plus/releases/download/v7.7/npp.7.7.Installer.x64.exe
7.7,github,x64,npp.7.7.Installer.x64.exe,autoCompletion/lisp.xml,lisp.xml,,16208,2021-12-07T19:40:18+00:00,310ae71e554b99a4c71b546097de55c0,8433177f8656755b0f79d96188f3de085520d75e,83478867f319bf093ce02f0c98a88b183862c235025580cca9ec7a9515521833,N/A,N/A,,https://github.com/notepad-plus-plus/notepad-plus-plus/releases/download/v7.7/npp.7.7.Installer.x64.exe
7.7,github,x64,npp.7.7.Installer.x64.exe,$PLUGINSDIR/nppLocalization/lithuanian.xml,lithuanian.xml,,76856,2021-12-07T19:40:18+00:00,98f5a618f8cf3ca48774c15ca95bc2bb,0b7d75e1c4f5bf67e31c44cd26b01a5cee1765f5,fb94b9381592015b27e12358c44a522409ec5c180fec694b2ddceff960294d0c,N/A,N/A,,https://github.com/notepad-plus-plus/notepad-plus-plus/releases/download/v7.7/npp.7.7.Installer.x64.exe
7.7,github,x64,npp.7.7.Installer.x64.exe,autoCompletion/lua.xml,lua.xml,,90490,2021-12-07T19:40:18+00:00,bdb4f044ba52f6a83953ffd659c9252a,25ca6e9f4be716377126ca21f332beefef8f1549,3daa67cc9dd0370566566ce0492597a3698b7d9edd361a759c58e1fbd7abb349,N/A,N/A,,https://github.com/notepad-plus-plus/notepad-plus-plus/releases/download/v7.7/npp.7.7.Installer.x64.exe
7.7,github,x64,npp.7.7.Installer.x64.exe,$PLUGINSDIR/nppLocalization/luxembourgish.xml,luxembourgish.xml,,25260,2021-12-07T19:40:18+00:00,cc2d7d26c9d221def534845ec7453ddb,b40b675c5a5c10c8a393714f483aa515be4a5f8d,b73cb0703537af9d58c2e1f040f2e7f741199eef954d5e109eb301fc4498ffe0,N/A,N/A,,https://github.com/notepad-plus-plus/notepad-plus-plus/releases/download/v7.7/npp.7.7.Installer.x64.exe
7.7,github,x64,npp.7.7.Installer.x64.exe,$PLUGINSDIR/nppLocalization/macedonian.xml,macedonian.xml,,36460,2021-12-07T19:40:18+00:00,59f590ee75294f37ccb5ed1c7a441a11,7432c800018216193273b59666f26c4a81540ee6,59dbcc4618fa64eebd71808b16b4736b7af8855bef760aec3eb31c6f8f5f470e,N/A,N/A,,https://github.com/notepad-plus-plus/notepad-plus-plus/releases/download/v7.7/npp.7.7.Installer.x64.exe
7.7,github,x64,npp.7.7.Installer.x64.exe,$PLUGINSDIR/nppLocalization/malay.xml,malay.xml,,19084,2021-12-07T19:40:18+00:00,3158e10e8a9b3c0e84a770f5f11aaa1f,418a6c52704b6c832b80b36adbba45682725c76f,690416e418c9821bfe71805f76d9e18ee39fd092742d173cc9fe595268b131fa,N/A,N/A,,https://github.com/notepad-plus-plus/notepad-plus-plus/releases/download/v7.7/npp.7.7.Installer.x64.exe
7.7,github,x64,npp.7.7.Installer.x64.exe,$PLUGINSDIR/nppLocalization/marathi.xml,marathi.xml,,48008,2021-12-07T19:40:18+00:00,40a6d310ece1419315c5e98fa1bcc966,14f7f3db9b61845ce840f5af976e88185172afc0,907b949d2aa52365d84978a3c131bd2bad50227e6ecfd135ed112a8567628e25,N/A,N/A,,https://github.com/notepad-plus-plus/notepad-plus-plus/releases/download/v7.7/npp.7.7.Installer.x64.exe
7.7,github,x64,npp.7.7.Installer.x64.exe,$_15_/mimeTools/mimeTools.dll,mimeTools.dll,,120464,2021-12-07T19:40:18+00:00,f696d0bdc56d72540280abb5a8258710,9c788d726318fb5041be9acea07a3b8606ed8511,2ea7d2e28e59e4cb1b0f044249d4c64a8cb2ba7a0d1da1e34cd5c19f400df637,N/A,N/A,,https://github.com/notepad-plus-plus/notepad-plus-plus/releases/download/v7.7/npp.7.7.Installer.x64.exe
7.7,github,x64,npp.7.7.Installer.x64.exe,$PLUGINSDIR/modern-header.bmp,modern-header.bmp,,26272,2021-12-07T19:40:18+00:00,56da15fdb8d96f8f5c649dcb5e79d775,157e19e89c5fc690a67e3e3e4786edfce917949c,bb90d4338d2474138473e6b16e94b0237ee847bea45019ed0dd4439c71bd233e,N/A,N/A,,https://github.com/notepad-plus-plus/notepad-plus-plus/releases/download/v7.7/npp.7.7.Installer.x64.exe
7.7,github,x64,npp.7.7.Installer.x64.exe,$PLUGINSDIR/modern-wizard.bmp,modern-wizard.bmp,,154544,2021-12-07T19:40:18+00:00,c2cf6928a3ab574a5548b4dc1c38b6c0,8860ff529f60b38a93912f88f234d46eebcf664f,2125550c12fa512782f2016e802d70bc51f4a06017cfbd4176b4a994eb2542f0,N/A,N/A,,https://github.com/notepad-plus-plus/notepad-plus-plus/releases/download/v7.7/npp.7.7.Installer.x64.exe
7.7,github,x64,npp.7.7.Installer.x64.exe,$PLUGINSDIR/nppLocalization/mongolian.xml,mongolian.xml,,64376,2021-12-07T19:40:18+00:00,7ff28b9242fe6bd774fcd71fbed5563d,e6de73bce5edb47ebc766bf9818c8fcbf77c8555,5d35c3c2f10b6f6923c0b11bd7d82f569ba6a0a8fb854aac20988c77d35bf934,N/A,N/A,,https://github.com/notepad-plus-plus/notepad-plus-plus/releases/download/v7.7/npp.7.7.Installer.x64.exe
7.7,github,x64,npp.7.7.Installer.x64.exe,$_14_/themes/Mono Industrial.xml,Mono Industrial.xml,,90128,2021-12-07T19:40:18+00:00,ecaade568e488c1f88fdc9eb5f4fbb3e,d37340fa4f7076844878c8076b56ecb20a2731f9,2279a563846a6e19b2d67d6a324b8d999c11aaafd9bc79102eb4ed34050fa09b,N/A,N/A,,https://github.com/notepad-plus-plus/notepad-plus-plus/releases/download/v7.7/npp.7.7.Installer.x64.exe
7.7,github,x64,npp.7.7.Installer.x64.exe,$_14_/themes/Monokai.xml,Monokai.xml,,88883,2021-12-07T19:40:18+00:00,88eeb7960613b966495fb2115da64c23,32eec0daa12379354700d1c0a2180050437d3711,54ffafe8fad014df7891e9d9a42fefaff45fd88e6c3cd10ccbcc0be3c47e7fff,N/A,N/A,,https://github.com/notepad-plus-plus/notepad-plus-plus/releases/download/v7.7/npp.7.7.Installer.x64.exe
7.7,github,x64,npp.7.7.Installer.x64.exe,$_14_/themes/MossyLawn.xml,MossyLawn.xml,,107274,2021-12-07T19:40:18+00:00,43cb3be55f32b17a24db760562375189,f458177d128782c5c8f532adf11ca3a622bcf968,1b19d3658db2e082798bbc52068647cd340331086386d3e1d32a92127e33f155,N/A,N/A,,https://github.com/notepad-plus-plus/notepad-plus-plus/releases/download/v7.7/npp.7.7.Installer.x64.exe
7.7,github,x64,npp.7.7.Installer.x64.exe,$_14_/themes/Navajo.xml,Navajo.xml,,107083,2021-12-07T19:40:18+00:00,59d9f682d1bb43b67808846b84d85406,b90b9d77fad09c5cb0e92520ac6b7f551e31d3a3,eaf07e9bb4e1df25759c4a2fbd0469d8dbe098386abeaeef56ada8913a32c7a0,N/A,N/A,,https://github.com/notepad-plus-plus/notepad-plus-plus/releases/download/v7.7/npp.7.7.Installer.x64.exe
7.7,github,x64,npp.7.7.Installer.x64.exe,$PLUGINSDIR/nppLocalization/norwegian.xml,norwegian.xml,,27778,2021-12-07T19:40:18+00:00,f5519b853316445aab668c1dfd480f87,0f7aab54733b22d514b36ea68e39b0fe215afcbc,bb9a79755d37d449acff570c20e78a9e0c58482414435cf0f493e15e6216fce3,N/A,N/A,,https://github.com/notepad-plus-plus/notepad-plus-plus/releases/download/v7.7/npp.7.7.Installer.x64.exe
7.7,github,x64,npp.7.7.Installer.x64.exe,notepad++.exe,notepad++.exe,,3559568,2021-12-07T19:40:18+00:00,416033057befb0a4abe6682b4e2939a7,fb5679aa4c3533e5ca9a76c529c88168cbe3cc71,e78b72c2bc7612c8e3f29e4372b3724ad897572347f986d07c42a8407efdec8a,N/A,N/A,,https://github.com/notepad-plus-plus/notepad-plus-plus/releases/download/v7.7/npp.7.7.Installer.x64.exe
7.7,github,x64,npp.7.7.Installer.x64.exe,$_15_/NppConverter/NppConverter.dll,NppConverter.dll,,157328,2021-12-07T19:40:18+00:00,d4668d1e26191967d6eba135b2d5103c,c271d6960009f832b6c29122fe5af1755c20a6e1,b88b59fca31a2211f5a2b2677cd6cc13d65fcb6a1040888415b197a1963f460f,N/A,N/A,,https://github.com/notepad-plus-plus/notepad-plus-plus/releases/download/v7.7/npp.7.7.Installer.x64.exe
7.7,github,x64,npp.7.7.Installer.x64.exe,$_17_/nppPluginList.dll,nppPluginList.dll,,142992,2021-12-07T19:40:18+00:00,cd580cccca0c56945ed8e500a2590c0f,82ad20cff2166a2fc8941211843510bf19727fac,f49375fa3b5a4cecb82018f9e84dcd9c1e2a6dc7f84280fd3774b728d8c1264e,N/A,N/A,,https://github.com/notepad-plus-plus/notepad-plus-plus/releases/download/v7.7/npp.7.7.Installer.x64.exe
7.7,github,x64,npp.7.7.Installer.x64.exe,NppShell_06.dll,NppShell_06.dll,,230032,2021-12-07T19:40:18+00:00,17c1b6bad188444deaf29ba3f5d19f59,13c3c1b1ba75ded6265674ac504cc52dddb3757f,a5dfb8de233acacfe7ba67379ca33d2c6f1d1a80ef88145914ce8008ef202a2e,N/A,N/A,,https://github.com/notepad-plus-plus/notepad-plus-plus/releases/download/v7.7/npp.7.7.Installer.x64.exe
7.7,github,x64,npp.7.7.Installer.x64.exe,$PLUGINSDIR/nsDialogs.dll,nsDialogs.dll,,9728,2021-12-07T19:40:18+00:00,466179e1c8ee8a1ff5e4427dbb6c4a01,eb607467009074278e4bd50c7eab400e95ae48f7,1e40211af65923c2f4fd02ce021458a7745d28e2f383835e3015e96575632172,N/A,N/A,,https://github.com/notepad-plus-plus/notepad-plus-plus/releases/download/v7.7/npp.7.7.Installer.x64.exe
7.7,github,x64,npp.7.7.Installer.x64.exe,autoCompletion/nsis.xml,nsis.xml,,8183,2021-12-07T19:40:18+00:00,7985ac923ccbf94742d29d96c405c843,e77f9a3ef026127de4d47538c1f121c771eb7727,5c1482f16fc8a1b99ec87eb4edef5c1d3f2d1c750f1647416369c6124498ad3e,N/A,N/A,,https://github.com/notepad-plus-plus/notepad-plus-plus/releases/download/v7.7/npp.7.7.Installer.x64.exe
7.7,github,x64,npp.7.7.Installer.x64.exe,$PLUGINSDIR/nppLocalization/nynorsk.xml,nynorsk.xml,,41202,2021-12-07T19:40:18+00:00,694867a6ade700da42a55da24da74200,d6115de129aa535bc83cce55e1c1ad5a001a5fac,319a9e846a610811fdf12b96bf352e4e07f2d7de5a6bec3000cebc1b1e21a1fe,N/A,N/A,,https://github.com/notepad-plus-plus/notepad-plus-plus/releases/download/v7.7/npp.7.7.Installer.x64.exe
7.7,github,x64,npp.7.7.Installer.x64.exe,$_14_/themes/Obsidian.xml,Obsidian.xml,,92518,2021-12-07T19:40:18+00:00,e889bb724c4c0aaf72bd856614b51784,e377c5a899ec1aaec83ec25b88750d2e3460fb17,6964aa7a1a97b591ce974aeccbf889cac3d6068bf2fbe0575505b896e5af4ea0,N/A,N/A,,https://github.com/notepad-plus-plus/notepad-plus-plus/releases/download/v7.7/npp.7.7.Installer.x64.exe
7.7,github,x64,npp.7.7.Installer.x64.exe,$PLUGINSDIR/nppLocalization/occitan.xml,occitan.xml,,61127,2021-12-07T19:40:18+00:00,282135aa211f86afebb1be689de3480c,80f66a9a2b3ced83c3ddbdd4865734c61a4c0a60,a65ef81488df5ddd0cdcc6e65be1b6992b79197fb7980740a750d2f5f5def463,N/A,N/A,,https://github.com/notepad-plus-plus/notepad-plus-plus/releases/download/v7.7/npp.7.7.Installer.x64.exe
7.7,github,x64,npp.7.7.Installer.x64.exe,autoCompletion/perl.xml,perl.xml,,14269,2021-12-07T19:40:18+00:00,244eb5c1e91dc112130252fe58e49b13,28ca0a12b3fbc905cd20ebb62199cdb8d03684a5,e38a882b09330b6dbd56a2a4a90882c371a3c3eb7d29ceae9520a647c185b627,N/A,N/A,,https://github.com/notepad-plus-plus/notepad-plus-plus/releases/download/v7.7/npp.7.7.Installer.x64.exe
7.7,github,x64,npp.7.7.Installer.x64.exe,autoCompletion/php.xml,php.xml,,427929,2021-12-07T19:40:18+00:00,1e9d31476dddc00249463ede7ba491d7,7d6f0047913e58aecf891f24c1e712d269e78bad,43391307f2829b77df05725a13670f6ad0650f8b92b4503cba65d7901e1dda10,N/A,N/A,,https://github.com/notepad-plus-plus/notepad-plus-plus/releases/download/v7.7/npp.7.7.Installer.x64.exe
7.7,github,x64,npp.7.7.Installer.x64.exe,$PLUGINSDIR/nppLocalization/piglatin.xml,piglatin.xml,,79304,2021-12-07T19:40:18+00:00,e57e7d60833241e6307f5666fb7682cc,bead4f333a93d10902ef227f2295815c533597a8,1fec93f265e064820f37cc450b8cb8c60b9250bffb4bf1612a70e81527068010,N/A,N/A,,https://github.com/notepad-plus-plus/notepad-plus-plus/releases/download/v7.7/npp.7.7.Installer.x64.exe
7.7,github,x64,npp.7.7.Installer.x64.exe,$_14_/themes/Plastic Code Wrap.xml,Plastic Code Wrap.xml,,91622,2021-12-07T19:40:18+00:00,8c6532ad258097260613e8eee12e26be,813dee736623c209e6a43aaeccefb01c83efa8da,02ec4f3b24942b75aebfabc5c220bda95bbb95bd1c352a91197c16d4b4a38b35,N/A,N/A,,https://github.com/notepad-plus-plus/notepad-plus-plus/releases/download/v7.7/npp.7.7.Installer.x64.exe
7.7,github,x64,npp.7.7.Installer.x64.exe,$PLUGINSDIR/nppLocalization/polish.xml,polish.xml,,58814,2021-12-07T19:40:18+00:00,b6fe2b47e9118deeedba46078bad74d3,95172e8b5462aac9493525115564f45314b1fd67,aab6f7be1c52762cd91d7424adeec856beb2aead9051f62b2591657b82618681,N/A,N/A,,https://github.com/notepad-plus-plus/notepad-plus-plus/releases/download/v7.7/npp.7.7.Installer.x64.exe
7.7,github,x64,npp.7.7.Installer.x64.exe,$PLUGINSDIR/nppLocalization/portuguese.xml,portuguese.xml,,52588,2021-12-07T19:40:18+00:00,bbdcaf6faf7f8548c07f2bb8e617a15e,44c4471d3c963037ce63605e9a7124a0ac36afbf,80b8d3026279141c07722981cc3c6f356674099fd02b8f82b74104fe625e2236,N/A,N/A,,https://github.com/notepad-plus-plus/notepad-plus-plus/releases/download/v7.7/npp.7.7.Installer.x64.exe
7.7,github,x64,npp.7.7.Installer.x64.exe,$PLUGINSDIR/nppLocalization/punjabi.xml,punjabi.xml,,71006,2021-12-07T19:40:18+00:00,1b2298a7b847f23751010f2b01e7a2ab,adeb00513bc79d24dac85640ac1463988a454a15,e3e009b986ed53654ea1c89d828ba3998039db4fae20a877f097e41a2ebb7771,N/A,N/A,,https://github.com/notepad-plus-plus/notepad-plus-plus/releases/download/v7.7/npp.7.7.Installer.x64.exe
7.7,github,x64,npp.7.7.Installer.x64.exe,autoCompletion/python.xml,python.xml,,61585,2021-12-07T19:40:18+00:00,7bedd66d0b8a71da1467f63db6184420,c425dd0d93cd23e091ad0623c82d2edde21dbe06,cc27e0ea6542eb7bb249d169f42f9ac6fcbb794c2ef5d85f2b502e124ceef916,N/A,N/A,,https://github.com/notepad-plus-plus/notepad-plus-plus/releases/download/v7.7/npp.7.7.Installer.x64.exe
7.7,github,x64,npp.7.7.Installer.x64.exe,autoCompletion/rc.xml,rc.xml,,1642,2021-12-07T19:40:18+00:00,12b972b69130e664e50ac111d298379b,413141253cf170a010f7f3a05a9ee1cfd4d37e25,12ad067aa1227b92141bbf9faca8efa74549cff6dabde85899db9272eb7e2dff,N/A,N/A,,https://github.com/notepad-plus-plus/notepad-plus-plus/releases/download/v7.7/npp.7.7.Installer.x64.exe
7.7,github,x64,npp.7.7.Installer.x64.exe,updater/README.md,README.md,,2991,2021-12-07T19:40:18+00:00,9f56b12cbffcfad543fb1f91e3955f1b,406e1423549a8f5e97d8d8e37d5e7f6f4da8194b,aef40520cf12a0842097e8cfbeb9d9128f52573e5f90ca12d4a0a9045978547e,N/A,N/A,,https://github.com/notepad-plus-plus/notepad-plus-plus/releases/download/v7.7/npp.7.7.Installer.x64.exe
7.7,github,x64,npp.7.7.Installer.x64.exe,readme.txt,readme.txt,,1450,2021-12-07T19:40:18+00:00,5c52adcd2bcc000a8b4bd5eb36b84cde,b51da3c7700102dad5d71b2a8551320b2529322a,f09758a2c953bdd2b817441e9a00255d3685c99369468c2695f0ca39aaaa5e6b,N/A,N/A,,https://github.com/notepad-plus-plus/notepad-plus-plus/releases/download/v7.7/npp.7.7.Installer.x64.exe
7.7,github,x64,npp.7.7.Installer.x64.exe,$PLUGINSDIR/nppLocalization/romanian.xml,romanian.xml,,77591,2021-12-07T19:40:18+00:00,a05753edcaceaff2dfe5d6ee4d83bcdb,3da78e19202b218e25ffe95d49a786d256d0a063,955898e29c7a7594e14800ab81f62c5764724b4b2d5869a08e64fff87702601d,N/A,N/A,,https://github.com/notepad-plus-plus/notepad-plus-plus/releases/download/v7.7/npp.7.7.Installer.x64.exe
7.7,github,x64,npp.7.7.Installer.x64.exe,$_14_/themes/Ruby Blue.xml,Ruby Blue.xml,,71370,2021-12-07T19:40:18+00:00,10f81f708ea447cbaf4e747594778852,10fde544d8652a88de3929b7a35a744f161adccf,4ae04fc8b9ef5dbd3937031afe05234996b946a126eca0fda8a6294d599354f2,N/A,N/A,,https://github.com/notepad-plus-plus/notepad-plus-plus/releases/download/v7.7/npp.7.7.Installer.x64.exe
7.7,github,x64,npp.7.7.Installer.x64.exe,$PLUGINSDIR/nppLocalization/russian.xml,russian.xml,,83344,2021-12-07T19:40:18+00:00,435f3d4ae5cff009d5e5ec356042cbe7,57782ad06e3cd108a6e22d58927f04fefd7a8b0c,ab2423bff4feb6c11b5dccf2d35adc4bb4a7046db00e24a66d697540d9519612,N/A,N/A,,https://github.com/notepad-plus-plus/notepad-plus-plus/releases/download/v7.7/npp.7.7.Installer.x64.exe
7.7,github,x64,npp.7.7.Installer.x64.exe,$PLUGINSDIR/nppLocalization/samogitian.xml,samogitian.xml,,10160,2021-12-07T19:40:18+00:00,ebba131558f344afe63e1c5718d0f7ad,65ba510db37a5d8ef74d1c77ede30fa9cccad299,75eca9974de1fca41651975a92f374660e1a7c273a3d1dab0ef6dd573230878b,N/A,N/A,,https://github.com/notepad-plus-plus/notepad-plus-plus/releases/download/v7.7/npp.7.7.Installer.x64.exe
7.7,github,x64,npp.7.7.Installer.x64.exe,$PLUGINSDIR/nppLocalization/sardinian.xml,sardinian.xml,,40982,2021-12-07T19:40:18+00:00,064889342004d04b1de62578aa733216,30b21b176b1c031ec472d45ccad41eba239efc52,0169ebd43b3cec4a4f3b0143a2af6f07ec9bf73cb04882a3d4507f01931c08de,N/A,N/A,,https://github.com/notepad-plus-plus/notepad-plus-plus/releases/download/v7.7/npp.7.7.Installer.x64.exe
7.7,github,x64,npp.7.7.Installer.x64.exe,SciLexer.dll,SciLexer.dll,,1788560,2021-12-07T19:40:18+00:00,b4707bcf8c1b57bfadb813fc3965df79,d6533763b0cbeeae73c549d1849aaf7e0f61067a,08eb92fe872ef6db2ae207597adf7372f337033b03c04e16fd73d74e1a4ac9bd,N/A,N/A,,https://github.com/notepad-plus-plus/notepad-plus-plus/releases/download/v7.7/npp.7.7.Installer.x64.exe
7.7,github,x64,npp.7.7.Installer.x64.exe,$PLUGINSDIR/nppLocalization/serbian.xml,serbian.xml,,24098,2021-12-07T19:40:18+00:00,174e7dc367ff1c213432b891f11d25bb,e199d3a723bcbb176e9f79969f502658efab0ac7,1a07c6a9c2639fa12bb000f599498ddf84827449afbb7952f4bdc4cf526c2117,N/A,N/A,,https://github.com/notepad-plus-plus/notepad-plus-plus/releases/download/v7.7/npp.7.7.Installer.x64.exe
7.7,github,x64,npp.7.7.Installer.x64.exe,$PLUGINSDIR/nppLocalization/serbianCyrillic.xml,serbianCyrillic.xml,,47833,2021-12-07T19:40:18+00:00,e6c94316e6d065533305b94e7d5af2bc,3b6f4b424d7321bae1d643bef50ee952d7990ddd,289d7cdd9d9af5b2992e3b0ac38022f91e3d9dc0051e40733983e26e2ddcf594,N/A,N/A,,https://github.com/notepad-plus-plus/notepad-plus-plus/releases/download/v7.7/npp.7.7.Installer.x64.exe
7.7,github,x64,npp.7.7.Installer.x64.exe,shortcuts.xml,shortcuts.xml,,1800,2021-12-07T19:40:18+00:00,7055e239de97ab9c2ac0b1a5e72325ad,cac8aa8f244dfd955a9a66e5be7da123e6076de8,867759aa7241cb97e982215cea0907e5193e938da8bf188da913ca021ada0d00,N/A,N/A,,https://github.com/notepad-plus-plus/notepad-plus-plus/releases/download/v7.7/npp.7.7.Installer.x64.exe
7.7,github,x64,npp.7.7.Installer.x64.exe,$PLUGINSDIR/nppLocalization/sinhala.xml,sinhala.xml,,56893,2021-12-07T19:40:18+00:00,9986ce0334af5335ae8c7e5a3cbc818b,384de56d2af7c4941c266bfba7d69518b2b1879d,a8b55a8115a50bd3b7b07c359c49fe7da48a5acf1dacc2c0e3708f6f48636fd6,N/A,N/A,,https://github.com/notepad-plus-plus/notepad-plus-plus/releases/download/v7.7/npp.7.7.Installer.x64.exe
7.7,github,x64,npp.7.7.Installer.x64.exe,$PLUGINSDIR/nppLocalization/slovak.xml,slovak.xml,,74133,2021-12-07T19:40:18+00:00,e56b5a5257bf4e743e9abb688b9e7215,9807a05639ca5262da524d1d1639e2b98c17d805,52b86604adc29058a0efe7109857cc37cb452fd46f6210467543af2bf81b8b3e,N/A,N/A,,https://github.com/notepad-plus-plus/notepad-plus-plus/releases/download/v7.7/npp.7.7.Installer.x64.exe
7.7,github,x64,npp.7.7.Installer.x64.exe,$PLUGINSDIR/nppLocalization/slovenian.xml,slovenian.xml,,72270,2021-12-07T19:40:18+00:00,2d0d8cdcb5375130e8cba2061df596ea,2013ad247c515fa341789ec660cccbd5c0a857e0,7b06c50ce90928f455131c070486e2f6f2d6e6ab71fdf7b703ee81ee211bb51e,N/A,N/A,,https://github.com/notepad-plus-plus/notepad-plus-plus/releases/download/v7.7/npp.7.7.Installer.x64.exe
7.7,github,x64,npp.7.7.Installer.x64.exe,$_14_/themes/Solarized-light.xml,Solarized-light.xml,,107719,2021-12-07T19:40:18+00:00,d0aa217ea78964bcf9bc9bef90311345,682004951a6a674d19738126388cc252a79ebb9c,01c7d87fcac593bdf943470404cc3a807f6b057267091e7b45ee80b5ba6ef7ae,N/A,N/A,,https://github.com/notepad-plus-plus/notepad-plus-plus/releases/download/v7.7/npp.7.7.Installer.x64.exe
7.7,github,x64,npp.7.7.Installer.x64.exe,$_14_/themes/Solarized.xml,Solarized.xml,,107707,2021-12-07T19:40:18+00:00,95ea5938411fb1f1fac33b85482a1549,7b23de30c58535731367d0bc3d9dc14c1ebf8e5b,6cd0ec536d6f6ab2b967cb3968a47264a5b626b6541b57b028fb813806ce6ca6,N/A,N/A,,https://github.com/notepad-plus-plus/notepad-plus-plus/releases/download/v7.7/npp.7.7.Installer.x64.exe
7.7,github,x64,npp.7.7.Installer.x64.exe,$PLUGINSDIR/nppLocalization/spanish.xml,spanish.xml,,61773,2021-12-07T19:40:18+00:00,822489dc4c8085d014fb508c76289747,f32f69839fe6fa2f15cb6481344b571be132e642,23b6520c0d7b3d7e80086b0714f0668a08e6b0dbea7a493cb0e320b8c552be02,N/A,N/A,,https://github.com/notepad-plus-plus/notepad-plus-plus/releases/download/v7.7/npp.7.7.Installer.x64.exe
7.7,github,x64,npp.7.7.Installer.x64.exe,$PLUGINSDIR/nppLocalization/spanish_ar.xml,spanish_ar.xml,,45235,2021-12-07T19:40:18+00:00,e6e44ee7c6b6a0ff89f0fe490f3c11fc,a3cc69b4ea7148ab45a5c907d3b0a45da166b65a,2fadeca7c44132ef9a9243bd67eee23c93a25f96bc6c80b81d527d18128d284d,N/A,N/A,,https://github.com/notepad-plus-plus/notepad-plus-plus/releases/download/v7.7/npp.7.7.Installer.x64.exe
7.7,github,x64,npp.7.7.Installer.x64.exe,autoCompletion/sql.xml,sql.xml,,67952,2021-12-07T19:40:18+00:00,056b92b4d2e16984505990cf379b5486,7571c99732917dad3dd465f29d5bf28619a09fa7,620fe159db5ce323b78b4768f9f6a3a95ca2c4fa4806ea5145afadac21dcc74d,N/A,N/A,,https://github.com/notepad-plus-plus/notepad-plus-plus/releases/download/v7.7/npp.7.7.Installer.x64.exe
7.7,github,x64,npp.7.7.Installer.x64.exe,stylers.model.xml,stylers.model.xml,,165570,2021-12-07T19:40:18+00:00,cb27bdda10cb78aa57032f34f0edc3a2,2da713efbfcf94e319306a8da0a8b8579fd1e599,fb189953648780dd1d038c918d6165b72fdab0499170eec63cf961a9e68ed165,N/A,N/A,,https://github.com/notepad-plus-plus/notepad-plus-plus/releases/download/v7.7/npp.7.7.Installer.x64.exe
7.7,github,x64,npp.7.7.Installer.x64.exe,$PLUGINSDIR/nppLocalization/swedish.xml,swedish.xml,,59422,2021-12-07T19:40:18+00:00,3dd7cb019156fbfca56b9eb9c5ddf50a,360b640ad7e37d599d65c93a45f2da2867b39506,053bbba683ea3d1d54602972495c90728a45a4affa10eb816cdba7e9494f3e72,N/A,N/A,,https://github.com/notepad-plus-plus/notepad-plus-plus/releases/download/v7.7/npp.7.7.Installer.x64.exe
7.7,github,x64,npp.7.7.Installer.x64.exe,$PLUGINSDIR/System.dll,System.dll,,12288,2021-12-07T19:40:18+00:00,0d7ad4f45dc6f5aa87f606d0331c6901,48df0911f0484cbe2a8cdd5362140b63c41ee457,3eb38ae99653a7dbc724132ee240f6e5c4af4bfe7c01d31d23faf373f9f2eaca,N/A,N/A,,https://github.com/notepad-plus-plus/notepad-plus-plus/releases/download/v7.7/npp.7.7.Installer.x64.exe
7.7,github,x64,npp.7.7.Installer.x64.exe,$PLUGINSDIR/nppLocalization/tagalog.xml,tagalog.xml,,30395,2021-12-07T19:40:18+00:00,04e3e27d9d635c6b23c8e40dcbbdd442,c66e2dc153c22a445dae0df2bdf3c1693b4ad03e,047c63c449c5e2a9a4f97637c741eb07e6ec034bc829d85c6565bb0292c1cd72,N/A,N/A,,https://github.com/notepad-plus-plus/notepad-plus-plus/releases/download/v7.7/npp.7.7.Installer.x64.exe
7.7,github,x64,npp.7.7.Installer.x64.exe,$PLUGINSDIR/nppLocalization/tajikCyrillic.xml,tajikCyrillic.xml,,66798,2021-12-07T19:40:18+00:00,c28fc035726b0fe6f56c129d87c2aabc,3cdcfd5e06e905032f0119b5cec8dd8e011fa21c,70a7f699ee317a25cb74524995037b145477b4df0c39d674381ff5c8895fb63f,N/A,N/A,,https://github.com/notepad-plus-plus/notepad-plus-plus/releases/download/v7.7/npp.7.7.Installer.x64.exe
7.7,github,x64,npp.7.7.Installer.x64.exe,$PLUGINSDIR/nppLocalization/tamil.xml,tamil.xml,,54196,2021-12-07T19:40:18+00:00,abc0ae5ed0002512221d682263e41204,7a7533274855ceff9a604d6cd36192cc68f2c416,e23759fd6d60ef9728b620a1a8316fc049ccbf93445a91a1a85d27c4e25f3f15,N/A,N/A,,https://github.com/notepad-plus-plus/notepad-plus-plus/releases/download/v7.7/npp.7.7.Installer.x64.exe
7.7,github,x64,npp.7.7.Installer.x64.exe,$PLUGINSDIR/nppLocalization/tatar.xml,tatar.xml,,71641,2021-12-07T19:40:18+00:00,84c32874e0fbc009202c86781cf6a6b6,93f81be4ed8bd098f4384290f0286b55abbd5885,0b20a37e6512a5a3e0c92075db9eb179a156e5e20f9fe52c3260daf8c77825a3,N/A,N/A,,https://github.com/notepad-plus-plus/notepad-plus-plus/releases/download/v7.7/npp.7.7.Installer.x64.exe
7.7,github,x64,npp.7.7.Installer.x64.exe,$PLUGINSDIR/nppLocalization/telugu.xml,telugu.xml,,53577,2021-12-07T19:40:18+00:00,a8b6a302f3bda0eeae95e5214df33ec4,975e8e7ac8258c4f8c4050743debe980a9864e4f,82b4b16ee06e668e4ff30e71fcbf42623cf30dc14177c570a7ad1f47c0284e0c,N/A,N/A,,https://github.com/notepad-plus-plus/notepad-plus-plus/releases/download/v7.7/npp.7.7.Installer.x64.exe
7.7,github,x64,npp.7.7.Installer.x64.exe,autoCompletion/tex.xml,tex.xml,,67871,2021-12-07T19:40:18+00:00,03f74d2063099160e73faa1a5dee7f9a,89a19baacde3f98c9439861a52239df8c5e964ba,d19fe5a6b68b50e0820641489fd73368ba4ba58adb07948e39073ddce8e08d37,N/A,N/A,,https://github.com/notepad-plus-plus/notepad-plus-plus/releases/download/v7.7/npp.7.7.Installer.x64.exe
7.7,github,x64,npp.7.7.Installer.x64.exe,$PLUGINSDIR/nppLocalization/thai.xml,thai.xml,,41406,2021-12-07T19:40:18+00:00,8d02b72cdcce6c5a4db56eebba394824,259babbea022717b773d10704f61fb285e800730,8ce450bcfd9b9617f4e0969ad4e201480b255d473cb1383c90761cc28cbd7ecc,N/A,N/A,,https://github.com/notepad-plus-plus/notepad-plus-plus/releases/download/v7.7/npp.7.7.Installer.x64.exe
7.7,github,x64,npp.7.7.Installer.x64.exe,$PLUGINSDIR/nppLocalization/turkish.xml,turkish.xml,,65738,2021-12-07T19:40:18+00:00,6b5d7190e9af58c43afcbe80807b3e0f,280fea4a7f6ac9469965f2e726bfda2c24091bef,e315dadbca8df57b80ba1ee3f2c685b201a29399e736c97debf82a9789183ba9,N/A,N/A,,https://github.com/notepad-plus-plus/notepad-plus-plus/releases/download/v7.7/npp.7.7.Installer.x64.exe
7.7,github,x64,npp.7.7.Installer.x64.exe,$_14_/themes/Twilight.xml,Twilight.xml,,89933,2021-12-07T19:40:18+00:00,7f4115aa0366820a94d240384e7d2948,cd079ad3e4036df7ac6e4f9007d2036a692535fb,dff5d4b5390387e086407a456b687afef5fb00430a2d6755b614b9b536ed2f3f,N/A,N/A,,https://github.com/notepad-plus-plus/notepad-plus-plus/releases/download/v7.7/npp.7.7.Installer.x64.exe
7.7,github,x64,npp.7.7.Installer.x64.exe,$PLUGINSDIR/nppLocalization/ukrainian.xml,ukrainian.xml,,95203,2021-12-07T19:40:18+00:00,2ad1d6c0d74e402c854df769a8196880,f985b2e0d9e86d0dfe39d87edab71eff961cc895,38d0e8cccb1030ba3314511573ed58fcf9ad24d32de8110f6fced82262585b4d,N/A,N/A,,https://github.com/notepad-plus-plus/notepad-plus-plus/releases/download/v7.7/npp.7.7.Installer.x64.exe
7.7,github,x64,npp.7.7.Installer.x64.exe,uninstall.exe.nsis,uninstall.exe.nsis,,74165,2021-12-07T19:40:18+00:00,37eef9a405fd6cc668f5c02cd8b91077,e12d64faac9ed2fc866992fd5500b6eb0d7f2e10,dc324afb26657ad870912e2cda180678af1c02d127ecc3cf34ebd2809649af1b,N/A,N/A,,https://github.com/notepad-plus-plus/notepad-plus-plus/releases/download/v7.7/npp.7.7.Installer.x64.exe
7.7,github,x64,npp.7.7.Installer.x64.exe,$PLUGINSDIR/nppLocalization/urdu.xml,urdu.xml,,15657,2021-12-07T19:40:18+00:00,cf965dfcf2257d8046c453ac36fcf65e,ac650afe9e15fec6e0e3e87bc999c2d9350ab461,0b685abaea6232f3e99d563f01613161251e51aba6a62d83cb306aa5f2d396d5,N/A,N/A,,https://github.com/notepad-plus-plus/notepad-plus-plus/releases/download/v7.7/npp.7.7.Installer.x64.exe
7.7,github,x64,npp.7.7.Installer.x64.exe,$_14_/userDefineLangs/userDefinedLang-markdown.default.modern.xml,userDefinedLang-markdown.default.modern.xml,,5440,2021-12-07T19:40:18+00:00,e6edb9c859b5b97800da9c664a0606c8,a0529bfe949f37d87349f89e44ac03a0f39d90c6,b7a3e70c69f661e76cc7b6279db21fb32f275a8a3c205a75ae22e40224136031,N/A,N/A,,https://github.com/notepad-plus-plus/notepad-plus-plus/releases/download/v7.7/npp.7.7.Installer.x64.exe
7.7,github,x64,npp.7.7.Installer.x64.exe,$PLUGINSDIR/UserInfo.dll,UserInfo.dll,,4096,2021-12-07T19:40:18+00:00,9eb662f3b5fbda28bffe020e0ab40519,0bd28183a9d8dbb98afbcf100fb1f4f6c5fc6c41,9aa388c7de8e96885adcb4325af871b470ac50edb60d4b0d876ad43f5332ffd1,N/A,N/A,,https://github.com/notepad-plus-plus/notepad-plus-plus/releases/download/v7.7/npp.7.7.Installer.x64.exe
7.7,github,x64,npp.7.7.Installer.x64.exe,$PLUGINSDIR/nppLocalization/uyghur.xml,uyghur.xml,,47848,2021-12-07T19:40:18+00:00,a5d2661cab9fae284200b5cd84496b41,fa6cfe413495f354ad0d72e9660f04ce05a6556d,f5d24a6c678b1b54539adeafd2bc2697738f44cea6c184fa442980f1440e5afd,N/A,N/A,,https://github.com/notepad-plus-plus/notepad-plus-plus/releases/download/v7.7/npp.7.7.Installer.x64.exe
7.7,github,x64,npp.7.7.Installer.x64.exe,$PLUGINSDIR/nppLocalization/uzbek.xml,uzbek.xml,,67937,2021-12-07T19:40:18+00:00,8d5d53622c0bd306f5bcbd785328ead3,3aeda8d64f29c15efcbc270ea06bb8100245087f,1e94b2d6c7a0f3a29ed7065a592fab68ffcb442f6b6eb7a78f4f875c689dadd6,N/A,N/A,,https://github.com/notepad-plus-plus/notepad-plus-plus/releases/download/v7.7/npp.7.7.Installer.x64.exe
7.7,github,x64,npp.7.7.Installer.x64.exe,$PLUGINSDIR/nppLocalization/uzbekCyrillic.xml,uzbekCyrillic.xml,,35714,2021-12-07T19:40:18+00:00,71b7ce4804f337f3d5c4fea4a0733691,f4446df6fbeb19c93869205750991261d3a1ac7b,380e17fd360658921ea937043e540b2af642a7307be691f5c58b825623b61a99,N/A,N/A,,https://github.com/notepad-plus-plus/notepad-plus-plus/releases/download/v7.7/npp.7.7.Installer.x64.exe
7.7,github,x64,npp.7.7.Installer.x64.exe,autoCompletion/vb.xml,vb.xml,,17197,2021-12-07T19:40:18+00:00,cb6d0cff9916fa1eae0a4faafc9db82a,0bb7663a45ac8a0e8ed5ee3296f7fedc24c4a3e6,74b6701e0c8f2c92eedd563165b61d4813f519f3747b67b3a043a4b85de41401,N/A,N/A,,https://github.com/notepad-plus-plus/notepad-plus-plus/releases/download/v7.7/npp.7.7.Installer.x64.exe
7.7,github,x64,npp.7.7.Installer.x64.exe,autoCompletion/vhdl.xml,vhdl.xml,,2632,2021-12-07T19:40:18+00:00,1ba07e9e9c7ccbf095fee8c248375527,668325f597bb9fa517e41f304f07c5d0a0421160,29967c6650ce9fce73b7b9dda3390ae3b5cff4ad8ef2265f2c6980da55f42f97,N/A,N/A,,https://github.com/notepad-plus-plus/notepad-plus-plus/releases/download/v7.7/npp.7.7.Installer.x64.exe
7.7,github,x64,npp.7.7.Installer.x64.exe,$_14_/themes/Vibrant Ink.xml,Vibrant Ink.xml,,87917,2021-12-07T19:40:18+00:00,b05d33b041955fd401ccb2f31466f7c5,322df6af28a58a79081e5f6c1ee48bbaa4fee3dd,d4507c1a946e400e49051591b8059e479f82e889a48afb47398510d8975959d3,N/A,N/A,,https://github.com/notepad-plus-plus/notepad-plus-plus/releases/download/v7.7/npp.7.7.Installer.x64.exe
7.7,github,x64,npp.7.7.Installer.x64.exe,$PLUGINSDIR/nppLocalization/vietnamese.xml,vietnamese.xml,,52737,2021-12-07T19:40:18+00:00,4648aecae4e9d1df3ca32d9a0cba8fed,ace0c0282c1e0dc6facfd3277994a50410e619c8,747d88fd1df6f7a703fdd0904b50ff32c3d6d2d26203e0ae07b44786b44a9961,N/A,N/A,,https://github.com/notepad-plus-plus/notepad-plus-plus/releases/download/v7.7/npp.7.7.Installer.x64.exe
7.7,github,x64,npp.7.7.Installer.x64.exe,$_14_/themes/vim Dark Blue.xml,vim Dark Blue.xml,,88104,2021-12-07T19:40:18+00:00,a100ed60e3b7c4de0ee79196595a2a5a,d50e1590fe9d220cc8e5fbce6d8331899b730841,86c282817efbbde7eee56d846fcd3e28f85c02e41ccc1464d16efbf905e1dbc3,N/A,N/A,,https://github.com/notepad-plus-plus/notepad-plus-plus/releases/download/v7.7/npp.7.7.Installer.x64.exe
7.7,github,x64,npp.7.7.Installer.x64.exe,$PLUGINSDIR/nppLocalization/welsh.xml,welsh.xml,,53261,2021-12-07T19:40:18+00:00,538acafd2ef4e67581a908f970838626,98c8498903c60d46035a3ec22a3c559311451754,11fd56a75e14493a7305d6cd2aa79dd6990465eb0dec8bdf6354dd6e5db35634,N/A,N/A,,https://github.com/notepad-plus-plus/notepad-plus-plus/releases/download/v7.7/npp.7.7.Installer.x64.exe
7.7,github,x64,npp.7.7.Installer.x64.exe,autoCompletion/xml.xml,xml.xml,,12024,2021-12-07T19:40:18+00:00,432b0a7d34b59ad7512c347f8670ff23,d4ff6d0b283f7b2b8d1792b0c9671d9afb43d3f7,7cdfb59901b0dbda488745f9bd749ce9a1c3e228931162e3a5764c5674330601,N/A,N/A,,https://github.com/notepad-plus-plus/notepad-plus-plus/releases/download/v7.7/npp.7.7.Installer.x64.exe
7.7,github,x64,npp.7.7.Installer.x64.exe,$_14_/themes/Zenburn.xml,Zenburn.xml,,103030,2021-12-07T19:40:18+00:00,d493b95a290a7a5a1aa22690db984d99,30b9470cb13ae5543be22144a848f98b7a4798b3,0f2870aa82ed87c920d7cb82ab8f232820fbcfa0c98b22b1e87dd18eee8a4661,N/A,N/A,,https://github.com/notepad-plus-plus/notepad-plus-plus/releases/download/v7.7/npp.7.7.Installer.x64.exe
7.7,github,x64,npp.7.7.Installer.x64.exe,$PLUGINSDIR/nppLocalization/zulu.xml,zulu.xml,,72870,2021-12-07T19:40:18+00:00,9440a55f71dac040b123de16d6557951,3c418d94e534013fe52e2a85ddac821b3ae89b40,16ef44efd21a556cfed5aa07b70437a16016754fcd3ce2a9e7048061716591df,N/A,N/A,,https://github.com/notepad-plus-plus/notepad-plus-plus/releases/download/v7.7/npp.7.7.Installer.x64.exe
7.7.1,website,x86,npp.7.7.1.Installer.exe.sig,,npp.7.7.1.Installer.exe.sig,,566,2021-12-07T19:40:05+00:00,15b9e218c9259dfe51d6ec8ef5fb5f15,df50b8e355626f546b1b95e3075c3a731cccb14d,4bcade86aa72eb999ba1dc748ac16bd3cb125a6b976c15a809eb885cbfb193e4,UNCHECKED,N/A,,https://github.com/notepad-plus-plus/notepad-plus-plus/releases/download/v7.7.1/npp.7.7.1.Installer.exe.sig
7.7.1,website,x86,npp.7.7.1.bin.zip.sig,,npp.7.7.1.bin.zip.sig,,566,2021-12-07T19:40:22+00:00,f741d320e3fed67bc5ba4ce2397398c1,ab6e12972e1ea229dff1f327778dc11afef5fef6,4d217f2830c7fcd0ec0ab5b977336a7939e9bc0c8519e6c304aef24f46276bd7,UNCHECKED,N/A,,https://github.com/notepad-plus-plus/notepad-plus-plus/releases/download/v7.7.1/npp.7.7.1.bin.zip.sig
7.7.1,website,x86,npp.7.7.1.bin.7z.sig,,npp.7.7.1.bin.7z.sig,,566,2021-12-07T19:40:12+00:00,4d477516ec03d845423f57a50ffa0f17,c6cc4685e4330ce81dc886aa69de95348a4ce202,ac8356ceec5e16bd7ec6da6b565c1e75812d09e80df33963c042630dfc2418b1,UNCHECKED,N/A,,https://github.com/notepad-plus-plus/notepad-plus-plus/releases/download/v7.7.1/npp.7.7.1.bin.7z.sig
7.7.1,website,x86,npp.7.7.1.bin.minimalist.7z.sig,,npp.7.7.1.bin.minimalist.7z.sig,,566,2021-12-07T19:40:08+00:00,a380ef39da1f7a8c0b8b4db2c0f11e70,3d8d2bccd6a9123c026b0582da8f5fa93f048222,93b0eacd732109585c6cab2e755d2558926866376753fab038bea5ee09ec552d,UNCHECKED,N/A,,https://github.com/notepad-plus-plus/notepad-plus-plus/releases/download/v7.7.1/npp.7.7.1.bin.minimalist.7z.sig
7.7.1,website,x64,npp.7.7.1.Installer.x64.exe.sig,,npp.7.7.1.Installer.x64.exe.sig,,566,2021-12-07T19:40:16+00:00,31ef1f54cfcce4c479da34f3c21dd6e5,a72a83cc5dcd56e8f8202ba05b90b282c4e8e52e,6ddcf97907989bad071263c5d5e7f2c2ff7194ac0da0e12679fd232281f7dd77,UNCHECKED,N/A,,https://github.com/notepad-plus-plus/notepad-plus-plus/releases/download/v7.7.1/npp.7.7.1.Installer.x64.exe.sig
7.7.1,website,x64,npp.7.7.1.bin.x64.zip.sig,,npp.7.7.1.bin.x64.zip.sig,,566,2021-12-07T19:40:07+00:00,22191240ffcc7a614f2857bfca413b79,9ee99ae7760fca6d963f95984dc45222f6f6d537,e77fc337552b5f3a3a81b546eb6073f15575b0486a56f55496a8de55bfb9a9cd,UNCHECKED,N/A,,https://github.com/notepad-plus-plus/notepad-plus-plus/releases/download/v7.7.1/npp.7.7.1.bin.x64.zip.sig
7.7.1,website,x64,npp.7.7.1.bin.x64.7z.sig,,npp.7.7.1.bin.x64.7z.sig,,566,2021-12-07T19:40:21+00:00,0fd69eff832d1ccc2414adf884ee9910,f8da68b75d91c9cbb0178d5e5ac836451a90d6f2,d6701ad104880b785ec58c0d84b204e011174baa0b022d782dc1330f3e171e89,UNCHECKED,N/A,,https://github.com/notepad-plus-plus/notepad-plus-plus/releases/download/v7.7.1/npp.7.7.1.bin.x64.7z.sig
7.7.1,website,x64,npp.7.7.1.bin.minimalist.x64.7z.sig,,npp.7.7.1.bin.minimalist.x64.7z.sig,,566,2021-12-07T19:40:06+00:00,bbb70d8d4fffcaf126ded40581e5b2c9,b28562a18b33ecd0d7d78ba09b3b96e8db6bc1c2,c796a9dbc4136c3c4ab89ad9623695f4b04d7ce8ee47d23dd078d3dc3bfeb2e4,UNCHECKED,N/A,,https://github.com/notepad-plus-plus/notepad-plus-plus/releases/download/v7.7.1/npp.7.7.1.bin.minimalist.x64.7z.sig
7.7.1,website,x86,npp.7.7.1.checksums.sha256,,npp.7.7.1.checksums.sha256,,726,2021-12-07T19:40:04+00:00,5339d4953e361413d27acdcf8d25c986,4edfe96a9be7330b2ccd77b15018eb568443ff1c,3d09584fb975404f2b9ff7ec04d140beef600e5ee2854aa3d11d7b4a3165ff3c,UNCHECKED,N/A,,https://github.com/notepad-plus-plus/notepad-plus-plus/releases/download/v7.7.1/npp.7.7.1.checksums.sha256
7.7.1,website,x86,npp.7.7.1.checksums.sha256.sig,,npp.7.7.1.checksums.sha256.sig,,566,2021-12-07T19:40:08+00:00,3848c04b3e375085dc79fccab740607a,67cd02006c7d3589d79f47088e342e9061f5002a,6ed66cead1c98b2c8fa13b8a8d33e294b801b5bf2739bcf93228d7a66e245dcc,UNCHECKED,N/A,,https://github.com/notepad-plus-plus/notepad-plus-plus/releases/download/v7.7.1/npp.7.7.1.checksums.sha256.sig
7.7,website,x86,npp.7.7.Installer.exe.sig,,npp.7.7.Installer.exe.sig,,566,2021-12-07T19:40:07+00:00,3603f8221641d56ee1113e1e43e0ab53,88530f82a2a4529f5784d34e9d26e1ccc6250732,9c0c9d74ab7cab929643418fd42f1ce86990e94ae122dc2e163ed93eafe6ecf5,UNCHECKED,N/A,,https://github.com/notepad-plus-plus/notepad-plus-plus/releases/download/v7.7/npp.7.7.Installer.exe.sig
7.7,website,x86,npp.7.7.bin.zip.sig,,npp.7.7.bin.zip.sig,,566,2021-12-07T19:40:07+00:00,90586acdb77ba93e828526efb8c10fc8,5c0e6bb9982e9537e54b52663ce4b8f89c7fca6b,3e0cc920641df2e4c8765ba49bda68b454b990ede156f741052e1fce94d12866,UNCHECKED,N/A,,https://github.com/notepad-plus-plus/notepad-plus-plus/releases/download/v7.7/npp.7.7.bin.zip.sig
7.7,website,x86,npp.7.7.bin.7z.sig,,npp.7.7.bin.7z.sig,,566,2021-12-07T19:40:15+00:00,bfbcb98445f447bdee0a779aa9870f72,12b2991985a45c9bb193273a1576c2a63a043cf1,ed60556c2bf703c6ccbe40a1bddd5fe5e29b2dae796e6959245fa5942a340c15,UNCHECKED,N/A,,https://github.com/notepad-plus-plus/notepad-plus-plus/releases/download/v7.7/npp.7.7.bin.7z.sig
7.7,website,x86,npp.7.7.bin.minimalist.7z.sig,,npp.7.7.bin.minimalist.7z.sig,,566,2021-12-07T19:40:22+00:00,34460f12bab4cbe924cb877efa443cd9,cc8a12533a2ee7e87e393ba7c889a8bb2a88708a,d8b4fb80d1ee9a46c47ec28ba3c88e7aada1437761d38479fa6c0c68f89ba58a,UNCHECKED,N/A,,https://github.com/notepad-plus-plus/notepad-plus-plus/releases/download/v7.7/npp.7.7.bin.minimalist.7z.sig
7.7,website,x64,npp.7.7.Installer.x64.exe.sig,,npp.7.7.Installer.x64.exe.sig,,566,2021-12-07T19:40:20+00:00,ab7f08f450b8ae7b78166877cbff6ec0,cffa0f8026bd5811750825cef067acd1d720c915,af3822b2cdfe88d23adcc867d62688c2db313c88f09dfa83ec7ff725ab8c833a,UNCHECKED,N/A,,https://github.com/notepad-plus-plus/notepad-plus-plus/releases/download/v7.7/npp.7.7.Installer.x64.exe.sig
7.7,website,x64,npp.7.7.bin.x64.zip.sig,,npp.7.7.bin.x64.zip.sig,,566,2021-12-07T19:40:06+00:00,f899a984af82d4a87bea50130678171f,dcacf282c7248e8256ba323345715740522ac3d5,351aac45676e7f79d185b812ea85fe6330d7134f8d2581654b95604e125341db,UNCHECKED,N/A,,https://github.com/notepad-plus-plus/notepad-plus-plus/releases/download/v7.7/npp.7.7.bin.x64.zip.sig
7.7,website,x64,npp.7.7.bin.x64.7z.sig,,npp.7.7.bin.x64.7z.sig,,566,2021-12-07T19:40:04+00:00,ad6a626de422ba1c29694f9a6f5f03e0,b1ed2b72722318654b1ede013fd0d6236461654c,906d6496422887a9eb3e082f899d3b7c43bfbdf05b3f3768e372081957d2ddbd,UNCHECKED,N/A,,https://github.com/notepad-plus-plus/notepad-plus-plus/releases/download/v7.7/npp.7.7.bin.x64.7z.sig
7.7,website,x64,npp.7.7.bin.minimalist.x64.7z.sig,,npp.7.7.bin.minimalist.x64.7z.sig,,566,2021-12-07T19:40:11+00:00,258a9e1016706869f786af99d8025e27,f8cee0592a8f02c062413060f82c7dba67c444c6,06868fa5161453e049aff7f756b467337d3f40dd6fbf78a47b1f04f6db4f562d,UNCHECKED,N/A,,https://github.com/notepad-plus-plus/notepad-plus-plus/releases/download/v7.7/npp.7.7.bin.minimalist.x64.7z.sig
7.7,website,x86,npp.7.7.checksums.sha256,,npp.7.7.checksums.sha256,,710,2021-12-07T19:40:14+00:00,6c0cb0ba15c01745a5817d33f4116120,bb12022a7d3d9e8ddb2b7332390d2bdb184fa015,2f8ec130a52423b9ac6c854763f9e3073f2226b9d50dbe77455d0697a7f435da,UNCHECKED,N/A,,https://github.com/notepad-plus-plus/notepad-plus-plus/releases/download/v7.7/npp.7.7.checksums.sha256
7.7,website,x86,npp.7.7.checksums.sha256.sig,,npp.7.7.checksums.sha256.sig,,566,2021-12-07T19:40:20+00:00,07e281a5a10e277b98a1da6698e6574c,5a0d136087859e9244f2bc3f9a5a3468e2c1c964,9911f6e87495722fb5a5bc0e2a271e6266458f895aed1efb7b37c13224472326,UNCHECKED,N/A,,https://github.com/notepad-plus-plus/notepad-plus-plus/releases/download/v7.7/npp.7.7.checksums.sha256.sig
